schema_version,run_id,case_time_utc,manifest_sha256,baseline_source_workset_gib,scheme,phase,workset_target_gib,calibrated_all_local_mib,context_tokens,target_offload_pp,page_budget,native_ngl,status,exit_code,elapsed_s,requested_pages,gross_pages,gross_remote_bytes,gross_remote_mib,gross_remote_pp,staging_bytes,staging_mib,net_saved_bytes,net_saved_mib,net_saved_pp,net_saved_source,all_local_reference_peak_mib,logical_working_set_mib,selected_tensors,selected_layers,native_cpu_model_mib,native_cuda_model_mib,prefill_tok_s,prefill_std_tok_s,decode_tok_s,decode_std_tok_s,prefill_retention,decode_retention,checksum_status,checksum_sequence_json,checksum_baseline_sha256,nonfinite_logits,telemetry_samples,gpu_process_peak_mib,gpu_device_peak_mib,graphics_clock_mean_mhz,graphics_clock_min_mhz,graphics_clock_max_mhz,temperature_mean_c,temperature_max_c,power_mean_w,power_max_w,gpu_util_mean_pct,gpu_util_max_pct,command_json,layout_json,error_tail
1,6a0d9966-28c7-4f8f-a371-1eac3bcf9eaf,2026-08-12T08:18:38.635406+00:00,00c6ef64de2ce4769b21709e93b6b3cc57cd04286c7b14f7f0ea36fad861f8bd,31,intertidal_dma,coarse,31.0,31738.000,165120,0.0,0,,ok,0,7.989,,,,,,,,,,,,,31738.000,,,,,4272.322641,72.836020,77.271547,0.152882,1.000000,1.000000,baseline_captured,"[{""label"":""prompt"",""checksum"":""2417196da4492390"",""nonfinite"":0},{""label"":""prompt"",""checksum"":""0453392d6142afd3"",""nonfinite"":0},{""label"":""prompt"",""checksum"":""8c39d6d410e92623"",""nonfinite"":0},{""label"":""prompt"",""checksum"":""ce38b3f3a7a05142"",""nonfinite"":0},{""label"":""prompt"",""checksum"":""556c3b871bf91e81"",""nonfinite"":0},{""label"":""prompt"",""checksum"":""c930f979f7f0aed4"",""nonfinite"":0},{""label"":""decode"",""checksum"":""0c8e93b3ecced1c6"",""nonfinite"":0},{""label"":""decode"",""checksum"":""319a6a234bb9ed88"",""nonfinite"":0},{""label"":""decode"",""checksum"":""1e95777bddcc71d5"",""nonfinite"":0},{""label"":""decode"",""checksum"":""fc3ff68058ffd54e"",""nonfinite"":0},{""label"":""decode"",""checksum"":""92560214e2ee8afd"",""nonfinite"":0},{""label"":""decode"",""checksum"":""ea317c3ff2b17152"",""nonfinite"":0}]",b5d2ea31b0f709c295ad59dfab37889028c6fe9857ea11908ff3ab4b717c9a5d,0,77,31738.000,31787.000,1926.143,225.000,2947.000,51.961,60.000,326.784,509.100,65.013,100.000,"{""argv"":[""/home/wici/llama.cpp/build-cuda/bin/llama-bench"",""-m"",""/home/wici/voice-lab/models/gguf/gemma-4-31B-it-Q4_0.gguf"",""-p"",""512"",""-n"",""64"",""-r"",""5"",""-t"",""8"",""-b"",""512"",""-ub"",""512"",""-fa"",""on"",""-ctk"",""f16"",""-ctv"",""f16"",""-mmp"",""1"",""-o"",""csv"",""--ctx-size"",""165120""],""env"":{""LD_LIBRARY_PATH"":""/dev/shm/intertidal-capacity.mEP47j:/home/wici/llama.cpp/build-cuda/bin:/usr/local/cuda/lib64"",""LLAMA_BENCH_LOGIT_CHECKSUM"":""1""}}",,
1,6a0d9966-28c7-4f8f-a371-1eac3bcf9eaf,2026-08-12T08:18:46.606707+00:00,00c6ef64de2ce4769b21709e93b6b3cc57cd04286c7b14f7f0ea36fad861f8bd,31,intertidal_dma,coarse,31.0,31738.000,165120,1.0,83,,ok,0,7.969,83,83,174063616,166.000,1.004846,8388608,8.000,165675008,158.000,0.956420,measured_vmm_layout,,31738.000,83,60,,,4265.900277,50.354076,76.048362,0.164925,0.998497,0.984170,match,"[{""label"":""prompt"",""checksum"":""2417196da4492390"",""nonfinite"":0},{""label"":""prompt"",""checksum"":""0453392d6142afd3"",""nonfinite"":0},{""label"":""prompt"",""checksum"":""8c39d6d410e92623"",""nonfinite"":0},{""label"":""prompt"",""checksum"":""ce38b3f3a7a05142"",""nonfinite"":0},{""label"":""prompt"",""checksum"":""556c3b871bf91e81"",""nonfinite"":0},{""label"":""prompt"",""checksum"":""c930f979f7f0aed4"",""nonfinite"":0},{""label"":""decode"",""checksum"":""0c8e93b3ecced1c6"",""nonfinite"":0},{""label"":""decode"",""checksum"":""319a6a234bb9ed88"",""nonfinite"":0},{""label"":""decode"",""checksum"":""1e95777bddcc71d5"",""nonfinite"":0},{""label"":""decode"",""checksum"":""fc3ff68058ffd54e"",""nonfinite"":0},{""label"":""decode"",""checksum"":""92560214e2ee8afd"",""nonfinite"":0},{""label"":""decode"",""checksum"":""ea317c3ff2b17152"",""nonfinite"":0}]",b5d2ea31b0f709c295ad59dfab37889028c6fe9857ea11908ff3ab4b717c9a5d,0,79,31580.000,31629.000,2936.215,2895.000,2962.000,53.342,60.000,351.167,508.320,76.481,99.000,"{""argv"":[""/home/wici/llama.cpp/build-cuda/bin/llama-bench"",""-m"",""/home/wici/voice-lab/models/gguf/gemma-4-31B-it-Q4_0.gguf"",""-p"",""512"",""-n"",""64"",""-r"",""5"",""-t"",""8"",""-b"",""512"",""-ub"",""512"",""-fa"",""on"",""-ctk"",""f16"",""-ctv"",""f16"",""-mmp"",""1"",""-o"",""csv"",""--ctx-size"",""165120"",""-ot"",""^blk[.][0-9]+[.](attn_(k|v|q|output)|ffn_(down|gate|up))[.]weight$=CUDA_Hybrid""],""env"":{""GGML_CUDA_HYBRID_MODE"":""staging"",""GGML_CUDA_HYBRID_PAGE_BUDGET"":""83"",""LD_LIBRARY_PATH"":""/dev/shm/intertidal-capacity.mEP47j:/home/wici/llama.cpp/build-cuda/bin:/usr/local/cuda/lib64"",""LLAMA_BENCH_LOGIT_CHECKSUM"":""1""}}","{""buffers"":[{""buffer_bytes"":""16524435968"",""buffer_mib"":""15758.930"",""eligible_pages"":""7470"",""gross_bytes"":""174063616"",""gross_mib"":""166.000"",""gross_pages"":""83"",""layers"":""60"",""local_physical_bytes"":""16351494144"",""local_physical_mib"":""15594.000"",""mode"":""staging"",""net_bytes"":""165675008"",""net_mib"":""158.000"",""net_saved_mib"":""158.000"",""page_bytes"":""2097152"",""page_mib"":""2.000"",""remote_mib"":""166.000"",""requested_bytes"":""174063616"",""requested_mib"":""166.000"",""requested_pages"":""83"",""selected_tensors"":""83"",""selection"":""global_budget"",""staging_bytes"":""8388608"",""staging_mib"":""8.000""}],""gross_pages"":83,""gross_remote_bytes"":174063616,""mode"":""staging"",""net_saved_bytes"":165675008,""requested_pages"":83,""selected_layers"":60,""selected_tensors"":83,""staging_bytes"":8388608}",
1,6811466a-ff1f-46ba-a8fb-fed8577577f6,2026-08-12T08:20:13.530847+00:00,00c6ef64de2ce4769b21709e93b6b3cc57cd04286c7b14f7f0ea36fad861f8bd,31,intertidal_dma,coarse,31.0,31738.000,165120,2.0,165,,ok,0,11.928,165,165,346030080,330.000,1.997586,12582912,12.000,333447168,318.000,1.924946,measured_vmm_layout,,31738.000,165,60,,,4277.302856,70.130725,75.477843,0.158709,1.001166,0.976787,match,"[{""label"":""prompt"",""checksum"":""2417196da4492390"",""nonfinite"":0},{""label"":""prompt"",""checksum"":""0453392d6142afd3"",""nonfinite"":0},{""label"":""prompt"",""checksum"":""8c39d6d410e92623"",""nonfinite"":0},{""label"":""prompt"",""checksum"":""ce38b3f3a7a05142"",""nonfinite"":0},{""label"":""prompt"",""checksum"":""556c3b871bf91e81"",""nonfinite"":0},{""label"":""prompt"",""checksum"":""c930f979f7f0aed4"",""nonfinite"":0},{""label"":""decode"",""checksum"":""0c8e93b3ecced1c6"",""nonfinite"":0},{""label"":""decode"",""checksum"":""319a6a234bb9ed88"",""nonfinite"":0},{""label"":""decode"",""checksum"":""1e95777bddcc71d5"",""nonfinite"":0},{""label"":""decode"",""checksum"":""fc3ff68058ffd54e"",""nonfinite"":0},{""label"":""decode"",""checksum"":""92560214e2ee8afd"",""nonfinite"":0},{""label"":""decode"",""checksum"":""ea317c3ff2b17152"",""nonfinite"":0}]",b5d2ea31b0f709c295ad59dfab37889028c6fe9857ea11908ff3ab4b717c9a5d,0,79,31420.000,31469.000,2355.494,225.000,2955.000,50.165,58.000,319.041,515.140,68.987,100.000,"{""argv"":[""/home/wici/llama.cpp/build-cuda/bin/llama-bench"",""-m"",""/home/wici/voice-lab/models/gguf/gemma-4-31B-it-Q4_0.gguf"",""-p"",""512"",""-n"",""64"",""-r"",""5"",""-t"",""8"",""-b"",""512"",""-ub"",""512"",""-fa"",""on"",""-ctk"",""f16"",""-ctv"",""f16"",""-mmp"",""1"",""-o"",""csv"",""--ctx-size"",""165120"",""-ot"",""^blk[.][0-9]+[.](attn_(k|v|q|output)|ffn_(down|gate|up))[.]weight$=CUDA_Hybrid""],""env"":{""GGML_CUDA_HYBRID_MODE"":""staging"",""GGML_CUDA_HYBRID_PAGE_BUDGET"":""165"",""LD_LIBRARY_PATH"":""/dev/shm/intertidal-capacity.mEP47j:/home/wici/llama.cpp/build-cuda/bin:/usr/local/cuda/lib64"",""LLAMA_BENCH_LOGIT_CHECKSUM"":""1""}}","{""buffers"":[{""buffer_bytes"":""16524435968"",""buffer_mib"":""15758.930"",""eligible_pages"":""7470"",""gross_bytes"":""346030080"",""gross_mib"":""330.000"",""gross_pages"":""165"",""layers"":""60"",""local_physical_bytes"":""16179527680"",""local_physical_mib"":""15430.000"",""mode"":""staging"",""net_bytes"":""333447168"",""net_mib"":""318.000"",""net_saved_mib"":""318.000"",""page_bytes"":""2097152"",""page_mib"":""2.000"",""remote_mib"":""330.000"",""requested_bytes"":""346030080"",""requested_mib"":""330.000"",""requested_pages"":""165"",""selected_tensors"":""165"",""selection"":""global_budget"",""staging_bytes"":""12582912"",""staging_mib"":""12.000""}],""gross_pages"":165,""gross_remote_bytes"":346030080,""mode"":""staging"",""net_saved_bytes"":333447168,""requested_pages"":165,""selected_layers"":60,""selected_tensors"":165,""staging_bytes"":12582912}",
1,6811466a-ff1f-46ba-a8fb-fed8577577f6,2026-08-12T08:20:24.044289+00:00,00c6ef64de2ce4769b21709e93b6b3cc57cd04286c7b14f7f0ea36fad861f8bd,31,intertidal_dma,coarse,31.0,31738.000,165120,3.0,248,,ok,0,10.511,248,248,520093696,496.000,3.002432,20971520,20.000,499122176,476.000,2.881366,measured_vmm_layout,,31738.000,248,60,,,4273.916690,70.118538,74.468781,0.148016,1.000373,0.963728,match,"[{""label"":""prompt"",""checksum"":""2417196da4492390"",""nonfinite"":0},{""label"":""prompt"",""checksum"":""0453392d6142afd3"",""nonfinite"":0},{""label"":""prompt"",""checksum"":""8c39d6d410e92623"",""nonfinite"":0},{""label"":""prompt"",""checksum"":""ce38b3f3a7a05142"",""nonfinite"":0},{""label"":""prompt"",""checksum"":""556c3b871bf91e81"",""nonfinite"":0},{""label"":""prompt"",""checksum"":""c930f979f7f0aed4"",""nonfinite"":0},{""label"":""decode"",""checksum"":""0c8e93b3ecced1c6"",""nonfinite"":0},{""label"":""decode"",""checksum"":""319a6a234bb9ed88"",""nonfinite"":0},{""label"":""decode"",""checksum"":""1e95777bddcc71d5"",""nonfinite"":0},{""label"":""decode"",""checksum"":""fc3ff68058ffd54e"",""nonfinite"":0},{""label"":""decode"",""checksum"":""92560214e2ee8afd"",""nonfinite"":0},{""label"":""decode"",""checksum"":""ea317c3ff2b17152"",""nonfinite"":0}]",b5d2ea31b0f709c295ad59dfab37889028c6fe9857ea11908ff3ab4b717c9a5d,0,80,31262.000,31311.000,2324.975,532.000,2955.000,51.200,58.000,321.078,508.810,67.075,99.000,"{""argv"":[""/home/wici/llama.cpp/build-cuda/bin/llama-bench"",""-m"",""/home/wici/voice-lab/models/gguf/gemma-4-31B-it-Q4_0.gguf"",""-p"",""512"",""-n"",""64"",""-r"",""5"",""-t"",""8"",""-b"",""512"",""-ub"",""512"",""-fa"",""on"",""-ctk"",""f16"",""-ctv"",""f16"",""-mmp"",""1"",""-o"",""csv"",""--ctx-size"",""165120"",""-ot"",""^blk[.][0-9]+[.](attn_(k|v|q|output)|ffn_(down|gate|up))[.]weight$=CUDA_Hybrid""],""env"":{""GGML_CUDA_HYBRID_MODE"":""staging"",""GGML_CUDA_HYBRID_PAGE_BUDGET"":""248"",""LD_LIBRARY_PATH"":""/dev/shm/intertidal-capacity.mEP47j:/home/wici/llama.cpp/build-cuda/bin:/usr/local/cuda/lib64"",""LLAMA_BENCH_LOGIT_CHECKSUM"":""1""}}","{""buffers"":[{""buffer_bytes"":""16524435968"",""buffer_mib"":""15758.930"",""eligible_pages"":""7470"",""gross_bytes"":""520093696"",""gross_mib"":""496.000"",""gross_pages"":""248"",""layers"":""60"",""local_physical_bytes"":""16005464064"",""local_physical_mib"":""15264.000"",""mode"":""staging"",""net_bytes"":""499122176"",""net_mib"":""476.000"",""net_saved_mib"":""476.000"",""page_bytes"":""2097152"",""page_mib"":""2.000"",""remote_mib"":""496.000"",""requested_bytes"":""520093696"",""requested_mib"":""496.000"",""requested_pages"":""248"",""selected_tensors"":""248"",""selection"":""global_budget"",""staging_bytes"":""20971520"",""staging_mib"":""20.000""}],""gross_pages"":248,""gross_remote_bytes"":520093696,""mode"":""staging"",""net_saved_bytes"":499122176,""requested_pages"":248,""selected_layers"":60,""selected_tensors"":248,""staging_bytes"":20971520}",
1,6811466a-ff1f-46ba-a8fb-fed8577577f6,2026-08-12T08:20:32.777225+00:00,00c6ef64de2ce4769b21709e93b6b3cc57cd04286c7b14f7f0ea36fad861f8bd,31,intertidal_dma,coarse,31.0,31738.000,165120,4.0,330,,ok,0,8.730,330,330,692060160,660.000,3.995172,25165824,24.000,666894336,636.000,3.849893,measured_vmm_layout,,31738.000,330,60,,,4264.532275,56.349325,66.862324,0.163888,0.998177,0.865290,match,"[{""label"":""prompt"",""checksum"":""2417196da4492390"",""nonfinite"":0},{""label"":""prompt"",""checksum"":""0453392d6142afd3"",""nonfinite"":0},{""label"":""prompt"",""checksum"":""8c39d6d410e92623"",""nonfinite"":0},{""label"":""prompt"",""checksum"":""ce38b3f3a7a05142"",""nonfinite"":0},{""label"":""prompt"",""checksum"":""556c3b871bf91e81"",""nonfinite"":0},{""label"":""prompt"",""checksum"":""c930f979f7f0aed4"",""nonfinite"":0},{""label"":""decode"",""checksum"":""0c8e93b3ecced1c6"",""nonfinite"":0},{""label"":""decode"",""checksum"":""319a6a234bb9ed88"",""nonfinite"":0},{""label"":""decode"",""checksum"":""1e95777bddcc71d5"",""nonfinite"":0},{""label"":""decode"",""checksum"":""fc3ff68058ffd54e"",""nonfinite"":0},{""label"":""decode"",""checksum"":""92560214e2ee8afd"",""nonfinite"":0},{""label"":""decode"",""checksum"":""ea317c3ff2b17152"",""nonfinite"":0}]",b5d2ea31b0f709c295ad59dfab37889028c6fe9857ea11908ff3ab4b717c9a5d,0,85,31102.000,31153.000,2950.906,2940.000,2962.000,51.859,60.000,332.075,497.120,80.341,100.000,"{""argv"":[""/home/wici/llama.cpp/build-cuda/bin/llama-bench"",""-m"",""/home/wici/voice-lab/models/gguf/gemma-4-31B-it-Q4_0.gguf"",""-p"",""512"",""-n"",""64"",""-r"",""5"",""-t"",""8"",""-b"",""512"",""-ub"",""512"",""-fa"",""on"",""-ctk"",""f16"",""-ctv"",""f16"",""-mmp"",""1"",""-o"",""csv"",""--ctx-size"",""165120"",""-ot"",""^blk[.][0-9]+[.](attn_(k|v|q|output)|ffn_(down|gate|up))[.]weight$=CUDA_Hybrid""],""env"":{""GGML_CUDA_HYBRID_MODE"":""staging"",""GGML_CUDA_HYBRID_PAGE_BUDGET"":""330"",""LD_LIBRARY_PATH"":""/dev/shm/intertidal-capacity.mEP47j:/home/wici/llama.cpp/build-cuda/bin:/usr/local/cuda/lib64"",""LLAMA_BENCH_LOGIT_CHECKSUM"":""1""}}","{""buffers"":[{""buffer_bytes"":""16524435968"",""buffer_mib"":""15758.930"",""eligible_pages"":""7470"",""gross_bytes"":""692060160"",""gross_mib"":""660.000"",""gross_pages"":""330"",""layers"":""60"",""local_physical_bytes"":""15833497600"",""local_physical_mib"":""15100.000"",""mode"":""staging"",""net_bytes"":""666894336"",""net_mib"":""636.000"",""net_saved_mib"":""636.000"",""page_bytes"":""2097152"",""page_mib"":""2.000"",""remote_mib"":""660.000"",""requested_bytes"":""692060160"",""requested_mib"":""660.000"",""requested_pages"":""330"",""selected_tensors"":""330"",""selection"":""global_budget"",""staging_bytes"":""25165824"",""staging_mib"":""24.000""}],""gross_pages"":330,""gross_remote_bytes"":692060160,""mode"":""staging"",""net_saved_bytes"":666894336,""requested_pages"":330,""selected_layers"":60,""selected_tensors"":330,""staging_bytes"":25165824}",
1,6811466a-ff1f-46ba-a8fb-fed8577577f6,2026-08-12T08:20:42.755070+00:00,00c6ef64de2ce4769b21709e93b6b3cc57cd04286c7b14f7f0ea36fad861f8bd,31,intertidal_dma,coarse,31.0,31738.000,165120,5.0,413,,ok,0,9.972,413,413,866123776,826.000,5.000018,33554432,32.000,832569344,794.000,4.806313,measured_vmm_layout,,31738.000,410,60,,,4259.368062,73.429121,54.832077,0.143367,0.996968,0.709602,match,"[{""label"":""prompt"",""checksum"":""2417196da4492390"",""nonfinite"":0},{""label"":""prompt"",""checksum"":""0453392d6142afd3"",""nonfinite"":0},{""label"":""prompt"",""checksum"":""8c39d6d410e92623"",""nonfinite"":0},{""label"":""prompt"",""checksum"":""ce38b3f3a7a05142"",""nonfinite"":0},{""label"":""prompt"",""checksum"":""556c3b871bf91e81"",""nonfinite"":0},{""label"":""prompt"",""checksum"":""c930f979f7f0aed4"",""nonfinite"":0},{""label"":""decode"",""checksum"":""0c8e93b3ecced1c6"",""nonfinite"":0},{""label"":""decode"",""checksum"":""319a6a234bb9ed88"",""nonfinite"":0},{""label"":""decode"",""checksum"":""1e95777bddcc71d5"",""nonfinite"":0},{""label"":""decode"",""checksum"":""fc3ff68058ffd54e"",""nonfinite"":0},{""label"":""decode"",""checksum"":""92560214e2ee8afd"",""nonfinite"":0},{""label"":""decode"",""checksum"":""ea317c3ff2b17152"",""nonfinite"":0}]",b5d2ea31b0f709c295ad59dfab37889028c6fe9857ea11908ff3ab4b717c9a5d,0,97,30944.000,30995.000,2836.515,2512.000,2940.000,52.454,60.000,304.634,497.550,70.402,100.000,"{""argv"":[""/home/wici/llama.cpp/build-cuda/bin/llama-bench"",""-m"",""/home/wici/voice-lab/models/gguf/gemma-4-31B-it-Q4_0.gguf"",""-p"",""512"",""-n"",""64"",""-r"",""5"",""-t"",""8"",""-b"",""512"",""-ub"",""512"",""-fa"",""on"",""-ctk"",""f16"",""-ctv"",""f16"",""-mmp"",""1"",""-o"",""csv"",""--ctx-size"",""165120"",""-ot"",""^blk[.][0-9]+[.](attn_(k|v|q|output)|ffn_(down|gate|up))[.]weight$=CUDA_Hybrid""],""env"":{""GGML_CUDA_HYBRID_MODE"":""staging"",""GGML_CUDA_HYBRID_PAGE_BUDGET"":""413"",""LD_LIBRARY_PATH"":""/dev/shm/intertidal-capacity.mEP47j:/home/wici/llama.cpp/build-cuda/bin:/usr/local/cuda/lib64"",""LLAMA_BENCH_LOGIT_CHECKSUM"":""1""}}","{""buffers"":[{""buffer_bytes"":""16524435968"",""buffer_mib"":""15758.930"",""eligible_pages"":""7470"",""gross_bytes"":""866123776"",""gross_mib"":""826.000"",""gross_pages"":""413"",""layers"":""60"",""local_physical_bytes"":""15659433984"",""local_physical_mib"":""14934.000"",""mode"":""staging"",""net_bytes"":""832569344"",""net_mib"":""794.000"",""net_saved_mib"":""794.000"",""page_bytes"":""2097152"",""page_mib"":""2.000"",""remote_mib"":""826.000"",""requested_bytes"":""866123776"",""requested_mib"":""826.000"",""requested_pages"":""413"",""selected_tensors"":""410"",""selection"":""global_budget"",""staging_bytes"":""33554432"",""staging_mib"":""32.000""}],""gross_pages"":413,""gross_remote_bytes"":866123776,""mode"":""staging"",""net_saved_bytes"":832569344,""requested_pages"":413,""selected_layers"":60,""selected_tensors"":410,""staging_bytes"":33554432}",
1,6811466a-ff1f-46ba-a8fb-fed8577577f6,2026-08-12T08:20:54.107642+00:00,00c6ef64de2ce4769b21709e93b6b3cc57cd04286c7b14f7f0ea36fad861f8bd,31,intertidal_dma,coarse,31.0,31738.000,165120,6.0,496,,ok,0,11.344,496,496,1040187392,992.000,6.004865,37748736,36.000,1002438656,956.000,5.786946,measured_vmm_layout,,31738.000,410,60,,,4258.601337,75.478632,45.969814,0.064521,0.996788,0.594913,match,"[{""label"":""prompt"",""checksum"":""2417196da4492390"",""nonfinite"":0},{""label"":""prompt"",""checksum"":""0453392d6142afd3"",""nonfinite"":0},{""label"":""prompt"",""checksum"":""8c39d6d410e92623"",""nonfinite"":0},{""label"":""prompt"",""checksum"":""ce38b3f3a7a05142"",""nonfinite"":0},{""label"":""prompt"",""checksum"":""556c3b871bf91e81"",""nonfinite"":0},{""label"":""prompt"",""checksum"":""c930f979f7f0aed4"",""nonfinite"":0},{""label"":""decode"",""checksum"":""0c8e93b3ecced1c6"",""nonfinite"":0},{""label"":""decode"",""checksum"":""319a6a234bb9ed88"",""nonfinite"":0},{""label"":""decode"",""checksum"":""1e95777bddcc71d5"",""nonfinite"":0},{""label"":""decode"",""checksum"":""fc3ff68058ffd54e"",""nonfinite"":0},{""label"":""decode"",""checksum"":""92560214e2ee8afd"",""nonfinite"":0},{""label"":""decode"",""checksum"":""ea317c3ff2b17152"",""nonfinite"":0}]",b5d2ea31b0f709c295ad59dfab37889028c6fe9857ea11908ff3ab4b717c9a5d,0,110,30782.000,30833.000,2818.745,2505.000,2962.000,52.500,61.000,283.225,496.500,75.191,100.000,"{""argv"":[""/home/wici/llama.cpp/build-cuda/bin/llama-bench"",""-m"",""/home/wici/voice-lab/models/gguf/gemma-4-31B-it-Q4_0.gguf"",""-p"",""512"",""-n"",""64"",""-r"",""5"",""-t"",""8"",""-b"",""512"",""-ub"",""512"",""-fa"",""on"",""-ctk"",""f16"",""-ctv"",""f16"",""-mmp"",""1"",""-o"",""csv"",""--ctx-size"",""165120"",""-ot"",""^blk[.][0-9]+[.](attn_(k|v|q|output)|ffn_(down|gate|up))[.]weight$=CUDA_Hybrid""],""env"":{""GGML_CUDA_HYBRID_MODE"":""staging"",""GGML_CUDA_HYBRID_PAGE_BUDGET"":""496"",""LD_LIBRARY_PATH"":""/dev/shm/intertidal-capacity.mEP47j:/home/wici/llama.cpp/build-cuda/bin:/usr/local/cuda/lib64"",""LLAMA_BENCH_LOGIT_CHECKSUM"":""1""}}","{""buffers"":[{""buffer_bytes"":""16524435968"",""buffer_mib"":""15758.930"",""eligible_pages"":""7470"",""gross_bytes"":""1040187392"",""gross_mib"":""992.000"",""gross_pages"":""496"",""layers"":""60"",""local_physical_bytes"":""15485370368"",""local_physical_mib"":""14768.000"",""mode"":""staging"",""net_bytes"":""1002438656"",""net_mib"":""956.000"",""net_saved_mib"":""956.000"",""page_bytes"":""2097152"",""page_mib"":""2.000"",""remote_mib"":""992.000"",""requested_bytes"":""1040187392"",""requested_mib"":""992.000"",""requested_pages"":""496"",""selected_tensors"":""410"",""selection"":""global_budget"",""staging_bytes"":""37748736"",""staging_mib"":""36.000""}],""gross_pages"":496,""gross_remote_bytes"":1040187392,""mode"":""staging"",""net_saved_bytes"":1002438656,""requested_pages"":496,""selected_layers"":60,""selected_tensors"":410,""staging_bytes"":37748736}",
1,6811466a-ff1f-46ba-a8fb-fed8577577f6,2026-08-12T08:21:06.042744+00:00,00c6ef64de2ce4769b21709e93b6b3cc57cd04286c7b14f7f0ea36fad861f8bd,31,intertidal_dma,coarse,31.0,31738.000,165120,7.0,578,,ok,0,11.927,578,578,1212153856,1156.000,6.997604,41943040,40.000,1170210816,1116.000,6.755473,measured_vmm_layout,,31738.000,410,60,,,4246.702832,72.212672,39.687006,0.035209,0.994003,0.513604,match,"[{""label"":""prompt"",""checksum"":""2417196da4492390"",""nonfinite"":0},{""label"":""prompt"",""checksum"":""0453392d6142afd3"",""nonfinite"":0},{""label"":""prompt"",""checksum"":""8c39d6d410e92623"",""nonfinite"":0},{""label"":""prompt"",""checksum"":""ce38b3f3a7a05142"",""nonfinite"":0},{""label"":""prompt"",""checksum"":""556c3b871bf91e81"",""nonfinite"":0},{""label"":""prompt"",""checksum"":""c930f979f7f0aed4"",""nonfinite"":0},{""label"":""decode"",""checksum"":""0c8e93b3ecced1c6"",""nonfinite"":0},{""label"":""decode"",""checksum"":""319a6a234bb9ed88"",""nonfinite"":0},{""label"":""decode"",""checksum"":""1e95777bddcc71d5"",""nonfinite"":0},{""label"":""decode"",""checksum"":""fc3ff68058ffd54e"",""nonfinite"":0},{""label"":""decode"",""checksum"":""92560214e2ee8afd"",""nonfinite"":0},{""label"":""decode"",""checksum"":""ea317c3ff2b17152"",""nonfinite"":0}]",b5d2ea31b0f709c295ad59dfab37889028c6fe9857ea11908ff3ab4b717c9a5d,0,122,30622.000,30673.000,2952.230,2940.000,2962.000,52.811,62.000,280.004,494.220,76.057,100.000,"{""argv"":[""/home/wici/llama.cpp/build-cuda/bin/llama-bench"",""-m"",""/home/wici/voice-lab/models/gguf/gemma-4-31B-it-Q4_0.gguf"",""-p"",""512"",""-n"",""64"",""-r"",""5"",""-t"",""8"",""-b"",""512"",""-ub"",""512"",""-fa"",""on"",""-ctk"",""f16"",""-ctv"",""f16"",""-mmp"",""1"",""-o"",""csv"",""--ctx-size"",""165120"",""-ot"",""^blk[.][0-9]+[.](attn_(k|v|q|output)|ffn_(down|gate|up))[.]weight$=CUDA_Hybrid""],""env"":{""GGML_CUDA_HYBRID_MODE"":""staging"",""GGML_CUDA_HYBRID_PAGE_BUDGET"":""578"",""LD_LIBRARY_PATH"":""/dev/shm/intertidal-capacity.mEP47j:/home/wici/llama.cpp/build-cuda/bin:/usr/local/cuda/lib64"",""LLAMA_BENCH_LOGIT_CHECKSUM"":""1""}}","{""buffers"":[{""buffer_bytes"":""16524435968"",""buffer_mib"":""15758.930"",""eligible_pages"":""7470"",""gross_bytes"":""1212153856"",""gross_mib"":""1156.000"",""gross_pages"":""578"",""layers"":""60"",""local_physical_bytes"":""15313403904"",""local_physical_mib"":""14604.000"",""mode"":""staging"",""net_bytes"":""1170210816"",""net_mib"":""1116.000"",""net_saved_mib"":""1116.000"",""page_bytes"":""2097152"",""page_mib"":""2.000"",""remote_mib"":""1156.000"",""requested_bytes"":""1212153856"",""requested_mib"":""1156.000"",""requested_pages"":""578"",""selected_tensors"":""410"",""selection"":""global_budget"",""staging_bytes"":""41943040"",""staging_mib"":""40.000""}],""gross_pages"":578,""gross_remote_bytes"":1212153856,""mode"":""staging"",""net_saved_bytes"":1170210816,""requested_pages"":578,""selected_layers"":60,""selected_tensors"":410,""staging_bytes"":41943040}",
1,6811466a-ff1f-46ba-a8fb-fed8577577f6,2026-08-12T08:21:19.264391+00:00,00c6ef64de2ce4769b21709e93b6b3cc57cd04286c7b14f7f0ea36fad861f8bd,31,intertidal_dma,coarse,31.0,31738.000,165120,8.0,661,,ok,0,13.218,661,661,1386217472,1322.000,8.002451,50331648,48.000,1335885824,1274.000,7.711893,measured_vmm_layout,,31738.000,410,60,,,4249.406887,80.545628,34.896662,0.061462,0.994636,0.451611,match,"[{""label"":""prompt"",""checksum"":""2417196da4492390"",""nonfinite"":0},{""label"":""prompt"",""checksum"":""0453392d6142afd3"",""nonfinite"":0},{""label"":""prompt"",""checksum"":""8c39d6d410e92623"",""nonfinite"":0},{""label"":""prompt"",""checksum"":""ce38b3f3a7a05142"",""nonfinite"":0},{""label"":""prompt"",""checksum"":""556c3b871bf91e81"",""nonfinite"":0},{""label"":""prompt"",""checksum"":""c930f979f7f0aed4"",""nonfinite"":0},{""label"":""decode"",""checksum"":""0c8e93b3ecced1c6"",""nonfinite"":0},{""label"":""decode"",""checksum"":""319a6a234bb9ed88"",""nonfinite"":0},{""label"":""decode"",""checksum"":""1e95777bddcc71d5"",""nonfinite"":0},{""label"":""decode"",""checksum"":""fc3ff68058ffd54e"",""nonfinite"":0},{""label"":""decode"",""checksum"":""92560214e2ee8afd"",""nonfinite"":0},{""label"":""decode"",""checksum"":""ea317c3ff2b17152"",""nonfinite"":0}]",b5d2ea31b0f709c295ad59dfab37889028c6fe9857ea11908ff3ab4b717c9a5d,0,135,30464.000,30515.000,2880.933,2512.000,2962.000,52.756,62.000,261.707,482.220,78.607,100.000,"{""argv"":[""/home/wici/llama.cpp/build-cuda/bin/llama-bench"",""-m"",""/home/wici/voice-lab/models/gguf/gemma-4-31B-it-Q4_0.gguf"",""-p"",""512"",""-n"",""64"",""-r"",""5"",""-t"",""8"",""-b"",""512"",""-ub"",""512"",""-fa"",""on"",""-ctk"",""f16"",""-ctv"",""f16"",""-mmp"",""1"",""-o"",""csv"",""--ctx-size"",""165120"",""-ot"",""^blk[.][0-9]+[.](attn_(k|v|q|output)|ffn_(down|gate|up))[.]weight$=CUDA_Hybrid""],""env"":{""GGML_CUDA_HYBRID_MODE"":""staging"",""GGML_CUDA_HYBRID_PAGE_BUDGET"":""661"",""LD_LIBRARY_PATH"":""/dev/shm/intertidal-capacity.mEP47j:/home/wici/llama.cpp/build-cuda/bin:/usr/local/cuda/lib64"",""LLAMA_BENCH_LOGIT_CHECKSUM"":""1""}}","{""buffers"":[{""buffer_bytes"":""16524435968"",""buffer_mib"":""15758.930"",""eligible_pages"":""7470"",""gross_bytes"":""1386217472"",""gross_mib"":""1322.000"",""gross_pages"":""661"",""layers"":""60"",""local_physical_bytes"":""15139340288"",""local_physical_mib"":""14438.000"",""mode"":""staging"",""net_bytes"":""1335885824"",""net_mib"":""1274.000"",""net_saved_mib"":""1274.000"",""page_bytes"":""2097152"",""page_mib"":""2.000"",""remote_mib"":""1322.000"",""requested_bytes"":""1386217472"",""requested_mib"":""1322.000"",""requested_pages"":""661"",""selected_tensors"":""410"",""selection"":""global_budget"",""staging_bytes"":""50331648"",""staging_mib"":""48.000""}],""gross_pages"":661,""gross_remote_bytes"":1386217472,""mode"":""staging"",""net_saved_bytes"":1335885824,""requested_pages"":661,""selected_layers"":60,""selected_tensors"":410,""staging_bytes"":50331648}",
1,6811466a-ff1f-46ba-a8fb-fed8577577f6,2026-08-12T08:21:33.851519+00:00,00c6ef64de2ce4769b21709e93b6b3cc57cd04286c7b14f7f0ea36fad861f8bd,31,intertidal_dma,coarse,31.0,31738.000,165120,9.0,743,,ok,0,14.580,743,743,1558183936,1486.000,8.995190,54525952,52.000,1503657984,1434.000,8.680419,measured_vmm_layout,,31738.000,410,60,,,4248.445493,66.633948,31.129635,0.043813,0.994411,0.402860,match,"[{""label"":""prompt"",""checksum"":""2417196da4492390"",""nonfinite"":0},{""label"":""prompt"",""checksum"":""0453392d6142afd3"",""nonfinite"":0},{""label"":""prompt"",""checksum"":""8c39d6d410e92623"",""nonfinite"":0},{""label"":""prompt"",""checksum"":""ce38b3f3a7a05142"",""nonfinite"":0},{""label"":""prompt"",""checksum"":""556c3b871bf91e81"",""nonfinite"":0},{""label"":""prompt"",""checksum"":""c930f979f7f0aed4"",""nonfinite"":0},{""label"":""decode"",""checksum"":""0c8e93b3ecced1c6"",""nonfinite"":0},{""label"":""decode"",""checksum"":""319a6a234bb9ed88"",""nonfinite"":0},{""label"":""decode"",""checksum"":""1e95777bddcc71d5"",""nonfinite"":0},{""label"":""decode"",""checksum"":""fc3ff68058ffd54e"",""nonfinite"":0},{""label"":""decode"",""checksum"":""92560214e2ee8afd"",""nonfinite"":0},{""label"":""decode"",""checksum"":""ea317c3ff2b17152"",""nonfinite"":0}]",b5d2ea31b0f709c295ad59dfab37889028c6fe9857ea11908ff3ab4b717c9a5d,0,147,30304.000,30355.000,2895.762,2520.000,2962.000,53.184,63.000,250.126,484.030,81.463,100.000,"{""argv"":[""/home/wici/llama.cpp/build-cuda/bin/llama-bench"",""-m"",""/home/wici/voice-lab/models/gguf/gemma-4-31B-it-Q4_0.gguf"",""-p"",""512"",""-n"",""64"",""-r"",""5"",""-t"",""8"",""-b"",""512"",""-ub"",""512"",""-fa"",""on"",""-ctk"",""f16"",""-ctv"",""f16"",""-mmp"",""1"",""-o"",""csv"",""--ctx-size"",""165120"",""-ot"",""^blk[.][0-9]+[.](attn_(k|v|q|output)|ffn_(down|gate|up))[.]weight$=CUDA_Hybrid""],""env"":{""GGML_CUDA_HYBRID_MODE"":""staging"",""GGML_CUDA_HYBRID_PAGE_BUDGET"":""743"",""LD_LIBRARY_PATH"":""/dev/shm/intertidal-capacity.mEP47j:/home/wici/llama.cpp/build-cuda/bin:/usr/local/cuda/lib64"",""LLAMA_BENCH_LOGIT_CHECKSUM"":""1""}}","{""buffers"":[{""buffer_bytes"":""16524435968"",""buffer_mib"":""15758.930"",""eligible_pages"":""7470"",""gross_bytes"":""1558183936"",""gross_mib"":""1486.000"",""gross_pages"":""743"",""layers"":""60"",""local_physical_bytes"":""14967373824"",""local_physical_mib"":""14274.000"",""mode"":""staging"",""net_bytes"":""1503657984"",""net_mib"":""1434.000"",""net_saved_mib"":""1434.000"",""page_bytes"":""2097152"",""page_mib"":""2.000"",""remote_mib"":""1486.000"",""requested_bytes"":""1558183936"",""requested_mib"":""1486.000"",""requested_pages"":""743"",""selected_tensors"":""410"",""selection"":""global_budget"",""staging_bytes"":""54525952"",""staging_mib"":""52.000""}],""gross_pages"":743,""gross_remote_bytes"":1558183936,""mode"":""staging"",""net_saved_bytes"":1503657984,""requested_pages"":743,""selected_layers"":60,""selected_tensors"":410,""staging_bytes"":54525952}",
1,6811466a-ff1f-46ba-a8fb-fed8577577f6,2026-08-12T08:21:49.720216+00:00,00c6ef64de2ce4769b21709e93b6b3cc57cd04286c7b14f7f0ea36fad861f8bd,31,intertidal_dma,coarse,31.0,31738.000,165120,10.0,826,,ok,0,15.861,826,826,1732247552,1652.000,10.000037,62914560,60.000,1669332992,1592.000,9.636839,measured_vmm_layout,,31738.000,410,60,,,4248.043779,73.102415,28.117500,0.027398,0.994317,0.363879,match,"[{""label"":""prompt"",""checksum"":""2417196da4492390"",""nonfinite"":0},{""label"":""prompt"",""checksum"":""0453392d6142afd3"",""nonfinite"":0},{""label"":""prompt"",""checksum"":""8c39d6d410e92623"",""nonfinite"":0},{""label"":""prompt"",""checksum"":""ce38b3f3a7a05142"",""nonfinite"":0},{""label"":""prompt"",""checksum"":""556c3b871bf91e81"",""nonfinite"":0},{""label"":""prompt"",""checksum"":""c930f979f7f0aed4"",""nonfinite"":0},{""label"":""decode"",""checksum"":""0c8e93b3ecced1c6"",""nonfinite"":0},{""label"":""decode"",""checksum"":""319a6a234bb9ed88"",""nonfinite"":0},{""label"":""decode"",""checksum"":""1e95777bddcc71d5"",""nonfinite"":0},{""label"":""decode"",""checksum"":""fc3ff68058ffd54e"",""nonfinite"":0},{""label"":""decode"",""checksum"":""92560214e2ee8afd"",""nonfinite"":0},{""label"":""decode"",""checksum"":""ea317c3ff2b17152"",""nonfinite"":0}]",b5d2ea31b0f709c295ad59dfab37889028c6fe9857ea11908ff3ab4b717c9a5d,0,160,30146.000,30199.000,2886.906,2512.000,2947.000,52.650,62.000,238.109,469.280,82.787,100.000,"{""argv"":[""/home/wici/llama.cpp/build-cuda/bin/llama-bench"",""-m"",""/home/wici/voice-lab/models/gguf/gemma-4-31B-it-Q4_0.gguf"",""-p"",""512"",""-n"",""64"",""-r"",""5"",""-t"",""8"",""-b"",""512"",""-ub"",""512"",""-fa"",""on"",""-ctk"",""f16"",""-ctv"",""f16"",""-mmp"",""1"",""-o"",""csv"",""--ctx-size"",""165120"",""-ot"",""^blk[.][0-9]+[.](attn_(k|v|q|output)|ffn_(down|gate|up))[.]weight$=CUDA_Hybrid""],""env"":{""GGML_CUDA_HYBRID_MODE"":""staging"",""GGML_CUDA_HYBRID_PAGE_BUDGET"":""826"",""LD_LIBRARY_PATH"":""/dev/shm/intertidal-capacity.mEP47j:/home/wici/llama.cpp/build-cuda/bin:/usr/local/cuda/lib64"",""LLAMA_BENCH_LOGIT_CHECKSUM"":""1""}}","{""buffers"":[{""buffer_bytes"":""16524435968"",""buffer_mib"":""15758.930"",""eligible_pages"":""7470"",""gross_bytes"":""1732247552"",""gross_mib"":""1652.000"",""gross_pages"":""826"",""layers"":""60"",""local_physical_bytes"":""14793310208"",""local_physical_mib"":""14108.000"",""mode"":""staging"",""net_bytes"":""1669332992"",""net_mib"":""1592.000"",""net_saved_mib"":""1592.000"",""page_bytes"":""2097152"",""page_mib"":""2.000"",""remote_mib"":""1652.000"",""requested_bytes"":""1732247552"",""requested_mib"":""1652.000"",""requested_pages"":""826"",""selected_tensors"":""410"",""selection"":""global_budget"",""staging_bytes"":""62914560"",""staging_mib"":""60.000""}],""gross_pages"":826,""gross_remote_bytes"":1732247552,""mode"":""staging"",""net_saved_bytes"":1669332992,""requested_pages"":826,""selected_layers"":60,""selected_tensors"":410,""staging_bytes"":62914560}",
1,6811466a-ff1f-46ba-a8fb-fed8577577f6,2026-08-12T08:22:08.272221+00:00,00c6ef64de2ce4769b21709e93b6b3cc57cd04286c7b14f7f0ea36fad861f8bd,31,intertidal_dma,coarse,31.0,31738.000,165120,11.0,909,,ok,0,18.549,909,909,1906311168,1818.000,11.004883,67108864,64.000,1839202304,1754.000,10.617472,measured_vmm_layout,,31738.000,410,60,,,4242.408537,70.828286,25.584632,0.029287,0.992998,0.331100,match,"[{""label"":""prompt"",""checksum"":""2417196da4492390"",""nonfinite"":0},{""label"":""prompt"",""checksum"":""0453392d6142afd3"",""nonfinite"":0},{""label"":""prompt"",""checksum"":""8c39d6d410e92623"",""nonfinite"":0},{""label"":""prompt"",""checksum"":""ce38b3f3a7a05142"",""nonfinite"":0},{""label"":""prompt"",""checksum"":""556c3b871bf91e81"",""nonfinite"":0},{""label"":""prompt"",""checksum"":""c930f979f7f0aed4"",""nonfinite"":0},{""label"":""decode"",""checksum"":""0c8e93b3ecced1c6"",""nonfinite"":0},{""label"":""decode"",""checksum"":""319a6a234bb9ed88"",""nonfinite"":0},{""label"":""decode"",""checksum"":""1e95777bddcc71d5"",""nonfinite"":0},{""label"":""decode"",""checksum"":""fc3ff68058ffd54e"",""nonfinite"":0},{""label"":""decode"",""checksum"":""92560214e2ee8afd"",""nonfinite"":0},{""label"":""decode"",""checksum"":""ea317c3ff2b17152"",""nonfinite"":0}]",b5d2ea31b0f709c295ad59dfab37889028c6fe9857ea11908ff3ab4b717c9a5d,0,172,29984.000,30037.000,2862.430,2505.000,2962.000,52.767,62.000,227.344,466.430,83.180,100.000,"{""argv"":[""/home/wici/llama.cpp/build-cuda/bin/llama-bench"",""-m"",""/home/wici/voice-lab/models/gguf/gemma-4-31B-it-Q4_0.gguf"",""-p"",""512"",""-n"",""64"",""-r"",""5"",""-t"",""8"",""-b"",""512"",""-ub"",""512"",""-fa"",""on"",""-ctk"",""f16"",""-ctv"",""f16"",""-mmp"",""1"",""-o"",""csv"",""--ctx-size"",""165120"",""-ot"",""^blk[.][0-9]+[.](attn_(k|v|q|output)|ffn_(down|gate|up))[.]weight$=CUDA_Hybrid""],""env"":{""GGML_CUDA_HYBRID_MODE"":""staging"",""GGML_CUDA_HYBRID_PAGE_BUDGET"":""909"",""LD_LIBRARY_PATH"":""/dev/shm/intertidal-capacity.mEP47j:/home/wici/llama.cpp/build-cuda/bin:/usr/local/cuda/lib64"",""LLAMA_BENCH_LOGIT_CHECKSUM"":""1""}}","{""buffers"":[{""buffer_bytes"":""16524435968"",""buffer_mib"":""15758.930"",""eligible_pages"":""7470"",""gross_bytes"":""1906311168"",""gross_mib"":""1818.000"",""gross_pages"":""909"",""layers"":""60"",""local_physical_bytes"":""14619246592"",""local_physical_mib"":""13942.000"",""mode"":""staging"",""net_bytes"":""1839202304"",""net_mib"":""1754.000"",""net_saved_mib"":""1754.000"",""page_bytes"":""2097152"",""page_mib"":""2.000"",""remote_mib"":""1818.000"",""requested_bytes"":""1906311168"",""requested_mib"":""1818.000"",""requested_pages"":""909"",""selected_tensors"":""410"",""selection"":""global_budget"",""staging_bytes"":""67108864"",""staging_mib"":""64.000""}],""gross_pages"":909,""gross_remote_bytes"":1906311168,""mode"":""staging"",""net_saved_bytes"":1839202304,""requested_pages"":909,""selected_layers"":60,""selected_tensors"":410,""staging_bytes"":67108864}",
1,6811466a-ff1f-46ba-a8fb-fed8577577f6,2026-08-12T08:22:27.052926+00:00,00c6ef64de2ce4769b21709e93b6b3cc57cd04286c7b14f7f0ea36fad861f8bd,31,intertidal_dma,coarse,31.0,31738.000,165120,12.0,991,,ok,0,18.771,991,991,2078277632,1982.000,11.997622,71303168,68.000,2006974464,1914.000,11.585999,measured_vmm_layout,,31738.000,410,60,,,4245.646372,74.133639,23.520340,0.021371,0.993756,0.304386,match,"[{""label"":""prompt"",""checksum"":""2417196da4492390"",""nonfinite"":0},{""label"":""prompt"",""checksum"":""0453392d6142afd3"",""nonfinite"":0},{""label"":""prompt"",""checksum"":""8c39d6d410e92623"",""nonfinite"":0},{""label"":""prompt"",""checksum"":""ce38b3f3a7a05142"",""nonfinite"":0},{""label"":""prompt"",""checksum"":""556c3b871bf91e81"",""nonfinite"":0},{""label"":""prompt"",""checksum"":""c930f979f7f0aed4"",""nonfinite"":0},{""label"":""decode"",""checksum"":""0c8e93b3ecced1c6"",""nonfinite"":0},{""label"":""decode"",""checksum"":""319a6a234bb9ed88"",""nonfinite"":0},{""label"":""decode"",""checksum"":""1e95777bddcc71d5"",""nonfinite"":0},{""label"":""decode"",""checksum"":""fc3ff68058ffd54e"",""nonfinite"":0},{""label"":""decode"",""checksum"":""92560214e2ee8afd"",""nonfinite"":0},{""label"":""decode"",""checksum"":""ea317c3ff2b17152"",""nonfinite"":0}]",b5d2ea31b0f709c295ad59dfab37889028c6fe9857ea11908ff3ab4b717c9a5d,0,184,29824.000,29877.000,2749.658,532.000,2962.000,52.005,62.000,220.548,463.670,84.674,100.000,"{""argv"":[""/home/wici/llama.cpp/build-cuda/bin/llama-bench"",""-m"",""/home/wici/voice-lab/models/gguf/gemma-4-31B-it-Q4_0.gguf"",""-p"",""512"",""-n"",""64"",""-r"",""5"",""-t"",""8"",""-b"",""512"",""-ub"",""512"",""-fa"",""on"",""-ctk"",""f16"",""-ctv"",""f16"",""-mmp"",""1"",""-o"",""csv"",""--ctx-size"",""165120"",""-ot"",""^blk[.][0-9]+[.](attn_(k|v|q|output)|ffn_(down|gate|up))[.]weight$=CUDA_Hybrid""],""env"":{""GGML_CUDA_HYBRID_MODE"":""staging"",""GGML_CUDA_HYBRID_PAGE_BUDGET"":""991"",""LD_LIBRARY_PATH"":""/dev/shm/intertidal-capacity.mEP47j:/home/wici/llama.cpp/build-cuda/bin:/usr/local/cuda/lib64"",""LLAMA_BENCH_LOGIT_CHECKSUM"":""1""}}","{""buffers"":[{""buffer_bytes"":""16524435968"",""buffer_mib"":""15758.930"",""eligible_pages"":""7470"",""gross_bytes"":""2078277632"",""gross_mib"":""1982.000"",""gross_pages"":""991"",""layers"":""60"",""local_physical_bytes"":""14447280128"",""local_physical_mib"":""13778.000"",""mode"":""staging"",""net_bytes"":""2006974464"",""net_mib"":""1914.000"",""net_saved_mib"":""1914.000"",""page_bytes"":""2097152"",""page_mib"":""2.000"",""remote_mib"":""1982.000"",""requested_bytes"":""2078277632"",""requested_mib"":""1982.000"",""requested_pages"":""991"",""selected_tensors"":""410"",""selection"":""global_budget"",""staging_bytes"":""71303168"",""staging_mib"":""68.000""}],""gross_pages"":991,""gross_remote_bytes"":2078277632,""mode"":""staging"",""net_saved_bytes"":2006974464,""requested_pages"":991,""selected_layers"":60,""selected_tensors"":410,""staging_bytes"":71303168}",
1,6811466a-ff1f-46ba-a8fb-fed8577577f6,2026-08-12T08:22:47.786407+00:00,00c6ef64de2ce4769b21709e93b6b3cc57cd04286c7b14f7f0ea36fad861f8bd,31,intertidal_dma,coarse,31.0,31738.000,165120,13.0,1074,,ok,0,20.722,1074,1074,2252341248,2148.000,13.002469,79691776,76.000,2172649472,2072.000,12.542419,measured_vmm_layout,,31738.000,410,60,,,4239.937125,74.297171,21.699306,0.017501,0.992420,0.280819,match,"[{""label"":""prompt"",""checksum"":""2417196da4492390"",""nonfinite"":0},{""label"":""prompt"",""checksum"":""0453392d6142afd3"",""nonfinite"":0},{""label"":""prompt"",""checksum"":""8c39d6d410e92623"",""nonfinite"":0},{""label"":""prompt"",""checksum"":""ce38b3f3a7a05142"",""nonfinite"":0},{""label"":""prompt"",""checksum"":""556c3b871bf91e81"",""nonfinite"":0},{""label"":""prompt"",""checksum"":""c930f979f7f0aed4"",""nonfinite"":0},{""label"":""decode"",""checksum"":""0c8e93b3ecced1c6"",""nonfinite"":0},{""label"":""decode"",""checksum"":""319a6a234bb9ed88"",""nonfinite"":0},{""label"":""decode"",""checksum"":""1e95777bddcc71d5"",""nonfinite"":0},{""label"":""decode"",""checksum"":""fc3ff68058ffd54e"",""nonfinite"":0},{""label"":""decode"",""checksum"":""92560214e2ee8afd"",""nonfinite"":0},{""label"":""decode"",""checksum"":""ea317c3ff2b17152"",""nonfinite"":0}]",b5d2ea31b0f709c295ad59dfab37889028c6fe9857ea11908ff3ab4b717c9a5d,0,196,29666.000,29719.000,2894.704,2505.000,2962.000,51.730,62.000,217.317,483.970,79.357,100.000,"{""argv"":[""/home/wici/llama.cpp/build-cuda/bin/llama-bench"",""-m"",""/home/wici/voice-lab/models/gguf/gemma-4-31B-it-Q4_0.gguf"",""-p"",""512"",""-n"",""64"",""-r"",""5"",""-t"",""8"",""-b"",""512"",""-ub"",""512"",""-fa"",""on"",""-ctk"",""f16"",""-ctv"",""f16"",""-mmp"",""1"",""-o"",""csv"",""--ctx-size"",""165120"",""-ot"",""^blk[.][0-9]+[.](attn_(k|v|q|output)|ffn_(down|gate|up))[.]weight$=CUDA_Hybrid""],""env"":{""GGML_CUDA_HYBRID_MODE"":""staging"",""GGML_CUDA_HYBRID_PAGE_BUDGET"":""1074"",""LD_LIBRARY_PATH"":""/dev/shm/intertidal-capacity.mEP47j:/home/wici/llama.cpp/build-cuda/bin:/usr/local/cuda/lib64"",""LLAMA_BENCH_LOGIT_CHECKSUM"":""1""}}","{""buffers"":[{""buffer_bytes"":""16524435968"",""buffer_mib"":""15758.930"",""eligible_pages"":""7470"",""gross_bytes"":""2252341248"",""gross_mib"":""2148.000"",""gross_pages"":""1074"",""layers"":""60"",""local_physical_bytes"":""14273216512"",""local_physical_mib"":""13612.000"",""mode"":""staging"",""net_bytes"":""2172649472"",""net_mib"":""2072.000"",""net_saved_mib"":""2072.000"",""page_bytes"":""2097152"",""page_mib"":""2.000"",""remote_mib"":""2148.000"",""requested_bytes"":""2252341248"",""requested_mib"":""2148.000"",""requested_pages"":""1074"",""selected_tensors"":""410"",""selection"":""global_budget"",""staging_bytes"":""79691776"",""staging_mib"":""76.000""}],""gross_pages"":1074,""gross_remote_bytes"":2252341248,""mode"":""staging"",""net_saved_bytes"":2172649472,""requested_pages"":1074,""selected_layers"":60,""selected_tensors"":410,""staging_bytes"":79691776}",
1,6811466a-ff1f-46ba-a8fb-fed8577577f6,2026-08-12T08:23:08.906460+00:00,00c6ef64de2ce4769b21709e93b6b3cc57cd04286c7b14f7f0ea36fad861f8bd,31,intertidal_dma,coarse,31.0,31738.000,165120,14.0,1156,,ok,0,21.113,1156,1156,2424307712,2312.000,13.995208,83886080,80.000,2340421632,2232.000,13.510945,measured_vmm_layout,,31738.000,410,60,,,4241.797729,67.257519,20.166591,0.012574,0.992855,0.260983,match,"[{""label"":""prompt"",""checksum"":""2417196da4492390"",""nonfinite"":0},{""label"":""prompt"",""checksum"":""0453392d6142afd3"",""nonfinite"":0},{""label"":""prompt"",""checksum"":""8c39d6d410e92623"",""nonfinite"":0},{""label"":""prompt"",""checksum"":""ce38b3f3a7a05142"",""nonfinite"":0},{""label"":""prompt"",""checksum"":""556c3b871bf91e81"",""nonfinite"":0},{""label"":""prompt"",""checksum"":""c930f979f7f0aed4"",""nonfinite"":0},{""label"":""decode"",""checksum"":""0c8e93b3ecced1c6"",""nonfinite"":0},{""label"":""decode"",""checksum"":""319a6a234bb9ed88"",""nonfinite"":0},{""label"":""decode"",""checksum"":""1e95777bddcc71d5"",""nonfinite"":0},{""label"":""decode"",""checksum"":""fc3ff68058ffd54e"",""nonfinite"":0},{""label"":""decode"",""checksum"":""92560214e2ee8afd"",""nonfinite"":0},{""label"":""decode"",""checksum"":""ea317c3ff2b17152"",""nonfinite"":0}]",b5d2ea31b0f709c295ad59dfab37889028c6fe9857ea11908ff3ab4b717c9a5d,0,209,29506.000,29559.000,2818.330,1432.000,2962.000,51.828,62.000,208.015,475.850,85.086,100.000,"{""argv"":[""/home/wici/llama.cpp/build-cuda/bin/llama-bench"",""-m"",""/home/wici/voice-lab/models/gguf/gemma-4-31B-it-Q4_0.gguf"",""-p"",""512"",""-n"",""64"",""-r"",""5"",""-t"",""8"",""-b"",""512"",""-ub"",""512"",""-fa"",""on"",""-ctk"",""f16"",""-ctv"",""f16"",""-mmp"",""1"",""-o"",""csv"",""--ctx-size"",""165120"",""-ot"",""^blk[.][0-9]+[.](attn_(k|v|q|output)|ffn_(down|gate|up))[.]weight$=CUDA_Hybrid""],""env"":{""GGML_CUDA_HYBRID_MODE"":""staging"",""GGML_CUDA_HYBRID_PAGE_BUDGET"":""1156"",""LD_LIBRARY_PATH"":""/dev/shm/intertidal-capacity.mEP47j:/home/wici/llama.cpp/build-cuda/bin:/usr/local/cuda/lib64"",""LLAMA_BENCH_LOGIT_CHECKSUM"":""1""}}","{""buffers"":[{""buffer_bytes"":""16524435968"",""buffer_mib"":""15758.930"",""eligible_pages"":""7470"",""gross_bytes"":""2424307712"",""gross_mib"":""2312.000"",""gross_pages"":""1156"",""layers"":""60"",""local_physical_bytes"":""14101250048"",""local_physical_mib"":""13448.000"",""mode"":""staging"",""net_bytes"":""2340421632"",""net_mib"":""2232.000"",""net_saved_mib"":""2232.000"",""page_bytes"":""2097152"",""page_mib"":""2.000"",""remote_mib"":""2312.000"",""requested_bytes"":""2424307712"",""requested_mib"":""2312.000"",""requested_pages"":""1156"",""selected_tensors"":""410"",""selection"":""global_budget"",""staging_bytes"":""83886080"",""staging_mib"":""80.000""}],""gross_pages"":1156,""gross_remote_bytes"":2424307712,""mode"":""staging"",""net_saved_bytes"":2340421632,""requested_pages"":1156,""selected_layers"":60,""selected_tensors"":410,""staging_bytes"":83886080}",
1,6811466a-ff1f-46ba-a8fb-fed8577577f6,2026-08-12T08:23:31.873424+00:00,00c6ef64de2ce4769b21709e93b6b3cc57cd04286c7b14f7f0ea36fad861f8bd,31,intertidal_dma,coarse,31.0,31738.000,165120,15.0,1239,,ok,0,22.957,1239,1239,2598371328,2478.000,15.000055,92274688,88.000,2506096640,2390.000,14.467365,measured_vmm_layout,,31738.000,410,60,,,4245.111587,64.362711,18.824303,0.019978,0.993631,0.243612,match,"[{""label"":""prompt"",""checksum"":""2417196da4492390"",""nonfinite"":0},{""label"":""prompt"",""checksum"":""0453392d6142afd3"",""nonfinite"":0},{""label"":""prompt"",""checksum"":""8c39d6d410e92623"",""nonfinite"":0},{""label"":""prompt"",""checksum"":""ce38b3f3a7a05142"",""nonfinite"":0},{""label"":""prompt"",""checksum"":""556c3b871bf91e81"",""nonfinite"":0},{""label"":""prompt"",""checksum"":""c930f979f7f0aed4"",""nonfinite"":0},{""label"":""decode"",""checksum"":""0c8e93b3ecced1c6"",""nonfinite"":0},{""label"":""decode"",""checksum"":""319a6a234bb9ed88"",""nonfinite"":0},{""label"":""decode"",""checksum"":""1e95777bddcc71d5"",""nonfinite"":0},{""label"":""decode"",""checksum"":""fc3ff68058ffd54e"",""nonfinite"":0},{""label"":""decode"",""checksum"":""92560214e2ee8afd"",""nonfinite"":0},{""label"":""decode"",""checksum"":""ea317c3ff2b17152"",""nonfinite"":0}]",b5d2ea31b0f709c295ad59dfab37889028c6fe9857ea11908ff3ab4b717c9a5d,0,222,29348.000,29401.000,2787.847,810.000,2962.000,50.838,61.000,202.747,450.910,84.725,100.000,"{""argv"":[""/home/wici/llama.cpp/build-cuda/bin/llama-bench"",""-m"",""/home/wici/voice-lab/models/gguf/gemma-4-31B-it-Q4_0.gguf"",""-p"",""512"",""-n"",""64"",""-r"",""5"",""-t"",""8"",""-b"",""512"",""-ub"",""512"",""-fa"",""on"",""-ctk"",""f16"",""-ctv"",""f16"",""-mmp"",""1"",""-o"",""csv"",""--ctx-size"",""165120"",""-ot"",""^blk[.][0-9]+[.](attn_(k|v|q|output)|ffn_(down|gate|up))[.]weight$=CUDA_Hybrid""],""env"":{""GGML_CUDA_HYBRID_MODE"":""staging"",""GGML_CUDA_HYBRID_PAGE_BUDGET"":""1239"",""LD_LIBRARY_PATH"":""/dev/shm/intertidal-capacity.mEP47j:/home/wici/llama.cpp/build-cuda/bin:/usr/local/cuda/lib64"",""LLAMA_BENCH_LOGIT_CHECKSUM"":""1""}}","{""buffers"":[{""buffer_bytes"":""16524435968"",""buffer_mib"":""15758.930"",""eligible_pages"":""7470"",""gross_bytes"":""2598371328"",""gross_mib"":""2478.000"",""gross_pages"":""1239"",""layers"":""60"",""local_physical_bytes"":""13927186432"",""local_physical_mib"":""13282.000"",""mode"":""staging"",""net_bytes"":""2506096640"",""net_mib"":""2390.000"",""net_saved_mib"":""2390.000"",""page_bytes"":""2097152"",""page_mib"":""2.000"",""remote_mib"":""2478.000"",""requested_bytes"":""2598371328"",""requested_mib"":""2478.000"",""requested_pages"":""1239"",""selected_tensors"":""410"",""selection"":""global_budget"",""staging_bytes"":""92274688"",""staging_mib"":""88.000""}],""gross_pages"":1239,""gross_remote_bytes"":2598371328,""mode"":""staging"",""net_saved_bytes"":2506096640,""requested_pages"":1239,""selected_layers"":60,""selected_tensors"":410,""staging_bytes"":92274688}",
1,6811466a-ff1f-46ba-a8fb-fed8577577f6,2026-08-12T08:23:55.215920+00:00,00c6ef64de2ce4769b21709e93b6b3cc57cd04286c7b14f7f0ea36fad861f8bd,31,intertidal_dma,coarse,31.0,31738.000,165120,16.0,1322,,ok,0,23.330,1322,1322,2772434944,2644.000,16.004901,96468992,92.000,2675965952,2552.000,15.447998,measured_vmm_layout,,31738.000,410,60,,,4245.583355,65.734185,17.648336,0.012661,0.993741,0.228394,match,"[{""label"":""prompt"",""checksum"":""2417196da4492390"",""nonfinite"":0},{""label"":""prompt"",""checksum"":""0453392d6142afd3"",""nonfinite"":0},{""label"":""prompt"",""checksum"":""8c39d6d410e92623"",""nonfinite"":0},{""label"":""prompt"",""checksum"":""ce38b3f3a7a05142"",""nonfinite"":0},{""label"":""prompt"",""checksum"":""556c3b871bf91e81"",""nonfinite"":0},{""label"":""prompt"",""checksum"":""c930f979f7f0aed4"",""nonfinite"":0},{""label"":""decode"",""checksum"":""0c8e93b3ecced1c6"",""nonfinite"":0},{""label"":""decode"",""checksum"":""319a6a234bb9ed88"",""nonfinite"":0},{""label"":""decode"",""checksum"":""1e95777bddcc71d5"",""nonfinite"":0},{""label"":""decode"",""checksum"":""fc3ff68058ffd54e"",""nonfinite"":0},{""label"":""decode"",""checksum"":""92560214e2ee8afd"",""nonfinite"":0},{""label"":""decode"",""checksum"":""ea317c3ff2b17152"",""nonfinite"":0}]",b5d2ea31b0f709c295ad59dfab37889028c6fe9857ea11908ff3ab4b717c9a5d,0,233,29186.000,29241.000,2885.146,2505.000,2962.000,51.021,62.000,198.155,480.940,85.545,100.000,"{""argv"":[""/home/wici/llama.cpp/build-cuda/bin/llama-bench"",""-m"",""/home/wici/voice-lab/models/gguf/gemma-4-31B-it-Q4_0.gguf"",""-p"",""512"",""-n"",""64"",""-r"",""5"",""-t"",""8"",""-b"",""512"",""-ub"",""512"",""-fa"",""on"",""-ctk"",""f16"",""-ctv"",""f16"",""-mmp"",""1"",""-o"",""csv"",""--ctx-size"",""165120"",""-ot"",""^blk[.][0-9]+[.](attn_(k|v|q|output)|ffn_(down|gate|up))[.]weight$=CUDA_Hybrid""],""env"":{""GGML_CUDA_HYBRID_MODE"":""staging"",""GGML_CUDA_HYBRID_PAGE_BUDGET"":""1322"",""LD_LIBRARY_PATH"":""/dev/shm/intertidal-capacity.mEP47j:/home/wici/llama.cpp/build-cuda/bin:/usr/local/cuda/lib64"",""LLAMA_BENCH_LOGIT_CHECKSUM"":""1""}}","{""buffers"":[{""buffer_bytes"":""16524435968"",""buffer_mib"":""15758.930"",""eligible_pages"":""7470"",""gross_bytes"":""2772434944"",""gross_mib"":""2644.000"",""gross_pages"":""1322"",""layers"":""60"",""local_physical_bytes"":""13753122816"",""local_physical_mib"":""13116.000"",""mode"":""staging"",""net_bytes"":""2675965952"",""net_mib"":""2552.000"",""net_saved_mib"":""2552.000"",""page_bytes"":""2097152"",""page_mib"":""2.000"",""remote_mib"":""2644.000"",""requested_bytes"":""2772434944"",""requested_mib"":""2644.000"",""requested_pages"":""1322"",""selected_tensors"":""410"",""selection"":""global_budget"",""staging_bytes"":""96468992"",""staging_mib"":""92.000""}],""gross_pages"":1322,""gross_remote_bytes"":2772434944,""mode"":""staging"",""net_saved_bytes"":2675965952,""requested_pages"":1322,""selected_layers"":60,""selected_tensors"":410,""staging_bytes"":96468992}",
1,6811466a-ff1f-46ba-a8fb-fed8577577f6,2026-08-12T08:24:42.444314+00:00,00c6ef64de2ce4769b21709e93b6b3cc57cd04286c7b14f7f0ea36fad861f8bd,31,intertidal_dma,coarse,31.0,31738.000,165120,17.0,1404,,ok,0,47.213,1404,1404,2944401408,2808.000,16.997641,104857600,100.000,2839543808,2708.000,16.392312,measured_vmm_layout,,31738.000,410,60,,,4243.549293,66.118619,16.628581,0.005669,0.993265,0.215197,match,"[{""label"":""prompt"",""checksum"":""2417196da4492390"",""nonfinite"":0},{""label"":""prompt"",""checksum"":""0453392d6142afd3"",""nonfinite"":0},{""label"":""prompt"",""checksum"":""8c39d6d410e92623"",""nonfinite"":0},{""label"":""prompt"",""checksum"":""ce38b3f3a7a05142"",""nonfinite"":0},{""label"":""prompt"",""checksum"":""556c3b871bf91e81"",""nonfinite"":0},{""label"":""prompt"",""checksum"":""c930f979f7f0aed4"",""nonfinite"":0},{""label"":""decode"",""checksum"":""0c8e93b3ecced1c6"",""nonfinite"":0},{""label"":""decode"",""checksum"":""319a6a234bb9ed88"",""nonfinite"":0},{""label"":""decode"",""checksum"":""1e95777bddcc71d5"",""nonfinite"":0},{""label"":""decode"",""checksum"":""fc3ff68058ffd54e"",""nonfinite"":0},{""label"":""decode"",""checksum"":""92560214e2ee8afd"",""nonfinite"":0},{""label"":""decode"",""checksum"":""ea317c3ff2b17152"",""nonfinite"":0}]",b5d2ea31b0f709c295ad59dfab37889028c6fe9857ea11908ff3ab4b717c9a5d,0,245,29030.000,29085.000,2898.829,2505.000,2962.000,50.367,61.000,195.823,480.000,85.339,100.000,"{""argv"":[""/home/wici/llama.cpp/build-cuda/bin/llama-bench"",""-m"",""/home/wici/voice-lab/models/gguf/gemma-4-31B-it-Q4_0.gguf"",""-p"",""512"",""-n"",""64"",""-r"",""5"",""-t"",""8"",""-b"",""512"",""-ub"",""512"",""-fa"",""on"",""-ctk"",""f16"",""-ctv"",""f16"",""-mmp"",""1"",""-o"",""csv"",""--ctx-size"",""165120"",""-ot"",""^blk[.][0-9]+[.](attn_(k|v|q|output)|ffn_(down|gate|up))[.]weight$=CUDA_Hybrid""],""env"":{""GGML_CUDA_HYBRID_MODE"":""staging"",""GGML_CUDA_HYBRID_PAGE_BUDGET"":""1404"",""LD_LIBRARY_PATH"":""/dev/shm/intertidal-capacity.mEP47j:/home/wici/llama.cpp/build-cuda/bin:/usr/local/cuda/lib64"",""LLAMA_BENCH_LOGIT_CHECKSUM"":""1""}}","{""buffers"":[{""buffer_bytes"":""16524435968"",""buffer_mib"":""15758.930"",""eligible_pages"":""7470"",""gross_bytes"":""2944401408"",""gross_mib"":""2808.000"",""gross_pages"":""1404"",""layers"":""60"",""local_physical_bytes"":""13581156352"",""local_physical_mib"":""12952.000"",""mode"":""staging"",""net_bytes"":""2839543808"",""net_mib"":""2708.000"",""net_saved_mib"":""2708.000"",""page_bytes"":""2097152"",""page_mib"":""2.000"",""remote_mib"":""2808.000"",""requested_bytes"":""2944401408"",""requested_mib"":""2808.000"",""requested_pages"":""1404"",""selected_tensors"":""410"",""selection"":""global_budget"",""staging_bytes"":""104857600"",""staging_mib"":""100.000""}],""gross_pages"":1404,""gross_remote_bytes"":2944401408,""mode"":""staging"",""net_saved_bytes"":2839543808,""requested_pages"":1404,""selected_layers"":60,""selected_tensors"":410,""staging_bytes"":104857600}",
1,c1722155-4765-4cbc-a133-f4fe014582b1,2026-08-12T08:33:22.495107+00:00,aaa6945a74a4cd667bf2ac3f02564176bf035973b9ba87b98ada8cfdc650bc9e,31,intertidal_dma,coarse,31.0,31738.000,165120,18.0,1487,,ok,0,25.173,1487,1487,3118465024,2974.000,18.002487,109051904,104.000,3009413120,2870.000,17.372945,measured_vmm_layout,,31738.000,410,60,,,4257.948517,71.326405,15.694657,0.007182,0.996636,0.203110,match,"[{""label"":""prompt"",""checksum"":""2417196da4492390"",""nonfinite"":0},{""label"":""prompt"",""checksum"":""0453392d6142afd3"",""nonfinite"":0},{""label"":""prompt"",""checksum"":""8c39d6d410e92623"",""nonfinite"":0},{""label"":""prompt"",""checksum"":""ce38b3f3a7a05142"",""nonfinite"":0},{""label"":""prompt"",""checksum"":""556c3b871bf91e81"",""nonfinite"":0},{""label"":""prompt"",""checksum"":""c930f979f7f0aed4"",""nonfinite"":0},{""label"":""decode"",""checksum"":""0c8e93b3ecced1c6"",""nonfinite"":0},{""label"":""decode"",""checksum"":""319a6a234bb9ed88"",""nonfinite"":0},{""label"":""decode"",""checksum"":""1e95777bddcc71d5"",""nonfinite"":0},{""label"":""decode"",""checksum"":""fc3ff68058ffd54e"",""nonfinite"":0},{""label"":""decode"",""checksum"":""92560214e2ee8afd"",""nonfinite"":0},{""label"":""decode"",""checksum"":""ea317c3ff2b17152"",""nonfinite"":0}]",b5d2ea31b0f709c295ad59dfab37889028c6fe9857ea11908ff3ab4b717c9a5d,0,258,28868.000,28923.000,2821.922,225.000,2962.000,48.605,59.000,187.810,477.560,84.159,100.000,"{""argv"":[""/home/wici/llama.cpp/build-cuda/bin/llama-bench"",""-m"",""/home/wici/voice-lab/models/gguf/gemma-4-31B-it-Q4_0.gguf"",""-p"",""512"",""-n"",""64"",""-r"",""5"",""-t"",""8"",""-b"",""512"",""-ub"",""512"",""-fa"",""on"",""-ctk"",""f16"",""-ctv"",""f16"",""-mmp"",""1"",""-o"",""csv"",""--ctx-size"",""165120"",""-ot"",""^blk[.][0-9]+[.](attn_(k|v|q|output)|ffn_(down|gate|up))[.]weight$=CUDA_Hybrid""],""env"":{""GGML_CUDA_HYBRID_MODE"":""staging"",""GGML_CUDA_HYBRID_PAGE_BUDGET"":""1487"",""LD_LIBRARY_PATH"":""/dev/shm/intertidal-capacity.mEP47j:/home/wici/llama.cpp/build-cuda/bin:/usr/local/cuda/lib64"",""LLAMA_BENCH_LOGIT_CHECKSUM"":""1""}}","{""buffers"":[{""buffer_bytes"":""16524435968"",""buffer_mib"":""15758.930"",""eligible_pages"":""7470"",""gross_bytes"":""3118465024"",""gross_mib"":""2974.000"",""gross_pages"":""1487"",""layers"":""60"",""local_physical_bytes"":""13407092736"",""local_physical_mib"":""12786.000"",""mode"":""staging"",""net_bytes"":""3009413120"",""net_mib"":""2870.000"",""net_saved_mib"":""2870.000"",""page_bytes"":""2097152"",""page_mib"":""2.000"",""remote_mib"":""2974.000"",""requested_bytes"":""3118465024"",""requested_mib"":""2974.000"",""requested_pages"":""1487"",""selected_tensors"":""410"",""selection"":""global_budget"",""staging_bytes"":""109051904"",""staging_mib"":""104.000""}],""gross_pages"":1487,""gross_remote_bytes"":3118465024,""mode"":""staging"",""net_saved_bytes"":3009413120,""requested_pages"":1487,""selected_layers"":60,""selected_tensors"":410,""staging_bytes"":109051904}",
1,c1722155-4765-4cbc-a133-f4fe014582b1,2026-08-12T08:33:48.622982+00:00,aaa6945a74a4cd667bf2ac3f02564176bf035973b9ba87b98ada8cfdc650bc9e,31,intertidal_dma,coarse,31.0,31738.000,165120,19.0,1569,,ok,0,26.120,1569,1569,3290431488,3138.000,18.995227,113246208,108.000,3177185280,3030.000,18.341471,measured_vmm_layout,,31738.000,410,60,,,4252.446673,55.653199,14.888091,0.007772,0.995348,0.192672,match,"[{""label"":""prompt"",""checksum"":""2417196da4492390"",""nonfinite"":0},{""label"":""prompt"",""checksum"":""0453392d6142afd3"",""nonfinite"":0},{""label"":""prompt"",""checksum"":""8c39d6d410e92623"",""nonfinite"":0},{""label"":""prompt"",""checksum"":""ce38b3f3a7a05142"",""nonfinite"":0},{""label"":""prompt"",""checksum"":""556c3b871bf91e81"",""nonfinite"":0},{""label"":""prompt"",""checksum"":""c930f979f7f0aed4"",""nonfinite"":0},{""label"":""decode"",""checksum"":""0c8e93b3ecced1c6"",""nonfinite"":0},{""label"":""decode"",""checksum"":""319a6a234bb9ed88"",""nonfinite"":0},{""label"":""decode"",""checksum"":""1e95777bddcc71d5"",""nonfinite"":0},{""label"":""decode"",""checksum"":""fc3ff68058ffd54e"",""nonfinite"":0},{""label"":""decode"",""checksum"":""92560214e2ee8afd"",""nonfinite"":0},{""label"":""decode"",""checksum"":""ea317c3ff2b17152"",""nonfinite"":0}]",b5d2ea31b0f709c295ad59dfab37889028c6fe9857ea11908ff3ab4b717c9a5d,0,271,28708.000,28763.000,2912.221,2512.000,2962.000,48.469,59.000,187.700,470.370,89.889,100.000,"{""argv"":[""/home/wici/llama.cpp/build-cuda/bin/llama-bench"",""-m"",""/home/wici/voice-lab/models/gguf/gemma-4-31B-it-Q4_0.gguf"",""-p"",""512"",""-n"",""64"",""-r"",""5"",""-t"",""8"",""-b"",""512"",""-ub"",""512"",""-fa"",""on"",""-ctk"",""f16"",""-ctv"",""f16"",""-mmp"",""1"",""-o"",""csv"",""--ctx-size"",""165120"",""-ot"",""^blk[.][0-9]+[.](attn_(k|v|q|output)|ffn_(down|gate|up))[.]weight$=CUDA_Hybrid""],""env"":{""GGML_CUDA_HYBRID_MODE"":""staging"",""GGML_CUDA_HYBRID_PAGE_BUDGET"":""1569"",""LD_LIBRARY_PATH"":""/dev/shm/intertidal-capacity.mEP47j:/home/wici/llama.cpp/build-cuda/bin:/usr/local/cuda/lib64"",""LLAMA_BENCH_LOGIT_CHECKSUM"":""1""}}","{""buffers"":[{""buffer_bytes"":""16524435968"",""buffer_mib"":""15758.930"",""eligible_pages"":""7470"",""gross_bytes"":""3290431488"",""gross_mib"":""3138.000"",""gross_pages"":""1569"",""layers"":""60"",""local_physical_bytes"":""13235126272"",""local_physical_mib"":""12622.000"",""mode"":""staging"",""net_bytes"":""3177185280"",""net_mib"":""3030.000"",""net_saved_mib"":""3030.000"",""page_bytes"":""2097152"",""page_mib"":""2.000"",""remote_mib"":""3138.000"",""requested_bytes"":""3290431488"",""requested_mib"":""3138.000"",""requested_pages"":""1569"",""selected_tensors"":""410"",""selection"":""global_budget"",""staging_bytes"":""113246208"",""staging_mib"":""108.000""}],""gross_pages"":1569,""gross_remote_bytes"":3290431488,""mode"":""staging"",""net_saved_bytes"":3177185280,""requested_pages"":1569,""selected_layers"":60,""selected_tensors"":410,""staging_bytes"":113246208}",
1,c1722155-4765-4cbc-a133-f4fe014582b1,2026-08-12T08:34:15.896691+00:00,aaa6945a74a4cd667bf2ac3f02564176bf035973b9ba87b98ada8cfdc650bc9e,31,intertidal_dma,coarse,31.0,31738.000,165120,20.0,1652,,ok,0,27.267,1652,1652,3464495104,3304.000,20.000073,121634816,116.000,3342860288,3188.000,19.297891,measured_vmm_layout,,31738.000,410,60,,,4250.806451,56.889640,14.138889,0.004847,0.994964,0.182977,match,"[{""label"":""prompt"",""checksum"":""2417196da4492390"",""nonfinite"":0},{""label"":""prompt"",""checksum"":""0453392d6142afd3"",""nonfinite"":0},{""label"":""prompt"",""checksum"":""8c39d6d410e92623"",""nonfinite"":0},{""label"":""prompt"",""checksum"":""ce38b3f3a7a05142"",""nonfinite"":0},{""label"":""prompt"",""checksum"":""556c3b871bf91e81"",""nonfinite"":0},{""label"":""prompt"",""checksum"":""c930f979f7f0aed4"",""nonfinite"":0},{""label"":""decode"",""checksum"":""0c8e93b3ecced1c6"",""nonfinite"":0},{""label"":""decode"",""checksum"":""319a6a234bb9ed88"",""nonfinite"":0},{""label"":""decode"",""checksum"":""1e95777bddcc71d5"",""nonfinite"":0},{""label"":""decode"",""checksum"":""fc3ff68058ffd54e"",""nonfinite"":0},{""label"":""decode"",""checksum"":""92560214e2ee8afd"",""nonfinite"":0},{""label"":""decode"",""checksum"":""ea317c3ff2b17152"",""nonfinite"":0}]",b5d2ea31b0f709c295ad59dfab37889028c6fe9857ea11908ff3ab4b717c9a5d,0,283,28550.000,28605.000,2929.201,2520.000,2962.000,48.269,60.000,185.658,473.040,92.721,100.000,"{""argv"":[""/home/wici/llama.cpp/build-cuda/bin/llama-bench"",""-m"",""/home/wici/voice-lab/models/gguf/gemma-4-31B-it-Q4_0.gguf"",""-p"",""512"",""-n"",""64"",""-r"",""5"",""-t"",""8"",""-b"",""512"",""-ub"",""512"",""-fa"",""on"",""-ctk"",""f16"",""-ctv"",""f16"",""-mmp"",""1"",""-o"",""csv"",""--ctx-size"",""165120"",""-ot"",""^blk[.][0-9]+[.](attn_(k|v|q|output)|ffn_(down|gate|up))[.]weight$=CUDA_Hybrid""],""env"":{""GGML_CUDA_HYBRID_MODE"":""staging"",""GGML_CUDA_HYBRID_PAGE_BUDGET"":""1652"",""LD_LIBRARY_PATH"":""/dev/shm/intertidal-capacity.mEP47j:/home/wici/llama.cpp/build-cuda/bin:/usr/local/cuda/lib64"",""LLAMA_BENCH_LOGIT_CHECKSUM"":""1""}}","{""buffers"":[{""buffer_bytes"":""16524435968"",""buffer_mib"":""15758.930"",""eligible_pages"":""7470"",""gross_bytes"":""3464495104"",""gross_mib"":""3304.000"",""gross_pages"":""1652"",""layers"":""60"",""local_physical_bytes"":""13061062656"",""local_physical_mib"":""12456.000"",""mode"":""staging"",""net_bytes"":""3342860288"",""net_mib"":""3188.000"",""net_saved_mib"":""3188.000"",""page_bytes"":""2097152"",""page_mib"":""2.000"",""remote_mib"":""3304.000"",""requested_bytes"":""3464495104"",""requested_mib"":""3304.000"",""requested_pages"":""1652"",""selected_tensors"":""410"",""selection"":""global_budget"",""staging_bytes"":""121634816"",""staging_mib"":""116.000""}],""gross_pages"":1652,""gross_remote_bytes"":3464495104,""mode"":""staging"",""net_saved_bytes"":3342860288,""requested_pages"":1652,""selected_layers"":60,""selected_tensors"":410,""staging_bytes"":121634816}",
1,c1722155-4765-4cbc-a133-f4fe014582b1,2026-08-12T08:34:44.347603+00:00,aaa6945a74a4cd667bf2ac3f02564176bf035973b9ba87b98ada8cfdc650bc9e,31,intertidal_dma,coarse,31.0,31738.000,165120,21.0,1735,,ok,0,28.444,1735,1735,3638558720,3470.000,21.004919,125829120,120.000,3512729600,3350.000,20.278524,measured_vmm_layout,,31738.000,410,60,,,4247.318067,63.308063,13.446577,0.009570,0.994147,0.174017,match,"[{""label"":""prompt"",""checksum"":""2417196da4492390"",""nonfinite"":0},{""label"":""prompt"",""checksum"":""0453392d6142afd3"",""nonfinite"":0},{""label"":""prompt"",""checksum"":""8c39d6d410e92623"",""nonfinite"":0},{""label"":""prompt"",""checksum"":""ce38b3f3a7a05142"",""nonfinite"":0},{""label"":""prompt"",""checksum"":""556c3b871bf91e81"",""nonfinite"":0},{""label"":""prompt"",""checksum"":""c930f979f7f0aed4"",""nonfinite"":0},{""label"":""decode"",""checksum"":""0c8e93b3ecced1c6"",""nonfinite"":0},{""label"":""decode"",""checksum"":""319a6a234bb9ed88"",""nonfinite"":0},{""label"":""decode"",""checksum"":""1e95777bddcc71d5"",""nonfinite"":0},{""label"":""decode"",""checksum"":""fc3ff68058ffd54e"",""nonfinite"":0},{""label"":""decode"",""checksum"":""92560214e2ee8afd"",""nonfinite"":0},{""label"":""decode"",""checksum"":""ea317c3ff2b17152"",""nonfinite"":0}]",b5d2ea31b0f709c295ad59dfab37889028c6fe9857ea11908ff3ab4b717c9a5d,0,294,28388.000,28443.000,2917.316,2505.000,2962.000,47.952,60.000,182.942,469.080,87.578,100.000,"{""argv"":[""/home/wici/llama.cpp/build-cuda/bin/llama-bench"",""-m"",""/home/wici/voice-lab/models/gguf/gemma-4-31B-it-Q4_0.gguf"",""-p"",""512"",""-n"",""64"",""-r"",""5"",""-t"",""8"",""-b"",""512"",""-ub"",""512"",""-fa"",""on"",""-ctk"",""f16"",""-ctv"",""f16"",""-mmp"",""1"",""-o"",""csv"",""--ctx-size"",""165120"",""-ot"",""^blk[.][0-9]+[.](attn_(k|v|q|output)|ffn_(down|gate|up))[.]weight$=CUDA_Hybrid""],""env"":{""GGML_CUDA_HYBRID_MODE"":""staging"",""GGML_CUDA_HYBRID_PAGE_BUDGET"":""1735"",""LD_LIBRARY_PATH"":""/dev/shm/intertidal-capacity.mEP47j:/home/wici/llama.cpp/build-cuda/bin:/usr/local/cuda/lib64"",""LLAMA_BENCH_LOGIT_CHECKSUM"":""1""}}","{""buffers"":[{""buffer_bytes"":""16524435968"",""buffer_mib"":""15758.930"",""eligible_pages"":""7470"",""gross_bytes"":""3638558720"",""gross_mib"":""3470.000"",""gross_pages"":""1735"",""layers"":""60"",""local_physical_bytes"":""12886999040"",""local_physical_mib"":""12290.000"",""mode"":""staging"",""net_bytes"":""3512729600"",""net_mib"":""3350.000"",""net_saved_mib"":""3350.000"",""page_bytes"":""2097152"",""page_mib"":""2.000"",""remote_mib"":""3470.000"",""requested_bytes"":""3638558720"",""requested_mib"":""3470.000"",""requested_pages"":""1735"",""selected_tensors"":""410"",""selection"":""global_budget"",""staging_bytes"":""125829120"",""staging_mib"":""120.000""}],""gross_pages"":1735,""gross_remote_bytes"":3638558720,""mode"":""staging"",""net_saved_bytes"":3512729600,""requested_pages"":1735,""selected_layers"":60,""selected_tensors"":410,""staging_bytes"":125829120}",
1,c1722155-4765-4cbc-a133-f4fe014582b1,2026-08-12T08:35:14.111088+00:00,aaa6945a74a4cd667bf2ac3f02564176bf035973b9ba87b98ada8cfdc650bc9e,31,intertidal_dma,coarse,31.0,31738.000,165120,22.0,1817,,ok,0,29.756,1817,1817,3810525184,3634.000,21.997659,134217728,128.000,3676307456,3506.000,21.222838,measured_vmm_layout,,31738.000,410,60,,,4246.055998,61.914680,12.857223,0.005935,0.993852,0.166390,match,"[{""label"":""prompt"",""checksum"":""2417196da4492390"",""nonfinite"":0},{""label"":""prompt"",""checksum"":""0453392d6142afd3"",""nonfinite"":0},{""label"":""prompt"",""checksum"":""8c39d6d410e92623"",""nonfinite"":0},{""label"":""prompt"",""checksum"":""ce38b3f3a7a05142"",""nonfinite"":0},{""label"":""prompt"",""checksum"":""556c3b871bf91e81"",""nonfinite"":0},{""label"":""prompt"",""checksum"":""c930f979f7f0aed4"",""nonfinite"":0},{""label"":""decode"",""checksum"":""0c8e93b3ecced1c6"",""nonfinite"":0},{""label"":""decode"",""checksum"":""319a6a234bb9ed88"",""nonfinite"":0},{""label"":""decode"",""checksum"":""1e95777bddcc71d5"",""nonfinite"":0},{""label"":""decode"",""checksum"":""fc3ff68058ffd54e"",""nonfinite"":0},{""label"":""decode"",""checksum"":""92560214e2ee8afd"",""nonfinite"":0},{""label"":""decode"",""checksum"":""ea317c3ff2b17152"",""nonfinite"":0}]",b5d2ea31b0f709c295ad59dfab37889028c6fe9857ea11908ff3ab4b717c9a5d,0,307,28232.000,28287.000,2936.365,2512.000,2962.000,47.938,59.000,179.753,473.750,85.046,100.000,"{""argv"":[""/home/wici/llama.cpp/build-cuda/bin/llama-bench"",""-m"",""/home/wici/voice-lab/models/gguf/gemma-4-31B-it-Q4_0.gguf"",""-p"",""512"",""-n"",""64"",""-r"",""5"",""-t"",""8"",""-b"",""512"",""-ub"",""512"",""-fa"",""on"",""-ctk"",""f16"",""-ctv"",""f16"",""-mmp"",""1"",""-o"",""csv"",""--ctx-size"",""165120"",""-ot"",""^blk[.][0-9]+[.](attn_(k|v|q|output)|ffn_(down|gate|up))[.]weight$=CUDA_Hybrid""],""env"":{""GGML_CUDA_HYBRID_MODE"":""staging"",""GGML_CUDA_HYBRID_PAGE_BUDGET"":""1817"",""LD_LIBRARY_PATH"":""/dev/shm/intertidal-capacity.mEP47j:/home/wici/llama.cpp/build-cuda/bin:/usr/local/cuda/lib64"",""LLAMA_BENCH_LOGIT_CHECKSUM"":""1""}}","{""buffers"":[{""buffer_bytes"":""16524435968"",""buffer_mib"":""15758.930"",""eligible_pages"":""7470"",""gross_bytes"":""3810525184"",""gross_mib"":""3634.000"",""gross_pages"":""1817"",""layers"":""60"",""local_physical_bytes"":""12715032576"",""local_physical_mib"":""12126.000"",""mode"":""staging"",""net_bytes"":""3676307456"",""net_mib"":""3506.000"",""net_saved_mib"":""3506.000"",""page_bytes"":""2097152"",""page_mib"":""2.000"",""remote_mib"":""3634.000"",""requested_bytes"":""3810525184"",""requested_mib"":""3634.000"",""requested_pages"":""1817"",""selected_tensors"":""410"",""selection"":""global_budget"",""staging_bytes"":""134217728"",""staging_mib"":""128.000""}],""gross_pages"":1817,""gross_remote_bytes"":3810525184,""mode"":""staging"",""net_saved_bytes"":3676307456,""requested_pages"":1817,""selected_layers"":60,""selected_tensors"":410,""staging_bytes"":134217728}",
1,c1722155-4765-4cbc-a133-f4fe014582b1,2026-08-12T08:35:44.978363+00:00,aaa6945a74a4cd667bf2ac3f02564176bf035973b9ba87b98ada8cfdc650bc9e,31,intertidal_dma,coarse,31.0,31738.000,165120,23.0,1900,,ok,0,30.860,1900,1900,3984588800,3800.000,23.002505,138412032,132.000,3846176768,3668.000,22.203471,measured_vmm_layout,,31738.000,410,60,,,4248.978528,61.904888,12.286798,0.004994,0.994536,0.159008,match,"[{""label"":""prompt"",""checksum"":""2417196da4492390"",""nonfinite"":0},{""label"":""prompt"",""checksum"":""0453392d6142afd3"",""nonfinite"":0},{""label"":""prompt"",""checksum"":""8c39d6d410e92623"",""nonfinite"":0},{""label"":""prompt"",""checksum"":""ce38b3f3a7a05142"",""nonfinite"":0},{""label"":""prompt"",""checksum"":""556c3b871bf91e81"",""nonfinite"":0},{""label"":""prompt"",""checksum"":""c930f979f7f0aed4"",""nonfinite"":0},{""label"":""decode"",""checksum"":""0c8e93b3ecced1c6"",""nonfinite"":0},{""label"":""decode"",""checksum"":""319a6a234bb9ed88"",""nonfinite"":0},{""label"":""decode"",""checksum"":""1e95777bddcc71d5"",""nonfinite"":0},{""label"":""decode"",""checksum"":""fc3ff68058ffd54e"",""nonfinite"":0},{""label"":""decode"",""checksum"":""92560214e2ee8afd"",""nonfinite"":0},{""label"":""decode"",""checksum"":""ea317c3ff2b17152"",""nonfinite"":0}]",b5d2ea31b0f709c295ad59dfab37889028c6fe9857ea11908ff3ab4b717c9a5d,0,320,28070.000,28127.000,2923.594,2505.000,2962.000,48.087,60.000,177.475,469.960,91.556,100.000,"{""argv"":[""/home/wici/llama.cpp/build-cuda/bin/llama-bench"",""-m"",""/home/wici/voice-lab/models/gguf/gemma-4-31B-it-Q4_0.gguf"",""-p"",""512"",""-n"",""64"",""-r"",""5"",""-t"",""8"",""-b"",""512"",""-ub"",""512"",""-fa"",""on"",""-ctk"",""f16"",""-ctv"",""f16"",""-mmp"",""1"",""-o"",""csv"",""--ctx-size"",""165120"",""-ot"",""^blk[.][0-9]+[.](attn_(k|v|q|output)|ffn_(down|gate|up))[.]weight$=CUDA_Hybrid""],""env"":{""GGML_CUDA_HYBRID_MODE"":""staging"",""GGML_CUDA_HYBRID_PAGE_BUDGET"":""1900"",""LD_LIBRARY_PATH"":""/dev/shm/intertidal-capacity.mEP47j:/home/wici/llama.cpp/build-cuda/bin:/usr/local/cuda/lib64"",""LLAMA_BENCH_LOGIT_CHECKSUM"":""1""}}","{""buffers"":[{""buffer_bytes"":""16524435968"",""buffer_mib"":""15758.930"",""eligible_pages"":""7470"",""gross_bytes"":""3984588800"",""gross_mib"":""3800.000"",""gross_pages"":""1900"",""layers"":""60"",""local_physical_bytes"":""12540968960"",""local_physical_mib"":""11960.000"",""mode"":""staging"",""net_bytes"":""3846176768"",""net_mib"":""3668.000"",""net_saved_mib"":""3668.000"",""page_bytes"":""2097152"",""page_mib"":""2.000"",""remote_mib"":""3800.000"",""requested_bytes"":""3984588800"",""requested_mib"":""3800.000"",""requested_pages"":""1900"",""selected_tensors"":""410"",""selection"":""global_budget"",""staging_bytes"":""138412032"",""staging_mib"":""132.000""}],""gross_pages"":1900,""gross_remote_bytes"":3984588800,""mode"":""staging"",""net_saved_bytes"":3846176768,""requested_pages"":1900,""selected_layers"":60,""selected_tensors"":410,""staging_bytes"":138412032}",
1,c1722155-4765-4cbc-a133-f4fe014582b1,2026-08-12T08:36:17.158437+00:00,aaa6945a74a4cd667bf2ac3f02564176bf035973b9ba87b98ada8cfdc650bc9e,31,intertidal_dma,coarse,31.0,31738.000,165120,24.0,1982,,ok,0,32.173,1982,1982,4156555264,3964.000,23.995245,146800640,140.000,4009754624,3824.000,23.147784,measured_vmm_layout,,31738.000,410,60,,,4247.766905,55.393826,11.776596,0.006165,0.994252,0.152405,match,"[{""label"":""prompt"",""checksum"":""2417196da4492390"",""nonfinite"":0},{""label"":""prompt"",""checksum"":""0453392d6142afd3"",""nonfinite"":0},{""label"":""prompt"",""checksum"":""8c39d6d410e92623"",""nonfinite"":0},{""label"":""prompt"",""checksum"":""ce38b3f3a7a05142"",""nonfinite"":0},{""label"":""prompt"",""checksum"":""556c3b871bf91e81"",""nonfinite"":0},{""label"":""prompt"",""checksum"":""c930f979f7f0aed4"",""nonfinite"":0},{""label"":""decode"",""checksum"":""0c8e93b3ecced1c6"",""nonfinite"":0},{""label"":""decode"",""checksum"":""319a6a234bb9ed88"",""nonfinite"":0},{""label"":""decode"",""checksum"":""1e95777bddcc71d5"",""nonfinite"":0},{""label"":""decode"",""checksum"":""fc3ff68058ffd54e"",""nonfinite"":0},{""label"":""decode"",""checksum"":""92560214e2ee8afd"",""nonfinite"":0},{""label"":""decode"",""checksum"":""ea317c3ff2b17152"",""nonfinite"":0}]",b5d2ea31b0f709c295ad59dfab37889028c6fe9857ea11908ff3ab4b717c9a5d,0,333,27914.000,27971.000,2924.838,2512.000,2962.000,48.060,59.000,174.323,445.240,90.228,100.000,"{""argv"":[""/home/wici/llama.cpp/build-cuda/bin/llama-bench"",""-m"",""/home/wici/voice-lab/models/gguf/gemma-4-31B-it-Q4_0.gguf"",""-p"",""512"",""-n"",""64"",""-r"",""5"",""-t"",""8"",""-b"",""512"",""-ub"",""512"",""-fa"",""on"",""-ctk"",""f16"",""-ctv"",""f16"",""-mmp"",""1"",""-o"",""csv"",""--ctx-size"",""165120"",""-ot"",""^blk[.][0-9]+[.](attn_(k|v|q|output)|ffn_(down|gate|up))[.]weight$=CUDA_Hybrid""],""env"":{""GGML_CUDA_HYBRID_MODE"":""staging"",""GGML_CUDA_HYBRID_PAGE_BUDGET"":""1982"",""LD_LIBRARY_PATH"":""/dev/shm/intertidal-capacity.mEP47j:/home/wici/llama.cpp/build-cuda/bin:/usr/local/cuda/lib64"",""LLAMA_BENCH_LOGIT_CHECKSUM"":""1""}}","{""buffers"":[{""buffer_bytes"":""16524435968"",""buffer_mib"":""15758.930"",""eligible_pages"":""7470"",""gross_bytes"":""4156555264"",""gross_mib"":""3964.000"",""gross_pages"":""1982"",""layers"":""60"",""local_physical_bytes"":""12369002496"",""local_physical_mib"":""11796.000"",""mode"":""staging"",""net_bytes"":""4009754624"",""net_mib"":""3824.000"",""net_saved_mib"":""3824.000"",""page_bytes"":""2097152"",""page_mib"":""2.000"",""remote_mib"":""3964.000"",""requested_bytes"":""4156555264"",""requested_mib"":""3964.000"",""requested_pages"":""1982"",""selected_tensors"":""410"",""selection"":""global_budget"",""staging_bytes"":""146800640"",""staging_mib"":""140.000""}],""gross_pages"":1982,""gross_remote_bytes"":4156555264,""mode"":""staging"",""net_saved_bytes"":4009754624,""requested_pages"":1982,""selected_layers"":60,""selected_tensors"":410,""staging_bytes"":146800640}",
1,c1722155-4765-4cbc-a133-f4fe014582b1,2026-08-12T08:36:50.578945+00:00,aaa6945a74a4cd667bf2ac3f02564176bf035973b9ba87b98ada8cfdc650bc9e,31,intertidal_dma,coarse,31.0,31738.000,165120,25.0,2065,,ok,0,33.413,2065,2065,4330618880,4130.000,25.000091,150994944,144.000,4179623936,3986.000,24.128417,measured_vmm_layout,,31738.000,410,60,,,4245.329452,67.101179,11.310430,0.003304,0.993682,0.146373,match,"[{""label"":""prompt"",""checksum"":""2417196da4492390"",""nonfinite"":0},{""label"":""prompt"",""checksum"":""0453392d6142afd3"",""nonfinite"":0},{""label"":""prompt"",""checksum"":""8c39d6d410e92623"",""nonfinite"":0},{""label"":""prompt"",""checksum"":""ce38b3f3a7a05142"",""nonfinite"":0},{""label"":""prompt"",""checksum"":""556c3b871bf91e81"",""nonfinite"":0},{""label"":""prompt"",""checksum"":""c930f979f7f0aed4"",""nonfinite"":0},{""label"":""decode"",""checksum"":""0c8e93b3ecced1c6"",""nonfinite"":0},{""label"":""decode"",""checksum"":""319a6a234bb9ed88"",""nonfinite"":0},{""label"":""decode"",""checksum"":""1e95777bddcc71d5"",""nonfinite"":0},{""label"":""decode"",""checksum"":""fc3ff68058ffd54e"",""nonfinite"":0},{""label"":""decode"",""checksum"":""92560214e2ee8afd"",""nonfinite"":0},{""label"":""decode"",""checksum"":""ea317c3ff2b17152"",""nonfinite"":0}]",b5d2ea31b0f709c295ad59dfab37889028c6fe9857ea11908ff3ab4b717c9a5d,0,347,27752.000,27809.000,2926.879,2505.000,2962.000,47.749,59.000,172.009,465.820,88.674,100.000,"{""argv"":[""/home/wici/llama.cpp/build-cuda/bin/llama-bench"",""-m"",""/home/wici/voice-lab/models/gguf/gemma-4-31B-it-Q4_0.gguf"",""-p"",""512"",""-n"",""64"",""-r"",""5"",""-t"",""8"",""-b"",""512"",""-ub"",""512"",""-fa"",""on"",""-ctk"",""f16"",""-ctv"",""f16"",""-mmp"",""1"",""-o"",""csv"",""--ctx-size"",""165120"",""-ot"",""^blk[.][0-9]+[.](attn_(k|v|q|output)|ffn_(down|gate|up))[.]weight$=CUDA_Hybrid""],""env"":{""GGML_CUDA_HYBRID_MODE"":""staging"",""GGML_CUDA_HYBRID_PAGE_BUDGET"":""2065"",""LD_LIBRARY_PATH"":""/dev/shm/intertidal-capacity.mEP47j:/home/wici/llama.cpp/build-cuda/bin:/usr/local/cuda/lib64"",""LLAMA_BENCH_LOGIT_CHECKSUM"":""1""}}","{""buffers"":[{""buffer_bytes"":""16524435968"",""buffer_mib"":""15758.930"",""eligible_pages"":""7470"",""gross_bytes"":""4330618880"",""gross_mib"":""4130.000"",""gross_pages"":""2065"",""layers"":""60"",""local_physical_bytes"":""12194938880"",""local_physical_mib"":""11630.000"",""mode"":""staging"",""net_bytes"":""4179623936"",""net_mib"":""3986.000"",""net_saved_mib"":""3986.000"",""page_bytes"":""2097152"",""page_mib"":""2.000"",""remote_mib"":""4130.000"",""requested_bytes"":""4330618880"",""requested_mib"":""4130.000"",""requested_pages"":""2065"",""selected_tensors"":""410"",""selection"":""global_budget"",""staging_bytes"":""150994944"",""staging_mib"":""144.000""}],""gross_pages"":2065,""gross_remote_bytes"":4330618880,""mode"":""staging"",""net_saved_bytes"":4179623936,""requested_pages"":2065,""selected_layers"":60,""selected_tensors"":410,""staging_bytes"":150994944}",
1,c1722155-4765-4cbc-a133-f4fe014582b1,2026-08-12T08:37:25.272930+00:00,aaa6945a74a4cd667bf2ac3f02564176bf035973b9ba87b98ada8cfdc650bc9e,31,intertidal_dma,coarse,31.0,31738.000,165120,26.0,2148,,ok,0,34.685,2148,2148,4504682496,4296.000,26.004938,159383552,152.000,4345298944,4144.000,25.084837,measured_vmm_layout,,31738.000,410,60,,,4241.144399,60.676917,10.866186,0.003777,0.992702,0.140623,match,"[{""label"":""prompt"",""checksum"":""2417196da4492390"",""nonfinite"":0},{""label"":""prompt"",""checksum"":""0453392d6142afd3"",""nonfinite"":0},{""label"":""prompt"",""checksum"":""8c39d6d410e92623"",""nonfinite"":0},{""label"":""prompt"",""checksum"":""ce38b3f3a7a05142"",""nonfinite"":0},{""label"":""prompt"",""checksum"":""556c3b871bf91e81"",""nonfinite"":0},{""label"":""prompt"",""checksum"":""c930f979f7f0aed4"",""nonfinite"":0},{""label"":""decode"",""checksum"":""0c8e93b3ecced1c6"",""nonfinite"":0},{""label"":""decode"",""checksum"":""319a6a234bb9ed88"",""nonfinite"":0},{""label"":""decode"",""checksum"":""1e95777bddcc71d5"",""nonfinite"":0},{""label"":""decode"",""checksum"":""fc3ff68058ffd54e"",""nonfinite"":0},{""label"":""decode"",""checksum"":""92560214e2ee8afd"",""nonfinite"":0},{""label"":""decode"",""checksum"":""ea317c3ff2b17152"",""nonfinite"":0}]",b5d2ea31b0f709c295ad59dfab37889028c6fe9857ea11908ff3ab4b717c9a5d,0,358,27594.000,27651.000,2912.930,2505.000,2962.000,47.095,59.000,170.723,470.230,92.480,100.000,"{""argv"":[""/home/wici/llama.cpp/build-cuda/bin/llama-bench"",""-m"",""/home/wici/voice-lab/models/gguf/gemma-4-31B-it-Q4_0.gguf"",""-p"",""512"",""-n"",""64"",""-r"",""5"",""-t"",""8"",""-b"",""512"",""-ub"",""512"",""-fa"",""on"",""-ctk"",""f16"",""-ctv"",""f16"",""-mmp"",""1"",""-o"",""csv"",""--ctx-size"",""165120"",""-ot"",""^blk[.][0-9]+[.](attn_(k|v|q|output)|ffn_(down|gate|up))[.]weight$=CUDA_Hybrid""],""env"":{""GGML_CUDA_HYBRID_MODE"":""staging"",""GGML_CUDA_HYBRID_PAGE_BUDGET"":""2148"",""LD_LIBRARY_PATH"":""/dev/shm/intertidal-capacity.mEP47j:/home/wici/llama.cpp/build-cuda/bin:/usr/local/cuda/lib64"",""LLAMA_BENCH_LOGIT_CHECKSUM"":""1""}}","{""buffers"":[{""buffer_bytes"":""16524435968"",""buffer_mib"":""15758.930"",""eligible_pages"":""7470"",""gross_bytes"":""4504682496"",""gross_mib"":""4296.000"",""gross_pages"":""2148"",""layers"":""60"",""local_physical_bytes"":""12020875264"",""local_physical_mib"":""11464.000"",""mode"":""staging"",""net_bytes"":""4345298944"",""net_mib"":""4144.000"",""net_saved_mib"":""4144.000"",""page_bytes"":""2097152"",""page_mib"":""2.000"",""remote_mib"":""4296.000"",""requested_bytes"":""4504682496"",""requested_mib"":""4296.000"",""requested_pages"":""2148"",""selected_tensors"":""410"",""selection"":""global_budget"",""staging_bytes"":""159383552"",""staging_mib"":""152.000""}],""gross_pages"":2148,""gross_remote_bytes"":4504682496,""mode"":""staging"",""net_saved_bytes"":4345298944,""requested_pages"":2148,""selected_layers"":60,""selected_tensors"":410,""staging_bytes"":159383552}",
1,c1722155-4765-4cbc-a133-f4fe014582b1,2026-08-12T08:38:01.323650+00:00,aaa6945a74a4cd667bf2ac3f02564176bf035973b9ba87b98ada8cfdc650bc9e,31,intertidal_dma,coarse,31.0,31738.000,165120,27.0,2230,,ok,0,36.038,2230,2230,4676648960,4460.000,26.997677,163577856,156.000,4513071104,4304.000,26.053364,measured_vmm_layout,,31738.000,410,60,,,4240.058758,69.515850,10.473076,0.003486,0.992448,0.135536,match,"[{""label"":""prompt"",""checksum"":""2417196da4492390"",""nonfinite"":0},{""label"":""prompt"",""checksum"":""0453392d6142afd3"",""nonfinite"":0},{""label"":""prompt"",""checksum"":""8c39d6d410e92623"",""nonfinite"":0},{""label"":""prompt"",""checksum"":""ce38b3f3a7a05142"",""nonfinite"":0},{""label"":""prompt"",""checksum"":""556c3b871bf91e81"",""nonfinite"":0},{""label"":""prompt"",""checksum"":""c930f979f7f0aed4"",""nonfinite"":0},{""label"":""decode"",""checksum"":""0c8e93b3ecced1c6"",""nonfinite"":0},{""label"":""decode"",""checksum"":""319a6a234bb9ed88"",""nonfinite"":0},{""label"":""decode"",""checksum"":""1e95777bddcc71d5"",""nonfinite"":0},{""label"":""decode"",""checksum"":""fc3ff68058ffd54e"",""nonfinite"":0},{""label"":""decode"",""checksum"":""92560214e2ee8afd"",""nonfinite"":0},{""label"":""decode"",""checksum"":""ea317c3ff2b17152"",""nonfinite"":0}]",b5d2ea31b0f709c295ad59dfab37889028c6fe9857ea11908ff3ab4b717c9a5d,0,370,27434.000,27491.000,2936.459,2512.000,2962.000,47.073,58.000,167.995,472.650,90.827,100.000,"{""argv"":[""/home/wici/llama.cpp/build-cuda/bin/llama-bench"",""-m"",""/home/wici/voice-lab/models/gguf/gemma-4-31B-it-Q4_0.gguf"",""-p"",""512"",""-n"",""64"",""-r"",""5"",""-t"",""8"",""-b"",""512"",""-ub"",""512"",""-fa"",""on"",""-ctk"",""f16"",""-ctv"",""f16"",""-mmp"",""1"",""-o"",""csv"",""--ctx-size"",""165120"",""-ot"",""^blk[.][0-9]+[.](attn_(k|v|q|output)|ffn_(down|gate|up))[.]weight$=CUDA_Hybrid""],""env"":{""GGML_CUDA_HYBRID_MODE"":""staging"",""GGML_CUDA_HYBRID_PAGE_BUDGET"":""2230"",""LD_LIBRARY_PATH"":""/dev/shm/intertidal-capacity.mEP47j:/home/wici/llama.cpp/build-cuda/bin:/usr/local/cuda/lib64"",""LLAMA_BENCH_LOGIT_CHECKSUM"":""1""}}","{""buffers"":[{""buffer_bytes"":""16524435968"",""buffer_mib"":""15758.930"",""eligible_pages"":""7470"",""gross_bytes"":""4676648960"",""gross_mib"":""4460.000"",""gross_pages"":""2230"",""layers"":""60"",""local_physical_bytes"":""11848908800"",""local_physical_mib"":""11300.000"",""mode"":""staging"",""net_bytes"":""4513071104"",""net_mib"":""4304.000"",""net_saved_mib"":""4304.000"",""page_bytes"":""2097152"",""page_mib"":""2.000"",""remote_mib"":""4460.000"",""requested_bytes"":""4676648960"",""requested_mib"":""4460.000"",""requested_pages"":""2230"",""selected_tensors"":""410"",""selection"":""global_budget"",""staging_bytes"":""163577856"",""staging_mib"":""156.000""}],""gross_pages"":2230,""gross_remote_bytes"":4676648960,""mode"":""staging"",""net_saved_bytes"":4513071104,""requested_pages"":2230,""selected_layers"":60,""selected_tensors"":410,""staging_bytes"":163577856}",
1,c1722155-4765-4cbc-a133-f4fe014582b1,2026-08-12T08:38:38.716012+00:00,aaa6945a74a4cd667bf2ac3f02564176bf035973b9ba87b98ada8cfdc650bc9e,31,intertidal_dma,coarse,31.0,31738.000,165120,28.0,2313,,ok,0,37.384,2313,2313,4850712576,4626.000,28.002524,171966464,164.000,4678746112,4462.000,27.009784,measured_vmm_layout,,31738.000,410,60,,,4244.055984,63.240743,10.102730,0.007190,0.993384,0.130743,match,"[{""label"":""prompt"",""checksum"":""2417196da4492390"",""nonfinite"":0},{""label"":""prompt"",""checksum"":""0453392d6142afd3"",""nonfinite"":0},{""label"":""prompt"",""checksum"":""8c39d6d410e92623"",""nonfinite"":0},{""label"":""prompt"",""checksum"":""ce38b3f3a7a05142"",""nonfinite"":0},{""label"":""prompt"",""checksum"":""556c3b871bf91e81"",""nonfinite"":0},{""label"":""prompt"",""checksum"":""c930f979f7f0aed4"",""nonfinite"":0},{""label"":""decode"",""checksum"":""0c8e93b3ecced1c6"",""nonfinite"":0},{""label"":""decode"",""checksum"":""319a6a234bb9ed88"",""nonfinite"":0},{""label"":""decode"",""checksum"":""1e95777bddcc71d5"",""nonfinite"":0},{""label"":""decode"",""checksum"":""fc3ff68058ffd54e"",""nonfinite"":0},{""label"":""decode"",""checksum"":""92560214e2ee8afd"",""nonfinite"":0},{""label"":""decode"",""checksum"":""ea317c3ff2b17152"",""nonfinite"":0}]",b5d2ea31b0f709c295ad59dfab37889028c6fe9857ea11908ff3ab4b717c9a5d,0,382,27276.000,27333.000,2931.720,2505.000,2962.000,47.076,59.000,166.306,442.010,91.963,100.000,"{""argv"":[""/home/wici/llama.cpp/build-cuda/bin/llama-bench"",""-m"",""/home/wici/voice-lab/models/gguf/gemma-4-31B-it-Q4_0.gguf"",""-p"",""512"",""-n"",""64"",""-r"",""5"",""-t"",""8"",""-b"",""512"",""-ub"",""512"",""-fa"",""on"",""-ctk"",""f16"",""-ctv"",""f16"",""-mmp"",""1"",""-o"",""csv"",""--ctx-size"",""165120"",""-ot"",""^blk[.][0-9]+[.](attn_(k|v|q|output)|ffn_(down|gate|up))[.]weight$=CUDA_Hybrid""],""env"":{""GGML_CUDA_HYBRID_MODE"":""staging"",""GGML_CUDA_HYBRID_PAGE_BUDGET"":""2313"",""LD_LIBRARY_PATH"":""/dev/shm/intertidal-capacity.mEP47j:/home/wici/llama.cpp/build-cuda/bin:/usr/local/cuda/lib64"",""LLAMA_BENCH_LOGIT_CHECKSUM"":""1""}}","{""buffers"":[{""buffer_bytes"":""16524435968"",""buffer_mib"":""15758.930"",""eligible_pages"":""7470"",""gross_bytes"":""4850712576"",""gross_mib"":""4626.000"",""gross_pages"":""2313"",""layers"":""60"",""local_physical_bytes"":""11674845184"",""local_physical_mib"":""11134.000"",""mode"":""staging"",""net_bytes"":""4678746112"",""net_mib"":""4462.000"",""net_saved_mib"":""4462.000"",""page_bytes"":""2097152"",""page_mib"":""2.000"",""remote_mib"":""4626.000"",""requested_bytes"":""4850712576"",""requested_mib"":""4626.000"",""requested_pages"":""2313"",""selected_tensors"":""410"",""selection"":""global_budget"",""staging_bytes"":""171966464"",""staging_mib"":""164.000""}],""gross_pages"":2313,""gross_remote_bytes"":4850712576,""mode"":""staging"",""net_saved_bytes"":4678746112,""requested_pages"":2313,""selected_layers"":60,""selected_tensors"":410,""staging_bytes"":171966464}",
1,c1722155-4765-4cbc-a133-f4fe014582b1,2026-08-12T08:39:18.611245+00:00,aaa6945a74a4cd667bf2ac3f02564176bf035973b9ba87b98ada8cfdc650bc9e,31,intertidal_dma,coarse,31.0,31738.000,165120,29.0,2395,,ok,0,39.887,2395,2395,5022679040,4790.000,28.995263,176160768,168.000,4846518272,4622.000,27.978310,measured_vmm_layout,,31738.000,410,60,,,4238.108683,57.428576,9.749127,0.005027,0.991992,0.126167,match,"[{""label"":""prompt"",""checksum"":""2417196da4492390"",""nonfinite"":0},{""label"":""prompt"",""checksum"":""0453392d6142afd3"",""nonfinite"":0},{""label"":""prompt"",""checksum"":""8c39d6d410e92623"",""nonfinite"":0},{""label"":""prompt"",""checksum"":""ce38b3f3a7a05142"",""nonfinite"":0},{""label"":""prompt"",""checksum"":""556c3b871bf91e81"",""nonfinite"":0},{""label"":""prompt"",""checksum"":""c930f979f7f0aed4"",""nonfinite"":0},{""label"":""decode"",""checksum"":""0c8e93b3ecced1c6"",""nonfinite"":0},{""label"":""decode"",""checksum"":""319a6a234bb9ed88"",""nonfinite"":0},{""label"":""decode"",""checksum"":""1e95777bddcc71d5"",""nonfinite"":0},{""label"":""decode"",""checksum"":""fc3ff68058ffd54e"",""nonfinite"":0},{""label"":""decode"",""checksum"":""92560214e2ee8afd"",""nonfinite"":0},{""label"":""decode"",""checksum"":""ea317c3ff2b17152"",""nonfinite"":0}]",b5d2ea31b0f709c295ad59dfab37889028c6fe9857ea11908ff3ab4b717c9a5d,0,394,27116.000,27175.000,2913.929,2505.000,2962.000,46.881,58.000,162.411,453.430,87.335,100.000,"{""argv"":[""/home/wici/llama.cpp/build-cuda/bin/llama-bench"",""-m"",""/home/wici/voice-lab/models/gguf/gemma-4-31B-it-Q4_0.gguf"",""-p"",""512"",""-n"",""64"",""-r"",""5"",""-t"",""8"",""-b"",""512"",""-ub"",""512"",""-fa"",""on"",""-ctk"",""f16"",""-ctv"",""f16"",""-mmp"",""1"",""-o"",""csv"",""--ctx-size"",""165120"",""-ot"",""^blk[.][0-9]+[.](attn_(k|v|q|output)|ffn_(down|gate|up))[.]weight$=CUDA_Hybrid""],""env"":{""GGML_CUDA_HYBRID_MODE"":""staging"",""GGML_CUDA_HYBRID_PAGE_BUDGET"":""2395"",""LD_LIBRARY_PATH"":""/dev/shm/intertidal-capacity.mEP47j:/home/wici/llama.cpp/build-cuda/bin:/usr/local/cuda/lib64"",""LLAMA_BENCH_LOGIT_CHECKSUM"":""1""}}","{""buffers"":[{""buffer_bytes"":""16524435968"",""buffer_mib"":""15758.930"",""eligible_pages"":""7470"",""gross_bytes"":""5022679040"",""gross_mib"":""4790.000"",""gross_pages"":""2395"",""layers"":""60"",""local_physical_bytes"":""11502878720"",""local_physical_mib"":""10970.000"",""mode"":""staging"",""net_bytes"":""4846518272"",""net_mib"":""4622.000"",""net_saved_mib"":""4622.000"",""page_bytes"":""2097152"",""page_mib"":""2.000"",""remote_mib"":""4790.000"",""requested_bytes"":""5022679040"",""requested_mib"":""4790.000"",""requested_pages"":""2395"",""selected_tensors"":""410"",""selection"":""global_budget"",""staging_bytes"":""176160768"",""staging_mib"":""168.000""}],""gross_pages"":2395,""gross_remote_bytes"":5022679040,""mode"":""staging"",""net_saved_bytes"":4846518272,""requested_pages"":2395,""selected_layers"":60,""selected_tensors"":410,""staging_bytes"":176160768}",
1,c1722155-4765-4cbc-a133-f4fe014582b1,2026-08-12T08:39:58.756657+00:00,aaa6945a74a4cd667bf2ac3f02564176bf035973b9ba87b98ada8cfdc650bc9e,31,intertidal_dma,coarse,31.0,31738.000,165120,30.0,2478,,ok,0,40.135,2478,2478,5196742656,4956.000,30.000110,180355072,172.000,5016387584,4784.000,28.958944,measured_vmm_layout,,31738.000,410,60,,,4229.379418,74.766187,9.429221,0.003584,0.989949,0.122027,match,"[{""label"":""prompt"",""checksum"":""2417196da4492390"",""nonfinite"":0},{""label"":""prompt"",""checksum"":""0453392d6142afd3"",""nonfinite"":0},{""label"":""prompt"",""checksum"":""8c39d6d410e92623"",""nonfinite"":0},{""label"":""prompt"",""checksum"":""ce38b3f3a7a05142"",""nonfinite"":0},{""label"":""prompt"",""checksum"":""556c3b871bf91e81"",""nonfinite"":0},{""label"":""prompt"",""checksum"":""c930f979f7f0aed4"",""nonfinite"":0},{""label"":""decode"",""checksum"":""0c8e93b3ecced1c6"",""nonfinite"":0},{""label"":""decode"",""checksum"":""319a6a234bb9ed88"",""nonfinite"":0},{""label"":""decode"",""checksum"":""1e95777bddcc71d5"",""nonfinite"":0},{""label"":""decode"",""checksum"":""fc3ff68058ffd54e"",""nonfinite"":0},{""label"":""decode"",""checksum"":""92560214e2ee8afd"",""nonfinite"":0},{""label"":""decode"",""checksum"":""ea317c3ff2b17152"",""nonfinite"":0}]",b5d2ea31b0f709c295ad59dfab37889028c6fe9857ea11908ff3ab4b717c9a5d,0,407,26954.000,27013.000,2909.796,2505.000,2962.000,46.882,59.000,162.897,464.400,90.580,100.000,"{""argv"":[""/home/wici/llama.cpp/build-cuda/bin/llama-bench"",""-m"",""/home/wici/voice-lab/models/gguf/gemma-4-31B-it-Q4_0.gguf"",""-p"",""512"",""-n"",""64"",""-r"",""5"",""-t"",""8"",""-b"",""512"",""-ub"",""512"",""-fa"",""on"",""-ctk"",""f16"",""-ctv"",""f16"",""-mmp"",""1"",""-o"",""csv"",""--ctx-size"",""165120"",""-ot"",""^blk[.][0-9]+[.](attn_(k|v|q|output)|ffn_(down|gate|up))[.]weight$=CUDA_Hybrid""],""env"":{""GGML_CUDA_HYBRID_MODE"":""staging"",""GGML_CUDA_HYBRID_PAGE_BUDGET"":""2478"",""LD_LIBRARY_PATH"":""/dev/shm/intertidal-capacity.mEP47j:/home/wici/llama.cpp/build-cuda/bin:/usr/local/cuda/lib64"",""LLAMA_BENCH_LOGIT_CHECKSUM"":""1""}}","{""buffers"":[{""buffer_bytes"":""16524435968"",""buffer_mib"":""15758.930"",""eligible_pages"":""7470"",""gross_bytes"":""5196742656"",""gross_mib"":""4956.000"",""gross_pages"":""2478"",""layers"":""60"",""local_physical_bytes"":""11328815104"",""local_physical_mib"":""10804.000"",""mode"":""staging"",""net_bytes"":""5016387584"",""net_mib"":""4784.000"",""net_saved_mib"":""4784.000"",""page_bytes"":""2097152"",""page_mib"":""2.000"",""remote_mib"":""4956.000"",""requested_bytes"":""5196742656"",""requested_mib"":""4956.000"",""requested_pages"":""2478"",""selected_tensors"":""410"",""selection"":""global_budget"",""staging_bytes"":""180355072"",""staging_mib"":""172.000""}],""gross_pages"":2478,""gross_remote_bytes"":5196742656,""mode"":""staging"",""net_saved_bytes"":5016387584,""requested_pages"":2478,""selected_layers"":60,""selected_tensors"":410,""staging_bytes"":180355072}",
1,c1722155-4765-4cbc-a133-f4fe014582b1,2026-08-12T08:40:39.639495+00:00,aaa6945a74a4cd667bf2ac3f02564176bf035973b9ba87b98ada8cfdc650bc9e,31,intertidal_dma,coarse,31.0,31738.000,165120,31.0,2561,,ok,0,40.860,2561,2561,5370806272,5122.000,31.004956,188743680,180.000,5182062592,4942.000,29.915363,measured_vmm_layout,,31738.000,410,60,,,4216.155201,82.205900,9.133156,0.003711,0.986853,0.118196,match,"[{""label"":""prompt"",""checksum"":""2417196da4492390"",""nonfinite"":0},{""label"":""prompt"",""checksum"":""0453392d6142afd3"",""nonfinite"":0},{""label"":""prompt"",""checksum"":""8c39d6d410e92623"",""nonfinite"":0},{""label"":""prompt"",""checksum"":""ce38b3f3a7a05142"",""nonfinite"":0},{""label"":""prompt"",""checksum"":""556c3b871bf91e81"",""nonfinite"":0},{""label"":""prompt"",""checksum"":""c930f979f7f0aed4"",""nonfinite"":0},{""label"":""decode"",""checksum"":""0c8e93b3ecced1c6"",""nonfinite"":0},{""label"":""decode"",""checksum"":""319a6a234bb9ed88"",""nonfinite"":0},{""label"":""decode"",""checksum"":""1e95777bddcc71d5"",""nonfinite"":0},{""label"":""decode"",""checksum"":""fc3ff68058ffd54e"",""nonfinite"":0},{""label"":""decode"",""checksum"":""92560214e2ee8afd"",""nonfinite"":0},{""label"":""decode"",""checksum"":""ea317c3ff2b17152"",""nonfinite"":0}]",b5d2ea31b0f709c295ad59dfab37889028c6fe9857ea11908ff3ab4b717c9a5d,0,418,26796.000,26855.000,2921.821,2505.000,2962.000,46.301,59.000,161.485,471.280,89.390,100.000,"{""argv"":[""/home/wici/llama.cpp/build-cuda/bin/llama-bench"",""-m"",""/home/wici/voice-lab/models/gguf/gemma-4-31B-it-Q4_0.gguf"",""-p"",""512"",""-n"",""64"",""-r"",""5"",""-t"",""8"",""-b"",""512"",""-ub"",""512"",""-fa"",""on"",""-ctk"",""f16"",""-ctv"",""f16"",""-mmp"",""1"",""-o"",""csv"",""--ctx-size"",""165120"",""-ot"",""^blk[.][0-9]+[.](attn_(k|v|q|output)|ffn_(down|gate|up))[.]weight$=CUDA_Hybrid""],""env"":{""GGML_CUDA_HYBRID_MODE"":""staging"",""GGML_CUDA_HYBRID_PAGE_BUDGET"":""2561"",""LD_LIBRARY_PATH"":""/dev/shm/intertidal-capacity.mEP47j:/home/wici/llama.cpp/build-cuda/bin:/usr/local/cuda/lib64"",""LLAMA_BENCH_LOGIT_CHECKSUM"":""1""}}","{""buffers"":[{""buffer_bytes"":""16524435968"",""buffer_mib"":""15758.930"",""eligible_pages"":""7470"",""gross_bytes"":""5370806272"",""gross_mib"":""5122.000"",""gross_pages"":""2561"",""layers"":""60"",""local_physical_bytes"":""11154751488"",""local_physical_mib"":""10638.000"",""mode"":""staging"",""net_bytes"":""5182062592"",""net_mib"":""4942.000"",""net_saved_mib"":""4942.000"",""page_bytes"":""2097152"",""page_mib"":""2.000"",""remote_mib"":""5122.000"",""requested_bytes"":""5370806272"",""requested_mib"":""5122.000"",""requested_pages"":""2561"",""selected_tensors"":""410"",""selection"":""global_budget"",""staging_bytes"":""188743680"",""staging_mib"":""180.000""}],""gross_pages"":2561,""gross_remote_bytes"":5370806272,""mode"":""staging"",""net_saved_bytes"":5182062592,""requested_pages"":2561,""selected_layers"":60,""selected_tensors"":410,""staging_bytes"":188743680}",
1,c1722155-4765-4cbc-a133-f4fe014582b1,2026-08-12T08:41:21.714525+00:00,aaa6945a74a4cd667bf2ac3f02564176bf035973b9ba87b98ada8cfdc650bc9e,31,intertidal_dma,coarse,31.0,31738.000,165120,32.0,2643,,ok,0,42.050,2643,2643,5542772736,5286.000,31.997696,192937984,184.000,5349834752,5102.000,30.883890,measured_vmm_layout,,31738.000,410,60,,,4164.214822,107.602477,8.837876,0.002622,0.974696,0.114374,match,"[{""label"":""prompt"",""checksum"":""2417196da4492390"",""nonfinite"":0},{""label"":""prompt"",""checksum"":""0453392d6142afd3"",""nonfinite"":0},{""label"":""prompt"",""checksum"":""8c39d6d410e92623"",""nonfinite"":0},{""label"":""prompt"",""checksum"":""ce38b3f3a7a05142"",""nonfinite"":0},{""label"":""prompt"",""checksum"":""556c3b871bf91e81"",""nonfinite"":0},{""label"":""prompt"",""checksum"":""c930f979f7f0aed4"",""nonfinite"":0},{""label"":""decode"",""checksum"":""0c8e93b3ecced1c6"",""nonfinite"":0},{""label"":""decode"",""checksum"":""319a6a234bb9ed88"",""nonfinite"":0},{""label"":""decode"",""checksum"":""1e95777bddcc71d5"",""nonfinite"":0},{""label"":""decode"",""checksum"":""fc3ff68058ffd54e"",""nonfinite"":0},{""label"":""decode"",""checksum"":""92560214e2ee8afd"",""nonfinite"":0},{""label"":""decode"",""checksum"":""ea317c3ff2b17152"",""nonfinite"":0}]",b5d2ea31b0f709c295ad59dfab37889028c6fe9857ea11908ff3ab4b717c9a5d,0,432,26636.000,26695.000,2931.028,2505.000,2962.000,46.118,58.000,159.614,479.880,90.574,100.000,"{""argv"":[""/home/wici/llama.cpp/build-cuda/bin/llama-bench"",""-m"",""/home/wici/voice-lab/models/gguf/gemma-4-31B-it-Q4_0.gguf"",""-p"",""512"",""-n"",""64"",""-r"",""5"",""-t"",""8"",""-b"",""512"",""-ub"",""512"",""-fa"",""on"",""-ctk"",""f16"",""-ctv"",""f16"",""-mmp"",""1"",""-o"",""csv"",""--ctx-size"",""165120"",""-ot"",""^blk[.][0-9]+[.](attn_(k|v|q|output)|ffn_(down|gate|up))[.]weight$=CUDA_Hybrid""],""env"":{""GGML_CUDA_HYBRID_MODE"":""staging"",""GGML_CUDA_HYBRID_PAGE_BUDGET"":""2643"",""LD_LIBRARY_PATH"":""/dev/shm/intertidal-capacity.mEP47j:/home/wici/llama.cpp/build-cuda/bin:/usr/local/cuda/lib64"",""LLAMA_BENCH_LOGIT_CHECKSUM"":""1""}}","{""buffers"":[{""buffer_bytes"":""16524435968"",""buffer_mib"":""15758.930"",""eligible_pages"":""7470"",""gross_bytes"":""5542772736"",""gross_mib"":""5286.000"",""gross_pages"":""2643"",""layers"":""60"",""local_physical_bytes"":""10982785024"",""local_physical_mib"":""10474.000"",""mode"":""staging"",""net_bytes"":""5349834752"",""net_mib"":""5102.000"",""net_saved_mib"":""5102.000"",""page_bytes"":""2097152"",""page_mib"":""2.000"",""remote_mib"":""5286.000"",""requested_bytes"":""5542772736"",""requested_mib"":""5286.000"",""requested_pages"":""2643"",""selected_tensors"":""410"",""selection"":""global_budget"",""staging_bytes"":""192937984"",""staging_mib"":""184.000""}],""gross_pages"":2643,""gross_remote_bytes"":5542772736,""mode"":""staging"",""net_saved_bytes"":5349834752,""requested_pages"":2643,""selected_layers"":60,""selected_tensors"":410,""staging_bytes"":192937984}",
1,c1722155-4765-4cbc-a133-f4fe014582b1,2026-08-12T08:42:05.438952+00:00,aaa6945a74a4cd667bf2ac3f02564176bf035973b9ba87b98ada8cfdc650bc9e,31,intertidal_dma,coarse,31.0,31738.000,165120,33.0,2726,,ok,0,43.707,2726,2726,5716836352,5452.000,33.002542,197132288,188.000,5519704064,5264.000,31.864523,measured_vmm_layout,,31738.000,410,60,,,4097.822555,113.652223,8.571818,0.004083,0.959156,0.110931,match,"[{""label"":""prompt"",""checksum"":""2417196da4492390"",""nonfinite"":0},{""label"":""prompt"",""checksum"":""0453392d6142afd3"",""nonfinite"":0},{""label"":""prompt"",""checksum"":""8c39d6d410e92623"",""nonfinite"":0},{""label"":""prompt"",""checksum"":""ce38b3f3a7a05142"",""nonfinite"":0},{""label"":""prompt"",""checksum"":""556c3b871bf91e81"",""nonfinite"":0},{""label"":""prompt"",""checksum"":""c930f979f7f0aed4"",""nonfinite"":0},{""label"":""decode"",""checksum"":""0c8e93b3ecced1c6"",""nonfinite"":0},{""label"":""decode"",""checksum"":""319a6a234bb9ed88"",""nonfinite"":0},{""label"":""decode"",""checksum"":""1e95777bddcc71d5"",""nonfinite"":0},{""label"":""decode"",""checksum"":""fc3ff68058ffd54e"",""nonfinite"":0},{""label"":""decode"",""checksum"":""92560214e2ee8afd"",""nonfinite"":0},{""label"":""decode"",""checksum"":""ea317c3ff2b17152"",""nonfinite"":0}]",b5d2ea31b0f709c295ad59dfab37889028c6fe9857ea11908ff3ab4b717c9a5d,0,445,26474.000,26533.000,2922.022,2505.000,2962.000,46.115,59.000,157.622,482.230,91.270,100.000,"{""argv"":[""/home/wici/llama.cpp/build-cuda/bin/llama-bench"",""-m"",""/home/wici/voice-lab/models/gguf/gemma-4-31B-it-Q4_0.gguf"",""-p"",""512"",""-n"",""64"",""-r"",""5"",""-t"",""8"",""-b"",""512"",""-ub"",""512"",""-fa"",""on"",""-ctk"",""f16"",""-ctv"",""f16"",""-mmp"",""1"",""-o"",""csv"",""--ctx-size"",""165120"",""-ot"",""^blk[.][0-9]+[.](attn_(k|v|q|output)|ffn_(down|gate|up))[.]weight$=CUDA_Hybrid""],""env"":{""GGML_CUDA_HYBRID_MODE"":""staging"",""GGML_CUDA_HYBRID_PAGE_BUDGET"":""2726"",""LD_LIBRARY_PATH"":""/dev/shm/intertidal-capacity.mEP47j:/home/wici/llama.cpp/build-cuda/bin:/usr/local/cuda/lib64"",""LLAMA_BENCH_LOGIT_CHECKSUM"":""1""}}","{""buffers"":[{""buffer_bytes"":""16524435968"",""buffer_mib"":""15758.930"",""eligible_pages"":""7470"",""gross_bytes"":""5716836352"",""gross_mib"":""5452.000"",""gross_pages"":""2726"",""layers"":""60"",""local_physical_bytes"":""10808721408"",""local_physical_mib"":""10308.000"",""mode"":""staging"",""net_bytes"":""5519704064"",""net_mib"":""5264.000"",""net_saved_mib"":""5264.000"",""page_bytes"":""2097152"",""page_mib"":""2.000"",""remote_mib"":""5452.000"",""requested_bytes"":""5716836352"",""requested_mib"":""5452.000"",""requested_pages"":""2726"",""selected_tensors"":""410"",""selection"":""global_budget"",""staging_bytes"":""197132288"",""staging_mib"":""188.000""}],""gross_pages"":2726,""gross_remote_bytes"":5716836352,""mode"":""staging"",""net_saved_bytes"":5519704064,""requested_pages"":2726,""selected_layers"":60,""selected_tensors"":410,""staging_bytes"":197132288}",
1,c1722155-4765-4cbc-a133-f4fe014582b1,2026-08-12T08:43:09.809429+00:00,aaa6945a74a4cd667bf2ac3f02564176bf035973b9ba87b98ada8cfdc650bc9e,31,intertidal_dma,coarse,31.0,31738.000,165120,34.0,2808,,ok,0,64.347,2808,2808,5888802816,5616.000,33.995282,205520896,196.000,5683281920,5420.000,32.808836,measured_vmm_layout,,31738.000,410,60,,,3980.410462,129.411996,8.319226,0.002606,0.931674,0.107662,match,"[{""label"":""prompt"",""checksum"":""2417196da4492390"",""nonfinite"":0},{""label"":""prompt"",""checksum"":""0453392d6142afd3"",""nonfinite"":0},{""label"":""prompt"",""checksum"":""8c39d6d410e92623"",""nonfinite"":0},{""label"":""prompt"",""checksum"":""ce38b3f3a7a05142"",""nonfinite"":0},{""label"":""prompt"",""checksum"":""556c3b871bf91e81"",""nonfinite"":0},{""label"":""prompt"",""checksum"":""c930f979f7f0aed4"",""nonfinite"":0},{""label"":""decode"",""checksum"":""0c8e93b3ecced1c6"",""nonfinite"":0},{""label"":""decode"",""checksum"":""319a6a234bb9ed88"",""nonfinite"":0},{""label"":""decode"",""checksum"":""1e95777bddcc71d5"",""nonfinite"":0},{""label"":""decode"",""checksum"":""fc3ff68058ffd54e"",""nonfinite"":0},{""label"":""decode"",""checksum"":""92560214e2ee8afd"",""nonfinite"":0},{""label"":""decode"",""checksum"":""ea317c3ff2b17152"",""nonfinite"":0}]",b5d2ea31b0f709c295ad59dfab37889028c6fe9857ea11908ff3ab4b717c9a5d,0,456,26318.000,26377.000,2935.377,2505.000,2962.000,46.000,57.000,156.050,477.440,90.325,100.000,"{""argv"":[""/home/wici/llama.cpp/build-cuda/bin/llama-bench"",""-m"",""/home/wici/voice-lab/models/gguf/gemma-4-31B-it-Q4_0.gguf"",""-p"",""512"",""-n"",""64"",""-r"",""5"",""-t"",""8"",""-b"",""512"",""-ub"",""512"",""-fa"",""on"",""-ctk"",""f16"",""-ctv"",""f16"",""-mmp"",""1"",""-o"",""csv"",""--ctx-size"",""165120"",""-ot"",""^blk[.][0-9]+[.](attn_(k|v|q|output)|ffn_(down|gate|up))[.]weight$=CUDA_Hybrid""],""env"":{""GGML_CUDA_HYBRID_MODE"":""staging"",""GGML_CUDA_HYBRID_PAGE_BUDGET"":""2808"",""LD_LIBRARY_PATH"":""/dev/shm/intertidal-capacity.mEP47j:/home/wici/llama.cpp/build-cuda/bin:/usr/local/cuda/lib64"",""LLAMA_BENCH_LOGIT_CHECKSUM"":""1""}}","{""buffers"":[{""buffer_bytes"":""16524435968"",""buffer_mib"":""15758.930"",""eligible_pages"":""7470"",""gross_bytes"":""5888802816"",""gross_mib"":""5616.000"",""gross_pages"":""2808"",""layers"":""60"",""local_physical_bytes"":""10636754944"",""local_physical_mib"":""10144.000"",""mode"":""staging"",""net_bytes"":""5683281920"",""net_mib"":""5420.000"",""net_saved_mib"":""5420.000"",""page_bytes"":""2097152"",""page_mib"":""2.000"",""remote_mib"":""5616.000"",""requested_bytes"":""5888802816"",""requested_mib"":""5616.000"",""requested_pages"":""2808"",""selected_tensors"":""410"",""selection"":""global_budget"",""staging_bytes"":""205520896"",""staging_mib"":""196.000""}],""gross_pages"":2808,""gross_remote_bytes"":5888802816,""mode"":""staging"",""net_saved_bytes"":5683281920,""requested_pages"":2808,""selected_layers"":60,""selected_tensors"":410,""staging_bytes"":205520896}",
1,c1722155-4765-4cbc-a133-f4fe014582b1,2026-08-12T08:44:09.502377+00:00,aaa6945a74a4cd667bf2ac3f02564176bf035973b9ba87b98ada8cfdc650bc9e,31,intertidal_dma,coarse,31.0,31738.000,165120,35.0,2891,,ok,0,59.747,2891,2891,6062866432,5782.000,35.000128,209715200,200.000,5853151232,5582.000,33.789470,measured_vmm_layout,,31738.000,410,60,,,3940.975411,94.403844,8.073241,0.003886,0.922443,0.104479,match,"[{""label"":""prompt"",""checksum"":""2417196da4492390"",""nonfinite"":0},{""label"":""prompt"",""checksum"":""0453392d6142afd3"",""nonfinite"":0},{""label"":""prompt"",""checksum"":""8c39d6d410e92623"",""nonfinite"":0},{""label"":""prompt"",""checksum"":""ce38b3f3a7a05142"",""nonfinite"":0},{""label"":""prompt"",""checksum"":""556c3b871bf91e81"",""nonfinite"":0},{""label"":""prompt"",""checksum"":""c930f979f7f0aed4"",""nonfinite"":0},{""label"":""decode"",""checksum"":""0c8e93b3ecced1c6"",""nonfinite"":0},{""label"":""decode"",""checksum"":""319a6a234bb9ed88"",""nonfinite"":0},{""label"":""decode"",""checksum"":""1e95777bddcc71d5"",""nonfinite"":0},{""label"":""decode"",""checksum"":""fc3ff68058ffd54e"",""nonfinite"":0},{""label"":""decode"",""checksum"":""92560214e2ee8afd"",""nonfinite"":0},{""label"":""decode"",""checksum"":""ea317c3ff2b17152"",""nonfinite"":0}]",b5d2ea31b0f709c295ad59dfab37889028c6fe9857ea11908ff3ab4b717c9a5d,0,472,26156.000,26217.000,2853.602,225.000,2962.000,44.754,56.000,152.987,457.830,91.485,100.000,"{""argv"":[""/home/wici/llama.cpp/build-cuda/bin/llama-bench"",""-m"",""/home/wici/voice-lab/models/gguf/gemma-4-31B-it-Q4_0.gguf"",""-p"",""512"",""-n"",""64"",""-r"",""5"",""-t"",""8"",""-b"",""512"",""-ub"",""512"",""-fa"",""on"",""-ctk"",""f16"",""-ctv"",""f16"",""-mmp"",""1"",""-o"",""csv"",""--ctx-size"",""165120"",""-ot"",""^blk[.][0-9]+[.](attn_(k|v|q|output)|ffn_(down|gate|up))[.]weight$=CUDA_Hybrid""],""env"":{""GGML_CUDA_HYBRID_MODE"":""staging"",""GGML_CUDA_HYBRID_PAGE_BUDGET"":""2891"",""LD_LIBRARY_PATH"":""/dev/shm/intertidal-capacity.mEP47j:/home/wici/llama.cpp/build-cuda/bin:/usr/local/cuda/lib64"",""LLAMA_BENCH_LOGIT_CHECKSUM"":""1""}}","{""buffers"":[{""buffer_bytes"":""16524435968"",""buffer_mib"":""15758.930"",""eligible_pages"":""7470"",""gross_bytes"":""6062866432"",""gross_mib"":""5782.000"",""gross_pages"":""2891"",""layers"":""60"",""local_physical_bytes"":""10462691328"",""local_physical_mib"":""9978.000"",""mode"":""staging"",""net_bytes"":""5853151232"",""net_mib"":""5582.000"",""net_saved_mib"":""5582.000"",""page_bytes"":""2097152"",""page_mib"":""2.000"",""remote_mib"":""5782.000"",""requested_bytes"":""6062866432"",""requested_mib"":""5782.000"",""requested_pages"":""2891"",""selected_tensors"":""410"",""selection"":""global_budget"",""staging_bytes"":""209715200"",""staging_mib"":""200.000""}],""gross_pages"":2891,""gross_remote_bytes"":6062866432,""mode"":""staging"",""net_saved_bytes"":5853151232,""requested_pages"":2891,""selected_layers"":60,""selected_tensors"":410,""staging_bytes"":209715200}",
1,c1722155-4765-4cbc-a133-f4fe014582b1,2026-08-12T08:44:58.182365+00:00,aaa6945a74a4cd667bf2ac3f02564176bf035973b9ba87b98ada8cfdc650bc9e,31,intertidal_dma,coarse,31.0,31738.000,165120,36.0,2974,,ok,0,48.664,2974,2974,6236930048,5948.000,36.004974,218103808,208.000,6018826240,5740.000,34.745890,measured_vmm_layout,,31738.000,410,60,,,3864.704282,95.516203,7.852578,0.003328,0.904591,0.101623,match,"[{""label"":""prompt"",""checksum"":""2417196da4492390"",""nonfinite"":0},{""label"":""prompt"",""checksum"":""0453392d6142afd3"",""nonfinite"":0},{""label"":""prompt"",""checksum"":""8c39d6d410e92623"",""nonfinite"":0},{""label"":""prompt"",""checksum"":""ce38b3f3a7a05142"",""nonfinite"":0},{""label"":""prompt"",""checksum"":""556c3b871bf91e81"",""nonfinite"":0},{""label"":""prompt"",""checksum"":""c930f979f7f0aed4"",""nonfinite"":0},{""label"":""decode"",""checksum"":""0c8e93b3ecced1c6"",""nonfinite"":0},{""label"":""decode"",""checksum"":""319a6a234bb9ed88"",""nonfinite"":0},{""label"":""decode"",""checksum"":""1e95777bddcc71d5"",""nonfinite"":0},{""label"":""decode"",""checksum"":""fc3ff68058ffd54e"",""nonfinite"":0},{""label"":""decode"",""checksum"":""92560214e2ee8afd"",""nonfinite"":0},{""label"":""decode"",""checksum"":""ea317c3ff2b17152"",""nonfinite"":0}]",b5d2ea31b0f709c295ad59dfab37889028c6fe9857ea11908ff3ab4b717c9a5d,0,482,25998.000,26059.000,2844.541,217.000,2962.000,44.541,56.000,152.620,488.930,88.444,100.000,"{""argv"":[""/home/wici/llama.cpp/build-cuda/bin/llama-bench"",""-m"",""/home/wici/voice-lab/models/gguf/gemma-4-31B-it-Q4_0.gguf"",""-p"",""512"",""-n"",""64"",""-r"",""5"",""-t"",""8"",""-b"",""512"",""-ub"",""512"",""-fa"",""on"",""-ctk"",""f16"",""-ctv"",""f16"",""-mmp"",""1"",""-o"",""csv"",""--ctx-size"",""165120"",""-ot"",""^blk[.][0-9]+[.](attn_(k|v|q|output)|ffn_(down|gate|up))[.]weight$=CUDA_Hybrid""],""env"":{""GGML_CUDA_HYBRID_MODE"":""staging"",""GGML_CUDA_HYBRID_PAGE_BUDGET"":""2974"",""LD_LIBRARY_PATH"":""/dev/shm/intertidal-capacity.mEP47j:/home/wici/llama.cpp/build-cuda/bin:/usr/local/cuda/lib64"",""LLAMA_BENCH_LOGIT_CHECKSUM"":""1""}}","{""buffers"":[{""buffer_bytes"":""16524435968"",""buffer_mib"":""15758.930"",""eligible_pages"":""7470"",""gross_bytes"":""6236930048"",""gross_mib"":""5948.000"",""gross_pages"":""2974"",""layers"":""60"",""local_physical_bytes"":""10288627712"",""local_physical_mib"":""9812.000"",""mode"":""staging"",""net_bytes"":""6018826240"",""net_mib"":""5740.000"",""net_saved_mib"":""5740.000"",""page_bytes"":""2097152"",""page_mib"":""2.000"",""remote_mib"":""5948.000"",""requested_bytes"":""6236930048"",""requested_mib"":""5948.000"",""requested_pages"":""2974"",""selected_tensors"":""410"",""selection"":""global_budget"",""staging_bytes"":""218103808"",""staging_mib"":""208.000""}],""gross_pages"":2974,""gross_remote_bytes"":6236930048,""mode"":""staging"",""net_saved_bytes"":6018826240,""requested_pages"":2974,""selected_layers"":60,""selected_tensors"":410,""staging_bytes"":218103808}",
1,c1722155-4765-4cbc-a133-f4fe014582b1,2026-08-12T08:46:06.180461+00:00,aaa6945a74a4cd667bf2ac3f02564176bf035973b9ba87b98ada8cfdc650bc9e,31,intertidal_dma,coarse,31.0,31738.000,165120,37.0,3056,,ok,0,67.988,3056,3056,6408896512,6112.000,36.997714,222298112,212.000,6186598400,5900.000,35.714416,measured_vmm_layout,,31738.000,410,60,,,3768.003813,88.674008,7.640563,0.000883,0.881957,0.098879,match,"[{""label"":""prompt"",""checksum"":""2417196da4492390"",""nonfinite"":0},{""label"":""prompt"",""checksum"":""0453392d6142afd3"",""nonfinite"":0},{""label"":""prompt"",""checksum"":""8c39d6d410e92623"",""nonfinite"":0},{""label"":""prompt"",""checksum"":""ce38b3f3a7a05142"",""nonfinite"":0},{""label"":""prompt"",""checksum"":""556c3b871bf91e81"",""nonfinite"":0},{""label"":""prompt"",""checksum"":""c930f979f7f0aed4"",""nonfinite"":0},{""label"":""decode"",""checksum"":""0c8e93b3ecced1c6"",""nonfinite"":0},{""label"":""decode"",""checksum"":""319a6a234bb9ed88"",""nonfinite"":0},{""label"":""decode"",""checksum"":""1e95777bddcc71d5"",""nonfinite"":0},{""label"":""decode"",""checksum"":""fc3ff68058ffd54e"",""nonfinite"":0},{""label"":""decode"",""checksum"":""92560214e2ee8afd"",""nonfinite"":0},{""label"":""decode"",""checksum"":""ea317c3ff2b17152"",""nonfinite"":0}]",b5d2ea31b0f709c295ad59dfab37889028c6fe9857ea11908ff3ab4b717c9a5d,0,494,25838.000,25899.000,2860.937,225.000,2962.000,43.923,56.000,150.723,490.790,91.279,100.000,"{""argv"":[""/home/wici/llama.cpp/build-cuda/bin/llama-bench"",""-m"",""/home/wici/voice-lab/models/gguf/gemma-4-31B-it-Q4_0.gguf"",""-p"",""512"",""-n"",""64"",""-r"",""5"",""-t"",""8"",""-b"",""512"",""-ub"",""512"",""-fa"",""on"",""-ctk"",""f16"",""-ctv"",""f16"",""-mmp"",""1"",""-o"",""csv"",""--ctx-size"",""165120"",""-ot"",""^blk[.][0-9]+[.](attn_(k|v|q|output)|ffn_(down|gate|up))[.]weight$=CUDA_Hybrid""],""env"":{""GGML_CUDA_HYBRID_MODE"":""staging"",""GGML_CUDA_HYBRID_PAGE_BUDGET"":""3056"",""LD_LIBRARY_PATH"":""/dev/shm/intertidal-capacity.mEP47j:/home/wici/llama.cpp/build-cuda/bin:/usr/local/cuda/lib64"",""LLAMA_BENCH_LOGIT_CHECKSUM"":""1""}}","{""buffers"":[{""buffer_bytes"":""16524435968"",""buffer_mib"":""15758.930"",""eligible_pages"":""7470"",""gross_bytes"":""6408896512"",""gross_mib"":""6112.000"",""gross_pages"":""3056"",""layers"":""60"",""local_physical_bytes"":""10116661248"",""local_physical_mib"":""9648.000"",""mode"":""staging"",""net_bytes"":""6186598400"",""net_mib"":""5900.000"",""net_saved_mib"":""5900.000"",""page_bytes"":""2097152"",""page_mib"":""2.000"",""remote_mib"":""6112.000"",""requested_bytes"":""6408896512"",""requested_mib"":""6112.000"",""requested_pages"":""3056"",""selected_tensors"":""410"",""selection"":""global_budget"",""staging_bytes"":""222298112"",""staging_mib"":""212.000""}],""gross_pages"":3056,""gross_remote_bytes"":6408896512,""mode"":""staging"",""net_saved_bytes"":6186598400,""requested_pages"":3056,""selected_layers"":60,""selected_tensors"":410,""staging_bytes"":222298112}",
1,c1722155-4765-4cbc-a133-f4fe014582b1,2026-08-12T08:46:54.972649+00:00,aaa6945a74a4cd667bf2ac3f02564176bf035973b9ba87b98ada8cfdc650bc9e,31,intertidal_dma,coarse,31.0,31738.000,165120,38.0,3139,,ok,0,48.782,3139,3139,6582960128,6278.000,38.002560,226492416,216.000,6356467712,6062.000,36.695049,measured_vmm_layout,,31738.000,410,60,,,3668.417429,94.419592,7.439744,0.004931,0.858647,0.096281,match,"[{""label"":""prompt"",""checksum"":""2417196da4492390"",""nonfinite"":0},{""label"":""prompt"",""checksum"":""0453392d6142afd3"",""nonfinite"":0},{""label"":""prompt"",""checksum"":""8c39d6d410e92623"",""nonfinite"":0},{""label"":""prompt"",""checksum"":""ce38b3f3a7a05142"",""nonfinite"":0},{""label"":""prompt"",""checksum"":""556c3b871bf91e81"",""nonfinite"":0},{""label"":""prompt"",""checksum"":""c930f979f7f0aed4"",""nonfinite"":0},{""label"":""decode"",""checksum"":""0c8e93b3ecced1c6"",""nonfinite"":0},{""label"":""decode"",""checksum"":""319a6a234bb9ed88"",""nonfinite"":0},{""label"":""decode"",""checksum"":""1e95777bddcc71d5"",""nonfinite"":0},{""label"":""decode"",""checksum"":""fc3ff68058ffd54e"",""nonfinite"":0},{""label"":""decode"",""checksum"":""92560214e2ee8afd"",""nonfinite"":0},{""label"":""decode"",""checksum"":""ea317c3ff2b17152"",""nonfinite"":0}]",b5d2ea31b0f709c295ad59dfab37889028c6fe9857ea11908ff3ab4b717c9a5d,0,508,25676.000,25737.000,2928.831,2505.000,2962.000,44.031,56.000,153.550,492.190,91.715,100.000,"{""argv"":[""/home/wici/llama.cpp/build-cuda/bin/llama-bench"",""-m"",""/home/wici/voice-lab/models/gguf/gemma-4-31B-it-Q4_0.gguf"",""-p"",""512"",""-n"",""64"",""-r"",""5"",""-t"",""8"",""-b"",""512"",""-ub"",""512"",""-fa"",""on"",""-ctk"",""f16"",""-ctv"",""f16"",""-mmp"",""1"",""-o"",""csv"",""--ctx-size"",""165120"",""-ot"",""^blk[.][0-9]+[.](attn_(k|v|q|output)|ffn_(down|gate|up))[.]weight$=CUDA_Hybrid""],""env"":{""GGML_CUDA_HYBRID_MODE"":""staging"",""GGML_CUDA_HYBRID_PAGE_BUDGET"":""3139"",""LD_LIBRARY_PATH"":""/dev/shm/intertidal-capacity.mEP47j:/home/wici/llama.cpp/build-cuda/bin:/usr/local/cuda/lib64"",""LLAMA_BENCH_LOGIT_CHECKSUM"":""1""}}","{""buffers"":[{""buffer_bytes"":""16524435968"",""buffer_mib"":""15758.930"",""eligible_pages"":""7470"",""gross_bytes"":""6582960128"",""gross_mib"":""6278.000"",""gross_pages"":""3139"",""layers"":""60"",""local_physical_bytes"":""9942597632"",""local_physical_mib"":""9482.000"",""mode"":""staging"",""net_bytes"":""6356467712"",""net_mib"":""6062.000"",""net_saved_mib"":""6062.000"",""page_bytes"":""2097152"",""page_mib"":""2.000"",""remote_mib"":""6278.000"",""requested_bytes"":""6582960128"",""requested_mib"":""6278.000"",""requested_pages"":""3139"",""selected_tensors"":""410"",""selection"":""global_budget"",""staging_bytes"":""226492416"",""staging_mib"":""216.000""}],""gross_pages"":3139,""gross_remote_bytes"":6582960128,""mode"":""staging"",""net_saved_bytes"":6356467712,""requested_pages"":3139,""selected_layers"":60,""selected_tensors"":410,""staging_bytes"":226492416}",
1,c1722155-4765-4cbc-a133-f4fe014582b1,2026-08-12T08:47:02.599359+00:00,aaa6945a74a4cd667bf2ac3f02564176bf035973b9ba87b98ada8cfdc650bc9e,31,intertidal_dma,dense,31.0,31738.000,165120,0.1,8,,ok,0,7.622,8,8,16777216,16.000,0.096853,4194304,4.000,12582912,12.000,0.072639,measured_vmm_layout,,31738.000,8,8,,,4275.414305,57.888450,77.251587,0.166750,1.000724,0.999742,match,"[{""label"":""prompt"",""checksum"":""2417196da4492390"",""nonfinite"":0},{""label"":""prompt"",""checksum"":""0453392d6142afd3"",""nonfinite"":0},{""label"":""prompt"",""checksum"":""8c39d6d410e92623"",""nonfinite"":0},{""label"":""prompt"",""checksum"":""ce38b3f3a7a05142"",""nonfinite"":0},{""label"":""prompt"",""checksum"":""556c3b871bf91e81"",""nonfinite"":0},{""label"":""prompt"",""checksum"":""c930f979f7f0aed4"",""nonfinite"":0},{""label"":""decode"",""checksum"":""0c8e93b3ecced1c6"",""nonfinite"":0},{""label"":""decode"",""checksum"":""319a6a234bb9ed88"",""nonfinite"":0},{""label"":""decode"",""checksum"":""1e95777bddcc71d5"",""nonfinite"":0},{""label"":""decode"",""checksum"":""fc3ff68058ffd54e"",""nonfinite"":0},{""label"":""decode"",""checksum"":""92560214e2ee8afd"",""nonfinite"":0},{""label"":""decode"",""checksum"":""ea317c3ff2b17152"",""nonfinite"":0}]",b5d2ea31b0f709c295ad59dfab37889028c6fe9857ea11908ff3ab4b717c9a5d,0,78,31726.000,31775.000,2956.641,2947.000,2962.000,49.205,56.000,338.355,511.510,66.628,100.000,"{""argv"":[""/home/wici/llama.cpp/build-cuda/bin/llama-bench"",""-m"",""/home/wici/voice-lab/models/gguf/gemma-4-31B-it-Q4_0.gguf"",""-p"",""512"",""-n"",""64"",""-r"",""5"",""-t"",""8"",""-b"",""512"",""-ub"",""512"",""-fa"",""on"",""-ctk"",""f16"",""-ctv"",""f16"",""-mmp"",""1"",""-o"",""csv"",""--ctx-size"",""165120"",""-ot"",""^blk[.][0-9]+[.](attn_(k|v|q|output)|ffn_(down|gate|up))[.]weight$=CUDA_Hybrid""],""env"":{""GGML_CUDA_HYBRID_MODE"":""staging"",""GGML_CUDA_HYBRID_PAGE_BUDGET"":""8"",""LD_LIBRARY_PATH"":""/dev/shm/intertidal-capacity.mEP47j:/home/wici/llama.cpp/build-cuda/bin:/usr/local/cuda/lib64"",""LLAMA_BENCH_LOGIT_CHECKSUM"":""1""}}","{""buffers"":[{""buffer_bytes"":""16524435968"",""buffer_mib"":""15758.930"",""eligible_pages"":""7470"",""gross_bytes"":""16777216"",""gross_mib"":""16.000"",""gross_pages"":""8"",""layers"":""8"",""local_physical_bytes"":""16508780544"",""local_physical_mib"":""15744.000"",""mode"":""staging"",""net_bytes"":""12582912"",""net_mib"":""12.000"",""net_saved_mib"":""12.000"",""page_bytes"":""2097152"",""page_mib"":""2.000"",""remote_mib"":""16.000"",""requested_bytes"":""16777216"",""requested_mib"":""16.000"",""requested_pages"":""8"",""selected_tensors"":""8"",""selection"":""global_budget"",""staging_bytes"":""4194304"",""staging_mib"":""4.000""}],""gross_pages"":8,""gross_remote_bytes"":16777216,""mode"":""staging"",""net_saved_bytes"":12582912,""requested_pages"":8,""selected_layers"":8,""selected_tensors"":8,""staging_bytes"":4194304}",
1,c1722155-4765-4cbc-a133-f4fe014582b1,2026-08-12T08:47:10.233697+00:00,aaa6945a74a4cd667bf2ac3f02564176bf035973b9ba87b98ada8cfdc650bc9e,31,intertidal_dma,dense,31.0,31738.000,165120,0.2,17,,ok,0,7.631,17,17,35651584,34.000,0.205812,4194304,4.000,31457280,30.000,0.181599,measured_vmm_layout,,31738.000,17,17,,,4272.037728,61.206024,76.793208,0.153250,0.999933,0.993810,match,"[{""label"":""prompt"",""checksum"":""2417196da4492390"",""nonfinite"":0},{""label"":""prompt"",""checksum"":""0453392d6142afd3"",""nonfinite"":0},{""label"":""prompt"",""checksum"":""8c39d6d410e92623"",""nonfinite"":0},{""label"":""prompt"",""checksum"":""ce38b3f3a7a05142"",""nonfinite"":0},{""label"":""prompt"",""checksum"":""556c3b871bf91e81"",""nonfinite"":0},{""label"":""prompt"",""checksum"":""c930f979f7f0aed4"",""nonfinite"":0},{""label"":""decode"",""checksum"":""0c8e93b3ecced1c6"",""nonfinite"":0},{""label"":""decode"",""checksum"":""319a6a234bb9ed88"",""nonfinite"":0},{""label"":""decode"",""checksum"":""1e95777bddcc71d5"",""nonfinite"":0},{""label"":""decode"",""checksum"":""fc3ff68058ffd54e"",""nonfinite"":0},{""label"":""decode"",""checksum"":""92560214e2ee8afd"",""nonfinite"":0},{""label"":""decode"",""checksum"":""ea317c3ff2b17152"",""nonfinite"":0}]",b5d2ea31b0f709c295ad59dfab37889028c6fe9857ea11908ff3ab4b717c9a5d,0,78,31708.000,31757.000,2940.244,2857.000,2962.000,51.141,58.000,358.715,515.300,73.821,100.000,"{""argv"":[""/home/wici/llama.cpp/build-cuda/bin/llama-bench"",""-m"",""/home/wici/voice-lab/models/gguf/gemma-4-31B-it-Q4_0.gguf"",""-p"",""512"",""-n"",""64"",""-r"",""5"",""-t"",""8"",""-b"",""512"",""-ub"",""512"",""-fa"",""on"",""-ctk"",""f16"",""-ctv"",""f16"",""-mmp"",""1"",""-o"",""csv"",""--ctx-size"",""165120"",""-ot"",""^blk[.][0-9]+[.](attn_(k|v|q|output)|ffn_(down|gate|up))[.]weight$=CUDA_Hybrid""],""env"":{""GGML_CUDA_HYBRID_MODE"":""staging"",""GGML_CUDA_HYBRID_PAGE_BUDGET"":""17"",""LD_LIBRARY_PATH"":""/dev/shm/intertidal-capacity.mEP47j:/home/wici/llama.cpp/build-cuda/bin:/usr/local/cuda/lib64"",""LLAMA_BENCH_LOGIT_CHECKSUM"":""1""}}","{""buffers"":[{""buffer_bytes"":""16524435968"",""buffer_mib"":""15758.930"",""eligible_pages"":""7470"",""gross_bytes"":""35651584"",""gross_mib"":""34.000"",""gross_pages"":""17"",""layers"":""17"",""local_physical_bytes"":""16489906176"",""local_physical_mib"":""15726.000"",""mode"":""staging"",""net_bytes"":""31457280"",""net_mib"":""30.000"",""net_saved_mib"":""30.000"",""page_bytes"":""2097152"",""page_mib"":""2.000"",""remote_mib"":""34.000"",""requested_bytes"":""35651584"",""requested_mib"":""34.000"",""requested_pages"":""17"",""selected_tensors"":""17"",""selection"":""global_budget"",""staging_bytes"":""4194304"",""staging_mib"":""4.000""}],""gross_pages"":17,""gross_remote_bytes"":35651584,""mode"":""staging"",""net_saved_bytes"":31457280,""requested_pages"":17,""selected_layers"":17,""selected_tensors"":17,""staging_bytes"":4194304}",
1,c1722155-4765-4cbc-a133-f4fe014582b1,2026-08-12T08:47:18.008540+00:00,aaa6945a74a4cd667bf2ac3f02564176bf035973b9ba87b98ada8cfdc650bc9e,31,intertidal_dma,dense,31.0,31738.000,165120,0.3,25,,ok,0,7.772,25,25,52428800,50.000,0.302665,4194304,4.000,48234496,46.000,0.278451,measured_vmm_layout,,31738.000,25,25,,,4265.451895,63.581690,76.636505,0.154657,0.998392,0.991782,match,"[{""label"":""prompt"",""checksum"":""2417196da4492390"",""nonfinite"":0},{""label"":""prompt"",""checksum"":""0453392d6142afd3"",""nonfinite"":0},{""label"":""prompt"",""checksum"":""8c39d6d410e92623"",""nonfinite"":0},{""label"":""prompt"",""checksum"":""ce38b3f3a7a05142"",""nonfinite"":0},{""label"":""prompt"",""checksum"":""556c3b871bf91e81"",""nonfinite"":0},{""label"":""prompt"",""checksum"":""c930f979f7f0aed4"",""nonfinite"":0},{""label"":""decode"",""checksum"":""0c8e93b3ecced1c6"",""nonfinite"":0},{""label"":""decode"",""checksum"":""319a6a234bb9ed88"",""nonfinite"":0},{""label"":""decode"",""checksum"":""1e95777bddcc71d5"",""nonfinite"":0},{""label"":""decode"",""checksum"":""fc3ff68058ffd54e"",""nonfinite"":0},{""label"":""decode"",""checksum"":""92560214e2ee8afd"",""nonfinite"":0},{""label"":""decode"",""checksum"":""ea317c3ff2b17152"",""nonfinite"":0}]",b5d2ea31b0f709c295ad59dfab37889028c6fe9857ea11908ff3ab4b717c9a5d,0,78,31692.000,31741.000,2952.256,2940.000,2962.000,52.590,59.000,358.583,516.770,64.269,99.000,"{""argv"":[""/home/wici/llama.cpp/build-cuda/bin/llama-bench"",""-m"",""/home/wici/voice-lab/models/gguf/gemma-4-31B-it-Q4_0.gguf"",""-p"",""512"",""-n"",""64"",""-r"",""5"",""-t"",""8"",""-b"",""512"",""-ub"",""512"",""-fa"",""on"",""-ctk"",""f16"",""-ctv"",""f16"",""-mmp"",""1"",""-o"",""csv"",""--ctx-size"",""165120"",""-ot"",""^blk[.][0-9]+[.](attn_(k|v|q|output)|ffn_(down|gate|up))[.]weight$=CUDA_Hybrid""],""env"":{""GGML_CUDA_HYBRID_MODE"":""staging"",""GGML_CUDA_HYBRID_PAGE_BUDGET"":""25"",""LD_LIBRARY_PATH"":""/dev/shm/intertidal-capacity.mEP47j:/home/wici/llama.cpp/build-cuda/bin:/usr/local/cuda/lib64"",""LLAMA_BENCH_LOGIT_CHECKSUM"":""1""}}","{""buffers"":[{""buffer_bytes"":""16524435968"",""buffer_mib"":""15758.930"",""eligible_pages"":""7470"",""gross_bytes"":""52428800"",""gross_mib"":""50.000"",""gross_pages"":""25"",""layers"":""25"",""local_physical_bytes"":""16473128960"",""local_physical_mib"":""15710.000"",""mode"":""staging"",""net_bytes"":""48234496"",""net_mib"":""46.000"",""net_saved_mib"":""46.000"",""page_bytes"":""2097152"",""page_mib"":""2.000"",""remote_mib"":""50.000"",""requested_bytes"":""52428800"",""requested_mib"":""50.000"",""requested_pages"":""25"",""selected_tensors"":""25"",""selection"":""global_budget"",""staging_bytes"":""4194304"",""staging_mib"":""4.000""}],""gross_pages"":25,""gross_remote_bytes"":52428800,""mode"":""staging"",""net_saved_bytes"":48234496,""requested_pages"":25,""selected_layers"":25,""selected_tensors"":25,""staging_bytes"":4194304}",
1,c1722155-4765-4cbc-a133-f4fe014582b1,2026-08-12T08:47:25.771669+00:00,aaa6945a74a4cd667bf2ac3f02564176bf035973b9ba87b98ada8cfdc650bc9e,31,intertidal_dma,dense,31.0,31738.000,165120,0.4,33,,ok,0,7.760,33,33,69206016,66.000,0.399517,4194304,4.000,65011712,62.000,0.375304,measured_vmm_layout,,31738.000,33,33,,,4262.671981,56.238902,76.434339,0.147814,0.997741,0.989165,match,"[{""label"":""prompt"",""checksum"":""2417196da4492390"",""nonfinite"":0},{""label"":""prompt"",""checksum"":""0453392d6142afd3"",""nonfinite"":0},{""label"":""prompt"",""checksum"":""8c39d6d410e92623"",""nonfinite"":0},{""label"":""prompt"",""checksum"":""ce38b3f3a7a05142"",""nonfinite"":0},{""label"":""prompt"",""checksum"":""556c3b871bf91e81"",""nonfinite"":0},{""label"":""prompt"",""checksum"":""c930f979f7f0aed4"",""nonfinite"":0},{""label"":""decode"",""checksum"":""0c8e93b3ecced1c6"",""nonfinite"":0},{""label"":""decode"",""checksum"":""319a6a234bb9ed88"",""nonfinite"":0},{""label"":""decode"",""checksum"":""1e95777bddcc71d5"",""nonfinite"":0},{""label"":""decode"",""checksum"":""fc3ff68058ffd54e"",""nonfinite"":0},{""label"":""decode"",""checksum"":""92560214e2ee8afd"",""nonfinite"":0},{""label"":""decode"",""checksum"":""ea317c3ff2b17152"",""nonfinite"":0}]",b5d2ea31b0f709c295ad59dfab37889028c6fe9857ea11908ff3ab4b717c9a5d,0,78,31676.000,31725.000,2946.103,2940.000,2947.000,52.859,59.000,354.346,518.350,75.282,99.000,"{""argv"":[""/home/wici/llama.cpp/build-cuda/bin/llama-bench"",""-m"",""/home/wici/voice-lab/models/gguf/gemma-4-31B-it-Q4_0.gguf"",""-p"",""512"",""-n"",""64"",""-r"",""5"",""-t"",""8"",""-b"",""512"",""-ub"",""512"",""-fa"",""on"",""-ctk"",""f16"",""-ctv"",""f16"",""-mmp"",""1"",""-o"",""csv"",""--ctx-size"",""165120"",""-ot"",""^blk[.][0-9]+[.](attn_(k|v|q|output)|ffn_(down|gate|up))[.]weight$=CUDA_Hybrid""],""env"":{""GGML_CUDA_HYBRID_MODE"":""staging"",""GGML_CUDA_HYBRID_PAGE_BUDGET"":""33"",""LD_LIBRARY_PATH"":""/dev/shm/intertidal-capacity.mEP47j:/home/wici/llama.cpp/build-cuda/bin:/usr/local/cuda/lib64"",""LLAMA_BENCH_LOGIT_CHECKSUM"":""1""}}","{""buffers"":[{""buffer_bytes"":""16524435968"",""buffer_mib"":""15758.930"",""eligible_pages"":""7470"",""gross_bytes"":""69206016"",""gross_mib"":""66.000"",""gross_pages"":""33"",""layers"":""33"",""local_physical_bytes"":""16456351744"",""local_physical_mib"":""15694.000"",""mode"":""staging"",""net_bytes"":""65011712"",""net_mib"":""62.000"",""net_saved_mib"":""62.000"",""page_bytes"":""2097152"",""page_mib"":""2.000"",""remote_mib"":""66.000"",""requested_bytes"":""69206016"",""requested_mib"":""66.000"",""requested_pages"":""33"",""selected_tensors"":""33"",""selection"":""global_budget"",""staging_bytes"":""4194304"",""staging_mib"":""4.000""}],""gross_pages"":33,""gross_remote_bytes"":69206016,""mode"":""staging"",""net_saved_bytes"":65011712,""requested_pages"":33,""selected_layers"":33,""selected_tensors"":33,""staging_bytes"":4194304}",
1,c1722155-4765-4cbc-a133-f4fe014582b1,2026-08-12T08:47:33.775920+00:00,aaa6945a74a4cd667bf2ac3f02564176bf035973b9ba87b98ada8cfdc650bc9e,31,intertidal_dma,dense,31.0,31738.000,165120,0.5,41,,ok,0,8.001,41,41,85983232,82.000,0.496370,4194304,4.000,81788928,78.000,0.472157,measured_vmm_layout,,31738.000,41,41,,,4262.485628,58.524742,76.296609,0.180407,0.997698,0.987383,match,"[{""label"":""prompt"",""checksum"":""2417196da4492390"",""nonfinite"":0},{""label"":""prompt"",""checksum"":""0453392d6142afd3"",""nonfinite"":0},{""label"":""prompt"",""checksum"":""8c39d6d410e92623"",""nonfinite"":0},{""label"":""prompt"",""checksum"":""ce38b3f3a7a05142"",""nonfinite"":0},{""label"":""prompt"",""checksum"":""556c3b871bf91e81"",""nonfinite"":0},{""label"":""prompt"",""checksum"":""c930f979f7f0aed4"",""nonfinite"":0},{""label"":""decode"",""checksum"":""0c8e93b3ecced1c6"",""nonfinite"":0},{""label"":""decode"",""checksum"":""319a6a234bb9ed88"",""nonfinite"":0},{""label"":""decode"",""checksum"":""1e95777bddcc71d5"",""nonfinite"":0},{""label"":""decode"",""checksum"":""fc3ff68058ffd54e"",""nonfinite"":0},{""label"":""decode"",""checksum"":""92560214e2ee8afd"",""nonfinite"":0},{""label"":""decode"",""checksum"":""ea317c3ff2b17152"",""nonfinite"":0}]",b5d2ea31b0f709c295ad59dfab37889028c6fe9857ea11908ff3ab4b717c9a5d,0,78,31660.000,31709.000,2925.462,2625.000,2962.000,53.885,61.000,352.132,509.950,52.333,99.000,"{""argv"":[""/home/wici/llama.cpp/build-cuda/bin/llama-bench"",""-m"",""/home/wici/voice-lab/models/gguf/gemma-4-31B-it-Q4_0.gguf"",""-p"",""512"",""-n"",""64"",""-r"",""5"",""-t"",""8"",""-b"",""512"",""-ub"",""512"",""-fa"",""on"",""-ctk"",""f16"",""-ctv"",""f16"",""-mmp"",""1"",""-o"",""csv"",""--ctx-size"",""165120"",""-ot"",""^blk[.][0-9]+[.](attn_(k|v|q|output)|ffn_(down|gate|up))[.]weight$=CUDA_Hybrid""],""env"":{""GGML_CUDA_HYBRID_MODE"":""staging"",""GGML_CUDA_HYBRID_PAGE_BUDGET"":""41"",""LD_LIBRARY_PATH"":""/dev/shm/intertidal-capacity.mEP47j:/home/wici/llama.cpp/build-cuda/bin:/usr/local/cuda/lib64"",""LLAMA_BENCH_LOGIT_CHECKSUM"":""1""}}","{""buffers"":[{""buffer_bytes"":""16524435968"",""buffer_mib"":""15758.930"",""eligible_pages"":""7470"",""gross_bytes"":""85983232"",""gross_mib"":""82.000"",""gross_pages"":""41"",""layers"":""41"",""local_physical_bytes"":""16439574528"",""local_physical_mib"":""15678.000"",""mode"":""staging"",""net_bytes"":""81788928"",""net_mib"":""78.000"",""net_saved_mib"":""78.000"",""page_bytes"":""2097152"",""page_mib"":""2.000"",""remote_mib"":""82.000"",""requested_bytes"":""85983232"",""requested_mib"":""82.000"",""requested_pages"":""41"",""selected_tensors"":""41"",""selection"":""global_budget"",""staging_bytes"":""4194304"",""staging_mib"":""4.000""}],""gross_pages"":41,""gross_remote_bytes"":85983232,""mode"":""staging"",""net_saved_bytes"":81788928,""requested_pages"":41,""selected_layers"":41,""selected_tensors"":41,""staging_bytes"":4194304}",
1,c1722155-4765-4cbc-a133-f4fe014582b1,2026-08-12T08:47:41.632012+00:00,aaa6945a74a4cd667bf2ac3f02564176bf035973b9ba87b98ada8cfdc650bc9e,31,intertidal_dma,dense,31.0,31738.000,165120,0.6,50,,ok,0,7.835,50,50,104857600,100.000,0.605329,4194304,4.000,100663296,96.000,0.581116,measured_vmm_layout,,31738.000,50,50,,,4257.904372,50.893655,76.409543,0.169120,0.996625,0.988844,match,"[{""label"":""prompt"",""checksum"":""2417196da4492390"",""nonfinite"":0},{""label"":""prompt"",""checksum"":""0453392d6142afd3"",""nonfinite"":0},{""label"":""prompt"",""checksum"":""8c39d6d410e92623"",""nonfinite"":0},{""label"":""prompt"",""checksum"":""ce38b3f3a7a05142"",""nonfinite"":0},{""label"":""prompt"",""checksum"":""556c3b871bf91e81"",""nonfinite"":0},{""label"":""prompt"",""checksum"":""c930f979f7f0aed4"",""nonfinite"":0},{""label"":""decode"",""checksum"":""0c8e93b3ecced1c6"",""nonfinite"":0},{""label"":""decode"",""checksum"":""319a6a234bb9ed88"",""nonfinite"":0},{""label"":""decode"",""checksum"":""1e95777bddcc71d5"",""nonfinite"":0},{""label"":""decode"",""checksum"":""fc3ff68058ffd54e"",""nonfinite"":0},{""label"":""decode"",""checksum"":""92560214e2ee8afd"",""nonfinite"":0},{""label"":""decode"",""checksum"":""ea317c3ff2b17152"",""nonfinite"":0}]",b5d2ea31b0f709c295ad59dfab37889028c6fe9857ea11908ff3ab4b717c9a5d,0,78,31642.000,31691.000,2949.885,2947.000,2962.000,54.487,60.000,352.615,508.170,77.462,99.000,"{""argv"":[""/home/wici/llama.cpp/build-cuda/bin/llama-bench"",""-m"",""/home/wici/voice-lab/models/gguf/gemma-4-31B-it-Q4_0.gguf"",""-p"",""512"",""-n"",""64"",""-r"",""5"",""-t"",""8"",""-b"",""512"",""-ub"",""512"",""-fa"",""on"",""-ctk"",""f16"",""-ctv"",""f16"",""-mmp"",""1"",""-o"",""csv"",""--ctx-size"",""165120"",""-ot"",""^blk[.][0-9]+[.](attn_(k|v|q|output)|ffn_(down|gate|up))[.]weight$=CUDA_Hybrid""],""env"":{""GGML_CUDA_HYBRID_MODE"":""staging"",""GGML_CUDA_HYBRID_PAGE_BUDGET"":""50"",""LD_LIBRARY_PATH"":""/dev/shm/intertidal-capacity.mEP47j:/home/wici/llama.cpp/build-cuda/bin:/usr/local/cuda/lib64"",""LLAMA_BENCH_LOGIT_CHECKSUM"":""1""}}","{""buffers"":[{""buffer_bytes"":""16524435968"",""buffer_mib"":""15758.930"",""eligible_pages"":""7470"",""gross_bytes"":""104857600"",""gross_mib"":""100.000"",""gross_pages"":""50"",""layers"":""50"",""local_physical_bytes"":""16420700160"",""local_physical_mib"":""15660.000"",""mode"":""staging"",""net_bytes"":""100663296"",""net_mib"":""96.000"",""net_saved_mib"":""96.000"",""page_bytes"":""2097152"",""page_mib"":""2.000"",""remote_mib"":""100.000"",""requested_bytes"":""104857600"",""requested_mib"":""100.000"",""requested_pages"":""50"",""selected_tensors"":""50"",""selection"":""global_budget"",""staging_bytes"":""4194304"",""staging_mib"":""4.000""}],""gross_pages"":50,""gross_remote_bytes"":104857600,""mode"":""staging"",""net_saved_bytes"":100663296,""requested_pages"":50,""selected_layers"":50,""selected_tensors"":50,""staging_bytes"":4194304}",
1,c1722155-4765-4cbc-a133-f4fe014582b1,2026-08-12T08:47:49.495800+00:00,aaa6945a74a4cd667bf2ac3f02564176bf035973b9ba87b98ada8cfdc650bc9e,31,intertidal_dma,dense,31.0,31738.000,165120,0.7,58,,ok,0,7.858,58,58,121634816,116.000,0.702182,4194304,4.000,117440512,112.000,0.677969,measured_vmm_layout,,31738.000,58,58,,,4253.649071,50.631420,76.241302,0.173634,0.995629,0.986667,match,"[{""label"":""prompt"",""checksum"":""2417196da4492390"",""nonfinite"":0},{""label"":""prompt"",""checksum"":""0453392d6142afd3"",""nonfinite"":0},{""label"":""prompt"",""checksum"":""8c39d6d410e92623"",""nonfinite"":0},{""label"":""prompt"",""checksum"":""ce38b3f3a7a05142"",""nonfinite"":0},{""label"":""prompt"",""checksum"":""556c3b871bf91e81"",""nonfinite"":0},{""label"":""prompt"",""checksum"":""c930f979f7f0aed4"",""nonfinite"":0},{""label"":""decode"",""checksum"":""0c8e93b3ecced1c6"",""nonfinite"":0},{""label"":""decode"",""checksum"":""319a6a234bb9ed88"",""nonfinite"":0},{""label"":""decode"",""checksum"":""1e95777bddcc71d5"",""nonfinite"":0},{""label"":""decode"",""checksum"":""fc3ff68058ffd54e"",""nonfinite"":0},{""label"":""decode"",""checksum"":""92560214e2ee8afd"",""nonfinite"":0},{""label"":""decode"",""checksum"":""ea317c3ff2b17152"",""nonfinite"":0}]",b5d2ea31b0f709c295ad59dfab37889028c6fe9857ea11908ff3ab4b717c9a5d,0,78,31626.000,31675.000,2946.103,2940.000,2947.000,56.385,63.000,349.871,524.260,66.090,99.000,"{""argv"":[""/home/wici/llama.cpp/build-cuda/bin/llama-bench"",""-m"",""/home/wici/voice-lab/models/gguf/gemma-4-31B-it-Q4_0.gguf"",""-p"",""512"",""-n"",""64"",""-r"",""5"",""-t"",""8"",""-b"",""512"",""-ub"",""512"",""-fa"",""on"",""-ctk"",""f16"",""-ctv"",""f16"",""-mmp"",""1"",""-o"",""csv"",""--ctx-size"",""165120"",""-ot"",""^blk[.][0-9]+[.](attn_(k|v|q|output)|ffn_(down|gate|up))[.]weight$=CUDA_Hybrid""],""env"":{""GGML_CUDA_HYBRID_MODE"":""staging"",""GGML_CUDA_HYBRID_PAGE_BUDGET"":""58"",""LD_LIBRARY_PATH"":""/dev/shm/intertidal-capacity.mEP47j:/home/wici/llama.cpp/build-cuda/bin:/usr/local/cuda/lib64"",""LLAMA_BENCH_LOGIT_CHECKSUM"":""1""}}","{""buffers"":[{""buffer_bytes"":""16524435968"",""buffer_mib"":""15758.930"",""eligible_pages"":""7470"",""gross_bytes"":""121634816"",""gross_mib"":""116.000"",""gross_pages"":""58"",""layers"":""58"",""local_physical_bytes"":""16403922944"",""local_physical_mib"":""15644.000"",""mode"":""staging"",""net_bytes"":""117440512"",""net_mib"":""112.000"",""net_saved_mib"":""112.000"",""page_bytes"":""2097152"",""page_mib"":""2.000"",""remote_mib"":""116.000"",""requested_bytes"":""121634816"",""requested_mib"":""116.000"",""requested_pages"":""58"",""selected_tensors"":""58"",""selection"":""global_budget"",""staging_bytes"":""4194304"",""staging_mib"":""4.000""}],""gross_pages"":58,""gross_remote_bytes"":121634816,""mode"":""staging"",""net_saved_bytes"":117440512,""requested_pages"":58,""selected_layers"":58,""selected_tensors"":58,""staging_bytes"":4194304}",
1,c1722155-4765-4cbc-a133-f4fe014582b1,2026-08-12T08:47:57.413621+00:00,aaa6945a74a4cd667bf2ac3f02564176bf035973b9ba87b98ada8cfdc650bc9e,31,intertidal_dma,dense,31.0,31738.000,165120,0.8,66,,ok,0,7.906,66,66,138412032,132.000,0.799034,8388608,8.000,130023424,124.000,0.750608,measured_vmm_layout,,31738.000,66,60,,,4252.495622,49.423481,76.135228,0.166777,0.995359,0.985294,match,"[{""label"":""prompt"",""checksum"":""2417196da4492390"",""nonfinite"":0},{""label"":""prompt"",""checksum"":""0453392d6142afd3"",""nonfinite"":0},{""label"":""prompt"",""checksum"":""8c39d6d410e92623"",""nonfinite"":0},{""label"":""prompt"",""checksum"":""ce38b3f3a7a05142"",""nonfinite"":0},{""label"":""prompt"",""checksum"":""556c3b871bf91e81"",""nonfinite"":0},{""label"":""prompt"",""checksum"":""c930f979f7f0aed4"",""nonfinite"":0},{""label"":""decode"",""checksum"":""0c8e93b3ecced1c6"",""nonfinite"":0},{""label"":""decode"",""checksum"":""319a6a234bb9ed88"",""nonfinite"":0},{""label"":""decode"",""checksum"":""1e95777bddcc71d5"",""nonfinite"":0},{""label"":""decode"",""checksum"":""fc3ff68058ffd54e"",""nonfinite"":0},{""label"":""decode"",""checksum"":""92560214e2ee8afd"",""nonfinite"":0},{""label"":""decode"",""checksum"":""ea317c3ff2b17152"",""nonfinite"":0}]",b5d2ea31b0f709c295ad59dfab37889028c6fe9857ea11908ff3ab4b717c9a5d,0,79,31614.000,31663.000,2919.911,2685.000,2962.000,56.380,62.000,358.134,518.210,74.835,99.000,"{""argv"":[""/home/wici/llama.cpp/build-cuda/bin/llama-bench"",""-m"",""/home/wici/voice-lab/models/gguf/gemma-4-31B-it-Q4_0.gguf"",""-p"",""512"",""-n"",""64"",""-r"",""5"",""-t"",""8"",""-b"",""512"",""-ub"",""512"",""-fa"",""on"",""-ctk"",""f16"",""-ctv"",""f16"",""-mmp"",""1"",""-o"",""csv"",""--ctx-size"",""165120"",""-ot"",""^blk[.][0-9]+[.](attn_(k|v|q|output)|ffn_(down|gate|up))[.]weight$=CUDA_Hybrid""],""env"":{""GGML_CUDA_HYBRID_MODE"":""staging"",""GGML_CUDA_HYBRID_PAGE_BUDGET"":""66"",""LD_LIBRARY_PATH"":""/dev/shm/intertidal-capacity.mEP47j:/home/wici/llama.cpp/build-cuda/bin:/usr/local/cuda/lib64"",""LLAMA_BENCH_LOGIT_CHECKSUM"":""1""}}","{""buffers"":[{""buffer_bytes"":""16524435968"",""buffer_mib"":""15758.930"",""eligible_pages"":""7470"",""gross_bytes"":""138412032"",""gross_mib"":""132.000"",""gross_pages"":""66"",""layers"":""60"",""local_physical_bytes"":""16387145728"",""local_physical_mib"":""15628.000"",""mode"":""staging"",""net_bytes"":""130023424"",""net_mib"":""124.000"",""net_saved_mib"":""124.000"",""page_bytes"":""2097152"",""page_mib"":""2.000"",""remote_mib"":""132.000"",""requested_bytes"":""138412032"",""requested_mib"":""132.000"",""requested_pages"":""66"",""selected_tensors"":""66"",""selection"":""global_budget"",""staging_bytes"":""8388608"",""staging_mib"":""8.000""}],""gross_pages"":66,""gross_remote_bytes"":138412032,""mode"":""staging"",""net_saved_bytes"":130023424,""requested_pages"":66,""selected_layers"":60,""selected_tensors"":66,""staging_bytes"":8388608}",
1,c1722155-4765-4cbc-a133-f4fe014582b1,2026-08-12T08:48:05.301832+00:00,aaa6945a74a4cd667bf2ac3f02564176bf035973b9ba87b98ada8cfdc650bc9e,31,intertidal_dma,dense,31.0,31738.000,165120,0.9,74,,ok,0,7.876,74,74,155189248,148.000,0.895887,8388608,8.000,146800640,140.000,0.847461,measured_vmm_layout,,31738.000,74,60,,,4246.334135,57.125157,76.122054,0.172916,0.993917,0.985124,match,"[{""label"":""prompt"",""checksum"":""2417196da4492390"",""nonfinite"":0},{""label"":""prompt"",""checksum"":""0453392d6142afd3"",""nonfinite"":0},{""label"":""prompt"",""checksum"":""8c39d6d410e92623"",""nonfinite"":0},{""label"":""prompt"",""checksum"":""ce38b3f3a7a05142"",""nonfinite"":0},{""label"":""prompt"",""checksum"":""556c3b871bf91e81"",""nonfinite"":0},{""label"":""prompt"",""checksum"":""c930f979f7f0aed4"",""nonfinite"":0},{""label"":""decode"",""checksum"":""0c8e93b3ecced1c6"",""nonfinite"":0},{""label"":""decode"",""checksum"":""319a6a234bb9ed88"",""nonfinite"":0},{""label"":""decode"",""checksum"":""1e95777bddcc71d5"",""nonfinite"":0},{""label"":""decode"",""checksum"":""fc3ff68058ffd54e"",""nonfinite"":0},{""label"":""decode"",""checksum"":""92560214e2ee8afd"",""nonfinite"":0},{""label"":""decode"",""checksum"":""ea317c3ff2b17152"",""nonfinite"":0}]",b5d2ea31b0f709c295ad59dfab37889028c6fe9857ea11908ff3ab4b717c9a5d,0,79,31598.000,31647.000,2920.418,2790.000,2962.000,56.532,64.000,354.873,505.860,65.342,99.000,"{""argv"":[""/home/wici/llama.cpp/build-cuda/bin/llama-bench"",""-m"",""/home/wici/voice-lab/models/gguf/gemma-4-31B-it-Q4_0.gguf"",""-p"",""512"",""-n"",""64"",""-r"",""5"",""-t"",""8"",""-b"",""512"",""-ub"",""512"",""-fa"",""on"",""-ctk"",""f16"",""-ctv"",""f16"",""-mmp"",""1"",""-o"",""csv"",""--ctx-size"",""165120"",""-ot"",""^blk[.][0-9]+[.](attn_(k|v|q|output)|ffn_(down|gate|up))[.]weight$=CUDA_Hybrid""],""env"":{""GGML_CUDA_HYBRID_MODE"":""staging"",""GGML_CUDA_HYBRID_PAGE_BUDGET"":""74"",""LD_LIBRARY_PATH"":""/dev/shm/intertidal-capacity.mEP47j:/home/wici/llama.cpp/build-cuda/bin:/usr/local/cuda/lib64"",""LLAMA_BENCH_LOGIT_CHECKSUM"":""1""}}","{""buffers"":[{""buffer_bytes"":""16524435968"",""buffer_mib"":""15758.930"",""eligible_pages"":""7470"",""gross_bytes"":""155189248"",""gross_mib"":""148.000"",""gross_pages"":""74"",""layers"":""60"",""local_physical_bytes"":""16370368512"",""local_physical_mib"":""15612.000"",""mode"":""staging"",""net_bytes"":""146800640"",""net_mib"":""140.000"",""net_saved_mib"":""140.000"",""page_bytes"":""2097152"",""page_mib"":""2.000"",""remote_mib"":""148.000"",""requested_bytes"":""155189248"",""requested_mib"":""148.000"",""requested_pages"":""74"",""selected_tensors"":""74"",""selection"":""global_budget"",""staging_bytes"":""8388608"",""staging_mib"":""8.000""}],""gross_pages"":74,""gross_remote_bytes"":155189248,""mode"":""staging"",""net_saved_bytes"":146800640,""requested_pages"":74,""selected_layers"":60,""selected_tensors"":74,""staging_bytes"":8388608}",
1,c1722155-4765-4cbc-a133-f4fe014582b1,2026-08-12T08:48:13.240155+00:00,aaa6945a74a4cd667bf2ac3f02564176bf035973b9ba87b98ada8cfdc650bc9e,31,intertidal_dma,dense,31.0,31738.000,165120,1.1,91,,ok,0,7.922,91,91,190840832,182.000,1.101699,8388608,8.000,182452224,174.000,1.053273,measured_vmm_layout,,31738.000,91,60,,,4238.794591,64.300582,75.971062,0.164702,0.992152,0.983170,match,"[{""label"":""prompt"",""checksum"":""2417196da4492390"",""nonfinite"":0},{""label"":""prompt"",""checksum"":""0453392d6142afd3"",""nonfinite"":0},{""label"":""prompt"",""checksum"":""8c39d6d410e92623"",""nonfinite"":0},{""label"":""prompt"",""checksum"":""ce38b3f3a7a05142"",""nonfinite"":0},{""label"":""prompt"",""checksum"":""556c3b871bf91e81"",""nonfinite"":0},{""label"":""prompt"",""checksum"":""c930f979f7f0aed4"",""nonfinite"":0},{""label"":""decode"",""checksum"":""0c8e93b3ecced1c6"",""nonfinite"":0},{""label"":""decode"",""checksum"":""319a6a234bb9ed88"",""nonfinite"":0},{""label"":""decode"",""checksum"":""1e95777bddcc71d5"",""nonfinite"":0},{""label"":""decode"",""checksum"":""fc3ff68058ffd54e"",""nonfinite"":0},{""label"":""decode"",""checksum"":""92560214e2ee8afd"",""nonfinite"":0},{""label"":""decode"",""checksum"":""ea317c3ff2b17152"",""nonfinite"":0}]",b5d2ea31b0f709c295ad59dfab37889028c6fe9857ea11908ff3ab4b717c9a5d,0,79,31564.000,31613.000,2889.949,2587.000,2955.000,57.392,64.000,355.567,505.950,56.342,99.000,"{""argv"":[""/home/wici/llama.cpp/build-cuda/bin/llama-bench"",""-m"",""/home/wici/voice-lab/models/gguf/gemma-4-31B-it-Q4_0.gguf"",""-p"",""512"",""-n"",""64"",""-r"",""5"",""-t"",""8"",""-b"",""512"",""-ub"",""512"",""-fa"",""on"",""-ctk"",""f16"",""-ctv"",""f16"",""-mmp"",""1"",""-o"",""csv"",""--ctx-size"",""165120"",""-ot"",""^blk[.][0-9]+[.](attn_(k|v|q|output)|ffn_(down|gate|up))[.]weight$=CUDA_Hybrid""],""env"":{""GGML_CUDA_HYBRID_MODE"":""staging"",""GGML_CUDA_HYBRID_PAGE_BUDGET"":""91"",""LD_LIBRARY_PATH"":""/dev/shm/intertidal-capacity.mEP47j:/home/wici/llama.cpp/build-cuda/bin:/usr/local/cuda/lib64"",""LLAMA_BENCH_LOGIT_CHECKSUM"":""1""}}","{""buffers"":[{""buffer_bytes"":""16524435968"",""buffer_mib"":""15758.930"",""eligible_pages"":""7470"",""gross_bytes"":""190840832"",""gross_mib"":""182.000"",""gross_pages"":""91"",""layers"":""60"",""local_physical_bytes"":""16334716928"",""local_physical_mib"":""15578.000"",""mode"":""staging"",""net_bytes"":""182452224"",""net_mib"":""174.000"",""net_saved_mib"":""174.000"",""page_bytes"":""2097152"",""page_mib"":""2.000"",""remote_mib"":""182.000"",""requested_bytes"":""190840832"",""requested_mib"":""182.000"",""requested_pages"":""91"",""selected_tensors"":""91"",""selection"":""global_budget"",""staging_bytes"":""8388608"",""staging_mib"":""8.000""}],""gross_pages"":91,""gross_remote_bytes"":190840832,""mode"":""staging"",""net_saved_bytes"":182452224,""requested_pages"":91,""selected_layers"":60,""selected_tensors"":91,""staging_bytes"":8388608}",
1,c1722155-4765-4cbc-a133-f4fe014582b1,2026-08-12T08:48:21.159803+00:00,aaa6945a74a4cd667bf2ac3f02564176bf035973b9ba87b98ada8cfdc650bc9e,31,intertidal_dma,dense,31.0,31738.000,165120,1.2,99,,ok,0,7.898,99,99,207618048,198.000,1.198552,8388608,8.000,199229440,190.000,1.150125,measured_vmm_layout,,31738.000,99,60,,,4238.619332,56.433267,75.879148,0.156382,0.992111,0.981980,match,"[{""label"":""prompt"",""checksum"":""2417196da4492390"",""nonfinite"":0},{""label"":""prompt"",""checksum"":""0453392d6142afd3"",""nonfinite"":0},{""label"":""prompt"",""checksum"":""8c39d6d410e92623"",""nonfinite"":0},{""label"":""prompt"",""checksum"":""ce38b3f3a7a05142"",""nonfinite"":0},{""label"":""prompt"",""checksum"":""556c3b871bf91e81"",""nonfinite"":0},{""label"":""prompt"",""checksum"":""c930f979f7f0aed4"",""nonfinite"":0},{""label"":""decode"",""checksum"":""0c8e93b3ecced1c6"",""nonfinite"":0},{""label"":""decode"",""checksum"":""319a6a234bb9ed88"",""nonfinite"":0},{""label"":""decode"",""checksum"":""1e95777bddcc71d5"",""nonfinite"":0},{""label"":""decode"",""checksum"":""fc3ff68058ffd54e"",""nonfinite"":0},{""label"":""decode"",""checksum"":""92560214e2ee8afd"",""nonfinite"":0},{""label"":""decode"",""checksum"":""ea317c3ff2b17152"",""nonfinite"":0}]",b5d2ea31b0f709c295ad59dfab37889028c6fe9857ea11908ff3ab4b717c9a5d,0,78,31548.000,31597.000,2916.359,2617.000,2947.000,58.000,65.000,352.632,514.120,77.718,99.000,"{""argv"":[""/home/wici/llama.cpp/build-cuda/bin/llama-bench"",""-m"",""/home/wici/voice-lab/models/gguf/gemma-4-31B-it-Q4_0.gguf"",""-p"",""512"",""-n"",""64"",""-r"",""5"",""-t"",""8"",""-b"",""512"",""-ub"",""512"",""-fa"",""on"",""-ctk"",""f16"",""-ctv"",""f16"",""-mmp"",""1"",""-o"",""csv"",""--ctx-size"",""165120"",""-ot"",""^blk[.][0-9]+[.](attn_(k|v|q|output)|ffn_(down|gate|up))[.]weight$=CUDA_Hybrid""],""env"":{""GGML_CUDA_HYBRID_MODE"":""staging"",""GGML_CUDA_HYBRID_PAGE_BUDGET"":""99"",""LD_LIBRARY_PATH"":""/dev/shm/intertidal-capacity.mEP47j:/home/wici/llama.cpp/build-cuda/bin:/usr/local/cuda/lib64"",""LLAMA_BENCH_LOGIT_CHECKSUM"":""1""}}","{""buffers"":[{""buffer_bytes"":""16524435968"",""buffer_mib"":""15758.930"",""eligible_pages"":""7470"",""gross_bytes"":""207618048"",""gross_mib"":""198.000"",""gross_pages"":""99"",""layers"":""60"",""local_physical_bytes"":""16317939712"",""local_physical_mib"":""15562.000"",""mode"":""staging"",""net_bytes"":""199229440"",""net_mib"":""190.000"",""net_saved_mib"":""190.000"",""page_bytes"":""2097152"",""page_mib"":""2.000"",""remote_mib"":""198.000"",""requested_bytes"":""207618048"",""requested_mib"":""198.000"",""requested_pages"":""99"",""selected_tensors"":""99"",""selection"":""global_budget"",""staging_bytes"":""8388608"",""staging_mib"":""8.000""}],""gross_pages"":99,""gross_remote_bytes"":207618048,""mode"":""staging"",""net_saved_bytes"":199229440,""requested_pages"":99,""selected_layers"":60,""selected_tensors"":99,""staging_bytes"":8388608}",
1,c1722155-4765-4cbc-a133-f4fe014582b1,2026-08-12T08:48:29.001240+00:00,aaa6945a74a4cd667bf2ac3f02564176bf035973b9ba87b98ada8cfdc650bc9e,31,intertidal_dma,dense,31.0,31738.000,165120,1.3,107,,ok,0,7.830,107,107,224395264,214.000,1.295404,8388608,8.000,216006656,206.000,1.246978,measured_vmm_layout,,31738.000,107,60,,,4234.636893,58.463783,75.877753,0.155025,0.991179,0.981962,match,"[{""label"":""prompt"",""checksum"":""2417196da4492390"",""nonfinite"":0},{""label"":""prompt"",""checksum"":""0453392d6142afd3"",""nonfinite"":0},{""label"":""prompt"",""checksum"":""8c39d6d410e92623"",""nonfinite"":0},{""label"":""prompt"",""checksum"":""ce38b3f3a7a05142"",""nonfinite"":0},{""label"":""prompt"",""checksum"":""556c3b871bf91e81"",""nonfinite"":0},{""label"":""prompt"",""checksum"":""c930f979f7f0aed4"",""nonfinite"":0},{""label"":""decode"",""checksum"":""0c8e93b3ecced1c6"",""nonfinite"":0},{""label"":""decode"",""checksum"":""319a6a234bb9ed88"",""nonfinite"":0},{""label"":""decode"",""checksum"":""1e95777bddcc71d5"",""nonfinite"":0},{""label"":""decode"",""checksum"":""fc3ff68058ffd54e"",""nonfinite"":0},{""label"":""decode"",""checksum"":""92560214e2ee8afd"",""nonfinite"":0},{""label"":""decode"",""checksum"":""ea317c3ff2b17152"",""nonfinite"":0}]",b5d2ea31b0f709c295ad59dfab37889028c6fe9857ea11908ff3ab4b717c9a5d,0,79,31532.000,31581.000,2920.165,2767.000,2947.000,59.797,66.000,360.875,513.520,78.418,99.000,"{""argv"":[""/home/wici/llama.cpp/build-cuda/bin/llama-bench"",""-m"",""/home/wici/voice-lab/models/gguf/gemma-4-31B-it-Q4_0.gguf"",""-p"",""512"",""-n"",""64"",""-r"",""5"",""-t"",""8"",""-b"",""512"",""-ub"",""512"",""-fa"",""on"",""-ctk"",""f16"",""-ctv"",""f16"",""-mmp"",""1"",""-o"",""csv"",""--ctx-size"",""165120"",""-ot"",""^blk[.][0-9]+[.](attn_(k|v|q|output)|ffn_(down|gate|up))[.]weight$=CUDA_Hybrid""],""env"":{""GGML_CUDA_HYBRID_MODE"":""staging"",""GGML_CUDA_HYBRID_PAGE_BUDGET"":""107"",""LD_LIBRARY_PATH"":""/dev/shm/intertidal-capacity.mEP47j:/home/wici/llama.cpp/build-cuda/bin:/usr/local/cuda/lib64"",""LLAMA_BENCH_LOGIT_CHECKSUM"":""1""}}","{""buffers"":[{""buffer_bytes"":""16524435968"",""buffer_mib"":""15758.930"",""eligible_pages"":""7470"",""gross_bytes"":""224395264"",""gross_mib"":""214.000"",""gross_pages"":""107"",""layers"":""60"",""local_physical_bytes"":""16301162496"",""local_physical_mib"":""15546.000"",""mode"":""staging"",""net_bytes"":""216006656"",""net_mib"":""206.000"",""net_saved_mib"":""206.000"",""page_bytes"":""2097152"",""page_mib"":""2.000"",""remote_mib"":""214.000"",""requested_bytes"":""224395264"",""requested_mib"":""214.000"",""requested_pages"":""107"",""selected_tensors"":""107"",""selection"":""global_budget"",""staging_bytes"":""8388608"",""staging_mib"":""8.000""}],""gross_pages"":107,""gross_remote_bytes"":224395264,""mode"":""staging"",""net_saved_bytes"":216006656,""requested_pages"":107,""selected_layers"":60,""selected_tensors"":107,""staging_bytes"":8388608}",
1,c1722155-4765-4cbc-a133-f4fe014582b1,2026-08-12T08:48:36.866878+00:00,aaa6945a74a4cd667bf2ac3f02564176bf035973b9ba87b98ada8cfdc650bc9e,31,intertidal_dma,dense,31.0,31738.000,165120,1.4,116,,ok,0,7.859,116,116,243269632,232.000,1.404363,8388608,8.000,234881024,224.000,1.355937,measured_vmm_layout,,31738.000,116,60,,,4233.561023,52.972267,75.829444,0.161600,0.990927,0.981337,match,"[{""label"":""prompt"",""checksum"":""2417196da4492390"",""nonfinite"":0},{""label"":""prompt"",""checksum"":""0453392d6142afd3"",""nonfinite"":0},{""label"":""prompt"",""checksum"":""8c39d6d410e92623"",""nonfinite"":0},{""label"":""prompt"",""checksum"":""ce38b3f3a7a05142"",""nonfinite"":0},{""label"":""prompt"",""checksum"":""556c3b871bf91e81"",""nonfinite"":0},{""label"":""prompt"",""checksum"":""c930f979f7f0aed4"",""nonfinite"":0},{""label"":""decode"",""checksum"":""0c8e93b3ecced1c6"",""nonfinite"":0},{""label"":""decode"",""checksum"":""319a6a234bb9ed88"",""nonfinite"":0},{""label"":""decode"",""checksum"":""1e95777bddcc71d5"",""nonfinite"":0},{""label"":""decode"",""checksum"":""fc3ff68058ffd54e"",""nonfinite"":0},{""label"":""decode"",""checksum"":""92560214e2ee8afd"",""nonfinite"":0},{""label"":""decode"",""checksum"":""ea317c3ff2b17152"",""nonfinite"":0}]",b5d2ea31b0f709c295ad59dfab37889028c6fe9857ea11908ff3ab4b717c9a5d,0,79,31514.000,31563.000,2911.911,2685.000,2955.000,59.570,65.000,361.729,520.440,76.481,99.000,"{""argv"":[""/home/wici/llama.cpp/build-cuda/bin/llama-bench"",""-m"",""/home/wici/voice-lab/models/gguf/gemma-4-31B-it-Q4_0.gguf"",""-p"",""512"",""-n"",""64"",""-r"",""5"",""-t"",""8"",""-b"",""512"",""-ub"",""512"",""-fa"",""on"",""-ctk"",""f16"",""-ctv"",""f16"",""-mmp"",""1"",""-o"",""csv"",""--ctx-size"",""165120"",""-ot"",""^blk[.][0-9]+[.](attn_(k|v|q|output)|ffn_(down|gate|up))[.]weight$=CUDA_Hybrid""],""env"":{""GGML_CUDA_HYBRID_MODE"":""staging"",""GGML_CUDA_HYBRID_PAGE_BUDGET"":""116"",""LD_LIBRARY_PATH"":""/dev/shm/intertidal-capacity.mEP47j:/home/wici/llama.cpp/build-cuda/bin:/usr/local/cuda/lib64"",""LLAMA_BENCH_LOGIT_CHECKSUM"":""1""}}","{""buffers"":[{""buffer_bytes"":""16524435968"",""buffer_mib"":""15758.930"",""eligible_pages"":""7470"",""gross_bytes"":""243269632"",""gross_mib"":""232.000"",""gross_pages"":""116"",""layers"":""60"",""local_physical_bytes"":""16282288128"",""local_physical_mib"":""15528.000"",""mode"":""staging"",""net_bytes"":""234881024"",""net_mib"":""224.000"",""net_saved_mib"":""224.000"",""page_bytes"":""2097152"",""page_mib"":""2.000"",""remote_mib"":""232.000"",""requested_bytes"":""243269632"",""requested_mib"":""232.000"",""requested_pages"":""116"",""selected_tensors"":""116"",""selection"":""global_budget"",""staging_bytes"":""8388608"",""staging_mib"":""8.000""}],""gross_pages"":116,""gross_remote_bytes"":243269632,""mode"":""staging"",""net_saved_bytes"":234881024,""requested_pages"":116,""selected_layers"":60,""selected_tensors"":116,""staging_bytes"":8388608}",
1,c1722155-4765-4cbc-a133-f4fe014582b1,2026-08-12T08:48:45.352455+00:00,aaa6945a74a4cd667bf2ac3f02564176bf035973b9ba87b98ada8cfdc650bc9e,31,intertidal_dma,dense,31.0,31738.000,165120,1.5,124,,ok,0,8.481,124,124,260046848,248.000,1.501216,12582912,12.000,247463936,236.000,1.428577,measured_vmm_layout,,31738.000,124,60,,,4232.400133,49.683228,75.780322,0.151497,0.990656,0.980701,match,"[{""label"":""prompt"",""checksum"":""2417196da4492390"",""nonfinite"":0},{""label"":""prompt"",""checksum"":""0453392d6142afd3"",""nonfinite"":0},{""label"":""prompt"",""checksum"":""8c39d6d410e92623"",""nonfinite"":0},{""label"":""prompt"",""checksum"":""ce38b3f3a7a05142"",""nonfinite"":0},{""label"":""prompt"",""checksum"":""556c3b871bf91e81"",""nonfinite"":0},{""label"":""prompt"",""checksum"":""c930f979f7f0aed4"",""nonfinite"":0},{""label"":""decode"",""checksum"":""0c8e93b3ecced1c6"",""nonfinite"":0},{""label"":""decode"",""checksum"":""319a6a234bb9ed88"",""nonfinite"":0},{""label"":""decode"",""checksum"":""1e95777bddcc71d5"",""nonfinite"":0},{""label"":""decode"",""checksum"":""fc3ff68058ffd54e"",""nonfinite"":0},{""label"":""decode"",""checksum"":""92560214e2ee8afd"",""nonfinite"":0},{""label"":""decode"",""checksum"":""ea317c3ff2b17152"",""nonfinite"":0}]",b5d2ea31b0f709c295ad59dfab37889028c6fe9857ea11908ff3ab4b717c9a5d,0,79,31502.000,31551.000,2916.190,2835.000,2955.000,59.354,66.000,358.235,518.860,57.911,99.000,"{""argv"":[""/home/wici/llama.cpp/build-cuda/bin/llama-bench"",""-m"",""/home/wici/voice-lab/models/gguf/gemma-4-31B-it-Q4_0.gguf"",""-p"",""512"",""-n"",""64"",""-r"",""5"",""-t"",""8"",""-b"",""512"",""-ub"",""512"",""-fa"",""on"",""-ctk"",""f16"",""-ctv"",""f16"",""-mmp"",""1"",""-o"",""csv"",""--ctx-size"",""165120"",""-ot"",""^blk[.][0-9]+[.](attn_(k|v|q|output)|ffn_(down|gate|up))[.]weight$=CUDA_Hybrid""],""env"":{""GGML_CUDA_HYBRID_MODE"":""staging"",""GGML_CUDA_HYBRID_PAGE_BUDGET"":""124"",""LD_LIBRARY_PATH"":""/dev/shm/intertidal-capacity.mEP47j:/home/wici/llama.cpp/build-cuda/bin:/usr/local/cuda/lib64"",""LLAMA_BENCH_LOGIT_CHECKSUM"":""1""}}","{""buffers"":[{""buffer_bytes"":""16524435968"",""buffer_mib"":""15758.930"",""eligible_pages"":""7470"",""gross_bytes"":""260046848"",""gross_mib"":""248.000"",""gross_pages"":""124"",""layers"":""60"",""local_physical_bytes"":""16265510912"",""local_physical_mib"":""15512.000"",""mode"":""staging"",""net_bytes"":""247463936"",""net_mib"":""236.000"",""net_saved_mib"":""236.000"",""page_bytes"":""2097152"",""page_mib"":""2.000"",""remote_mib"":""248.000"",""requested_bytes"":""260046848"",""requested_mib"":""248.000"",""requested_pages"":""124"",""selected_tensors"":""124"",""selection"":""global_budget"",""staging_bytes"":""12582912"",""staging_mib"":""12.000""}],""gross_pages"":124,""gross_remote_bytes"":260046848,""mode"":""staging"",""net_saved_bytes"":247463936,""requested_pages"":124,""selected_layers"":60,""selected_tensors"":124,""staging_bytes"":12582912}",
1,c1722155-4765-4cbc-a133-f4fe014582b1,2026-08-12T08:48:56.707311+00:00,aaa6945a74a4cd667bf2ac3f02564176bf035973b9ba87b98ada8cfdc650bc9e,31,intertidal_dma,dense,31.0,31738.000,165120,1.6,132,,ok,0,11.350,132,132,276824064,264.000,1.598069,12582912,12.000,264241152,252.000,1.525429,measured_vmm_layout,,31738.000,132,60,,,4237.500723,65.306307,75.677409,0.150780,0.991849,0.979370,match,"[{""label"":""prompt"",""checksum"":""2417196da4492390"",""nonfinite"":0},{""label"":""prompt"",""checksum"":""0453392d6142afd3"",""nonfinite"":0},{""label"":""prompt"",""checksum"":""8c39d6d410e92623"",""nonfinite"":0},{""label"":""prompt"",""checksum"":""ce38b3f3a7a05142"",""nonfinite"":0},{""label"":""prompt"",""checksum"":""556c3b871bf91e81"",""nonfinite"":0},{""label"":""prompt"",""checksum"":""c930f979f7f0aed4"",""nonfinite"":0},{""label"":""decode"",""checksum"":""0c8e93b3ecced1c6"",""nonfinite"":0},{""label"":""decode"",""checksum"":""319a6a234bb9ed88"",""nonfinite"":0},{""label"":""decode"",""checksum"":""1e95777bddcc71d5"",""nonfinite"":0},{""label"":""decode"",""checksum"":""fc3ff68058ffd54e"",""nonfinite"":0},{""label"":""decode"",""checksum"":""92560214e2ee8afd"",""nonfinite"":0},{""label"":""decode"",""checksum"":""ea317c3ff2b17152"",""nonfinite"":0}]",b5d2ea31b0f709c295ad59dfab37889028c6fe9857ea11908ff3ab4b717c9a5d,0,79,31486.000,31535.000,2093.418,390.000,2947.000,59.291,66.000,327.335,511.990,67.835,99.000,"{""argv"":[""/home/wici/llama.cpp/build-cuda/bin/llama-bench"",""-m"",""/home/wici/voice-lab/models/gguf/gemma-4-31B-it-Q4_0.gguf"",""-p"",""512"",""-n"",""64"",""-r"",""5"",""-t"",""8"",""-b"",""512"",""-ub"",""512"",""-fa"",""on"",""-ctk"",""f16"",""-ctv"",""f16"",""-mmp"",""1"",""-o"",""csv"",""--ctx-size"",""165120"",""-ot"",""^blk[.][0-9]+[.](attn_(k|v|q|output)|ffn_(down|gate|up))[.]weight$=CUDA_Hybrid""],""env"":{""GGML_CUDA_HYBRID_MODE"":""staging"",""GGML_CUDA_HYBRID_PAGE_BUDGET"":""132"",""LD_LIBRARY_PATH"":""/dev/shm/intertidal-capacity.mEP47j:/home/wici/llama.cpp/build-cuda/bin:/usr/local/cuda/lib64"",""LLAMA_BENCH_LOGIT_CHECKSUM"":""1""}}","{""buffers"":[{""buffer_bytes"":""16524435968"",""buffer_mib"":""15758.930"",""eligible_pages"":""7470"",""gross_bytes"":""276824064"",""gross_mib"":""264.000"",""gross_pages"":""132"",""layers"":""60"",""local_physical_bytes"":""16248733696"",""local_physical_mib"":""15496.000"",""mode"":""staging"",""net_bytes"":""264241152"",""net_mib"":""252.000"",""net_saved_mib"":""252.000"",""page_bytes"":""2097152"",""page_mib"":""2.000"",""remote_mib"":""264.000"",""requested_bytes"":""276824064"",""requested_mib"":""264.000"",""requested_pages"":""132"",""selected_tensors"":""132"",""selection"":""global_budget"",""staging_bytes"":""12582912"",""staging_mib"":""12.000""}],""gross_pages"":132,""gross_remote_bytes"":276824064,""mode"":""staging"",""net_saved_bytes"":264241152,""requested_pages"":132,""selected_layers"":60,""selected_tensors"":132,""staging_bytes"":12582912}",
1,c1722155-4765-4cbc-a133-f4fe014582b1,2026-08-12T08:49:11.601818+00:00,aaa6945a74a4cd667bf2ac3f02564176bf035973b9ba87b98ada8cfdc650bc9e,31,intertidal_dma,dense,31.0,31738.000,165120,1.7,140,,ok,0,14.887,140,140,293601280,280.000,1.694921,12582912,12.000,281018368,268.000,1.622282,measured_vmm_layout,,31738.000,140,60,,,4240.895932,63.305042,75.646823,0.161871,0.992644,0.978974,match,"[{""label"":""prompt"",""checksum"":""2417196da4492390"",""nonfinite"":0},{""label"":""prompt"",""checksum"":""0453392d6142afd3"",""nonfinite"":0},{""label"":""prompt"",""checksum"":""8c39d6d410e92623"",""nonfinite"":0},{""label"":""prompt"",""checksum"":""ce38b3f3a7a05142"",""nonfinite"":0},{""label"":""prompt"",""checksum"":""556c3b871bf91e81"",""nonfinite"":0},{""label"":""prompt"",""checksum"":""c930f979f7f0aed4"",""nonfinite"":0},{""label"":""decode"",""checksum"":""0c8e93b3ecced1c6"",""nonfinite"":0},{""label"":""decode"",""checksum"":""319a6a234bb9ed88"",""nonfinite"":0},{""label"":""decode"",""checksum"":""1e95777bddcc71d5"",""nonfinite"":0},{""label"":""decode"",""checksum"":""fc3ff68058ffd54e"",""nonfinite"":0},{""label"":""decode"",""checksum"":""92560214e2ee8afd"",""nonfinite"":0},{""label"":""decode"",""checksum"":""ea317c3ff2b17152"",""nonfinite"":0}]",b5d2ea31b0f709c295ad59dfab37889028c6fe9857ea11908ff3ab4b717c9a5d,0,79,31470.000,31519.000,2471.152,255.000,2947.000,58.671,66.000,326.222,513.680,67.937,99.000,"{""argv"":[""/home/wici/llama.cpp/build-cuda/bin/llama-bench"",""-m"",""/home/wici/voice-lab/models/gguf/gemma-4-31B-it-Q4_0.gguf"",""-p"",""512"",""-n"",""64"",""-r"",""5"",""-t"",""8"",""-b"",""512"",""-ub"",""512"",""-fa"",""on"",""-ctk"",""f16"",""-ctv"",""f16"",""-mmp"",""1"",""-o"",""csv"",""--ctx-size"",""165120"",""-ot"",""^blk[.][0-9]+[.](attn_(k|v|q|output)|ffn_(down|gate|up))[.]weight$=CUDA_Hybrid""],""env"":{""GGML_CUDA_HYBRID_MODE"":""staging"",""GGML_CUDA_HYBRID_PAGE_BUDGET"":""140"",""LD_LIBRARY_PATH"":""/dev/shm/intertidal-capacity.mEP47j:/home/wici/llama.cpp/build-cuda/bin:/usr/local/cuda/lib64"",""LLAMA_BENCH_LOGIT_CHECKSUM"":""1""}}","{""buffers"":[{""buffer_bytes"":""16524435968"",""buffer_mib"":""15758.930"",""eligible_pages"":""7470"",""gross_bytes"":""293601280"",""gross_mib"":""280.000"",""gross_pages"":""140"",""layers"":""60"",""local_physical_bytes"":""16231956480"",""local_physical_mib"":""15480.000"",""mode"":""staging"",""net_bytes"":""281018368"",""net_mib"":""268.000"",""net_saved_mib"":""268.000"",""page_bytes"":""2097152"",""page_mib"":""2.000"",""remote_mib"":""280.000"",""requested_bytes"":""293601280"",""requested_mib"":""280.000"",""requested_pages"":""140"",""selected_tensors"":""140"",""selection"":""global_budget"",""staging_bytes"":""12582912"",""staging_mib"":""12.000""}],""gross_pages"":140,""gross_remote_bytes"":293601280,""mode"":""staging"",""net_saved_bytes"":281018368,""requested_pages"":140,""selected_layers"":60,""selected_tensors"":140,""staging_bytes"":12582912}",
1,c1722155-4765-4cbc-a133-f4fe014582b1,2026-08-12T08:49:31.308250+00:00,aaa6945a74a4cd667bf2ac3f02564176bf035973b9ba87b98ada8cfdc650bc9e,31,intertidal_dma,dense,31.0,31738.000,165120,1.8,149,,ok,0,19.696,149,149,312475648,298.000,1.803881,12582912,12.000,299892736,286.000,1.731241,measured_vmm_layout,,31738.000,149,60,,,4239.115288,75.809031,75.579057,0.162629,0.992227,0.978097,match,"[{""label"":""prompt"",""checksum"":""2417196da4492390"",""nonfinite"":0},{""label"":""prompt"",""checksum"":""0453392d6142afd3"",""nonfinite"":0},{""label"":""prompt"",""checksum"":""8c39d6d410e92623"",""nonfinite"":0},{""label"":""prompt"",""checksum"":""ce38b3f3a7a05142"",""nonfinite"":0},{""label"":""prompt"",""checksum"":""556c3b871bf91e81"",""nonfinite"":0},{""label"":""prompt"",""checksum"":""c930f979f7f0aed4"",""nonfinite"":0},{""label"":""decode"",""checksum"":""0c8e93b3ecced1c6"",""nonfinite"":0},{""label"":""decode"",""checksum"":""319a6a234bb9ed88"",""nonfinite"":0},{""label"":""decode"",""checksum"":""1e95777bddcc71d5"",""nonfinite"":0},{""label"":""decode"",""checksum"":""fc3ff68058ffd54e"",""nonfinite"":0},{""label"":""decode"",""checksum"":""92560214e2ee8afd"",""nonfinite"":0},{""label"":""decode"",""checksum"":""ea317c3ff2b17152"",""nonfinite"":0}]",b5d2ea31b0f709c295ad59dfab37889028c6fe9857ea11908ff3ab4b717c9a5d,0,79,31452.000,31501.000,2286.557,225.000,2947.000,57.304,65.000,324.927,507.550,65.937,99.000,"{""argv"":[""/home/wici/llama.cpp/build-cuda/bin/llama-bench"",""-m"",""/home/wici/voice-lab/models/gguf/gemma-4-31B-it-Q4_0.gguf"",""-p"",""512"",""-n"",""64"",""-r"",""5"",""-t"",""8"",""-b"",""512"",""-ub"",""512"",""-fa"",""on"",""-ctk"",""f16"",""-ctv"",""f16"",""-mmp"",""1"",""-o"",""csv"",""--ctx-size"",""165120"",""-ot"",""^blk[.][0-9]+[.](attn_(k|v|q|output)|ffn_(down|gate|up))[.]weight$=CUDA_Hybrid""],""env"":{""GGML_CUDA_HYBRID_MODE"":""staging"",""GGML_CUDA_HYBRID_PAGE_BUDGET"":""149"",""LD_LIBRARY_PATH"":""/dev/shm/intertidal-capacity.mEP47j:/home/wici/llama.cpp/build-cuda/bin:/usr/local/cuda/lib64"",""LLAMA_BENCH_LOGIT_CHECKSUM"":""1""}}","{""buffers"":[{""buffer_bytes"":""16524435968"",""buffer_mib"":""15758.930"",""eligible_pages"":""7470"",""gross_bytes"":""312475648"",""gross_mib"":""298.000"",""gross_pages"":""149"",""layers"":""60"",""local_physical_bytes"":""16213082112"",""local_physical_mib"":""15462.000"",""mode"":""staging"",""net_bytes"":""299892736"",""net_mib"":""286.000"",""net_saved_mib"":""286.000"",""page_bytes"":""2097152"",""page_mib"":""2.000"",""remote_mib"":""298.000"",""requested_bytes"":""312475648"",""requested_mib"":""298.000"",""requested_pages"":""149"",""selected_tensors"":""149"",""selection"":""global_budget"",""staging_bytes"":""12582912"",""staging_mib"":""12.000""}],""gross_pages"":149,""gross_remote_bytes"":312475648,""mode"":""staging"",""net_saved_bytes"":299892736,""requested_pages"":149,""selected_layers"":60,""selected_tensors"":149,""staging_bytes"":12582912}",
1,c1722155-4765-4cbc-a133-f4fe014582b1,2026-08-12T08:49:46.161979+00:00,aaa6945a74a4cd667bf2ac3f02564176bf035973b9ba87b98ada8cfdc650bc9e,31,intertidal_dma,dense,31.0,31738.000,165120,1.9,157,,ok,0,14.844,157,157,329252864,314.000,1.900733,12582912,12.000,316669952,302.000,1.828094,measured_vmm_layout,,31738.000,157,60,,,4247.129945,67.604588,75.502854,0.163054,0.994103,0.977111,match,"[{""label"":""prompt"",""checksum"":""2417196da4492390"",""nonfinite"":0},{""label"":""prompt"",""checksum"":""0453392d6142afd3"",""nonfinite"":0},{""label"":""prompt"",""checksum"":""8c39d6d410e92623"",""nonfinite"":0},{""label"":""prompt"",""checksum"":""ce38b3f3a7a05142"",""nonfinite"":0},{""label"":""prompt"",""checksum"":""556c3b871bf91e81"",""nonfinite"":0},{""label"":""prompt"",""checksum"":""c930f979f7f0aed4"",""nonfinite"":0},{""label"":""decode"",""checksum"":""0c8e93b3ecced1c6"",""nonfinite"":0},{""label"":""decode"",""checksum"":""319a6a234bb9ed88"",""nonfinite"":0},{""label"":""decode"",""checksum"":""1e95777bddcc71d5"",""nonfinite"":0},{""label"":""decode"",""checksum"":""fc3ff68058ffd54e"",""nonfinite"":0},{""label"":""decode"",""checksum"":""92560214e2ee8afd"",""nonfinite"":0},{""label"":""decode"",""checksum"":""ea317c3ff2b17152"",""nonfinite"":0}]",b5d2ea31b0f709c295ad59dfab37889028c6fe9857ea11908ff3ab4b717c9a5d,0,79,31436.000,31485.000,2588.089,225.000,2947.000,56.671,64.000,329.498,507.330,67.329,99.000,"{""argv"":[""/home/wici/llama.cpp/build-cuda/bin/llama-bench"",""-m"",""/home/wici/voice-lab/models/gguf/gemma-4-31B-it-Q4_0.gguf"",""-p"",""512"",""-n"",""64"",""-r"",""5"",""-t"",""8"",""-b"",""512"",""-ub"",""512"",""-fa"",""on"",""-ctk"",""f16"",""-ctv"",""f16"",""-mmp"",""1"",""-o"",""csv"",""--ctx-size"",""165120"",""-ot"",""^blk[.][0-9]+[.](attn_(k|v|q|output)|ffn_(down|gate|up))[.]weight$=CUDA_Hybrid""],""env"":{""GGML_CUDA_HYBRID_MODE"":""staging"",""GGML_CUDA_HYBRID_PAGE_BUDGET"":""157"",""LD_LIBRARY_PATH"":""/dev/shm/intertidal-capacity.mEP47j:/home/wici/llama.cpp/build-cuda/bin:/usr/local/cuda/lib64"",""LLAMA_BENCH_LOGIT_CHECKSUM"":""1""}}","{""buffers"":[{""buffer_bytes"":""16524435968"",""buffer_mib"":""15758.930"",""eligible_pages"":""7470"",""gross_bytes"":""329252864"",""gross_mib"":""314.000"",""gross_pages"":""157"",""layers"":""60"",""local_physical_bytes"":""16196304896"",""local_physical_mib"":""15446.000"",""mode"":""staging"",""net_bytes"":""316669952"",""net_mib"":""302.000"",""net_saved_mib"":""302.000"",""page_bytes"":""2097152"",""page_mib"":""2.000"",""remote_mib"":""314.000"",""requested_bytes"":""329252864"",""requested_mib"":""314.000"",""requested_pages"":""157"",""selected_tensors"":""157"",""selection"":""global_budget"",""staging_bytes"":""12582912"",""staging_mib"":""12.000""}],""gross_pages"":157,""gross_remote_bytes"":329252864,""mode"":""staging"",""net_saved_bytes"":316669952,""requested_pages"":157,""selected_layers"":60,""selected_tensors"":157,""staging_bytes"":12582912}",
1,c1722155-4765-4cbc-a133-f4fe014582b1,2026-08-12T08:49:57.692807+00:00,aaa6945a74a4cd667bf2ac3f02564176bf035973b9ba87b98ada8cfdc650bc9e,31,intertidal_dma,dense,31.0,31738.000,165120,2.1,173,,ok,0,11.526,173,173,362807296,346.000,2.094439,12582912,12.000,350224384,334.000,2.021799,measured_vmm_layout,,31738.000,173,60,,,4251.917136,73.846334,75.387974,0.170678,0.995224,0.975624,match,"[{""label"":""prompt"",""checksum"":""2417196da4492390"",""nonfinite"":0},{""label"":""prompt"",""checksum"":""0453392d6142afd3"",""nonfinite"":0},{""label"":""prompt"",""checksum"":""8c39d6d410e92623"",""nonfinite"":0},{""label"":""prompt"",""checksum"":""ce38b3f3a7a05142"",""nonfinite"":0},{""label"":""prompt"",""checksum"":""556c3b871bf91e81"",""nonfinite"":0},{""label"":""prompt"",""checksum"":""c930f979f7f0aed4"",""nonfinite"":0},{""label"":""decode"",""checksum"":""0c8e93b3ecced1c6"",""nonfinite"":0},{""label"":""decode"",""checksum"":""319a6a234bb9ed88"",""nonfinite"":0},{""label"":""decode"",""checksum"":""1e95777bddcc71d5"",""nonfinite"":0},{""label"":""decode"",""checksum"":""fc3ff68058ffd54e"",""nonfinite"":0},{""label"":""decode"",""checksum"":""92560214e2ee8afd"",""nonfinite"":0},{""label"":""decode"",""checksum"":""ea317c3ff2b17152"",""nonfinite"":0}]",b5d2ea31b0f709c295ad59dfab37889028c6fe9857ea11908ff3ab4b717c9a5d,0,80,31404.000,31453.000,2242.900,225.000,2940.000,55.950,64.000,325.950,514.980,47.737,99.000,"{""argv"":[""/home/wici/llama.cpp/build-cuda/bin/llama-bench"",""-m"",""/home/wici/voice-lab/models/gguf/gemma-4-31B-it-Q4_0.gguf"",""-p"",""512"",""-n"",""64"",""-r"",""5"",""-t"",""8"",""-b"",""512"",""-ub"",""512"",""-fa"",""on"",""-ctk"",""f16"",""-ctv"",""f16"",""-mmp"",""1"",""-o"",""csv"",""--ctx-size"",""165120"",""-ot"",""^blk[.][0-9]+[.](attn_(k|v|q|output)|ffn_(down|gate|up))[.]weight$=CUDA_Hybrid""],""env"":{""GGML_CUDA_HYBRID_MODE"":""staging"",""GGML_CUDA_HYBRID_PAGE_BUDGET"":""173"",""LD_LIBRARY_PATH"":""/dev/shm/intertidal-capacity.mEP47j:/home/wici/llama.cpp/build-cuda/bin:/usr/local/cuda/lib64"",""LLAMA_BENCH_LOGIT_CHECKSUM"":""1""}}","{""buffers"":[{""buffer_bytes"":""16524435968"",""buffer_mib"":""15758.930"",""eligible_pages"":""7470"",""gross_bytes"":""362807296"",""gross_mib"":""346.000"",""gross_pages"":""173"",""layers"":""60"",""local_physical_bytes"":""16162750464"",""local_physical_mib"":""15414.000"",""mode"":""staging"",""net_bytes"":""350224384"",""net_mib"":""334.000"",""net_saved_mib"":""334.000"",""page_bytes"":""2097152"",""page_mib"":""2.000"",""remote_mib"":""346.000"",""requested_bytes"":""362807296"",""requested_mib"":""346.000"",""requested_pages"":""173"",""selected_tensors"":""173"",""selection"":""global_budget"",""staging_bytes"":""12582912"",""staging_mib"":""12.000""}],""gross_pages"":173,""gross_remote_bytes"":362807296,""mode"":""staging"",""net_saved_bytes"":350224384,""requested_pages"":173,""selected_layers"":60,""selected_tensors"":173,""staging_bytes"":12582912}",
1,c1722155-4765-4cbc-a133-f4fe014582b1,2026-08-12T08:50:08.170809+00:00,aaa6945a74a4cd667bf2ac3f02564176bf035973b9ba87b98ada8cfdc650bc9e,31,intertidal_dma,dense,31.0,31738.000,165120,2.2,182,,ok,0,10.474,182,182,381681664,364.000,2.203398,16777216,16.000,364904448,348.000,2.106545,measured_vmm_layout,,31738.000,182,60,,,4245.030772,66.294646,75.322415,0.156540,0.993612,0.974776,match,"[{""label"":""prompt"",""checksum"":""2417196da4492390"",""nonfinite"":0},{""label"":""prompt"",""checksum"":""0453392d6142afd3"",""nonfinite"":0},{""label"":""prompt"",""checksum"":""8c39d6d410e92623"",""nonfinite"":0},{""label"":""prompt"",""checksum"":""ce38b3f3a7a05142"",""nonfinite"":0},{""label"":""prompt"",""checksum"":""556c3b871bf91e81"",""nonfinite"":0},{""label"":""prompt"",""checksum"":""c930f979f7f0aed4"",""nonfinite"":0},{""label"":""decode"",""checksum"":""0c8e93b3ecced1c6"",""nonfinite"":0},{""label"":""decode"",""checksum"":""319a6a234bb9ed88"",""nonfinite"":0},{""label"":""decode"",""checksum"":""1e95777bddcc71d5"",""nonfinite"":0},{""label"":""decode"",""checksum"":""fc3ff68058ffd54e"",""nonfinite"":0},{""label"":""decode"",""checksum"":""92560214e2ee8afd"",""nonfinite"":0},{""label"":""decode"",""checksum"":""ea317c3ff2b17152"",""nonfinite"":0}]",b5d2ea31b0f709c295ad59dfab37889028c6fe9857ea11908ff3ab4b717c9a5d,0,79,31390.000,31439.000,2753.570,2505.000,2962.000,56.949,64.000,329.599,521.510,64.291,100.000,"{""argv"":[""/home/wici/llama.cpp/build-cuda/bin/llama-bench"",""-m"",""/home/wici/voice-lab/models/gguf/gemma-4-31B-it-Q4_0.gguf"",""-p"",""512"",""-n"",""64"",""-r"",""5"",""-t"",""8"",""-b"",""512"",""-ub"",""512"",""-fa"",""on"",""-ctk"",""f16"",""-ctv"",""f16"",""-mmp"",""1"",""-o"",""csv"",""--ctx-size"",""165120"",""-ot"",""^blk[.][0-9]+[.](attn_(k|v|q|output)|ffn_(down|gate|up))[.]weight$=CUDA_Hybrid""],""env"":{""GGML_CUDA_HYBRID_MODE"":""staging"",""GGML_CUDA_HYBRID_PAGE_BUDGET"":""182"",""LD_LIBRARY_PATH"":""/dev/shm/intertidal-capacity.mEP47j:/home/wici/llama.cpp/build-cuda/bin:/usr/local/cuda/lib64"",""LLAMA_BENCH_LOGIT_CHECKSUM"":""1""}}","{""buffers"":[{""buffer_bytes"":""16524435968"",""buffer_mib"":""15758.930"",""eligible_pages"":""7470"",""gross_bytes"":""381681664"",""gross_mib"":""364.000"",""gross_pages"":""182"",""layers"":""60"",""local_physical_bytes"":""16143876096"",""local_physical_mib"":""15396.000"",""mode"":""staging"",""net_bytes"":""364904448"",""net_mib"":""348.000"",""net_saved_mib"":""348.000"",""page_bytes"":""2097152"",""page_mib"":""2.000"",""remote_mib"":""364.000"",""requested_bytes"":""381681664"",""requested_mib"":""364.000"",""requested_pages"":""182"",""selected_tensors"":""182"",""selection"":""global_budget"",""staging_bytes"":""16777216"",""staging_mib"":""16.000""}],""gross_pages"":182,""gross_remote_bytes"":381681664,""mode"":""staging"",""net_saved_bytes"":364904448,""requested_pages"":182,""selected_layers"":60,""selected_tensors"":182,""staging_bytes"":16777216}",
1,c1722155-4765-4cbc-a133-f4fe014582b1,2026-08-12T08:50:21.757620+00:00,aaa6945a74a4cd667bf2ac3f02564176bf035973b9ba87b98ada8cfdc650bc9e,31,intertidal_dma,dense,31.0,31738.000,165120,2.3,190,,ok,0,13.584,190,190,398458880,380.000,2.300251,16777216,16.000,381681664,364.000,2.203398,measured_vmm_layout,,31738.000,190,60,,,4249.002342,67.881575,75.286879,0.162497,0.994542,0.974316,match,"[{""label"":""prompt"",""checksum"":""2417196da4492390"",""nonfinite"":0},{""label"":""prompt"",""checksum"":""0453392d6142afd3"",""nonfinite"":0},{""label"":""prompt"",""checksum"":""8c39d6d410e92623"",""nonfinite"":0},{""label"":""prompt"",""checksum"":""ce38b3f3a7a05142"",""nonfinite"":0},{""label"":""prompt"",""checksum"":""556c3b871bf91e81"",""nonfinite"":0},{""label"":""prompt"",""checksum"":""c930f979f7f0aed4"",""nonfinite"":0},{""label"":""decode"",""checksum"":""0c8e93b3ecced1c6"",""nonfinite"":0},{""label"":""decode"",""checksum"":""319a6a234bb9ed88"",""nonfinite"":0},{""label"":""decode"",""checksum"":""1e95777bddcc71d5"",""nonfinite"":0},{""label"":""decode"",""checksum"":""fc3ff68058ffd54e"",""nonfinite"":0},{""label"":""decode"",""checksum"":""92560214e2ee8afd"",""nonfinite"":0},{""label"":""decode"",""checksum"":""ea317c3ff2b17152"",""nonfinite"":0}]",b5d2ea31b0f709c295ad59dfab37889028c6fe9857ea11908ff3ab4b717c9a5d,0,79,31374.000,31423.000,2449.215,225.000,2947.000,55.949,64.000,321.905,517.420,59.582,99.000,"{""argv"":[""/home/wici/llama.cpp/build-cuda/bin/llama-bench"",""-m"",""/home/wici/voice-lab/models/gguf/gemma-4-31B-it-Q4_0.gguf"",""-p"",""512"",""-n"",""64"",""-r"",""5"",""-t"",""8"",""-b"",""512"",""-ub"",""512"",""-fa"",""on"",""-ctk"",""f16"",""-ctv"",""f16"",""-mmp"",""1"",""-o"",""csv"",""--ctx-size"",""165120"",""-ot"",""^blk[.][0-9]+[.](attn_(k|v|q|output)|ffn_(down|gate|up))[.]weight$=CUDA_Hybrid""],""env"":{""GGML_CUDA_HYBRID_MODE"":""staging"",""GGML_CUDA_HYBRID_PAGE_BUDGET"":""190"",""LD_LIBRARY_PATH"":""/dev/shm/intertidal-capacity.mEP47j:/home/wici/llama.cpp/build-cuda/bin:/usr/local/cuda/lib64"",""LLAMA_BENCH_LOGIT_CHECKSUM"":""1""}}","{""buffers"":[{""buffer_bytes"":""16524435968"",""buffer_mib"":""15758.930"",""eligible_pages"":""7470"",""gross_bytes"":""398458880"",""gross_mib"":""380.000"",""gross_pages"":""190"",""layers"":""60"",""local_physical_bytes"":""16127098880"",""local_physical_mib"":""15380.000"",""mode"":""staging"",""net_bytes"":""381681664"",""net_mib"":""364.000"",""net_saved_mib"":""364.000"",""page_bytes"":""2097152"",""page_mib"":""2.000"",""remote_mib"":""380.000"",""requested_bytes"":""398458880"",""requested_mib"":""380.000"",""requested_pages"":""190"",""selected_tensors"":""190"",""selection"":""global_budget"",""staging_bytes"":""16777216"",""staging_mib"":""16.000""}],""gross_pages"":190,""gross_remote_bytes"":398458880,""mode"":""staging"",""net_saved_bytes"":381681664,""requested_pages"":190,""selected_layers"":60,""selected_tensors"":190,""staging_bytes"":16777216}",
1,c1722155-4765-4cbc-a133-f4fe014582b1,2026-08-12T08:50:31.348735+00:00,aaa6945a74a4cd667bf2ac3f02564176bf035973b9ba87b98ada8cfdc650bc9e,31,intertidal_dma,dense,31.0,31738.000,165120,2.4,198,,ok,0,9.587,198,198,415236096,396.000,2.397103,16777216,16.000,398458880,380.000,2.300251,measured_vmm_layout,,31738.000,198,60,,,4246.686206,74.896285,75.213306,0.154680,0.993999,0.973364,match,"[{""label"":""prompt"",""checksum"":""2417196da4492390"",""nonfinite"":0},{""label"":""prompt"",""checksum"":""0453392d6142afd3"",""nonfinite"":0},{""label"":""prompt"",""checksum"":""8c39d6d410e92623"",""nonfinite"":0},{""label"":""prompt"",""checksum"":""ce38b3f3a7a05142"",""nonfinite"":0},{""label"":""prompt"",""checksum"":""556c3b871bf91e81"",""nonfinite"":0},{""label"":""prompt"",""checksum"":""c930f979f7f0aed4"",""nonfinite"":0},{""label"":""decode"",""checksum"":""0c8e93b3ecced1c6"",""nonfinite"":0},{""label"":""decode"",""checksum"":""319a6a234bb9ed88"",""nonfinite"":0},{""label"":""decode"",""checksum"":""1e95777bddcc71d5"",""nonfinite"":0},{""label"":""decode"",""checksum"":""fc3ff68058ffd54e"",""nonfinite"":0},{""label"":""decode"",""checksum"":""92560214e2ee8afd"",""nonfinite"":0},{""label"":""decode"",""checksum"":""ea317c3ff2b17152"",""nonfinite"":0}]",b5d2ea31b0f709c295ad59dfab37889028c6fe9857ea11908ff3ab4b717c9a5d,0,79,31358.000,31407.000,2787.899,2520.000,2962.000,57.342,64.000,330.946,519.520,61.987,99.000,"{""argv"":[""/home/wici/llama.cpp/build-cuda/bin/llama-bench"",""-m"",""/home/wici/voice-lab/models/gguf/gemma-4-31B-it-Q4_0.gguf"",""-p"",""512"",""-n"",""64"",""-r"",""5"",""-t"",""8"",""-b"",""512"",""-ub"",""512"",""-fa"",""on"",""-ctk"",""f16"",""-ctv"",""f16"",""-mmp"",""1"",""-o"",""csv"",""--ctx-size"",""165120"",""-ot"",""^blk[.][0-9]+[.](attn_(k|v|q|output)|ffn_(down|gate|up))[.]weight$=CUDA_Hybrid""],""env"":{""GGML_CUDA_HYBRID_MODE"":""staging"",""GGML_CUDA_HYBRID_PAGE_BUDGET"":""198"",""LD_LIBRARY_PATH"":""/dev/shm/intertidal-capacity.mEP47j:/home/wici/llama.cpp/build-cuda/bin:/usr/local/cuda/lib64"",""LLAMA_BENCH_LOGIT_CHECKSUM"":""1""}}","{""buffers"":[{""buffer_bytes"":""16524435968"",""buffer_mib"":""15758.930"",""eligible_pages"":""7470"",""gross_bytes"":""415236096"",""gross_mib"":""396.000"",""gross_pages"":""198"",""layers"":""60"",""local_physical_bytes"":""16110321664"",""local_physical_mib"":""15364.000"",""mode"":""staging"",""net_bytes"":""398458880"",""net_mib"":""380.000"",""net_saved_mib"":""380.000"",""page_bytes"":""2097152"",""page_mib"":""2.000"",""remote_mib"":""396.000"",""requested_bytes"":""415236096"",""requested_mib"":""396.000"",""requested_pages"":""198"",""selected_tensors"":""198"",""selection"":""global_budget"",""staging_bytes"":""16777216"",""staging_mib"":""16.000""}],""gross_pages"":198,""gross_remote_bytes"":415236096,""mode"":""staging"",""net_saved_bytes"":398458880,""requested_pages"":198,""selected_layers"":60,""selected_tensors"":198,""staging_bytes"":16777216}",
1,c1722155-4765-4cbc-a133-f4fe014582b1,2026-08-12T08:50:39.995862+00:00,aaa6945a74a4cd667bf2ac3f02564176bf035973b9ba87b98ada8cfdc650bc9e,31,intertidal_dma,dense,31.0,31738.000,165120,2.5,206,,ok,0,8.644,206,206,432013312,412.000,2.493956,16777216,16.000,415236096,396.000,2.397103,measured_vmm_layout,,31738.000,206,60,,,4244.186826,62.646333,75.140523,0.165184,0.993414,0.972422,match,"[{""label"":""prompt"",""checksum"":""2417196da4492390"",""nonfinite"":0},{""label"":""prompt"",""checksum"":""0453392d6142afd3"",""nonfinite"":0},{""label"":""prompt"",""checksum"":""8c39d6d410e92623"",""nonfinite"":0},{""label"":""prompt"",""checksum"":""ce38b3f3a7a05142"",""nonfinite"":0},{""label"":""prompt"",""checksum"":""556c3b871bf91e81"",""nonfinite"":0},{""label"":""prompt"",""checksum"":""c930f979f7f0aed4"",""nonfinite"":0},{""label"":""decode"",""checksum"":""0c8e93b3ecced1c6"",""nonfinite"":0},{""label"":""decode"",""checksum"":""319a6a234bb9ed88"",""nonfinite"":0},{""label"":""decode"",""checksum"":""1e95777bddcc71d5"",""nonfinite"":0},{""label"":""decode"",""checksum"":""fc3ff68058ffd54e"",""nonfinite"":0},{""label"":""decode"",""checksum"":""92560214e2ee8afd"",""nonfinite"":0},{""label"":""decode"",""checksum"":""ea317c3ff2b17152"",""nonfinite"":0}]",b5d2ea31b0f709c295ad59dfab37889028c6fe9857ea11908ff3ab4b717c9a5d,0,80,31342.000,31391.000,2781.738,2512.000,2947.000,57.900,65.000,333.516,519.010,66.725,99.000,"{""argv"":[""/home/wici/llama.cpp/build-cuda/bin/llama-bench"",""-m"",""/home/wici/voice-lab/models/gguf/gemma-4-31B-it-Q4_0.gguf"",""-p"",""512"",""-n"",""64"",""-r"",""5"",""-t"",""8"",""-b"",""512"",""-ub"",""512"",""-fa"",""on"",""-ctk"",""f16"",""-ctv"",""f16"",""-mmp"",""1"",""-o"",""csv"",""--ctx-size"",""165120"",""-ot"",""^blk[.][0-9]+[.](attn_(k|v|q|output)|ffn_(down|gate|up))[.]weight$=CUDA_Hybrid""],""env"":{""GGML_CUDA_HYBRID_MODE"":""staging"",""GGML_CUDA_HYBRID_PAGE_BUDGET"":""206"",""LD_LIBRARY_PATH"":""/dev/shm/intertidal-capacity.mEP47j:/home/wici/llama.cpp/build-cuda/bin:/usr/local/cuda/lib64"",""LLAMA_BENCH_LOGIT_CHECKSUM"":""1""}}","{""buffers"":[{""buffer_bytes"":""16524435968"",""buffer_mib"":""15758.930"",""eligible_pages"":""7470"",""gross_bytes"":""432013312"",""gross_mib"":""412.000"",""gross_pages"":""206"",""layers"":""60"",""local_physical_bytes"":""16093544448"",""local_physical_mib"":""15348.000"",""mode"":""staging"",""net_bytes"":""415236096"",""net_mib"":""396.000"",""net_saved_mib"":""396.000"",""page_bytes"":""2097152"",""page_mib"":""2.000"",""remote_mib"":""412.000"",""requested_bytes"":""432013312"",""requested_mib"":""412.000"",""requested_pages"":""206"",""selected_tensors"":""206"",""selection"":""global_budget"",""staging_bytes"":""16777216"",""staging_mib"":""16.000""}],""gross_pages"":206,""gross_remote_bytes"":432013312,""mode"":""staging"",""net_saved_bytes"":415236096,""requested_pages"":206,""selected_layers"":60,""selected_tensors"":206,""staging_bytes"":16777216}",
1,c1722155-4765-4cbc-a133-f4fe014582b1,2026-08-12T08:50:52.746439+00:00,aaa6945a74a4cd667bf2ac3f02564176bf035973b9ba87b98ada8cfdc650bc9e,31,intertidal_dma,dense,31.0,31738.000,165120,2.6,215,,ok,0,12.747,215,215,450887680,430.000,2.602915,16777216,16.000,434110464,414.000,2.506062,measured_vmm_layout,,31738.000,215,60,,,4244.465040,66.881681,75.050207,0.158124,0.993480,0.971253,match,"[{""label"":""prompt"",""checksum"":""2417196da4492390"",""nonfinite"":0},{""label"":""prompt"",""checksum"":""0453392d6142afd3"",""nonfinite"":0},{""label"":""prompt"",""checksum"":""8c39d6d410e92623"",""nonfinite"":0},{""label"":""prompt"",""checksum"":""ce38b3f3a7a05142"",""nonfinite"":0},{""label"":""prompt"",""checksum"":""556c3b871bf91e81"",""nonfinite"":0},{""label"":""prompt"",""checksum"":""c930f979f7f0aed4"",""nonfinite"":0},{""label"":""decode"",""checksum"":""0c8e93b3ecced1c6"",""nonfinite"":0},{""label"":""decode"",""checksum"":""319a6a234bb9ed88"",""nonfinite"":0},{""label"":""decode"",""checksum"":""1e95777bddcc71d5"",""nonfinite"":0},{""label"":""decode"",""checksum"":""fc3ff68058ffd54e"",""nonfinite"":0},{""label"":""decode"",""checksum"":""92560214e2ee8afd"",""nonfinite"":0},{""label"":""decode"",""checksum"":""ea317c3ff2b17152"",""nonfinite"":0}]",b5d2ea31b0f709c295ad59dfab37889028c6fe9857ea11908ff3ab4b717c9a5d,0,80,31324.000,31373.000,2829.938,2505.000,2955.000,58.237,65.000,332.674,515.780,61.913,99.000,"{""argv"":[""/home/wici/llama.cpp/build-cuda/bin/llama-bench"",""-m"",""/home/wici/voice-lab/models/gguf/gemma-4-31B-it-Q4_0.gguf"",""-p"",""512"",""-n"",""64"",""-r"",""5"",""-t"",""8"",""-b"",""512"",""-ub"",""512"",""-fa"",""on"",""-ctk"",""f16"",""-ctv"",""f16"",""-mmp"",""1"",""-o"",""csv"",""--ctx-size"",""165120"",""-ot"",""^blk[.][0-9]+[.](attn_(k|v|q|output)|ffn_(down|gate|up))[.]weight$=CUDA_Hybrid""],""env"":{""GGML_CUDA_HYBRID_MODE"":""staging"",""GGML_CUDA_HYBRID_PAGE_BUDGET"":""215"",""LD_LIBRARY_PATH"":""/dev/shm/intertidal-capacity.mEP47j:/home/wici/llama.cpp/build-cuda/bin:/usr/local/cuda/lib64"",""LLAMA_BENCH_LOGIT_CHECKSUM"":""1""}}","{""buffers"":[{""buffer_bytes"":""16524435968"",""buffer_mib"":""15758.930"",""eligible_pages"":""7470"",""gross_bytes"":""450887680"",""gross_mib"":""430.000"",""gross_pages"":""215"",""layers"":""60"",""local_physical_bytes"":""16074670080"",""local_physical_mib"":""15330.000"",""mode"":""staging"",""net_bytes"":""434110464"",""net_mib"":""414.000"",""net_saved_mib"":""414.000"",""page_bytes"":""2097152"",""page_mib"":""2.000"",""remote_mib"":""430.000"",""requested_bytes"":""450887680"",""requested_mib"":""430.000"",""requested_pages"":""215"",""selected_tensors"":""215"",""selection"":""global_budget"",""staging_bytes"":""16777216"",""staging_mib"":""16.000""}],""gross_pages"":215,""gross_remote_bytes"":450887680,""mode"":""staging"",""net_saved_bytes"":434110464,""requested_pages"":215,""selected_layers"":60,""selected_tensors"":215,""staging_bytes"":16777216}",
1,c1722155-4765-4cbc-a133-f4fe014582b1,2026-08-12T08:51:01.816494+00:00,aaa6945a74a4cd667bf2ac3f02564176bf035973b9ba87b98ada8cfdc650bc9e,31,intertidal_dma,dense,31.0,31738.000,165120,2.7,223,,ok,0,9.063,223,223,467664896,446.000,2.699768,16777216,16.000,450887680,430.000,2.602915,measured_vmm_layout,,31738.000,223,60,,,4244.362497,60.989095,75.000009,0.156883,0.993456,0.970603,match,"[{""label"":""prompt"",""checksum"":""2417196da4492390"",""nonfinite"":0},{""label"":""prompt"",""checksum"":""0453392d6142afd3"",""nonfinite"":0},{""label"":""prompt"",""checksum"":""8c39d6d410e92623"",""nonfinite"":0},{""label"":""prompt"",""checksum"":""ce38b3f3a7a05142"",""nonfinite"":0},{""label"":""prompt"",""checksum"":""556c3b871bf91e81"",""nonfinite"":0},{""label"":""prompt"",""checksum"":""c930f979f7f0aed4"",""nonfinite"":0},{""label"":""decode"",""checksum"":""0c8e93b3ecced1c6"",""nonfinite"":0},{""label"":""decode"",""checksum"":""319a6a234bb9ed88"",""nonfinite"":0},{""label"":""decode"",""checksum"":""1e95777bddcc71d5"",""nonfinite"":0},{""label"":""decode"",""checksum"":""fc3ff68058ffd54e"",""nonfinite"":0},{""label"":""decode"",""checksum"":""92560214e2ee8afd"",""nonfinite"":0},{""label"":""decode"",""checksum"":""ea317c3ff2b17152"",""nonfinite"":0}]",b5d2ea31b0f709c295ad59dfab37889028c6fe9857ea11908ff3ab4b717c9a5d,0,80,31308.000,31357.000,2619.025,2220.000,2940.000,58.000,65.000,324.360,519.820,59.438,99.000,"{""argv"":[""/home/wici/llama.cpp/build-cuda/bin/llama-bench"",""-m"",""/home/wici/voice-lab/models/gguf/gemma-4-31B-it-Q4_0.gguf"",""-p"",""512"",""-n"",""64"",""-r"",""5"",""-t"",""8"",""-b"",""512"",""-ub"",""512"",""-fa"",""on"",""-ctk"",""f16"",""-ctv"",""f16"",""-mmp"",""1"",""-o"",""csv"",""--ctx-size"",""165120"",""-ot"",""^blk[.][0-9]+[.](attn_(k|v|q|output)|ffn_(down|gate|up))[.]weight$=CUDA_Hybrid""],""env"":{""GGML_CUDA_HYBRID_MODE"":""staging"",""GGML_CUDA_HYBRID_PAGE_BUDGET"":""223"",""LD_LIBRARY_PATH"":""/dev/shm/intertidal-capacity.mEP47j:/home/wici/llama.cpp/build-cuda/bin:/usr/local/cuda/lib64"",""LLAMA_BENCH_LOGIT_CHECKSUM"":""1""}}","{""buffers"":[{""buffer_bytes"":""16524435968"",""buffer_mib"":""15758.930"",""eligible_pages"":""7470"",""gross_bytes"":""467664896"",""gross_mib"":""446.000"",""gross_pages"":""223"",""layers"":""60"",""local_physical_bytes"":""16057892864"",""local_physical_mib"":""15314.000"",""mode"":""staging"",""net_bytes"":""450887680"",""net_mib"":""430.000"",""net_saved_mib"":""430.000"",""page_bytes"":""2097152"",""page_mib"":""2.000"",""remote_mib"":""446.000"",""requested_bytes"":""467664896"",""requested_mib"":""446.000"",""requested_pages"":""223"",""selected_tensors"":""223"",""selection"":""global_budget"",""staging_bytes"":""16777216"",""staging_mib"":""16.000""}],""gross_pages"":223,""gross_remote_bytes"":467664896,""mode"":""staging"",""net_saved_bytes"":450887680,""requested_pages"":223,""selected_layers"":60,""selected_tensors"":223,""staging_bytes"":16777216}",
1,93bed62a-059f-480c-a1cc-24ae894a2522,2026-08-12T09:06:11.577218+00:00,463fcfc4c106535f73c78b7f9d39765d0de0d6d2e370f92d4b86bfb98a1cc036,31,intertidal_dma,dense,31.0,31738.000,165120,2.8,231,,ok,0,8.191,231,231,484442112,462.000,2.796620,16777216,16.000,467664896,446.000,2.699768,measured_vmm_layout,,31738.000,231,60,,,4268.022345,65.056969,74.966121,0.145723,0.998993,0.970165,match,"[{""label"":""prompt"",""checksum"":""2417196da4492390"",""nonfinite"":0},{""label"":""prompt"",""checksum"":""0453392d6142afd3"",""nonfinite"":0},{""label"":""prompt"",""checksum"":""8c39d6d410e92623"",""nonfinite"":0},{""label"":""prompt"",""checksum"":""ce38b3f3a7a05142"",""nonfinite"":0},{""label"":""prompt"",""checksum"":""556c3b871bf91e81"",""nonfinite"":0},{""label"":""prompt"",""checksum"":""c930f979f7f0aed4"",""nonfinite"":0},{""label"":""decode"",""checksum"":""0c8e93b3ecced1c6"",""nonfinite"":0},{""label"":""decode"",""checksum"":""319a6a234bb9ed88"",""nonfinite"":0},{""label"":""decode"",""checksum"":""1e95777bddcc71d5"",""nonfinite"":0},{""label"":""decode"",""checksum"":""fc3ff68058ffd54e"",""nonfinite"":0},{""label"":""decode"",""checksum"":""92560214e2ee8afd"",""nonfinite"":0},{""label"":""decode"",""checksum"":""ea317c3ff2b17152"",""nonfinite"":0}]",b5d2ea31b0f709c295ad59dfab37889028c6fe9857ea11908ff3ab4b717c9a5d,0,80,31292.000,31341.000,2464.500,225.000,2940.000,51.750,60.000,320.749,507.900,65.750,99.000,"{""argv"":[""/home/wici/llama.cpp/build-cuda/bin/llama-bench"",""-m"",""/home/wici/voice-lab/models/gguf/gemma-4-31B-it-Q4_0.gguf"",""-p"",""512"",""-n"",""64"",""-r"",""5"",""-t"",""8"",""-b"",""512"",""-ub"",""512"",""-fa"",""on"",""-ctk"",""f16"",""-ctv"",""f16"",""-mmp"",""1"",""-o"",""csv"",""--ctx-size"",""165120"",""-ot"",""^blk[.][0-9]+[.](attn_(k|v|q|output)|ffn_(down|gate|up))[.]weight$=CUDA_Hybrid""],""env"":{""GGML_CUDA_HYBRID_MODE"":""staging"",""GGML_CUDA_HYBRID_PAGE_BUDGET"":""231"",""LD_LIBRARY_PATH"":""/dev/shm/intertidal-capacity.mEP47j:/home/wici/llama.cpp/build-cuda/bin:/usr/local/cuda/lib64"",""LLAMA_BENCH_LOGIT_CHECKSUM"":""1""}}","{""buffers"":[{""buffer_bytes"":""16524435968"",""buffer_mib"":""15758.930"",""eligible_pages"":""7470"",""gross_bytes"":""484442112"",""gross_mib"":""462.000"",""gross_pages"":""231"",""layers"":""60"",""local_physical_bytes"":""16041115648"",""local_physical_mib"":""15298.000"",""mode"":""staging"",""net_bytes"":""467664896"",""net_mib"":""446.000"",""net_saved_mib"":""446.000"",""page_bytes"":""2097152"",""page_mib"":""2.000"",""remote_mib"":""462.000"",""requested_bytes"":""484442112"",""requested_mib"":""462.000"",""requested_pages"":""231"",""selected_tensors"":""231"",""selection"":""global_budget"",""staging_bytes"":""16777216"",""staging_mib"":""16.000""}],""gross_pages"":231,""gross_remote_bytes"":484442112,""mode"":""staging"",""net_saved_bytes"":467664896,""requested_pages"":231,""selected_layers"":60,""selected_tensors"":231,""staging_bytes"":16777216}",
1,2ea4f9e1-2cf1-4a6f-908e-9afc36c6c3b0,2026-08-12T09:06:29.811513+00:00,463fcfc4c106535f73c78b7f9d39765d0de0d6d2e370f92d4b86bfb98a1cc036,31,intertidal_dma,dense,31.0,31738.000,165120,2.9,240,,ok,0,8.097,240,240,503316480,480.000,2.905580,16777216,16.000,486539264,464.000,2.808727,measured_vmm_layout,,31738.000,240,60,,,4266.589305,67.301850,74.906753,0.135026,0.998658,0.969396,match,"[{""label"":""prompt"",""checksum"":""2417196da4492390"",""nonfinite"":0},{""label"":""prompt"",""checksum"":""0453392d6142afd3"",""nonfinite"":0},{""label"":""prompt"",""checksum"":""8c39d6d410e92623"",""nonfinite"":0},{""label"":""prompt"",""checksum"":""ce38b3f3a7a05142"",""nonfinite"":0},{""label"":""prompt"",""checksum"":""556c3b871bf91e81"",""nonfinite"":0},{""label"":""prompt"",""checksum"":""c930f979f7f0aed4"",""nonfinite"":0},{""label"":""decode"",""checksum"":""0c8e93b3ecced1c6"",""nonfinite"":0},{""label"":""decode"",""checksum"":""319a6a234bb9ed88"",""nonfinite"":0},{""label"":""decode"",""checksum"":""1e95777bddcc71d5"",""nonfinite"":0},{""label"":""decode"",""checksum"":""fc3ff68058ffd54e"",""nonfinite"":0},{""label"":""decode"",""checksum"":""92560214e2ee8afd"",""nonfinite"":0},{""label"":""decode"",""checksum"":""ea317c3ff2b17152"",""nonfinite"":0}]",b5d2ea31b0f709c295ad59dfab37889028c6fe9857ea11908ff3ab4b717c9a5d,0,80,31274.000,31323.000,1908.188,225.000,2940.000,52.575,60.000,316.502,513.070,64.150,100.000,"{""argv"":[""/home/wici/llama.cpp/build-cuda/bin/llama-bench"",""-m"",""/home/wici/voice-lab/models/gguf/gemma-4-31B-it-Q4_0.gguf"",""-p"",""512"",""-n"",""64"",""-r"",""5"",""-t"",""8"",""-b"",""512"",""-ub"",""512"",""-fa"",""on"",""-ctk"",""f16"",""-ctv"",""f16"",""-mmp"",""1"",""-o"",""csv"",""--ctx-size"",""165120"",""-ot"",""^blk[.][0-9]+[.](attn_(k|v|q|output)|ffn_(down|gate|up))[.]weight$=CUDA_Hybrid""],""env"":{""GGML_CUDA_HYBRID_MODE"":""staging"",""GGML_CUDA_HYBRID_PAGE_BUDGET"":""240"",""LD_LIBRARY_PATH"":""/dev/shm/intertidal-capacity.mEP47j:/home/wici/llama.cpp/build-cuda/bin:/usr/local/cuda/lib64"",""LLAMA_BENCH_LOGIT_CHECKSUM"":""1""}}","{""buffers"":[{""buffer_bytes"":""16524435968"",""buffer_mib"":""15758.930"",""eligible_pages"":""7470"",""gross_bytes"":""503316480"",""gross_mib"":""480.000"",""gross_pages"":""240"",""layers"":""60"",""local_physical_bytes"":""16022241280"",""local_physical_mib"":""15280.000"",""mode"":""staging"",""net_bytes"":""486539264"",""net_mib"":""464.000"",""net_saved_mib"":""464.000"",""page_bytes"":""2097152"",""page_mib"":""2.000"",""remote_mib"":""480.000"",""requested_bytes"":""503316480"",""requested_mib"":""480.000"",""requested_pages"":""240"",""selected_tensors"":""240"",""selection"":""global_budget"",""staging_bytes"":""16777216"",""staging_mib"":""16.000""}],""gross_pages"":240,""gross_remote_bytes"":503316480,""mode"":""staging"",""net_saved_bytes"":486539264,""requested_pages"":240,""selected_layers"":60,""selected_tensors"":240,""staging_bytes"":16777216}",
1,2ea4f9e1-2cf1-4a6f-908e-9afc36c6c3b0,2026-08-12T09:06:38.023672+00:00,463fcfc4c106535f73c78b7f9d39765d0de0d6d2e370f92d4b86bfb98a1cc036,31,intertidal_dma,dense,31.0,31738.000,165120,3.1,256,,ok,0,8.198,256,256,536870912,512.000,3.099285,20971520,20.000,515899392,492.000,2.978219,measured_vmm_layout,,31738.000,256,60,,,4262.184757,69.392261,74.224645,0.159662,0.997627,0.960569,match,"[{""label"":""prompt"",""checksum"":""2417196da4492390"",""nonfinite"":0},{""label"":""prompt"",""checksum"":""0453392d6142afd3"",""nonfinite"":0},{""label"":""prompt"",""checksum"":""8c39d6d410e92623"",""nonfinite"":0},{""label"":""prompt"",""checksum"":""ce38b3f3a7a05142"",""nonfinite"":0},{""label"":""prompt"",""checksum"":""556c3b871bf91e81"",""nonfinite"":0},{""label"":""prompt"",""checksum"":""c930f979f7f0aed4"",""nonfinite"":0},{""label"":""decode"",""checksum"":""0c8e93b3ecced1c6"",""nonfinite"":0},{""label"":""decode"",""checksum"":""319a6a234bb9ed88"",""nonfinite"":0},{""label"":""decode"",""checksum"":""1e95777bddcc71d5"",""nonfinite"":0},{""label"":""decode"",""checksum"":""fc3ff68058ffd54e"",""nonfinite"":0},{""label"":""decode"",""checksum"":""92560214e2ee8afd"",""nonfinite"":0},{""label"":""decode"",""checksum"":""ea317c3ff2b17152"",""nonfinite"":0}]",b5d2ea31b0f709c295ad59dfab37889028c6fe9857ea11908ff3ab4b717c9a5d,0,81,31246.000,31295.000,2880.827,2737.000,2940.000,54.284,61.000,340.846,518.850,72.074,99.000,"{""argv"":[""/home/wici/llama.cpp/build-cuda/bin/llama-bench"",""-m"",""/home/wici/voice-lab/models/gguf/gemma-4-31B-it-Q4_0.gguf"",""-p"",""512"",""-n"",""64"",""-r"",""5"",""-t"",""8"",""-b"",""512"",""-ub"",""512"",""-fa"",""on"",""-ctk"",""f16"",""-ctv"",""f16"",""-mmp"",""1"",""-o"",""csv"",""--ctx-size"",""165120"",""-ot"",""^blk[.][0-9]+[.](attn_(k|v|q|output)|ffn_(down|gate|up))[.]weight$=CUDA_Hybrid""],""env"":{""GGML_CUDA_HYBRID_MODE"":""staging"",""GGML_CUDA_HYBRID_PAGE_BUDGET"":""256"",""LD_LIBRARY_PATH"":""/dev/shm/intertidal-capacity.mEP47j:/home/wici/llama.cpp/build-cuda/bin:/usr/local/cuda/lib64"",""LLAMA_BENCH_LOGIT_CHECKSUM"":""1""}}","{""buffers"":[{""buffer_bytes"":""16524435968"",""buffer_mib"":""15758.930"",""eligible_pages"":""7470"",""gross_bytes"":""536870912"",""gross_mib"":""512.000"",""gross_pages"":""256"",""layers"":""60"",""local_physical_bytes"":""15988686848"",""local_physical_mib"":""15248.000"",""mode"":""staging"",""net_bytes"":""515899392"",""net_mib"":""492.000"",""net_saved_mib"":""492.000"",""page_bytes"":""2097152"",""page_mib"":""2.000"",""remote_mib"":""512.000"",""requested_bytes"":""536870912"",""requested_mib"":""512.000"",""requested_pages"":""256"",""selected_tensors"":""256"",""selection"":""global_budget"",""staging_bytes"":""20971520"",""staging_mib"":""20.000""}],""gross_pages"":256,""gross_remote_bytes"":536870912,""mode"":""staging"",""net_saved_bytes"":515899392,""requested_pages"":256,""selected_layers"":60,""selected_tensors"":256,""staging_bytes"":20971520}",
1,2ea4f9e1-2cf1-4a6f-908e-9afc36c6c3b0,2026-08-12T09:06:46.603307+00:00,463fcfc4c106535f73c78b7f9d39765d0de0d6d2e370f92d4b86bfb98a1cc036,31,intertidal_dma,dense,31.0,31738.000,165120,3.2,264,,ok,0,8.564,264,264,553648128,528.000,3.196138,20971520,20.000,532676608,508.000,3.075072,measured_vmm_layout,,31738.000,264,60,,,4253.738827,55.600311,73.909014,0.183812,0.995650,0.956484,match,"[{""label"":""prompt"",""checksum"":""2417196da4492390"",""nonfinite"":0},{""label"":""prompt"",""checksum"":""0453392d6142afd3"",""nonfinite"":0},{""label"":""prompt"",""checksum"":""8c39d6d410e92623"",""nonfinite"":0},{""label"":""prompt"",""checksum"":""ce38b3f3a7a05142"",""nonfinite"":0},{""label"":""prompt"",""checksum"":""556c3b871bf91e81"",""nonfinite"":0},{""label"":""prompt"",""checksum"":""c930f979f7f0aed4"",""nonfinite"":0},{""label"":""decode"",""checksum"":""0c8e93b3ecced1c6"",""nonfinite"":0},{""label"":""decode"",""checksum"":""319a6a234bb9ed88"",""nonfinite"":0},{""label"":""decode"",""checksum"":""1e95777bddcc71d5"",""nonfinite"":0},{""label"":""decode"",""checksum"":""fc3ff68058ffd54e"",""nonfinite"":0},{""label"":""decode"",""checksum"":""92560214e2ee8afd"",""nonfinite"":0},{""label"":""decode"",""checksum"":""ea317c3ff2b17152"",""nonfinite"":0}]",b5d2ea31b0f709c295ad59dfab37889028c6fe9857ea11908ff3ab4b717c9a5d,0,81,31230.000,31279.000,2896.136,2647.000,2962.000,54.074,61.000,350.266,509.090,50.901,99.000,"{""argv"":[""/home/wici/llama.cpp/build-cuda/bin/llama-bench"",""-m"",""/home/wici/voice-lab/models/gguf/gemma-4-31B-it-Q4_0.gguf"",""-p"",""512"",""-n"",""64"",""-r"",""5"",""-t"",""8"",""-b"",""512"",""-ub"",""512"",""-fa"",""on"",""-ctk"",""f16"",""-ctv"",""f16"",""-mmp"",""1"",""-o"",""csv"",""--ctx-size"",""165120"",""-ot"",""^blk[.][0-9]+[.](attn_(k|v|q|output)|ffn_(down|gate|up))[.]weight$=CUDA_Hybrid""],""env"":{""GGML_CUDA_HYBRID_MODE"":""staging"",""GGML_CUDA_HYBRID_PAGE_BUDGET"":""264"",""LD_LIBRARY_PATH"":""/dev/shm/intertidal-capacity.mEP47j:/home/wici/llama.cpp/build-cuda/bin:/usr/local/cuda/lib64"",""LLAMA_BENCH_LOGIT_CHECKSUM"":""1""}}","{""buffers"":[{""buffer_bytes"":""16524435968"",""buffer_mib"":""15758.930"",""eligible_pages"":""7470"",""gross_bytes"":""553648128"",""gross_mib"":""528.000"",""gross_pages"":""264"",""layers"":""60"",""local_physical_bytes"":""15971909632"",""local_physical_mib"":""15232.000"",""mode"":""staging"",""net_bytes"":""532676608"",""net_mib"":""508.000"",""net_saved_mib"":""508.000"",""page_bytes"":""2097152"",""page_mib"":""2.000"",""remote_mib"":""528.000"",""requested_bytes"":""553648128"",""requested_mib"":""528.000"",""requested_pages"":""264"",""selected_tensors"":""264"",""selection"":""global_budget"",""staging_bytes"":""20971520"",""staging_mib"":""20.000""}],""gross_pages"":264,""gross_remote_bytes"":553648128,""mode"":""staging"",""net_saved_bytes"":532676608,""requested_pages"":264,""selected_layers"":60,""selected_tensors"":264,""staging_bytes"":20971520}",
1,2ea4f9e1-2cf1-4a6f-908e-9afc36c6c3b0,2026-08-12T09:06:54.714906+00:00,463fcfc4c106535f73c78b7f9d39765d0de0d6d2e370f92d4b86bfb98a1cc036,31,intertidal_dma,dense,31.0,31738.000,165120,3.3,273,,ok,0,8.097,273,273,572522496,546.000,3.305097,20971520,20.000,551550976,526.000,3.184031,measured_vmm_layout,,31738.000,273,60,,,4256.780913,66.360471,73.515487,0.152812,0.996362,0.951391,match,"[{""label"":""prompt"",""checksum"":""2417196da4492390"",""nonfinite"":0},{""label"":""prompt"",""checksum"":""0453392d6142afd3"",""nonfinite"":0},{""label"":""prompt"",""checksum"":""8c39d6d410e92623"",""nonfinite"":0},{""label"":""prompt"",""checksum"":""ce38b3f3a7a05142"",""nonfinite"":0},{""label"":""prompt"",""checksum"":""556c3b871bf91e81"",""nonfinite"":0},{""label"":""prompt"",""checksum"":""c930f979f7f0aed4"",""nonfinite"":0},{""label"":""decode"",""checksum"":""0c8e93b3ecced1c6"",""nonfinite"":0},{""label"":""decode"",""checksum"":""319a6a234bb9ed88"",""nonfinite"":0},{""label"":""decode"",""checksum"":""1e95777bddcc71d5"",""nonfinite"":0},{""label"":""decode"",""checksum"":""fc3ff68058ffd54e"",""nonfinite"":0},{""label"":""decode"",""checksum"":""92560214e2ee8afd"",""nonfinite"":0},{""label"":""decode"",""checksum"":""ea317c3ff2b17152"",""nonfinite"":0}]",b5d2ea31b0f709c295ad59dfab37889028c6fe9857ea11908ff3ab4b717c9a5d,0,81,31212.000,31261.000,2930.420,2677.000,2955.000,55.420,63.000,333.546,510.090,77.160,99.000,"{""argv"":[""/home/wici/llama.cpp/build-cuda/bin/llama-bench"",""-m"",""/home/wici/voice-lab/models/gguf/gemma-4-31B-it-Q4_0.gguf"",""-p"",""512"",""-n"",""64"",""-r"",""5"",""-t"",""8"",""-b"",""512"",""-ub"",""512"",""-fa"",""on"",""-ctk"",""f16"",""-ctv"",""f16"",""-mmp"",""1"",""-o"",""csv"",""--ctx-size"",""165120"",""-ot"",""^blk[.][0-9]+[.](attn_(k|v|q|output)|ffn_(down|gate|up))[.]weight$=CUDA_Hybrid""],""env"":{""GGML_CUDA_HYBRID_MODE"":""staging"",""GGML_CUDA_HYBRID_PAGE_BUDGET"":""273"",""LD_LIBRARY_PATH"":""/dev/shm/intertidal-capacity.mEP47j:/home/wici/llama.cpp/build-cuda/bin:/usr/local/cuda/lib64"",""LLAMA_BENCH_LOGIT_CHECKSUM"":""1""}}","{""buffers"":[{""buffer_bytes"":""16524435968"",""buffer_mib"":""15758.930"",""eligible_pages"":""7470"",""gross_bytes"":""572522496"",""gross_mib"":""546.000"",""gross_pages"":""273"",""layers"":""60"",""local_physical_bytes"":""15953035264"",""local_physical_mib"":""15214.000"",""mode"":""staging"",""net_bytes"":""551550976"",""net_mib"":""526.000"",""net_saved_mib"":""526.000"",""page_bytes"":""2097152"",""page_mib"":""2.000"",""remote_mib"":""546.000"",""requested_bytes"":""572522496"",""requested_mib"":""546.000"",""requested_pages"":""273"",""selected_tensors"":""273"",""selection"":""global_budget"",""staging_bytes"":""20971520"",""staging_mib"":""20.000""}],""gross_pages"":273,""gross_remote_bytes"":572522496,""mode"":""staging"",""net_saved_bytes"":551550976,""requested_pages"":273,""selected_layers"":60,""selected_tensors"":273,""staging_bytes"":20971520}",
1,2ea4f9e1-2cf1-4a6f-908e-9afc36c6c3b0,2026-08-12T09:07:02.892456+00:00,463fcfc4c106535f73c78b7f9d39765d0de0d6d2e370f92d4b86bfb98a1cc036,31,intertidal_dma,dense,31.0,31738.000,165120,3.4,281,,ok,0,8.171,281,281,589299712,562.000,3.401949,20971520,20.000,568328192,542.000,3.280884,measured_vmm_layout,,31738.000,281,60,,,4244.165871,48.280492,73.353334,0.152395,0.993409,0.949293,match,"[{""label"":""prompt"",""checksum"":""2417196da4492390"",""nonfinite"":0},{""label"":""prompt"",""checksum"":""0453392d6142afd3"",""nonfinite"":0},{""label"":""prompt"",""checksum"":""8c39d6d410e92623"",""nonfinite"":0},{""label"":""prompt"",""checksum"":""ce38b3f3a7a05142"",""nonfinite"":0},{""label"":""prompt"",""checksum"":""556c3b871bf91e81"",""nonfinite"":0},{""label"":""prompt"",""checksum"":""c930f979f7f0aed4"",""nonfinite"":0},{""label"":""decode"",""checksum"":""0c8e93b3ecced1c6"",""nonfinite"":0},{""label"":""decode"",""checksum"":""319a6a234bb9ed88"",""nonfinite"":0},{""label"":""decode"",""checksum"":""1e95777bddcc71d5"",""nonfinite"":0},{""label"":""decode"",""checksum"":""fc3ff68058ffd54e"",""nonfinite"":0},{""label"":""decode"",""checksum"":""92560214e2ee8afd"",""nonfinite"":0},{""label"":""decode"",""checksum"":""ea317c3ff2b17152"",""nonfinite"":0}]",b5d2ea31b0f709c295ad59dfab37889028c6fe9857ea11908ff3ab4b717c9a5d,0,81,31196.000,31245.000,2919.272,2752.000,2962.000,56.506,63.000,351.959,516.200,65.568,99.000,"{""argv"":[""/home/wici/llama.cpp/build-cuda/bin/llama-bench"",""-m"",""/home/wici/voice-lab/models/gguf/gemma-4-31B-it-Q4_0.gguf"",""-p"",""512"",""-n"",""64"",""-r"",""5"",""-t"",""8"",""-b"",""512"",""-ub"",""512"",""-fa"",""on"",""-ctk"",""f16"",""-ctv"",""f16"",""-mmp"",""1"",""-o"",""csv"",""--ctx-size"",""165120"",""-ot"",""^blk[.][0-9]+[.](attn_(k|v|q|output)|ffn_(down|gate|up))[.]weight$=CUDA_Hybrid""],""env"":{""GGML_CUDA_HYBRID_MODE"":""staging"",""GGML_CUDA_HYBRID_PAGE_BUDGET"":""281"",""LD_LIBRARY_PATH"":""/dev/shm/intertidal-capacity.mEP47j:/home/wici/llama.cpp/build-cuda/bin:/usr/local/cuda/lib64"",""LLAMA_BENCH_LOGIT_CHECKSUM"":""1""}}","{""buffers"":[{""buffer_bytes"":""16524435968"",""buffer_mib"":""15758.930"",""eligible_pages"":""7470"",""gross_bytes"":""589299712"",""gross_mib"":""562.000"",""gross_pages"":""281"",""layers"":""60"",""local_physical_bytes"":""15936258048"",""local_physical_mib"":""15198.000"",""mode"":""staging"",""net_bytes"":""568328192"",""net_mib"":""542.000"",""net_saved_mib"":""542.000"",""page_bytes"":""2097152"",""page_mib"":""2.000"",""remote_mib"":""562.000"",""requested_bytes"":""589299712"",""requested_mib"":""562.000"",""requested_pages"":""281"",""selected_tensors"":""281"",""selection"":""global_budget"",""staging_bytes"":""20971520"",""staging_mib"":""20.000""}],""gross_pages"":281,""gross_remote_bytes"":589299712,""mode"":""staging"",""net_saved_bytes"":568328192,""requested_pages"":281,""selected_layers"":60,""selected_tensors"":281,""staging_bytes"":20971520}",
1,2ea4f9e1-2cf1-4a6f-908e-9afc36c6c3b0,2026-08-12T09:07:11.035749+00:00,463fcfc4c106535f73c78b7f9d39765d0de0d6d2e370f92d4b86bfb98a1cc036,31,intertidal_dma,dense,31.0,31738.000,165120,3.5,289,,ok,0,8.129,289,289,606076928,578.000,3.498802,20971520,20.000,585105408,558.000,3.377736,measured_vmm_layout,,31738.000,289,60,,,4245.973338,57.346420,73.129043,0.103111,0.993833,0.946390,match,"[{""label"":""prompt"",""checksum"":""2417196da4492390"",""nonfinite"":0},{""label"":""prompt"",""checksum"":""0453392d6142afd3"",""nonfinite"":0},{""label"":""prompt"",""checksum"":""8c39d6d410e92623"",""nonfinite"":0},{""label"":""prompt"",""checksum"":""ce38b3f3a7a05142"",""nonfinite"":0},{""label"":""prompt"",""checksum"":""556c3b871bf91e81"",""nonfinite"":0},{""label"":""prompt"",""checksum"":""c930f979f7f0aed4"",""nonfinite"":0},{""label"":""decode"",""checksum"":""0c8e93b3ecced1c6"",""nonfinite"":0},{""label"":""decode"",""checksum"":""319a6a234bb9ed88"",""nonfinite"":0},{""label"":""decode"",""checksum"":""1e95777bddcc71d5"",""nonfinite"":0},{""label"":""decode"",""checksum"":""fc3ff68058ffd54e"",""nonfinite"":0},{""label"":""decode"",""checksum"":""92560214e2ee8afd"",""nonfinite"":0},{""label"":""decode"",""checksum"":""ea317c3ff2b17152"",""nonfinite"":0}]",b5d2ea31b0f709c295ad59dfab37889028c6fe9857ea11908ff3ab4b717c9a5d,0,81,31180.000,31229.000,2884.654,2610.000,2962.000,56.765,63.000,345.983,511.840,65.247,99.000,"{""argv"":[""/home/wici/llama.cpp/build-cuda/bin/llama-bench"",""-m"",""/home/wici/voice-lab/models/gguf/gemma-4-31B-it-Q4_0.gguf"",""-p"",""512"",""-n"",""64"",""-r"",""5"",""-t"",""8"",""-b"",""512"",""-ub"",""512"",""-fa"",""on"",""-ctk"",""f16"",""-ctv"",""f16"",""-mmp"",""1"",""-o"",""csv"",""--ctx-size"",""165120"",""-ot"",""^blk[.][0-9]+[.](attn_(k|v|q|output)|ffn_(down|gate|up))[.]weight$=CUDA_Hybrid""],""env"":{""GGML_CUDA_HYBRID_MODE"":""staging"",""GGML_CUDA_HYBRID_PAGE_BUDGET"":""289"",""LD_LIBRARY_PATH"":""/dev/shm/intertidal-capacity.mEP47j:/home/wici/llama.cpp/build-cuda/bin:/usr/local/cuda/lib64"",""LLAMA_BENCH_LOGIT_CHECKSUM"":""1""}}","{""buffers"":[{""buffer_bytes"":""16524435968"",""buffer_mib"":""15758.930"",""eligible_pages"":""7470"",""gross_bytes"":""606076928"",""gross_mib"":""578.000"",""gross_pages"":""289"",""layers"":""60"",""local_physical_bytes"":""15919480832"",""local_physical_mib"":""15182.000"",""mode"":""staging"",""net_bytes"":""585105408"",""net_mib"":""558.000"",""net_saved_mib"":""558.000"",""page_bytes"":""2097152"",""page_mib"":""2.000"",""remote_mib"":""578.000"",""requested_bytes"":""606076928"",""requested_mib"":""578.000"",""requested_pages"":""289"",""selected_tensors"":""289"",""selection"":""global_budget"",""staging_bytes"":""20971520"",""staging_mib"":""20.000""}],""gross_pages"":289,""gross_remote_bytes"":606076928,""mode"":""staging"",""net_saved_bytes"":585105408,""requested_pages"":289,""selected_layers"":60,""selected_tensors"":289,""staging_bytes"":20971520}",
1,2ea4f9e1-2cf1-4a6f-908e-9afc36c6c3b0,2026-08-12T09:07:20.222727+00:00,463fcfc4c106535f73c78b7f9d39765d0de0d6d2e370f92d4b86bfb98a1cc036,31,intertidal_dma,dense,31.0,31738.000,165120,3.6,297,,ok,0,9.182,297,297,622854144,594.000,3.595655,20971520,20.000,601882624,574.000,3.474589,measured_vmm_layout,,31738.000,297,60,,,4238.582923,61.511954,72.838896,0.170668,0.992103,0.942635,match,"[{""label"":""prompt"",""checksum"":""2417196da4492390"",""nonfinite"":0},{""label"":""prompt"",""checksum"":""0453392d6142afd3"",""nonfinite"":0},{""label"":""prompt"",""checksum"":""8c39d6d410e92623"",""nonfinite"":0},{""label"":""prompt"",""checksum"":""ce38b3f3a7a05142"",""nonfinite"":0},{""label"":""prompt"",""checksum"":""556c3b871bf91e81"",""nonfinite"":0},{""label"":""prompt"",""checksum"":""c930f979f7f0aed4"",""nonfinite"":0},{""label"":""decode"",""checksum"":""0c8e93b3ecced1c6"",""nonfinite"":0},{""label"":""decode"",""checksum"":""319a6a234bb9ed88"",""nonfinite"":0},{""label"":""decode"",""checksum"":""1e95777bddcc71d5"",""nonfinite"":0},{""label"":""decode"",""checksum"":""fc3ff68058ffd54e"",""nonfinite"":0},{""label"":""decode"",""checksum"":""92560214e2ee8afd"",""nonfinite"":0},{""label"":""decode"",""checksum"":""ea317c3ff2b17152"",""nonfinite"":0}]",b5d2ea31b0f709c295ad59dfab37889028c6fe9857ea11908ff3ab4b717c9a5d,0,81,31164.000,31213.000,2896.963,2632.000,2962.000,56.926,64.000,350.646,504.030,56.062,99.000,"{""argv"":[""/home/wici/llama.cpp/build-cuda/bin/llama-bench"",""-m"",""/home/wici/voice-lab/models/gguf/gemma-4-31B-it-Q4_0.gguf"",""-p"",""512"",""-n"",""64"",""-r"",""5"",""-t"",""8"",""-b"",""512"",""-ub"",""512"",""-fa"",""on"",""-ctk"",""f16"",""-ctv"",""f16"",""-mmp"",""1"",""-o"",""csv"",""--ctx-size"",""165120"",""-ot"",""^blk[.][0-9]+[.](attn_(k|v|q|output)|ffn_(down|gate|up))[.]weight$=CUDA_Hybrid""],""env"":{""GGML_CUDA_HYBRID_MODE"":""staging"",""GGML_CUDA_HYBRID_PAGE_BUDGET"":""297"",""LD_LIBRARY_PATH"":""/dev/shm/intertidal-capacity.mEP47j:/home/wici/llama.cpp/build-cuda/bin:/usr/local/cuda/lib64"",""LLAMA_BENCH_LOGIT_CHECKSUM"":""1""}}","{""buffers"":[{""buffer_bytes"":""16524435968"",""buffer_mib"":""15758.930"",""eligible_pages"":""7470"",""gross_bytes"":""622854144"",""gross_mib"":""594.000"",""gross_pages"":""297"",""layers"":""60"",""local_physical_bytes"":""15902703616"",""local_physical_mib"":""15166.000"",""mode"":""staging"",""net_bytes"":""601882624"",""net_mib"":""574.000"",""net_saved_mib"":""574.000"",""page_bytes"":""2097152"",""page_mib"":""2.000"",""remote_mib"":""594.000"",""requested_bytes"":""622854144"",""requested_mib"":""594.000"",""requested_pages"":""297"",""selected_tensors"":""297"",""selection"":""global_budget"",""staging_bytes"":""20971520"",""staging_mib"":""20.000""}],""gross_pages"":297,""gross_remote_bytes"":622854144,""mode"":""staging"",""net_saved_bytes"":601882624,""requested_pages"":297,""selected_layers"":60,""selected_tensors"":297,""staging_bytes"":20971520}",
1,2ea4f9e1-2cf1-4a6f-908e-9afc36c6c3b0,2026-08-12T09:07:28.511785+00:00,463fcfc4c106535f73c78b7f9d39765d0de0d6d2e370f92d4b86bfb98a1cc036,31,intertidal_dma,dense,31.0,31738.000,165120,3.7,306,,ok,0,8.278,306,306,641728512,612.000,3.704614,25165824,24.000,616562688,588.000,3.559335,measured_vmm_layout,,31738.000,306,60,,,4241.688916,64.710321,71.726994,0.155476,0.992830,0.928246,match,"[{""label"":""prompt"",""checksum"":""2417196da4492390"",""nonfinite"":0},{""label"":""prompt"",""checksum"":""0453392d6142afd3"",""nonfinite"":0},{""label"":""prompt"",""checksum"":""8c39d6d410e92623"",""nonfinite"":0},{""label"":""prompt"",""checksum"":""ce38b3f3a7a05142"",""nonfinite"":0},{""label"":""prompt"",""checksum"":""556c3b871bf91e81"",""nonfinite"":0},{""label"":""prompt"",""checksum"":""c930f979f7f0aed4"",""nonfinite"":0},{""label"":""decode"",""checksum"":""0c8e93b3ecced1c6"",""nonfinite"":0},{""label"":""decode"",""checksum"":""319a6a234bb9ed88"",""nonfinite"":0},{""label"":""decode"",""checksum"":""1e95777bddcc71d5"",""nonfinite"":0},{""label"":""decode"",""checksum"":""fc3ff68058ffd54e"",""nonfinite"":0},{""label"":""decode"",""checksum"":""92560214e2ee8afd"",""nonfinite"":0},{""label"":""decode"",""checksum"":""ea317c3ff2b17152"",""nonfinite"":0}]",b5d2ea31b0f709c295ad59dfab37889028c6fe9857ea11908ff3ab4b717c9a5d,0,82,31150.000,31201.000,2842.671,2505.000,2962.000,57.366,64.000,330.024,503.950,64.024,99.000,"{""argv"":[""/home/wici/llama.cpp/build-cuda/bin/llama-bench"",""-m"",""/home/wici/voice-lab/models/gguf/gemma-4-31B-it-Q4_0.gguf"",""-p"",""512"",""-n"",""64"",""-r"",""5"",""-t"",""8"",""-b"",""512"",""-ub"",""512"",""-fa"",""on"",""-ctk"",""f16"",""-ctv"",""f16"",""-mmp"",""1"",""-o"",""csv"",""--ctx-size"",""165120"",""-ot"",""^blk[.][0-9]+[.](attn_(k|v|q|output)|ffn_(down|gate|up))[.]weight$=CUDA_Hybrid""],""env"":{""GGML_CUDA_HYBRID_MODE"":""staging"",""GGML_CUDA_HYBRID_PAGE_BUDGET"":""306"",""LD_LIBRARY_PATH"":""/dev/shm/intertidal-capacity.mEP47j:/home/wici/llama.cpp/build-cuda/bin:/usr/local/cuda/lib64"",""LLAMA_BENCH_LOGIT_CHECKSUM"":""1""}}","{""buffers"":[{""buffer_bytes"":""16524435968"",""buffer_mib"":""15758.930"",""eligible_pages"":""7470"",""gross_bytes"":""641728512"",""gross_mib"":""612.000"",""gross_pages"":""306"",""layers"":""60"",""local_physical_bytes"":""15883829248"",""local_physical_mib"":""15148.000"",""mode"":""staging"",""net_bytes"":""616562688"",""net_mib"":""588.000"",""net_saved_mib"":""588.000"",""page_bytes"":""2097152"",""page_mib"":""2.000"",""remote_mib"":""612.000"",""requested_bytes"":""641728512"",""requested_mib"":""612.000"",""requested_pages"":""306"",""selected_tensors"":""306"",""selection"":""global_budget"",""staging_bytes"":""25165824"",""staging_mib"":""24.000""}],""gross_pages"":306,""gross_remote_bytes"":641728512,""mode"":""staging"",""net_saved_bytes"":616562688,""requested_pages"":306,""selected_layers"":60,""selected_tensors"":306,""staging_bytes"":25165824}",
1,2ea4f9e1-2cf1-4a6f-908e-9afc36c6c3b0,2026-08-12T09:07:36.834839+00:00,463fcfc4c106535f73c78b7f9d39765d0de0d6d2e370f92d4b86bfb98a1cc036,31,intertidal_dma,dense,31.0,31738.000,165120,3.8,314,,ok,0,8.314,314,314,658505728,628.000,3.801467,25165824,24.000,633339904,604.000,3.656188,measured_vmm_layout,,31738.000,314,60,,,4231.514154,61.891022,70.336217,0.136763,0.990448,0.910247,match,"[{""label"":""prompt"",""checksum"":""2417196da4492390"",""nonfinite"":0},{""label"":""prompt"",""checksum"":""0453392d6142afd3"",""nonfinite"":0},{""label"":""prompt"",""checksum"":""8c39d6d410e92623"",""nonfinite"":0},{""label"":""prompt"",""checksum"":""ce38b3f3a7a05142"",""nonfinite"":0},{""label"":""prompt"",""checksum"":""556c3b871bf91e81"",""nonfinite"":0},{""label"":""prompt"",""checksum"":""c930f979f7f0aed4"",""nonfinite"":0},{""label"":""decode"",""checksum"":""0c8e93b3ecced1c6"",""nonfinite"":0},{""label"":""decode"",""checksum"":""319a6a234bb9ed88"",""nonfinite"":0},{""label"":""decode"",""checksum"":""1e95777bddcc71d5"",""nonfinite"":0},{""label"":""decode"",""checksum"":""fc3ff68058ffd54e"",""nonfinite"":0},{""label"":""decode"",""checksum"":""92560214e2ee8afd"",""nonfinite"":0},{""label"":""decode"",""checksum"":""ea317c3ff2b17152"",""nonfinite"":0}]",b5d2ea31b0f709c295ad59dfab37889028c6fe9857ea11908ff3ab4b717c9a5d,0,84,31134.000,31185.000,2927.321,2865.000,2962.000,58.012,65.000,349.116,519.080,67.202,99.000,"{""argv"":[""/home/wici/llama.cpp/build-cuda/bin/llama-bench"",""-m"",""/home/wici/voice-lab/models/gguf/gemma-4-31B-it-Q4_0.gguf"",""-p"",""512"",""-n"",""64"",""-r"",""5"",""-t"",""8"",""-b"",""512"",""-ub"",""512"",""-fa"",""on"",""-ctk"",""f16"",""-ctv"",""f16"",""-mmp"",""1"",""-o"",""csv"",""--ctx-size"",""165120"",""-ot"",""^blk[.][0-9]+[.](attn_(k|v|q|output)|ffn_(down|gate|up))[.]weight$=CUDA_Hybrid""],""env"":{""GGML_CUDA_HYBRID_MODE"":""staging"",""GGML_CUDA_HYBRID_PAGE_BUDGET"":""314"",""LD_LIBRARY_PATH"":""/dev/shm/intertidal-capacity.mEP47j:/home/wici/llama.cpp/build-cuda/bin:/usr/local/cuda/lib64"",""LLAMA_BENCH_LOGIT_CHECKSUM"":""1""}}","{""buffers"":[{""buffer_bytes"":""16524435968"",""buffer_mib"":""15758.930"",""eligible_pages"":""7470"",""gross_bytes"":""658505728"",""gross_mib"":""628.000"",""gross_pages"":""314"",""layers"":""60"",""local_physical_bytes"":""15867052032"",""local_physical_mib"":""15132.000"",""mode"":""staging"",""net_bytes"":""633339904"",""net_mib"":""604.000"",""net_saved_mib"":""604.000"",""page_bytes"":""2097152"",""page_mib"":""2.000"",""remote_mib"":""628.000"",""requested_bytes"":""658505728"",""requested_mib"":""628.000"",""requested_pages"":""314"",""selected_tensors"":""314"",""selection"":""global_budget"",""staging_bytes"":""25165824"",""staging_mib"":""24.000""}],""gross_pages"":314,""gross_remote_bytes"":658505728,""mode"":""staging"",""net_saved_bytes"":633339904,""requested_pages"":314,""selected_layers"":60,""selected_tensors"":314,""staging_bytes"":25165824}",
1,2ea4f9e1-2cf1-4a6f-908e-9afc36c6c3b0,2026-08-12T09:07:45.273915+00:00,463fcfc4c106535f73c78b7f9d39765d0de0d6d2e370f92d4b86bfb98a1cc036,31,intertidal_dma,dense,31.0,31738.000,165120,3.9,322,,ok,0,8.417,322,322,675282944,644.000,3.898319,25165824,24.000,650117120,620.000,3.753040,measured_vmm_layout,,31738.000,322,60,,,4234.568537,60.583456,68.749825,0.139442,0.991163,0.889717,match,"[{""label"":""prompt"",""checksum"":""2417196da4492390"",""nonfinite"":0},{""label"":""prompt"",""checksum"":""0453392d6142afd3"",""nonfinite"":0},{""label"":""prompt"",""checksum"":""8c39d6d410e92623"",""nonfinite"":0},{""label"":""prompt"",""checksum"":""ce38b3f3a7a05142"",""nonfinite"":0},{""label"":""prompt"",""checksum"":""556c3b871bf91e81"",""nonfinite"":0},{""label"":""prompt"",""checksum"":""c930f979f7f0aed4"",""nonfinite"":0},{""label"":""decode"",""checksum"":""0c8e93b3ecced1c6"",""nonfinite"":0},{""label"":""decode"",""checksum"":""319a6a234bb9ed88"",""nonfinite"":0},{""label"":""decode"",""checksum"":""1e95777bddcc71d5"",""nonfinite"":0},{""label"":""decode"",""checksum"":""fc3ff68058ffd54e"",""nonfinite"":0},{""label"":""decode"",""checksum"":""92560214e2ee8afd"",""nonfinite"":0},{""label"":""decode"",""checksum"":""ea317c3ff2b17152"",""nonfinite"":0}]",b5d2ea31b0f709c295ad59dfab37889028c6fe9857ea11908ff3ab4b717c9a5d,0,84,31118.000,31169.000,2886.345,2580.000,2955.000,58.464,66.000,344.613,495.720,68.298,99.000,"{""argv"":[""/home/wici/llama.cpp/build-cuda/bin/llama-bench"",""-m"",""/home/wici/voice-lab/models/gguf/gemma-4-31B-it-Q4_0.gguf"",""-p"",""512"",""-n"",""64"",""-r"",""5"",""-t"",""8"",""-b"",""512"",""-ub"",""512"",""-fa"",""on"",""-ctk"",""f16"",""-ctv"",""f16"",""-mmp"",""1"",""-o"",""csv"",""--ctx-size"",""165120"",""-ot"",""^blk[.][0-9]+[.](attn_(k|v|q|output)|ffn_(down|gate|up))[.]weight$=CUDA_Hybrid""],""env"":{""GGML_CUDA_HYBRID_MODE"":""staging"",""GGML_CUDA_HYBRID_PAGE_BUDGET"":""322"",""LD_LIBRARY_PATH"":""/dev/shm/intertidal-capacity.mEP47j:/home/wici/llama.cpp/build-cuda/bin:/usr/local/cuda/lib64"",""LLAMA_BENCH_LOGIT_CHECKSUM"":""1""}}","{""buffers"":[{""buffer_bytes"":""16524435968"",""buffer_mib"":""15758.930"",""eligible_pages"":""7470"",""gross_bytes"":""675282944"",""gross_mib"":""644.000"",""gross_pages"":""322"",""layers"":""60"",""local_physical_bytes"":""15850274816"",""local_physical_mib"":""15116.000"",""mode"":""staging"",""net_bytes"":""650117120"",""net_mib"":""620.000"",""net_saved_mib"":""620.000"",""page_bytes"":""2097152"",""page_mib"":""2.000"",""remote_mib"":""644.000"",""requested_bytes"":""675282944"",""requested_mib"":""644.000"",""requested_pages"":""322"",""selected_tensors"":""322"",""selection"":""global_budget"",""staging_bytes"":""25165824"",""staging_mib"":""24.000""}],""gross_pages"":322,""gross_remote_bytes"":675282944,""mode"":""staging"",""net_saved_bytes"":650117120,""requested_pages"":322,""selected_layers"":60,""selected_tensors"":322,""staging_bytes"":25165824}",
1,2ea4f9e1-2cf1-4a6f-908e-9afc36c6c3b0,2026-08-12T09:07:53.980786+00:00,463fcfc4c106535f73c78b7f9d39765d0de0d6d2e370f92d4b86bfb98a1cc036,31,intertidal_dma,dense,31.0,31738.000,165120,4.1,339,,ok,0,8.695,339,339,710934528,678.000,4.104131,25165824,24.000,685768704,654.000,3.958852,measured_vmm_layout,,31738.000,339,60,,,4221.425969,102.620189,65.694173,0.112907,0.988087,0.850173,match,"[{""label"":""prompt"",""checksum"":""2417196da4492390"",""nonfinite"":0},{""label"":""prompt"",""checksum"":""0453392d6142afd3"",""nonfinite"":0},{""label"":""prompt"",""checksum"":""8c39d6d410e92623"",""nonfinite"":0},{""label"":""prompt"",""checksum"":""ce38b3f3a7a05142"",""nonfinite"":0},{""label"":""prompt"",""checksum"":""556c3b871bf91e81"",""nonfinite"":0},{""label"":""prompt"",""checksum"":""c930f979f7f0aed4"",""nonfinite"":0},{""label"":""decode"",""checksum"":""0c8e93b3ecced1c6"",""nonfinite"":0},{""label"":""decode"",""checksum"":""319a6a234bb9ed88"",""nonfinite"":0},{""label"":""decode"",""checksum"":""1e95777bddcc71d5"",""nonfinite"":0},{""label"":""decode"",""checksum"":""fc3ff68058ffd54e"",""nonfinite"":0},{""label"":""decode"",""checksum"":""92560214e2ee8afd"",""nonfinite"":0},{""label"":""decode"",""checksum"":""ea317c3ff2b17152"",""nonfinite"":0}]",b5d2ea31b0f709c295ad59dfab37889028c6fe9857ea11908ff3ab4b717c9a5d,0,87,31084.000,31135.000,2852.000,2557.000,2955.000,58.598,66.000,337.756,518.140,73.126,100.000,"{""argv"":[""/home/wici/llama.cpp/build-cuda/bin/llama-bench"",""-m"",""/home/wici/voice-lab/models/gguf/gemma-4-31B-it-Q4_0.gguf"",""-p"",""512"",""-n"",""64"",""-r"",""5"",""-t"",""8"",""-b"",""512"",""-ub"",""512"",""-fa"",""on"",""-ctk"",""f16"",""-ctv"",""f16"",""-mmp"",""1"",""-o"",""csv"",""--ctx-size"",""165120"",""-ot"",""^blk[.][0-9]+[.](attn_(k|v|q|output)|ffn_(down|gate|up))[.]weight$=CUDA_Hybrid""],""env"":{""GGML_CUDA_HYBRID_MODE"":""staging"",""GGML_CUDA_HYBRID_PAGE_BUDGET"":""339"",""LD_LIBRARY_PATH"":""/dev/shm/intertidal-capacity.mEP47j:/home/wici/llama.cpp/build-cuda/bin:/usr/local/cuda/lib64"",""LLAMA_BENCH_LOGIT_CHECKSUM"":""1""}}","{""buffers"":[{""buffer_bytes"":""16524435968"",""buffer_mib"":""15758.930"",""eligible_pages"":""7470"",""gross_bytes"":""710934528"",""gross_mib"":""678.000"",""gross_pages"":""339"",""layers"":""60"",""local_physical_bytes"":""15814623232"",""local_physical_mib"":""15082.000"",""mode"":""staging"",""net_bytes"":""685768704"",""net_mib"":""654.000"",""net_saved_mib"":""654.000"",""page_bytes"":""2097152"",""page_mib"":""2.000"",""remote_mib"":""678.000"",""requested_bytes"":""710934528"",""requested_mib"":""678.000"",""requested_pages"":""339"",""selected_tensors"":""339"",""selection"":""global_budget"",""staging_bytes"":""25165824"",""staging_mib"":""24.000""}],""gross_pages"":339,""gross_remote_bytes"":710934528,""mode"":""staging"",""net_saved_bytes"":685768704,""requested_pages"":339,""selected_layers"":60,""selected_tensors"":339,""staging_bytes"":25165824}",
1,2ea4f9e1-2cf1-4a6f-908e-9afc36c6c3b0,2026-08-12T09:08:02.739969+00:00,463fcfc4c106535f73c78b7f9d39765d0de0d6d2e370f92d4b86bfb98a1cc036,31,intertidal_dma,dense,31.0,31738.000,165120,4.2,347,,ok,0,8.738,347,347,727711744,694.000,4.200984,25165824,24.000,702545920,670.000,4.055705,measured_vmm_layout,,31738.000,347,60,,,4228.417771,55.220291,64.608790,0.144324,0.989723,0.836127,match,"[{""label"":""prompt"",""checksum"":""2417196da4492390"",""nonfinite"":0},{""label"":""prompt"",""checksum"":""0453392d6142afd3"",""nonfinite"":0},{""label"":""prompt"",""checksum"":""8c39d6d410e92623"",""nonfinite"":0},{""label"":""prompt"",""checksum"":""ce38b3f3a7a05142"",""nonfinite"":0},{""label"":""prompt"",""checksum"":""556c3b871bf91e81"",""nonfinite"":0},{""label"":""prompt"",""checksum"":""c930f979f7f0aed4"",""nonfinite"":0},{""label"":""decode"",""checksum"":""0c8e93b3ecced1c6"",""nonfinite"":0},{""label"":""decode"",""checksum"":""319a6a234bb9ed88"",""nonfinite"":0},{""label"":""decode"",""checksum"":""1e95777bddcc71d5"",""nonfinite"":0},{""label"":""decode"",""checksum"":""fc3ff68058ffd54e"",""nonfinite"":0},{""label"":""decode"",""checksum"":""92560214e2ee8afd"",""nonfinite"":0},{""label"":""decode"",""checksum"":""ea317c3ff2b17152"",""nonfinite"":0}]",b5d2ea31b0f709c295ad59dfab37889028c6fe9857ea11908ff3ab4b717c9a5d,0,88,31068.000,31119.000,2926.580,2775.000,2955.000,59.125,66.000,338.216,498.940,56.886,100.000,"{""argv"":[""/home/wici/llama.cpp/build-cuda/bin/llama-bench"",""-m"",""/home/wici/voice-lab/models/gguf/gemma-4-31B-it-Q4_0.gguf"",""-p"",""512"",""-n"",""64"",""-r"",""5"",""-t"",""8"",""-b"",""512"",""-ub"",""512"",""-fa"",""on"",""-ctk"",""f16"",""-ctv"",""f16"",""-mmp"",""1"",""-o"",""csv"",""--ctx-size"",""165120"",""-ot"",""^blk[.][0-9]+[.](attn_(k|v|q|output)|ffn_(down|gate|up))[.]weight$=CUDA_Hybrid""],""env"":{""GGML_CUDA_HYBRID_MODE"":""staging"",""GGML_CUDA_HYBRID_PAGE_BUDGET"":""347"",""LD_LIBRARY_PATH"":""/dev/shm/intertidal-capacity.mEP47j:/home/wici/llama.cpp/build-cuda/bin:/usr/local/cuda/lib64"",""LLAMA_BENCH_LOGIT_CHECKSUM"":""1""}}","{""buffers"":[{""buffer_bytes"":""16524435968"",""buffer_mib"":""15758.930"",""eligible_pages"":""7470"",""gross_bytes"":""727711744"",""gross_mib"":""694.000"",""gross_pages"":""347"",""layers"":""60"",""local_physical_bytes"":""15797846016"",""local_physical_mib"":""15066.000"",""mode"":""staging"",""net_bytes"":""702545920"",""net_mib"":""670.000"",""net_saved_mib"":""670.000"",""page_bytes"":""2097152"",""page_mib"":""2.000"",""remote_mib"":""694.000"",""requested_bytes"":""727711744"",""requested_mib"":""694.000"",""requested_pages"":""347"",""selected_tensors"":""347"",""selection"":""global_budget"",""staging_bytes"":""25165824"",""staging_mib"":""24.000""}],""gross_pages"":347,""gross_remote_bytes"":727711744,""mode"":""staging"",""net_saved_bytes"":702545920,""requested_pages"":347,""selected_layers"":60,""selected_tensors"":347,""staging_bytes"":25165824}",
1,2ea4f9e1-2cf1-4a6f-908e-9afc36c6c3b0,2026-08-12T09:08:11.624973+00:00,463fcfc4c106535f73c78b7f9d39765d0de0d6d2e370f92d4b86bfb98a1cc036,31,intertidal_dma,dense,31.0,31738.000,165120,4.3,355,,ok,0,8.861,355,355,744488960,710.000,4.297837,25165824,24.000,719323136,686.000,4.152558,measured_vmm_layout,,31738.000,355,60,,,4224.099003,48.377935,63.522618,0.156272,0.988713,0.822070,match,"[{""label"":""prompt"",""checksum"":""2417196da4492390"",""nonfinite"":0},{""label"":""prompt"",""checksum"":""0453392d6142afd3"",""nonfinite"":0},{""label"":""prompt"",""checksum"":""8c39d6d410e92623"",""nonfinite"":0},{""label"":""prompt"",""checksum"":""ce38b3f3a7a05142"",""nonfinite"":0},{""label"":""prompt"",""checksum"":""556c3b871bf91e81"",""nonfinite"":0},{""label"":""prompt"",""checksum"":""c930f979f7f0aed4"",""nonfinite"":0},{""label"":""decode"",""checksum"":""0c8e93b3ecced1c6"",""nonfinite"":0},{""label"":""decode"",""checksum"":""319a6a234bb9ed88"",""nonfinite"":0},{""label"":""decode"",""checksum"":""1e95777bddcc71d5"",""nonfinite"":0},{""label"":""decode"",""checksum"":""fc3ff68058ffd54e"",""nonfinite"":0},{""label"":""decode"",""checksum"":""92560214e2ee8afd"",""nonfinite"":0},{""label"":""decode"",""checksum"":""ea317c3ff2b17152"",""nonfinite"":0}]",b5d2ea31b0f709c295ad59dfab37889028c6fe9857ea11908ff3ab4b717c9a5d,0,89,31052.000,31103.000,2885.719,2565.000,2955.000,60.034,67.000,338.948,512.000,77.258,100.000,"{""argv"":[""/home/wici/llama.cpp/build-cuda/bin/llama-bench"",""-m"",""/home/wici/voice-lab/models/gguf/gemma-4-31B-it-Q4_0.gguf"",""-p"",""512"",""-n"",""64"",""-r"",""5"",""-t"",""8"",""-b"",""512"",""-ub"",""512"",""-fa"",""on"",""-ctk"",""f16"",""-ctv"",""f16"",""-mmp"",""1"",""-o"",""csv"",""--ctx-size"",""165120"",""-ot"",""^blk[.][0-9]+[.](attn_(k|v|q|output)|ffn_(down|gate|up))[.]weight$=CUDA_Hybrid""],""env"":{""GGML_CUDA_HYBRID_MODE"":""staging"",""GGML_CUDA_HYBRID_PAGE_BUDGET"":""355"",""LD_LIBRARY_PATH"":""/dev/shm/intertidal-capacity.mEP47j:/home/wici/llama.cpp/build-cuda/bin:/usr/local/cuda/lib64"",""LLAMA_BENCH_LOGIT_CHECKSUM"":""1""}}","{""buffers"":[{""buffer_bytes"":""16524435968"",""buffer_mib"":""15758.930"",""eligible_pages"":""7470"",""gross_bytes"":""744488960"",""gross_mib"":""710.000"",""gross_pages"":""355"",""layers"":""60"",""local_physical_bytes"":""15781068800"",""local_physical_mib"":""15050.000"",""mode"":""staging"",""net_bytes"":""719323136"",""net_mib"":""686.000"",""net_saved_mib"":""686.000"",""page_bytes"":""2097152"",""page_mib"":""2.000"",""remote_mib"":""710.000"",""requested_bytes"":""744488960"",""requested_mib"":""710.000"",""requested_pages"":""355"",""selected_tensors"":""355"",""selection"":""global_budget"",""staging_bytes"":""25165824"",""staging_mib"":""24.000""}],""gross_pages"":355,""gross_remote_bytes"":744488960,""mode"":""staging"",""net_saved_bytes"":719323136,""requested_pages"":355,""selected_layers"":60,""selected_tensors"":355,""staging_bytes"":25165824}",
1,2ea4f9e1-2cf1-4a6f-908e-9afc36c6c3b0,2026-08-12T09:08:20.522784+00:00,463fcfc4c106535f73c78b7f9d39765d0de0d6d2e370f92d4b86bfb98a1cc036,31,intertidal_dma,dense,31.0,31738.000,165120,4.4,363,,ok,0,8.881,363,363,761266176,726.000,4.394689,29360128,28.000,731906048,698.000,4.225197,measured_vmm_layout,,31738.000,363,60,,,4221.766107,58.973989,62.468839,0.146326,0.988166,0.808433,match,"[{""label"":""prompt"",""checksum"":""2417196da4492390"",""nonfinite"":0},{""label"":""prompt"",""checksum"":""0453392d6142afd3"",""nonfinite"":0},{""label"":""prompt"",""checksum"":""8c39d6d410e92623"",""nonfinite"":0},{""label"":""prompt"",""checksum"":""ce38b3f3a7a05142"",""nonfinite"":0},{""label"":""prompt"",""checksum"":""556c3b871bf91e81"",""nonfinite"":0},{""label"":""prompt"",""checksum"":""c930f979f7f0aed4"",""nonfinite"":0},{""label"":""decode"",""checksum"":""0c8e93b3ecced1c6"",""nonfinite"":0},{""label"":""decode"",""checksum"":""319a6a234bb9ed88"",""nonfinite"":0},{""label"":""decode"",""checksum"":""1e95777bddcc71d5"",""nonfinite"":0},{""label"":""decode"",""checksum"":""fc3ff68058ffd54e"",""nonfinite"":0},{""label"":""decode"",""checksum"":""92560214e2ee8afd"",""nonfinite"":0},{""label"":""decode"",""checksum"":""ea317c3ff2b17152"",""nonfinite"":0}]",b5d2ea31b0f709c295ad59dfab37889028c6fe9857ea11908ff3ab4b717c9a5d,0,90,31040.000,31091.000,2906.922,2587.000,2955.000,60.111,67.000,332.795,488.110,68.689,100.000,"{""argv"":[""/home/wici/llama.cpp/build-cuda/bin/llama-bench"",""-m"",""/home/wici/voice-lab/models/gguf/gemma-4-31B-it-Q4_0.gguf"",""-p"",""512"",""-n"",""64"",""-r"",""5"",""-t"",""8"",""-b"",""512"",""-ub"",""512"",""-fa"",""on"",""-ctk"",""f16"",""-ctv"",""f16"",""-mmp"",""1"",""-o"",""csv"",""--ctx-size"",""165120"",""-ot"",""^blk[.][0-9]+[.](attn_(k|v|q|output)|ffn_(down|gate|up))[.]weight$=CUDA_Hybrid""],""env"":{""GGML_CUDA_HYBRID_MODE"":""staging"",""GGML_CUDA_HYBRID_PAGE_BUDGET"":""363"",""LD_LIBRARY_PATH"":""/dev/shm/intertidal-capacity.mEP47j:/home/wici/llama.cpp/build-cuda/bin:/usr/local/cuda/lib64"",""LLAMA_BENCH_LOGIT_CHECKSUM"":""1""}}","{""buffers"":[{""buffer_bytes"":""16524435968"",""buffer_mib"":""15758.930"",""eligible_pages"":""7470"",""gross_bytes"":""761266176"",""gross_mib"":""726.000"",""gross_pages"":""363"",""layers"":""60"",""local_physical_bytes"":""15764291584"",""local_physical_mib"":""15034.000"",""mode"":""staging"",""net_bytes"":""731906048"",""net_mib"":""698.000"",""net_saved_mib"":""698.000"",""page_bytes"":""2097152"",""page_mib"":""2.000"",""remote_mib"":""726.000"",""requested_bytes"":""761266176"",""requested_mib"":""726.000"",""requested_pages"":""363"",""selected_tensors"":""363"",""selection"":""global_budget"",""staging_bytes"":""29360128"",""staging_mib"":""28.000""}],""gross_pages"":363,""gross_remote_bytes"":761266176,""mode"":""staging"",""net_saved_bytes"":731906048,""requested_pages"":363,""selected_layers"":60,""selected_tensors"":363,""staging_bytes"":29360128}",
1,2ea4f9e1-2cf1-4a6f-908e-9afc36c6c3b0,2026-08-12T09:08:29.618523+00:00,463fcfc4c106535f73c78b7f9d39765d0de0d6d2e370f92d4b86bfb98a1cc036,31,intertidal_dma,dense,31.0,31738.000,165120,4.5,372,,ok,0,9.085,372,372,780140544,744.000,4.503648,29360128,28.000,750780416,716.000,4.334156,measured_vmm_layout,,31738.000,372,60,,,4222.622899,53.589351,60.960315,0.114982,0.988367,0.788910,match,"[{""label"":""prompt"",""checksum"":""2417196da4492390"",""nonfinite"":0},{""label"":""prompt"",""checksum"":""0453392d6142afd3"",""nonfinite"":0},{""label"":""prompt"",""checksum"":""8c39d6d410e92623"",""nonfinite"":0},{""label"":""prompt"",""checksum"":""ce38b3f3a7a05142"",""nonfinite"":0},{""label"":""prompt"",""checksum"":""556c3b871bf91e81"",""nonfinite"":0},{""label"":""prompt"",""checksum"":""c930f979f7f0aed4"",""nonfinite"":0},{""label"":""decode"",""checksum"":""0c8e93b3ecced1c6"",""nonfinite"":0},{""label"":""decode"",""checksum"":""319a6a234bb9ed88"",""nonfinite"":0},{""label"":""decode"",""checksum"":""1e95777bddcc71d5"",""nonfinite"":0},{""label"":""decode"",""checksum"":""fc3ff68058ffd54e"",""nonfinite"":0},{""label"":""decode"",""checksum"":""92560214e2ee8afd"",""nonfinite"":0},{""label"":""decode"",""checksum"":""ea317c3ff2b17152"",""nonfinite"":0}]",b5d2ea31b0f709c295ad59dfab37889028c6fe9857ea11908ff3ab4b717c9a5d,0,92,31022.000,31073.000,2895.511,2647.000,2955.000,60.076,68.000,332.387,495.100,70.761,100.000,"{""argv"":[""/home/wici/llama.cpp/build-cuda/bin/llama-bench"",""-m"",""/home/wici/voice-lab/models/gguf/gemma-4-31B-it-Q4_0.gguf"",""-p"",""512"",""-n"",""64"",""-r"",""5"",""-t"",""8"",""-b"",""512"",""-ub"",""512"",""-fa"",""on"",""-ctk"",""f16"",""-ctv"",""f16"",""-mmp"",""1"",""-o"",""csv"",""--ctx-size"",""165120"",""-ot"",""^blk[.][0-9]+[.](attn_(k|v|q|output)|ffn_(down|gate|up))[.]weight$=CUDA_Hybrid""],""env"":{""GGML_CUDA_HYBRID_MODE"":""staging"",""GGML_CUDA_HYBRID_PAGE_BUDGET"":""372"",""LD_LIBRARY_PATH"":""/dev/shm/intertidal-capacity.mEP47j:/home/wici/llama.cpp/build-cuda/bin:/usr/local/cuda/lib64"",""LLAMA_BENCH_LOGIT_CHECKSUM"":""1""}}","{""buffers"":[{""buffer_bytes"":""16524435968"",""buffer_mib"":""15758.930"",""eligible_pages"":""7470"",""gross_bytes"":""780140544"",""gross_mib"":""744.000"",""gross_pages"":""372"",""layers"":""60"",""local_physical_bytes"":""15745417216"",""local_physical_mib"":""15016.000"",""mode"":""staging"",""net_bytes"":""750780416"",""net_mib"":""716.000"",""net_saved_mib"":""716.000"",""page_bytes"":""2097152"",""page_mib"":""2.000"",""remote_mib"":""744.000"",""requested_bytes"":""780140544"",""requested_mib"":""744.000"",""requested_pages"":""372"",""selected_tensors"":""372"",""selection"":""global_budget"",""staging_bytes"":""29360128"",""staging_mib"":""28.000""}],""gross_pages"":372,""gross_remote_bytes"":780140544,""mode"":""staging"",""net_saved_bytes"":750780416,""requested_pages"":372,""selected_layers"":60,""selected_tensors"":372,""staging_bytes"":29360128}",
1,2ea4f9e1-2cf1-4a6f-908e-9afc36c6c3b0,2026-08-12T09:08:38.883455+00:00,463fcfc4c106535f73c78b7f9d39765d0de0d6d2e370f92d4b86bfb98a1cc036,31,intertidal_dma,dense,31.0,31738.000,165120,4.6,380,,ok,0,9.242,380,380,796917760,760.000,4.600501,29360128,28.000,767557632,732.000,4.431009,measured_vmm_layout,,31738.000,380,60,,,4221.506117,49.553728,59.683287,0.124578,0.988106,0.772384,match,"[{""label"":""prompt"",""checksum"":""2417196da4492390"",""nonfinite"":0},{""label"":""prompt"",""checksum"":""0453392d6142afd3"",""nonfinite"":0},{""label"":""prompt"",""checksum"":""8c39d6d410e92623"",""nonfinite"":0},{""label"":""prompt"",""checksum"":""ce38b3f3a7a05142"",""nonfinite"":0},{""label"":""prompt"",""checksum"":""556c3b871bf91e81"",""nonfinite"":0},{""label"":""prompt"",""checksum"":""c930f979f7f0aed4"",""nonfinite"":0},{""label"":""decode"",""checksum"":""0c8e93b3ecced1c6"",""nonfinite"":0},{""label"":""decode"",""checksum"":""319a6a234bb9ed88"",""nonfinite"":0},{""label"":""decode"",""checksum"":""1e95777bddcc71d5"",""nonfinite"":0},{""label"":""decode"",""checksum"":""fc3ff68058ffd54e"",""nonfinite"":0},{""label"":""decode"",""checksum"":""92560214e2ee8afd"",""nonfinite"":0},{""label"":""decode"",""checksum"":""ea317c3ff2b17152"",""nonfinite"":0}]",b5d2ea31b0f709c295ad59dfab37889028c6fe9857ea11908ff3ab4b717c9a5d,0,92,31006.000,31057.000,2922.293,2850.000,2955.000,60.174,67.000,331.555,505.670,69.435,100.000,"{""argv"":[""/home/wici/llama.cpp/build-cuda/bin/llama-bench"",""-m"",""/home/wici/voice-lab/models/gguf/gemma-4-31B-it-Q4_0.gguf"",""-p"",""512"",""-n"",""64"",""-r"",""5"",""-t"",""8"",""-b"",""512"",""-ub"",""512"",""-fa"",""on"",""-ctk"",""f16"",""-ctv"",""f16"",""-mmp"",""1"",""-o"",""csv"",""--ctx-size"",""165120"",""-ot"",""^blk[.][0-9]+[.](attn_(k|v|q|output)|ffn_(down|gate|up))[.]weight$=CUDA_Hybrid""],""env"":{""GGML_CUDA_HYBRID_MODE"":""staging"",""GGML_CUDA_HYBRID_PAGE_BUDGET"":""380"",""LD_LIBRARY_PATH"":""/dev/shm/intertidal-capacity.mEP47j:/home/wici/llama.cpp/build-cuda/bin:/usr/local/cuda/lib64"",""LLAMA_BENCH_LOGIT_CHECKSUM"":""1""}}","{""buffers"":[{""buffer_bytes"":""16524435968"",""buffer_mib"":""15758.930"",""eligible_pages"":""7470"",""gross_bytes"":""796917760"",""gross_mib"":""760.000"",""gross_pages"":""380"",""layers"":""60"",""local_physical_bytes"":""15728640000"",""local_physical_mib"":""15000.000"",""mode"":""staging"",""net_bytes"":""767557632"",""net_mib"":""732.000"",""net_saved_mib"":""732.000"",""page_bytes"":""2097152"",""page_mib"":""2.000"",""remote_mib"":""760.000"",""requested_bytes"":""796917760"",""requested_mib"":""760.000"",""requested_pages"":""380"",""selected_tensors"":""380"",""selection"":""global_budget"",""staging_bytes"":""29360128"",""staging_mib"":""28.000""}],""gross_pages"":380,""gross_remote_bytes"":796917760,""mode"":""staging"",""net_saved_bytes"":767557632,""requested_pages"":380,""selected_layers"":60,""selected_tensors"":380,""staging_bytes"":29360128}",
1,2ea4f9e1-2cf1-4a6f-908e-9afc36c6c3b0,2026-08-12T09:08:48.348139+00:00,463fcfc4c106535f73c78b7f9d39765d0de0d6d2e370f92d4b86bfb98a1cc036,31,intertidal_dma,dense,31.0,31738.000,165120,4.7,388,,ok,0,9.455,388,388,813694976,776.000,4.697354,29360128,28.000,784334848,748.000,4.527862,measured_vmm_layout,,31738.000,388,60,,,4221.989901,60.500030,58.569339,0.080365,0.988219,0.757968,match,"[{""label"":""prompt"",""checksum"":""2417196da4492390"",""nonfinite"":0},{""label"":""prompt"",""checksum"":""0453392d6142afd3"",""nonfinite"":0},{""label"":""prompt"",""checksum"":""8c39d6d410e92623"",""nonfinite"":0},{""label"":""prompt"",""checksum"":""ce38b3f3a7a05142"",""nonfinite"":0},{""label"":""prompt"",""checksum"":""556c3b871bf91e81"",""nonfinite"":0},{""label"":""prompt"",""checksum"":""c930f979f7f0aed4"",""nonfinite"":0},{""label"":""decode"",""checksum"":""0c8e93b3ecced1c6"",""nonfinite"":0},{""label"":""decode"",""checksum"":""319a6a234bb9ed88"",""nonfinite"":0},{""label"":""decode"",""checksum"":""1e95777bddcc71d5"",""nonfinite"":0},{""label"":""decode"",""checksum"":""fc3ff68058ffd54e"",""nonfinite"":0},{""label"":""decode"",""checksum"":""92560214e2ee8afd"",""nonfinite"":0},{""label"":""decode"",""checksum"":""ea317c3ff2b17152"",""nonfinite"":0}]",b5d2ea31b0f709c295ad59dfab37889028c6fe9857ea11908ff3ab4b717c9a5d,0,94,30990.000,31041.000,2853.287,2505.000,2947.000,59.872,68.000,324.687,508.550,63.394,100.000,"{""argv"":[""/home/wici/llama.cpp/build-cuda/bin/llama-bench"",""-m"",""/home/wici/voice-lab/models/gguf/gemma-4-31B-it-Q4_0.gguf"",""-p"",""512"",""-n"",""64"",""-r"",""5"",""-t"",""8"",""-b"",""512"",""-ub"",""512"",""-fa"",""on"",""-ctk"",""f16"",""-ctv"",""f16"",""-mmp"",""1"",""-o"",""csv"",""--ctx-size"",""165120"",""-ot"",""^blk[.][0-9]+[.](attn_(k|v|q|output)|ffn_(down|gate|up))[.]weight$=CUDA_Hybrid""],""env"":{""GGML_CUDA_HYBRID_MODE"":""staging"",""GGML_CUDA_HYBRID_PAGE_BUDGET"":""388"",""LD_LIBRARY_PATH"":""/dev/shm/intertidal-capacity.mEP47j:/home/wici/llama.cpp/build-cuda/bin:/usr/local/cuda/lib64"",""LLAMA_BENCH_LOGIT_CHECKSUM"":""1""}}","{""buffers"":[{""buffer_bytes"":""16524435968"",""buffer_mib"":""15758.930"",""eligible_pages"":""7470"",""gross_bytes"":""813694976"",""gross_mib"":""776.000"",""gross_pages"":""388"",""layers"":""60"",""local_physical_bytes"":""15711862784"",""local_physical_mib"":""14984.000"",""mode"":""staging"",""net_bytes"":""784334848"",""net_mib"":""748.000"",""net_saved_mib"":""748.000"",""page_bytes"":""2097152"",""page_mib"":""2.000"",""remote_mib"":""776.000"",""requested_bytes"":""813694976"",""requested_mib"":""776.000"",""requested_pages"":""388"",""selected_tensors"":""388"",""selection"":""global_budget"",""staging_bytes"":""29360128"",""staging_mib"":""28.000""}],""gross_pages"":388,""gross_remote_bytes"":813694976,""mode"":""staging"",""net_saved_bytes"":784334848,""requested_pages"":388,""selected_layers"":60,""selected_tensors"":388,""staging_bytes"":29360128}",
1,2ea4f9e1-2cf1-4a6f-908e-9afc36c6c3b0,2026-08-12T09:08:58.315296+00:00,463fcfc4c106535f73c78b7f9d39765d0de0d6d2e370f92d4b86bfb98a1cc036,31,intertidal_dma,dense,31.0,31738.000,165120,4.8,396,,ok,0,9.947,396,396,830472192,792.000,4.794206,29360128,28.000,801112064,764.000,4.624714,measured_vmm_layout,,31738.000,396,60,,,4226.137262,69.805810,57.432177,0.095556,0.989190,0.743251,match,"[{""label"":""prompt"",""checksum"":""2417196da4492390"",""nonfinite"":0},{""label"":""prompt"",""checksum"":""0453392d6142afd3"",""nonfinite"":0},{""label"":""prompt"",""checksum"":""8c39d6d410e92623"",""nonfinite"":0},{""label"":""prompt"",""checksum"":""ce38b3f3a7a05142"",""nonfinite"":0},{""label"":""prompt"",""checksum"":""556c3b871bf91e81"",""nonfinite"":0},{""label"":""prompt"",""checksum"":""c930f979f7f0aed4"",""nonfinite"":0},{""label"":""decode"",""checksum"":""0c8e93b3ecced1c6"",""nonfinite"":0},{""label"":""decode"",""checksum"":""319a6a234bb9ed88"",""nonfinite"":0},{""label"":""decode"",""checksum"":""1e95777bddcc71d5"",""nonfinite"":0},{""label"":""decode"",""checksum"":""fc3ff68058ffd54e"",""nonfinite"":0},{""label"":""decode"",""checksum"":""92560214e2ee8afd"",""nonfinite"":0},{""label"":""decode"",""checksum"":""ea317c3ff2b17152"",""nonfinite"":0}]",b5d2ea31b0f709c295ad59dfab37889028c6fe9857ea11908ff3ab4b717c9a5d,0,95,30974.000,31025.000,2845.600,2520.000,2955.000,59.968,67.000,314.658,502.810,72.516,100.000,"{""argv"":[""/home/wici/llama.cpp/build-cuda/bin/llama-bench"",""-m"",""/home/wici/voice-lab/models/gguf/gemma-4-31B-it-Q4_0.gguf"",""-p"",""512"",""-n"",""64"",""-r"",""5"",""-t"",""8"",""-b"",""512"",""-ub"",""512"",""-fa"",""on"",""-ctk"",""f16"",""-ctv"",""f16"",""-mmp"",""1"",""-o"",""csv"",""--ctx-size"",""165120"",""-ot"",""^blk[.][0-9]+[.](attn_(k|v|q|output)|ffn_(down|gate|up))[.]weight$=CUDA_Hybrid""],""env"":{""GGML_CUDA_HYBRID_MODE"":""staging"",""GGML_CUDA_HYBRID_PAGE_BUDGET"":""396"",""LD_LIBRARY_PATH"":""/dev/shm/intertidal-capacity.mEP47j:/home/wici/llama.cpp/build-cuda/bin:/usr/local/cuda/lib64"",""LLAMA_BENCH_LOGIT_CHECKSUM"":""1""}}","{""buffers"":[{""buffer_bytes"":""16524435968"",""buffer_mib"":""15758.930"",""eligible_pages"":""7470"",""gross_bytes"":""830472192"",""gross_mib"":""792.000"",""gross_pages"":""396"",""layers"":""60"",""local_physical_bytes"":""15695085568"",""local_physical_mib"":""14968.000"",""mode"":""staging"",""net_bytes"":""801112064"",""net_mib"":""764.000"",""net_saved_mib"":""764.000"",""page_bytes"":""2097152"",""page_mib"":""2.000"",""remote_mib"":""792.000"",""requested_bytes"":""830472192"",""requested_mib"":""792.000"",""requested_pages"":""396"",""selected_tensors"":""396"",""selection"":""global_budget"",""staging_bytes"":""29360128"",""staging_mib"":""28.000""}],""gross_pages"":396,""gross_remote_bytes"":830472192,""mode"":""staging"",""net_saved_bytes"":801112064,""requested_pages"":396,""selected_layers"":60,""selected_tensors"":396,""staging_bytes"":29360128}",
1,2ea4f9e1-2cf1-4a6f-908e-9afc36c6c3b0,2026-08-12T09:09:07.833835+00:00,463fcfc4c106535f73c78b7f9d39765d0de0d6d2e370f92d4b86bfb98a1cc036,31,intertidal_dma,dense,31.0,31738.000,165120,4.9,405,,ok,0,9.505,405,405,849346560,810.000,4.903166,29360128,28.000,819986432,782.000,4.733673,measured_vmm_layout,,31738.000,405,60,,,4226.441387,63.038631,56.187410,0.139348,0.989261,0.727142,match,"[{""label"":""prompt"",""checksum"":""2417196da4492390"",""nonfinite"":0},{""label"":""prompt"",""checksum"":""0453392d6142afd3"",""nonfinite"":0},{""label"":""prompt"",""checksum"":""8c39d6d410e92623"",""nonfinite"":0},{""label"":""prompt"",""checksum"":""ce38b3f3a7a05142"",""nonfinite"":0},{""label"":""prompt"",""checksum"":""556c3b871bf91e81"",""nonfinite"":0},{""label"":""prompt"",""checksum"":""c930f979f7f0aed4"",""nonfinite"":0},{""label"":""decode"",""checksum"":""0c8e93b3ecced1c6"",""nonfinite"":0},{""label"":""decode"",""checksum"":""319a6a234bb9ed88"",""nonfinite"":0},{""label"":""decode"",""checksum"":""1e95777bddcc71d5"",""nonfinite"":0},{""label"":""decode"",""checksum"":""fc3ff68058ffd54e"",""nonfinite"":0},{""label"":""decode"",""checksum"":""92560214e2ee8afd"",""nonfinite"":0},{""label"":""decode"",""checksum"":""ea317c3ff2b17152"",""nonfinite"":0}]",b5d2ea31b0f709c295ad59dfab37889028c6fe9857ea11908ff3ab4b717c9a5d,0,96,30956.000,31007.000,2921.615,2580.000,2947.000,61.031,68.000,320.654,485.510,72.906,100.000,"{""argv"":[""/home/wici/llama.cpp/build-cuda/bin/llama-bench"",""-m"",""/home/wici/voice-lab/models/gguf/gemma-4-31B-it-Q4_0.gguf"",""-p"",""512"",""-n"",""64"",""-r"",""5"",""-t"",""8"",""-b"",""512"",""-ub"",""512"",""-fa"",""on"",""-ctk"",""f16"",""-ctv"",""f16"",""-mmp"",""1"",""-o"",""csv"",""--ctx-size"",""165120"",""-ot"",""^blk[.][0-9]+[.](attn_(k|v|q|output)|ffn_(down|gate|up))[.]weight$=CUDA_Hybrid""],""env"":{""GGML_CUDA_HYBRID_MODE"":""staging"",""GGML_CUDA_HYBRID_PAGE_BUDGET"":""405"",""LD_LIBRARY_PATH"":""/dev/shm/intertidal-capacity.mEP47j:/home/wici/llama.cpp/build-cuda/bin:/usr/local/cuda/lib64"",""LLAMA_BENCH_LOGIT_CHECKSUM"":""1""}}","{""buffers"":[{""buffer_bytes"":""16524435968"",""buffer_mib"":""15758.930"",""eligible_pages"":""7470"",""gross_bytes"":""849346560"",""gross_mib"":""810.000"",""gross_pages"":""405"",""layers"":""60"",""local_physical_bytes"":""15676211200"",""local_physical_mib"":""14950.000"",""mode"":""staging"",""net_bytes"":""819986432"",""net_mib"":""782.000"",""net_saved_mib"":""782.000"",""page_bytes"":""2097152"",""page_mib"":""2.000"",""remote_mib"":""810.000"",""requested_bytes"":""849346560"",""requested_mib"":""810.000"",""requested_pages"":""405"",""selected_tensors"":""405"",""selection"":""global_budget"",""staging_bytes"":""29360128"",""staging_mib"":""28.000""}],""gross_pages"":405,""gross_remote_bytes"":849346560,""mode"":""staging"",""net_saved_bytes"":819986432,""requested_pages"":405,""selected_layers"":60,""selected_tensors"":405,""staging_bytes"":29360128}",
1,2ea4f9e1-2cf1-4a6f-908e-9afc36c6c3b0,2026-08-12T09:09:17.690873+00:00,463fcfc4c106535f73c78b7f9d39765d0de0d6d2e370f92d4b86bfb98a1cc036,31,intertidal_dma,dense,31.0,31738.000,165120,5.1,421,,ok,0,9.841,421,421,882900992,842.000,5.096871,33554432,32.000,849346560,810.000,4.903166,measured_vmm_layout,,31738.000,410,60,,,4224.948672,56.183918,54.216768,0.093953,0.988911,0.701639,match,"[{""label"":""prompt"",""checksum"":""2417196da4492390"",""nonfinite"":0},{""label"":""prompt"",""checksum"":""0453392d6142afd3"",""nonfinite"":0},{""label"":""prompt"",""checksum"":""8c39d6d410e92623"",""nonfinite"":0},{""label"":""prompt"",""checksum"":""ce38b3f3a7a05142"",""nonfinite"":0},{""label"":""prompt"",""checksum"":""556c3b871bf91e81"",""nonfinite"":0},{""label"":""prompt"",""checksum"":""c930f979f7f0aed4"",""nonfinite"":0},{""label"":""decode"",""checksum"":""0c8e93b3ecced1c6"",""nonfinite"":0},{""label"":""decode"",""checksum"":""319a6a234bb9ed88"",""nonfinite"":0},{""label"":""decode"",""checksum"":""1e95777bddcc71d5"",""nonfinite"":0},{""label"":""decode"",""checksum"":""fc3ff68058ffd54e"",""nonfinite"":0},{""label"":""decode"",""checksum"":""92560214e2ee8afd"",""nonfinite"":0},{""label"":""decode"",""checksum"":""ea317c3ff2b17152"",""nonfinite"":0}]",b5d2ea31b0f709c295ad59dfab37889028c6fe9857ea11908ff3ab4b717c9a5d,0,99,30928.000,30979.000,2862.141,2565.000,2940.000,60.909,68.000,319.096,485.240,71.899,100.000,"{""argv"":[""/home/wici/llama.cpp/build-cuda/bin/llama-bench"",""-m"",""/home/wici/voice-lab/models/gguf/gemma-4-31B-it-Q4_0.gguf"",""-p"",""512"",""-n"",""64"",""-r"",""5"",""-t"",""8"",""-b"",""512"",""-ub"",""512"",""-fa"",""on"",""-ctk"",""f16"",""-ctv"",""f16"",""-mmp"",""1"",""-o"",""csv"",""--ctx-size"",""165120"",""-ot"",""^blk[.][0-9]+[.](attn_(k|v|q|output)|ffn_(down|gate|up))[.]weight$=CUDA_Hybrid""],""env"":{""GGML_CUDA_HYBRID_MODE"":""staging"",""GGML_CUDA_HYBRID_PAGE_BUDGET"":""421"",""LD_LIBRARY_PATH"":""/dev/shm/intertidal-capacity.mEP47j:/home/wici/llama.cpp/build-cuda/bin:/usr/local/cuda/lib64"",""LLAMA_BENCH_LOGIT_CHECKSUM"":""1""}}","{""buffers"":[{""buffer_bytes"":""16524435968"",""buffer_mib"":""15758.930"",""eligible_pages"":""7470"",""gross_bytes"":""882900992"",""gross_mib"":""842.000"",""gross_pages"":""421"",""layers"":""60"",""local_physical_bytes"":""15642656768"",""local_physical_mib"":""14918.000"",""mode"":""staging"",""net_bytes"":""849346560"",""net_mib"":""810.000"",""net_saved_mib"":""810.000"",""page_bytes"":""2097152"",""page_mib"":""2.000"",""remote_mib"":""842.000"",""requested_bytes"":""882900992"",""requested_mib"":""842.000"",""requested_pages"":""421"",""selected_tensors"":""410"",""selection"":""global_budget"",""staging_bytes"":""33554432"",""staging_mib"":""32.000""}],""gross_pages"":421,""gross_remote_bytes"":882900992,""mode"":""staging"",""net_saved_bytes"":849346560,""requested_pages"":421,""selected_layers"":60,""selected_tensors"":410,""staging_bytes"":33554432}",
1,2ea4f9e1-2cf1-4a6f-908e-9afc36c6c3b0,2026-08-12T09:09:27.594655+00:00,463fcfc4c106535f73c78b7f9d39765d0de0d6d2e370f92d4b86bfb98a1cc036,31,intertidal_dma,dense,31.0,31738.000,165120,5.2,430,,ok,0,9.897,430,430,901775360,860.000,5.205830,33554432,32.000,868220928,828.000,5.012125,measured_vmm_layout,,31738.000,410,60,,,4221.558211,60.867933,53.081948,0.100611,0.988118,0.686953,match,"[{""label"":""prompt"",""checksum"":""2417196da4492390"",""nonfinite"":0},{""label"":""prompt"",""checksum"":""0453392d6142afd3"",""nonfinite"":0},{""label"":""prompt"",""checksum"":""8c39d6d410e92623"",""nonfinite"":0},{""label"":""prompt"",""checksum"":""ce38b3f3a7a05142"",""nonfinite"":0},{""label"":""prompt"",""checksum"":""556c3b871bf91e81"",""nonfinite"":0},{""label"":""prompt"",""checksum"":""c930f979f7f0aed4"",""nonfinite"":0},{""label"":""decode"",""checksum"":""0c8e93b3ecced1c6"",""nonfinite"":0},{""label"":""decode"",""checksum"":""319a6a234bb9ed88"",""nonfinite"":0},{""label"":""decode"",""checksum"":""1e95777bddcc71d5"",""nonfinite"":0},{""label"":""decode"",""checksum"":""fc3ff68058ffd54e"",""nonfinite"":0},{""label"":""decode"",""checksum"":""92560214e2ee8afd"",""nonfinite"":0},{""label"":""decode"",""checksum"":""ea317c3ff2b17152"",""nonfinite"":0}]",b5d2ea31b0f709c295ad59dfab37889028c6fe9857ea11908ff3ab4b717c9a5d,0,100,30910.000,30961.000,2848.950,2520.000,2940.000,60.770,68.000,312.985,504.610,72.520,100.000,"{""argv"":[""/home/wici/llama.cpp/build-cuda/bin/llama-bench"",""-m"",""/home/wici/voice-lab/models/gguf/gemma-4-31B-it-Q4_0.gguf"",""-p"",""512"",""-n"",""64"",""-r"",""5"",""-t"",""8"",""-b"",""512"",""-ub"",""512"",""-fa"",""on"",""-ctk"",""f16"",""-ctv"",""f16"",""-mmp"",""1"",""-o"",""csv"",""--ctx-size"",""165120"",""-ot"",""^blk[.][0-9]+[.](attn_(k|v|q|output)|ffn_(down|gate|up))[.]weight$=CUDA_Hybrid""],""env"":{""GGML_CUDA_HYBRID_MODE"":""staging"",""GGML_CUDA_HYBRID_PAGE_BUDGET"":""430"",""LD_LIBRARY_PATH"":""/dev/shm/intertidal-capacity.mEP47j:/home/wici/llama.cpp/build-cuda/bin:/usr/local/cuda/lib64"",""LLAMA_BENCH_LOGIT_CHECKSUM"":""1""}}","{""buffers"":[{""buffer_bytes"":""16524435968"",""buffer_mib"":""15758.930"",""eligible_pages"":""7470"",""gross_bytes"":""901775360"",""gross_mib"":""860.000"",""gross_pages"":""430"",""layers"":""60"",""local_physical_bytes"":""15623782400"",""local_physical_mib"":""14900.000"",""mode"":""staging"",""net_bytes"":""868220928"",""net_mib"":""828.000"",""net_saved_mib"":""828.000"",""page_bytes"":""2097152"",""page_mib"":""2.000"",""remote_mib"":""860.000"",""requested_bytes"":""901775360"",""requested_mib"":""860.000"",""requested_pages"":""430"",""selected_tensors"":""410"",""selection"":""global_budget"",""staging_bytes"":""33554432"",""staging_mib"":""32.000""}],""gross_pages"":430,""gross_remote_bytes"":901775360,""mode"":""staging"",""net_saved_bytes"":868220928,""requested_pages"":430,""selected_layers"":60,""selected_tensors"":410,""staging_bytes"":33554432}",
1,2ea4f9e1-2cf1-4a6f-908e-9afc36c6c3b0,2026-08-12T09:09:38.660244+00:00,463fcfc4c106535f73c78b7f9d39765d0de0d6d2e370f92d4b86bfb98a1cc036,31,intertidal_dma,dense,31.0,31738.000,165120,5.3,438,,ok,0,11.058,438,438,918552576,876.000,5.302683,33554432,32.000,884998144,844.000,5.108977,measured_vmm_layout,,31738.000,410,60,,,4218.693692,54.948708,52.181031,0.066858,0.987447,0.675294,match,"[{""label"":""prompt"",""checksum"":""2417196da4492390"",""nonfinite"":0},{""label"":""prompt"",""checksum"":""0453392d6142afd3"",""nonfinite"":0},{""label"":""prompt"",""checksum"":""8c39d6d410e92623"",""nonfinite"":0},{""label"":""prompt"",""checksum"":""ce38b3f3a7a05142"",""nonfinite"":0},{""label"":""prompt"",""checksum"":""556c3b871bf91e81"",""nonfinite"":0},{""label"":""prompt"",""checksum"":""c930f979f7f0aed4"",""nonfinite"":0},{""label"":""decode"",""checksum"":""0c8e93b3ecced1c6"",""nonfinite"":0},{""label"":""decode"",""checksum"":""319a6a234bb9ed88"",""nonfinite"":0},{""label"":""decode"",""checksum"":""1e95777bddcc71d5"",""nonfinite"":0},{""label"":""decode"",""checksum"":""fc3ff68058ffd54e"",""nonfinite"":0},{""label"":""decode"",""checksum"":""92560214e2ee8afd"",""nonfinite"":0},{""label"":""decode"",""checksum"":""ea317c3ff2b17152"",""nonfinite"":0}]",b5d2ea31b0f709c295ad59dfab37889028c6fe9857ea11908ff3ab4b717c9a5d,0,101,30894.000,30945.000,2920.713,2722.000,2955.000,60.604,67.000,314.338,509.140,73.030,100.000,"{""argv"":[""/home/wici/llama.cpp/build-cuda/bin/llama-bench"",""-m"",""/home/wici/voice-lab/models/gguf/gemma-4-31B-it-Q4_0.gguf"",""-p"",""512"",""-n"",""64"",""-r"",""5"",""-t"",""8"",""-b"",""512"",""-ub"",""512"",""-fa"",""on"",""-ctk"",""f16"",""-ctv"",""f16"",""-mmp"",""1"",""-o"",""csv"",""--ctx-size"",""165120"",""-ot"",""^blk[.][0-9]+[.](attn_(k|v|q|output)|ffn_(down|gate|up))[.]weight$=CUDA_Hybrid""],""env"":{""GGML_CUDA_HYBRID_MODE"":""staging"",""GGML_CUDA_HYBRID_PAGE_BUDGET"":""438"",""LD_LIBRARY_PATH"":""/dev/shm/intertidal-capacity.mEP47j:/home/wici/llama.cpp/build-cuda/bin:/usr/local/cuda/lib64"",""LLAMA_BENCH_LOGIT_CHECKSUM"":""1""}}","{""buffers"":[{""buffer_bytes"":""16524435968"",""buffer_mib"":""15758.930"",""eligible_pages"":""7470"",""gross_bytes"":""918552576"",""gross_mib"":""876.000"",""gross_pages"":""438"",""layers"":""60"",""local_physical_bytes"":""15607005184"",""local_physical_mib"":""14884.000"",""mode"":""staging"",""net_bytes"":""884998144"",""net_mib"":""844.000"",""net_saved_mib"":""844.000"",""page_bytes"":""2097152"",""page_mib"":""2.000"",""remote_mib"":""876.000"",""requested_bytes"":""918552576"",""requested_mib"":""876.000"",""requested_pages"":""438"",""selected_tensors"":""410"",""selection"":""global_budget"",""staging_bytes"":""33554432"",""staging_mib"":""32.000""}],""gross_pages"":438,""gross_remote_bytes"":918552576,""mode"":""staging"",""net_saved_bytes"":884998144,""requested_pages"":438,""selected_layers"":60,""selected_tensors"":410,""staging_bytes"":33554432}",
1,2ea4f9e1-2cf1-4a6f-908e-9afc36c6c3b0,2026-08-12T09:09:48.749070+00:00,463fcfc4c106535f73c78b7f9d39765d0de0d6d2e370f92d4b86bfb98a1cc036,31,intertidal_dma,dense,31.0,31738.000,165120,5.4,446,,ok,0,10.081,446,446,935329792,892.000,5.399535,33554432,32.000,901775360,860.000,5.205830,measured_vmm_layout,,31738.000,410,60,,,4223.444527,58.596685,51.300112,0.111527,0.988559,0.663894,match,"[{""label"":""prompt"",""checksum"":""2417196da4492390"",""nonfinite"":0},{""label"":""prompt"",""checksum"":""0453392d6142afd3"",""nonfinite"":0},{""label"":""prompt"",""checksum"":""8c39d6d410e92623"",""nonfinite"":0},{""label"":""prompt"",""checksum"":""ce38b3f3a7a05142"",""nonfinite"":0},{""label"":""prompt"",""checksum"":""556c3b871bf91e81"",""nonfinite"":0},{""label"":""prompt"",""checksum"":""c930f979f7f0aed4"",""nonfinite"":0},{""label"":""decode"",""checksum"":""0c8e93b3ecced1c6"",""nonfinite"":0},{""label"":""decode"",""checksum"":""319a6a234bb9ed88"",""nonfinite"":0},{""label"":""decode"",""checksum"":""1e95777bddcc71d5"",""nonfinite"":0},{""label"":""decode"",""checksum"":""fc3ff68058ffd54e"",""nonfinite"":0},{""label"":""decode"",""checksum"":""92560214e2ee8afd"",""nonfinite"":0},{""label"":""decode"",""checksum"":""ea317c3ff2b17152"",""nonfinite"":0}]",b5d2ea31b0f709c295ad59dfab37889028c6fe9857ea11908ff3ab4b717c9a5d,0,102,30878.000,30929.000,2813.647,2505.000,2940.000,60.539,68.000,301.298,494.300,72.324,100.000,"{""argv"":[""/home/wici/llama.cpp/build-cuda/bin/llama-bench"",""-m"",""/home/wici/voice-lab/models/gguf/gemma-4-31B-it-Q4_0.gguf"",""-p"",""512"",""-n"",""64"",""-r"",""5"",""-t"",""8"",""-b"",""512"",""-ub"",""512"",""-fa"",""on"",""-ctk"",""f16"",""-ctv"",""f16"",""-mmp"",""1"",""-o"",""csv"",""--ctx-size"",""165120"",""-ot"",""^blk[.][0-9]+[.](attn_(k|v|q|output)|ffn_(down|gate|up))[.]weight$=CUDA_Hybrid""],""env"":{""GGML_CUDA_HYBRID_MODE"":""staging"",""GGML_CUDA_HYBRID_PAGE_BUDGET"":""446"",""LD_LIBRARY_PATH"":""/dev/shm/intertidal-capacity.mEP47j:/home/wici/llama.cpp/build-cuda/bin:/usr/local/cuda/lib64"",""LLAMA_BENCH_LOGIT_CHECKSUM"":""1""}}","{""buffers"":[{""buffer_bytes"":""16524435968"",""buffer_mib"":""15758.930"",""eligible_pages"":""7470"",""gross_bytes"":""935329792"",""gross_mib"":""892.000"",""gross_pages"":""446"",""layers"":""60"",""local_physical_bytes"":""15590227968"",""local_physical_mib"":""14868.000"",""mode"":""staging"",""net_bytes"":""901775360"",""net_mib"":""860.000"",""net_saved_mib"":""860.000"",""page_bytes"":""2097152"",""page_mib"":""2.000"",""remote_mib"":""892.000"",""requested_bytes"":""935329792"",""requested_mib"":""892.000"",""requested_pages"":""446"",""selected_tensors"":""410"",""selection"":""global_budget"",""staging_bytes"":""33554432"",""staging_mib"":""32.000""}],""gross_pages"":446,""gross_remote_bytes"":935329792,""mode"":""staging"",""net_saved_bytes"":901775360,""requested_pages"":446,""selected_layers"":60,""selected_tensors"":410,""staging_bytes"":33554432}",
1,2ea4f9e1-2cf1-4a6f-908e-9afc36c6c3b0,2026-08-12T09:09:58.945614+00:00,463fcfc4c106535f73c78b7f9d39765d0de0d6d2e370f92d4b86bfb98a1cc036,31,intertidal_dma,dense,31.0,31738.000,165120,5.5,454,,ok,0,10.188,454,454,952107008,908.000,5.496388,33554432,32.000,918552576,876.000,5.302683,measured_vmm_layout,,31738.000,410,60,,,4217.714531,54.084261,50.397271,0.086278,0.987218,0.652210,match,"[{""label"":""prompt"",""checksum"":""2417196da4492390"",""nonfinite"":0},{""label"":""prompt"",""checksum"":""0453392d6142afd3"",""nonfinite"":0},{""label"":""prompt"",""checksum"":""8c39d6d410e92623"",""nonfinite"":0},{""label"":""prompt"",""checksum"":""ce38b3f3a7a05142"",""nonfinite"":0},{""label"":""prompt"",""checksum"":""556c3b871bf91e81"",""nonfinite"":0},{""label"":""prompt"",""checksum"":""c930f979f7f0aed4"",""nonfinite"":0},{""label"":""decode"",""checksum"":""0c8e93b3ecced1c6"",""nonfinite"":0},{""label"":""decode"",""checksum"":""319a6a234bb9ed88"",""nonfinite"":0},{""label"":""decode"",""checksum"":""1e95777bddcc71d5"",""nonfinite"":0},{""label"":""decode"",""checksum"":""fc3ff68058ffd54e"",""nonfinite"":0},{""label"":""decode"",""checksum"":""92560214e2ee8afd"",""nonfinite"":0},{""label"":""decode"",""checksum"":""ea317c3ff2b17152"",""nonfinite"":0}]",b5d2ea31b0f709c295ad59dfab37889028c6fe9857ea11908ff3ab4b717c9a5d,0,104,30862.000,30913.000,2919.471,2745.000,2955.000,60.990,68.000,312.202,498.080,76.019,100.000,"{""argv"":[""/home/wici/llama.cpp/build-cuda/bin/llama-bench"",""-m"",""/home/wici/voice-lab/models/gguf/gemma-4-31B-it-Q4_0.gguf"",""-p"",""512"",""-n"",""64"",""-r"",""5"",""-t"",""8"",""-b"",""512"",""-ub"",""512"",""-fa"",""on"",""-ctk"",""f16"",""-ctv"",""f16"",""-mmp"",""1"",""-o"",""csv"",""--ctx-size"",""165120"",""-ot"",""^blk[.][0-9]+[.](attn_(k|v|q|output)|ffn_(down|gate|up))[.]weight$=CUDA_Hybrid""],""env"":{""GGML_CUDA_HYBRID_MODE"":""staging"",""GGML_CUDA_HYBRID_PAGE_BUDGET"":""454"",""LD_LIBRARY_PATH"":""/dev/shm/intertidal-capacity.mEP47j:/home/wici/llama.cpp/build-cuda/bin:/usr/local/cuda/lib64"",""LLAMA_BENCH_LOGIT_CHECKSUM"":""1""}}","{""buffers"":[{""buffer_bytes"":""16524435968"",""buffer_mib"":""15758.930"",""eligible_pages"":""7470"",""gross_bytes"":""952107008"",""gross_mib"":""908.000"",""gross_pages"":""454"",""layers"":""60"",""local_physical_bytes"":""15573450752"",""local_physical_mib"":""14852.000"",""mode"":""staging"",""net_bytes"":""918552576"",""net_mib"":""876.000"",""net_saved_mib"":""876.000"",""page_bytes"":""2097152"",""page_mib"":""2.000"",""remote_mib"":""908.000"",""requested_bytes"":""952107008"",""requested_mib"":""908.000"",""requested_pages"":""454"",""selected_tensors"":""410"",""selection"":""global_budget"",""staging_bytes"":""33554432"",""staging_mib"":""32.000""}],""gross_pages"":454,""gross_remote_bytes"":952107008,""mode"":""staging"",""net_saved_bytes"":918552576,""requested_pages"":454,""selected_layers"":60,""selected_tensors"":410,""staging_bytes"":33554432}",
1,2ea4f9e1-2cf1-4a6f-908e-9afc36c6c3b0,2026-08-12T09:10:10.143247+00:00,463fcfc4c106535f73c78b7f9d39765d0de0d6d2e370f92d4b86bfb98a1cc036,31,intertidal_dma,dense,31.0,31738.000,165120,5.6,463,,ok,0,11.191,463,463,970981376,926.000,5.605347,33554432,32.000,937426944,894.000,5.411642,measured_vmm_layout,,31738.000,410,60,,,4217.716483,52.833090,49.433342,0.081303,0.987219,0.639735,match,"[{""label"":""prompt"",""checksum"":""2417196da4492390"",""nonfinite"":0},{""label"":""prompt"",""checksum"":""0453392d6142afd3"",""nonfinite"":0},{""label"":""prompt"",""checksum"":""8c39d6d410e92623"",""nonfinite"":0},{""label"":""prompt"",""checksum"":""ce38b3f3a7a05142"",""nonfinite"":0},{""label"":""prompt"",""checksum"":""556c3b871bf91e81"",""nonfinite"":0},{""label"":""prompt"",""checksum"":""c930f979f7f0aed4"",""nonfinite"":0},{""label"":""decode"",""checksum"":""0c8e93b3ecced1c6"",""nonfinite"":0},{""label"":""decode"",""checksum"":""319a6a234bb9ed88"",""nonfinite"":0},{""label"":""decode"",""checksum"":""1e95777bddcc71d5"",""nonfinite"":0},{""label"":""decode"",""checksum"":""fc3ff68058ffd54e"",""nonfinite"":0},{""label"":""decode"",""checksum"":""92560214e2ee8afd"",""nonfinite"":0},{""label"":""decode"",""checksum"":""ea317c3ff2b17152"",""nonfinite"":0}]",b5d2ea31b0f709c295ad59dfab37889028c6fe9857ea11908ff3ab4b717c9a5d,0,105,30844.000,30895.000,2932.562,2805.000,2955.000,60.438,68.000,311.467,497.760,74.657,100.000,"{""argv"":[""/home/wici/llama.cpp/build-cuda/bin/llama-bench"",""-m"",""/home/wici/voice-lab/models/gguf/gemma-4-31B-it-Q4_0.gguf"",""-p"",""512"",""-n"",""64"",""-r"",""5"",""-t"",""8"",""-b"",""512"",""-ub"",""512"",""-fa"",""on"",""-ctk"",""f16"",""-ctv"",""f16"",""-mmp"",""1"",""-o"",""csv"",""--ctx-size"",""165120"",""-ot"",""^blk[.][0-9]+[.](attn_(k|v|q|output)|ffn_(down|gate|up))[.]weight$=CUDA_Hybrid""],""env"":{""GGML_CUDA_HYBRID_MODE"":""staging"",""GGML_CUDA_HYBRID_PAGE_BUDGET"":""463"",""LD_LIBRARY_PATH"":""/dev/shm/intertidal-capacity.mEP47j:/home/wici/llama.cpp/build-cuda/bin:/usr/local/cuda/lib64"",""LLAMA_BENCH_LOGIT_CHECKSUM"":""1""}}","{""buffers"":[{""buffer_bytes"":""16524435968"",""buffer_mib"":""15758.930"",""eligible_pages"":""7470"",""gross_bytes"":""970981376"",""gross_mib"":""926.000"",""gross_pages"":""463"",""layers"":""60"",""local_physical_bytes"":""15554576384"",""local_physical_mib"":""14834.000"",""mode"":""staging"",""net_bytes"":""937426944"",""net_mib"":""894.000"",""net_saved_mib"":""894.000"",""page_bytes"":""2097152"",""page_mib"":""2.000"",""remote_mib"":""926.000"",""requested_bytes"":""970981376"",""requested_mib"":""926.000"",""requested_pages"":""463"",""selected_tensors"":""410"",""selection"":""global_budget"",""staging_bytes"":""33554432"",""staging_mib"":""32.000""}],""gross_pages"":463,""gross_remote_bytes"":970981376,""mode"":""staging"",""net_saved_bytes"":937426944,""requested_pages"":463,""selected_layers"":60,""selected_tensors"":410,""staging_bytes"":33554432}",
1,2ea4f9e1-2cf1-4a6f-908e-9afc36c6c3b0,2026-08-12T09:10:20.632798+00:00,463fcfc4c106535f73c78b7f9d39765d0de0d6d2e370f92d4b86bfb98a1cc036,31,intertidal_dma,dense,31.0,31738.000,165120,5.7,471,,ok,0,10.483,471,471,987758592,942.000,5.702200,35651584,34.000,952107008,908.000,5.496388,measured_vmm_layout,,31738.000,410,60,,,4222.553839,62.484304,48.703530,0.058617,0.988351,0.630291,match,"[{""label"":""prompt"",""checksum"":""2417196da4492390"",""nonfinite"":0},{""label"":""prompt"",""checksum"":""0453392d6142afd3"",""nonfinite"":0},{""label"":""prompt"",""checksum"":""8c39d6d410e92623"",""nonfinite"":0},{""label"":""prompt"",""checksum"":""ce38b3f3a7a05142"",""nonfinite"":0},{""label"":""prompt"",""checksum"":""556c3b871bf91e81"",""nonfinite"":0},{""label"":""prompt"",""checksum"":""c930f979f7f0aed4"",""nonfinite"":0},{""label"":""decode"",""checksum"":""0c8e93b3ecced1c6"",""nonfinite"":0},{""label"":""decode"",""checksum"":""319a6a234bb9ed88"",""nonfinite"":0},{""label"":""decode"",""checksum"":""1e95777bddcc71d5"",""nonfinite"":0},{""label"":""decode"",""checksum"":""fc3ff68058ffd54e"",""nonfinite"":0},{""label"":""decode"",""checksum"":""92560214e2ee8afd"",""nonfinite"":0},{""label"":""decode"",""checksum"":""ea317c3ff2b17152"",""nonfinite"":0}]",b5d2ea31b0f709c295ad59dfab37889028c6fe9857ea11908ff3ab4b717c9a5d,0,106,30830.000,30881.000,2817.453,2520.000,2955.000,60.425,68.000,294.663,506.690,75.547,100.000,"{""argv"":[""/home/wici/llama.cpp/build-cuda/bin/llama-bench"",""-m"",""/home/wici/voice-lab/models/gguf/gemma-4-31B-it-Q4_0.gguf"",""-p"",""512"",""-n"",""64"",""-r"",""5"",""-t"",""8"",""-b"",""512"",""-ub"",""512"",""-fa"",""on"",""-ctk"",""f16"",""-ctv"",""f16"",""-mmp"",""1"",""-o"",""csv"",""--ctx-size"",""165120"",""-ot"",""^blk[.][0-9]+[.](attn_(k|v|q|output)|ffn_(down|gate|up))[.]weight$=CUDA_Hybrid""],""env"":{""GGML_CUDA_HYBRID_MODE"":""staging"",""GGML_CUDA_HYBRID_PAGE_BUDGET"":""471"",""LD_LIBRARY_PATH"":""/dev/shm/intertidal-capacity.mEP47j:/home/wici/llama.cpp/build-cuda/bin:/usr/local/cuda/lib64"",""LLAMA_BENCH_LOGIT_CHECKSUM"":""1""}}","{""buffers"":[{""buffer_bytes"":""16524435968"",""buffer_mib"":""15758.930"",""eligible_pages"":""7470"",""gross_bytes"":""987758592"",""gross_mib"":""942.000"",""gross_pages"":""471"",""layers"":""60"",""local_physical_bytes"":""15537799168"",""local_physical_mib"":""14818.000"",""mode"":""staging"",""net_bytes"":""952107008"",""net_mib"":""908.000"",""net_saved_mib"":""908.000"",""page_bytes"":""2097152"",""page_mib"":""2.000"",""remote_mib"":""942.000"",""requested_bytes"":""987758592"",""requested_mib"":""942.000"",""requested_pages"":""471"",""selected_tensors"":""410"",""selection"":""global_budget"",""staging_bytes"":""35651584"",""staging_mib"":""34.000""}],""gross_pages"":471,""gross_remote_bytes"":987758592,""mode"":""staging"",""net_saved_bytes"":952107008,""requested_pages"":471,""selected_layers"":60,""selected_tensors"":410,""staging_bytes"":35651584}",
1,2ea4f9e1-2cf1-4a6f-908e-9afc36c6c3b0,2026-08-12T09:10:31.192185+00:00,463fcfc4c106535f73c78b7f9d39765d0de0d6d2e370f92d4b86bfb98a1cc036,31,intertidal_dma,dense,31.0,31738.000,165120,5.8,479,,ok,0,10.552,479,479,1004535808,958.000,5.799053,37748736,36.000,966787072,922.000,5.581134,measured_vmm_layout,,31738.000,410,60,,,4223.139235,66.703017,47.921461,0.116629,0.988488,0.620170,match,"[{""label"":""prompt"",""checksum"":""2417196da4492390"",""nonfinite"":0},{""label"":""prompt"",""checksum"":""0453392d6142afd3"",""nonfinite"":0},{""label"":""prompt"",""checksum"":""8c39d6d410e92623"",""nonfinite"":0},{""label"":""prompt"",""checksum"":""ce38b3f3a7a05142"",""nonfinite"":0},{""label"":""prompt"",""checksum"":""556c3b871bf91e81"",""nonfinite"":0},{""label"":""prompt"",""checksum"":""c930f979f7f0aed4"",""nonfinite"":0},{""label"":""decode"",""checksum"":""0c8e93b3ecced1c6"",""nonfinite"":0},{""label"":""decode"",""checksum"":""319a6a234bb9ed88"",""nonfinite"":0},{""label"":""decode"",""checksum"":""1e95777bddcc71d5"",""nonfinite"":0},{""label"":""decode"",""checksum"":""fc3ff68058ffd54e"",""nonfinite"":0},{""label"":""decode"",""checksum"":""92560214e2ee8afd"",""nonfinite"":0},{""label"":""decode"",""checksum"":""ea317c3ff2b17152"",""nonfinite"":0}]",b5d2ea31b0f709c295ad59dfab37889028c6fe9857ea11908ff3ab4b717c9a5d,0,108,30816.000,30867.000,2920.194,2662.000,2955.000,60.537,68.000,304.191,492.640,81.806,100.000,"{""argv"":[""/home/wici/llama.cpp/build-cuda/bin/llama-bench"",""-m"",""/home/wici/voice-lab/models/gguf/gemma-4-31B-it-Q4_0.gguf"",""-p"",""512"",""-n"",""64"",""-r"",""5"",""-t"",""8"",""-b"",""512"",""-ub"",""512"",""-fa"",""on"",""-ctk"",""f16"",""-ctv"",""f16"",""-mmp"",""1"",""-o"",""csv"",""--ctx-size"",""165120"",""-ot"",""^blk[.][0-9]+[.](attn_(k|v|q|output)|ffn_(down|gate|up))[.]weight$=CUDA_Hybrid""],""env"":{""GGML_CUDA_HYBRID_MODE"":""staging"",""GGML_CUDA_HYBRID_PAGE_BUDGET"":""479"",""LD_LIBRARY_PATH"":""/dev/shm/intertidal-capacity.mEP47j:/home/wici/llama.cpp/build-cuda/bin:/usr/local/cuda/lib64"",""LLAMA_BENCH_LOGIT_CHECKSUM"":""1""}}","{""buffers"":[{""buffer_bytes"":""16524435968"",""buffer_mib"":""15758.930"",""eligible_pages"":""7470"",""gross_bytes"":""1004535808"",""gross_mib"":""958.000"",""gross_pages"":""479"",""layers"":""60"",""local_physical_bytes"":""15521021952"",""local_physical_mib"":""14802.000"",""mode"":""staging"",""net_bytes"":""966787072"",""net_mib"":""922.000"",""net_saved_mib"":""922.000"",""page_bytes"":""2097152"",""page_mib"":""2.000"",""remote_mib"":""958.000"",""requested_bytes"":""1004535808"",""requested_mib"":""958.000"",""requested_pages"":""479"",""selected_tensors"":""410"",""selection"":""global_budget"",""staging_bytes"":""37748736"",""staging_mib"":""36.000""}],""gross_pages"":479,""gross_remote_bytes"":1004535808,""mode"":""staging"",""net_saved_bytes"":966787072,""requested_pages"":479,""selected_layers"":60,""selected_tensors"":410,""staging_bytes"":37748736}",
1,2ea4f9e1-2cf1-4a6f-908e-9afc36c6c3b0,2026-08-12T09:10:41.895816+00:00,463fcfc4c106535f73c78b7f9d39765d0de0d6d2e370f92d4b86bfb98a1cc036,31,intertidal_dma,dense,31.0,31738.000,165120,5.9,487,,ok,0,10.693,487,487,1021313024,974.000,5.895905,37748736,36.000,983564288,938.000,5.677987,measured_vmm_layout,,31738.000,410,60,,,4221.469407,54.567260,47.126517,0.054342,0.988097,0.609882,match,"[{""label"":""prompt"",""checksum"":""2417196da4492390"",""nonfinite"":0},{""label"":""prompt"",""checksum"":""0453392d6142afd3"",""nonfinite"":0},{""label"":""prompt"",""checksum"":""8c39d6d410e92623"",""nonfinite"":0},{""label"":""prompt"",""checksum"":""ce38b3f3a7a05142"",""nonfinite"":0},{""label"":""prompt"",""checksum"":""556c3b871bf91e81"",""nonfinite"":0},{""label"":""prompt"",""checksum"":""c930f979f7f0aed4"",""nonfinite"":0},{""label"":""decode"",""checksum"":""0c8e93b3ecced1c6"",""nonfinite"":0},{""label"":""decode"",""checksum"":""319a6a234bb9ed88"",""nonfinite"":0},{""label"":""decode"",""checksum"":""1e95777bddcc71d5"",""nonfinite"":0},{""label"":""decode"",""checksum"":""fc3ff68058ffd54e"",""nonfinite"":0},{""label"":""decode"",""checksum"":""92560214e2ee8afd"",""nonfinite"":0},{""label"":""decode"",""checksum"":""ea317c3ff2b17152"",""nonfinite"":0}]",b5d2ea31b0f709c295ad59dfab37889028c6fe9857ea11908ff3ab4b717c9a5d,0,109,30800.000,30851.000,2916.927,2707.000,2955.000,60.431,68.000,303.189,502.380,77.596,100.000,"{""argv"":[""/home/wici/llama.cpp/build-cuda/bin/llama-bench"",""-m"",""/home/wici/voice-lab/models/gguf/gemma-4-31B-it-Q4_0.gguf"",""-p"",""512"",""-n"",""64"",""-r"",""5"",""-t"",""8"",""-b"",""512"",""-ub"",""512"",""-fa"",""on"",""-ctk"",""f16"",""-ctv"",""f16"",""-mmp"",""1"",""-o"",""csv"",""--ctx-size"",""165120"",""-ot"",""^blk[.][0-9]+[.](attn_(k|v|q|output)|ffn_(down|gate|up))[.]weight$=CUDA_Hybrid""],""env"":{""GGML_CUDA_HYBRID_MODE"":""staging"",""GGML_CUDA_HYBRID_PAGE_BUDGET"":""487"",""LD_LIBRARY_PATH"":""/dev/shm/intertidal-capacity.mEP47j:/home/wici/llama.cpp/build-cuda/bin:/usr/local/cuda/lib64"",""LLAMA_BENCH_LOGIT_CHECKSUM"":""1""}}","{""buffers"":[{""buffer_bytes"":""16524435968"",""buffer_mib"":""15758.930"",""eligible_pages"":""7470"",""gross_bytes"":""1021313024"",""gross_mib"":""974.000"",""gross_pages"":""487"",""layers"":""60"",""local_physical_bytes"":""15504244736"",""local_physical_mib"":""14786.000"",""mode"":""staging"",""net_bytes"":""983564288"",""net_mib"":""938.000"",""net_saved_mib"":""938.000"",""page_bytes"":""2097152"",""page_mib"":""2.000"",""remote_mib"":""974.000"",""requested_bytes"":""1021313024"",""requested_mib"":""974.000"",""requested_pages"":""487"",""selected_tensors"":""410"",""selection"":""global_budget"",""staging_bytes"":""37748736"",""staging_mib"":""36.000""}],""gross_pages"":487,""gross_remote_bytes"":1021313024,""mode"":""staging"",""net_saved_bytes"":983564288,""requested_pages"":487,""selected_layers"":60,""selected_tensors"":410,""staging_bytes"":37748736}",
1,2ea4f9e1-2cf1-4a6f-908e-9afc36c6c3b0,2026-08-12T09:10:52.846390+00:00,463fcfc4c106535f73c78b7f9d39765d0de0d6d2e370f92d4b86bfb98a1cc036,31,intertidal_dma,dense,31.0,31738.000,165120,6.1,504,,ok,0,10.940,504,504,1056964608,1008.000,6.101717,37748736,36.000,1019215872,972.000,5.883799,measured_vmm_layout,,31738.000,410,60,,,4221.686541,60.384631,45.513672,0.052700,0.988148,0.589009,match,"[{""label"":""prompt"",""checksum"":""2417196da4492390"",""nonfinite"":0},{""label"":""prompt"",""checksum"":""0453392d6142afd3"",""nonfinite"":0},{""label"":""prompt"",""checksum"":""8c39d6d410e92623"",""nonfinite"":0},{""label"":""prompt"",""checksum"":""ce38b3f3a7a05142"",""nonfinite"":0},{""label"":""prompt"",""checksum"":""556c3b871bf91e81"",""nonfinite"":0},{""label"":""prompt"",""checksum"":""c930f979f7f0aed4"",""nonfinite"":0},{""label"":""decode"",""checksum"":""0c8e93b3ecced1c6"",""nonfinite"":0},{""label"":""decode"",""checksum"":""319a6a234bb9ed88"",""nonfinite"":0},{""label"":""decode"",""checksum"":""1e95777bddcc71d5"",""nonfinite"":0},{""label"":""decode"",""checksum"":""fc3ff68058ffd54e"",""nonfinite"":0},{""label"":""decode"",""checksum"":""92560214e2ee8afd"",""nonfinite"":0},{""label"":""decode"",""checksum"":""ea317c3ff2b17152"",""nonfinite"":0}]",b5d2ea31b0f709c295ad59dfab37889028c6fe9857ea11908ff3ab4b717c9a5d,0,112,30766.000,30817.000,2916.188,2625.000,2955.000,59.857,68.000,295.911,483.580,70.455,100.000,"{""argv"":[""/home/wici/llama.cpp/build-cuda/bin/llama-bench"",""-m"",""/home/wici/voice-lab/models/gguf/gemma-4-31B-it-Q4_0.gguf"",""-p"",""512"",""-n"",""64"",""-r"",""5"",""-t"",""8"",""-b"",""512"",""-ub"",""512"",""-fa"",""on"",""-ctk"",""f16"",""-ctv"",""f16"",""-mmp"",""1"",""-o"",""csv"",""--ctx-size"",""165120"",""-ot"",""^blk[.][0-9]+[.](attn_(k|v|q|output)|ffn_(down|gate|up))[.]weight$=CUDA_Hybrid""],""env"":{""GGML_CUDA_HYBRID_MODE"":""staging"",""GGML_CUDA_HYBRID_PAGE_BUDGET"":""504"",""LD_LIBRARY_PATH"":""/dev/shm/intertidal-capacity.mEP47j:/home/wici/llama.cpp/build-cuda/bin:/usr/local/cuda/lib64"",""LLAMA_BENCH_LOGIT_CHECKSUM"":""1""}}","{""buffers"":[{""buffer_bytes"":""16524435968"",""buffer_mib"":""15758.930"",""eligible_pages"":""7470"",""gross_bytes"":""1056964608"",""gross_mib"":""1008.000"",""gross_pages"":""504"",""layers"":""60"",""local_physical_bytes"":""15468593152"",""local_physical_mib"":""14752.000"",""mode"":""staging"",""net_bytes"":""1019215872"",""net_mib"":""972.000"",""net_saved_mib"":""972.000"",""page_bytes"":""2097152"",""page_mib"":""2.000"",""remote_mib"":""1008.000"",""requested_bytes"":""1056964608"",""requested_mib"":""1008.000"",""requested_pages"":""504"",""selected_tensors"":""410"",""selection"":""global_budget"",""staging_bytes"":""37748736"",""staging_mib"":""36.000""}],""gross_pages"":504,""gross_remote_bytes"":1056964608,""mode"":""staging"",""net_saved_bytes"":1019215872,""requested_pages"":504,""selected_layers"":60,""selected_tensors"":410,""staging_bytes"":37748736}",
1,2ea4f9e1-2cf1-4a6f-908e-9afc36c6c3b0,2026-08-12T09:11:03.918714+00:00,463fcfc4c106535f73c78b7f9d39765d0de0d6d2e370f92d4b86bfb98a1cc036,31,intertidal_dma,dense,31.0,31738.000,165120,6.2,512,,ok,0,11.059,512,512,1073741824,1024.000,6.198570,37748736,36.000,1035993088,988.000,5.980651,measured_vmm_layout,,31738.000,410,60,,,4220.297518,62.891843,44.854800,0.122199,0.987823,0.580483,match,"[{""label"":""prompt"",""checksum"":""2417196da4492390"",""nonfinite"":0},{""label"":""prompt"",""checksum"":""0453392d6142afd3"",""nonfinite"":0},{""label"":""prompt"",""checksum"":""8c39d6d410e92623"",""nonfinite"":0},{""label"":""prompt"",""checksum"":""ce38b3f3a7a05142"",""nonfinite"":0},{""label"":""prompt"",""checksum"":""556c3b871bf91e81"",""nonfinite"":0},{""label"":""prompt"",""checksum"":""c930f979f7f0aed4"",""nonfinite"":0},{""label"":""decode"",""checksum"":""0c8e93b3ecced1c6"",""nonfinite"":0},{""label"":""decode"",""checksum"":""319a6a234bb9ed88"",""nonfinite"":0},{""label"":""decode"",""checksum"":""1e95777bddcc71d5"",""nonfinite"":0},{""label"":""decode"",""checksum"":""fc3ff68058ffd54e"",""nonfinite"":0},{""label"":""decode"",""checksum"":""92560214e2ee8afd"",""nonfinite"":0},{""label"":""decode"",""checksum"":""ea317c3ff2b17152"",""nonfinite"":0}]",b5d2ea31b0f709c295ad59dfab37889028c6fe9857ea11908ff3ab4b717c9a5d,0,113,30750.000,30801.000,2879.619,2527.000,2955.000,59.850,68.000,297.611,502.070,67.496,100.000,"{""argv"":[""/home/wici/llama.cpp/build-cuda/bin/llama-bench"",""-m"",""/home/wici/voice-lab/models/gguf/gemma-4-31B-it-Q4_0.gguf"",""-p"",""512"",""-n"",""64"",""-r"",""5"",""-t"",""8"",""-b"",""512"",""-ub"",""512"",""-fa"",""on"",""-ctk"",""f16"",""-ctv"",""f16"",""-mmp"",""1"",""-o"",""csv"",""--ctx-size"",""165120"",""-ot"",""^blk[.][0-9]+[.](attn_(k|v|q|output)|ffn_(down|gate|up))[.]weight$=CUDA_Hybrid""],""env"":{""GGML_CUDA_HYBRID_MODE"":""staging"",""GGML_CUDA_HYBRID_PAGE_BUDGET"":""512"",""LD_LIBRARY_PATH"":""/dev/shm/intertidal-capacity.mEP47j:/home/wici/llama.cpp/build-cuda/bin:/usr/local/cuda/lib64"",""LLAMA_BENCH_LOGIT_CHECKSUM"":""1""}}","{""buffers"":[{""buffer_bytes"":""16524435968"",""buffer_mib"":""15758.930"",""eligible_pages"":""7470"",""gross_bytes"":""1073741824"",""gross_mib"":""1024.000"",""gross_pages"":""512"",""layers"":""60"",""local_physical_bytes"":""15451815936"",""local_physical_mib"":""14736.000"",""mode"":""staging"",""net_bytes"":""1035993088"",""net_mib"":""988.000"",""net_saved_mib"":""988.000"",""page_bytes"":""2097152"",""page_mib"":""2.000"",""remote_mib"":""1024.000"",""requested_bytes"":""1073741824"",""requested_mib"":""1024.000"",""requested_pages"":""512"",""selected_tensors"":""410"",""selection"":""global_budget"",""staging_bytes"":""37748736"",""staging_mib"":""36.000""}],""gross_pages"":512,""gross_remote_bytes"":1073741824,""mode"":""staging"",""net_saved_bytes"":1035993088,""requested_pages"":512,""selected_layers"":60,""selected_tensors"":410,""staging_bytes"":37748736}",
1,2ea4f9e1-2cf1-4a6f-908e-9afc36c6c3b0,2026-08-12T09:11:16.158142+00:00,463fcfc4c106535f73c78b7f9d39765d0de0d6d2e370f92d4b86bfb98a1cc036,31,intertidal_dma,dense,31.0,31738.000,165120,6.3,520,,ok,0,12.229,520,520,1090519040,1040.000,6.295423,37748736,36.000,1052770304,1004.000,6.077504,measured_vmm_layout,,31738.000,410,60,,,4223.146606,60.359254,44.184629,0.080331,0.988490,0.571810,match,"[{""label"":""prompt"",""checksum"":""2417196da4492390"",""nonfinite"":0},{""label"":""prompt"",""checksum"":""0453392d6142afd3"",""nonfinite"":0},{""label"":""prompt"",""checksum"":""8c39d6d410e92623"",""nonfinite"":0},{""label"":""prompt"",""checksum"":""ce38b3f3a7a05142"",""nonfinite"":0},{""label"":""prompt"",""checksum"":""556c3b871bf91e81"",""nonfinite"":0},{""label"":""prompt"",""checksum"":""c930f979f7f0aed4"",""nonfinite"":0},{""label"":""decode"",""checksum"":""0c8e93b3ecced1c6"",""nonfinite"":0},{""label"":""decode"",""checksum"":""319a6a234bb9ed88"",""nonfinite"":0},{""label"":""decode"",""checksum"":""1e95777bddcc71d5"",""nonfinite"":0},{""label"":""decode"",""checksum"":""fc3ff68058ffd54e"",""nonfinite"":0},{""label"":""decode"",""checksum"":""92560214e2ee8afd"",""nonfinite"":0},{""label"":""decode"",""checksum"":""ea317c3ff2b17152"",""nonfinite"":0}]",b5d2ea31b0f709c295ad59dfab37889028c6fe9857ea11908ff3ab4b717c9a5d,0,114,30734.000,30785.000,2917.404,2625.000,2955.000,59.833,68.000,294.509,471.880,70.412,100.000,"{""argv"":[""/home/wici/llama.cpp/build-cuda/bin/llama-bench"",""-m"",""/home/wici/voice-lab/models/gguf/gemma-4-31B-it-Q4_0.gguf"",""-p"",""512"",""-n"",""64"",""-r"",""5"",""-t"",""8"",""-b"",""512"",""-ub"",""512"",""-fa"",""on"",""-ctk"",""f16"",""-ctv"",""f16"",""-mmp"",""1"",""-o"",""csv"",""--ctx-size"",""165120"",""-ot"",""^blk[.][0-9]+[.](attn_(k|v|q|output)|ffn_(down|gate|up))[.]weight$=CUDA_Hybrid""],""env"":{""GGML_CUDA_HYBRID_MODE"":""staging"",""GGML_CUDA_HYBRID_PAGE_BUDGET"":""520"",""LD_LIBRARY_PATH"":""/dev/shm/intertidal-capacity.mEP47j:/home/wici/llama.cpp/build-cuda/bin:/usr/local/cuda/lib64"",""LLAMA_BENCH_LOGIT_CHECKSUM"":""1""}}","{""buffers"":[{""buffer_bytes"":""16524435968"",""buffer_mib"":""15758.930"",""eligible_pages"":""7470"",""gross_bytes"":""1090519040"",""gross_mib"":""1040.000"",""gross_pages"":""520"",""layers"":""60"",""local_physical_bytes"":""15435038720"",""local_physical_mib"":""14720.000"",""mode"":""staging"",""net_bytes"":""1052770304"",""net_mib"":""1004.000"",""net_saved_mib"":""1004.000"",""page_bytes"":""2097152"",""page_mib"":""2.000"",""remote_mib"":""1040.000"",""requested_bytes"":""1090519040"",""requested_mib"":""1040.000"",""requested_pages"":""520"",""selected_tensors"":""410"",""selection"":""global_budget"",""staging_bytes"":""37748736"",""staging_mib"":""36.000""}],""gross_pages"":520,""gross_remote_bytes"":1090519040,""mode"":""staging"",""net_saved_bytes"":1052770304,""requested_pages"":520,""selected_layers"":60,""selected_tensors"":410,""staging_bytes"":37748736}",
1,2ea4f9e1-2cf1-4a6f-908e-9afc36c6c3b0,2026-08-12T09:11:27.483773+00:00,463fcfc4c106535f73c78b7f9d39765d0de0d6d2e370f92d4b86bfb98a1cc036,31,intertidal_dma,dense,31.0,31738.000,165120,6.4,529,,ok,0,11.312,529,529,1109393408,1058.000,6.404382,37748736,36.000,1071644672,1022.000,6.186463,measured_vmm_layout,,31738.000,410,60,,,4225.179035,56.375890,43.476689,0.039999,0.988965,0.562648,match,"[{""label"":""prompt"",""checksum"":""2417196da4492390"",""nonfinite"":0},{""label"":""prompt"",""checksum"":""0453392d6142afd3"",""nonfinite"":0},{""label"":""prompt"",""checksum"":""8c39d6d410e92623"",""nonfinite"":0},{""label"":""prompt"",""checksum"":""ce38b3f3a7a05142"",""nonfinite"":0},{""label"":""prompt"",""checksum"":""556c3b871bf91e81"",""nonfinite"":0},{""label"":""prompt"",""checksum"":""c930f979f7f0aed4"",""nonfinite"":0},{""label"":""decode"",""checksum"":""0c8e93b3ecced1c6"",""nonfinite"":0},{""label"":""decode"",""checksum"":""319a6a234bb9ed88"",""nonfinite"":0},{""label"":""decode"",""checksum"":""1e95777bddcc71d5"",""nonfinite"":0},{""label"":""decode"",""checksum"":""fc3ff68058ffd54e"",""nonfinite"":0},{""label"":""decode"",""checksum"":""92560214e2ee8afd"",""nonfinite"":0},{""label"":""decode"",""checksum"":""ea317c3ff2b17152"",""nonfinite"":0}]",b5d2ea31b0f709c295ad59dfab37889028c6fe9857ea11908ff3ab4b717c9a5d,0,116,30716.000,30767.000,2833.397,2505.000,2955.000,60.129,68.000,282.067,499.220,70.784,100.000,"{""argv"":[""/home/wici/llama.cpp/build-cuda/bin/llama-bench"",""-m"",""/home/wici/voice-lab/models/gguf/gemma-4-31B-it-Q4_0.gguf"",""-p"",""512"",""-n"",""64"",""-r"",""5"",""-t"",""8"",""-b"",""512"",""-ub"",""512"",""-fa"",""on"",""-ctk"",""f16"",""-ctv"",""f16"",""-mmp"",""1"",""-o"",""csv"",""--ctx-size"",""165120"",""-ot"",""^blk[.][0-9]+[.](attn_(k|v|q|output)|ffn_(down|gate|up))[.]weight$=CUDA_Hybrid""],""env"":{""GGML_CUDA_HYBRID_MODE"":""staging"",""GGML_CUDA_HYBRID_PAGE_BUDGET"":""529"",""LD_LIBRARY_PATH"":""/dev/shm/intertidal-capacity.mEP47j:/home/wici/llama.cpp/build-cuda/bin:/usr/local/cuda/lib64"",""LLAMA_BENCH_LOGIT_CHECKSUM"":""1""}}","{""buffers"":[{""buffer_bytes"":""16524435968"",""buffer_mib"":""15758.930"",""eligible_pages"":""7470"",""gross_bytes"":""1109393408"",""gross_mib"":""1058.000"",""gross_pages"":""529"",""layers"":""60"",""local_physical_bytes"":""15416164352"",""local_physical_mib"":""14702.000"",""mode"":""staging"",""net_bytes"":""1071644672"",""net_mib"":""1022.000"",""net_saved_mib"":""1022.000"",""page_bytes"":""2097152"",""page_mib"":""2.000"",""remote_mib"":""1058.000"",""requested_bytes"":""1109393408"",""requested_mib"":""1058.000"",""requested_pages"":""529"",""selected_tensors"":""410"",""selection"":""global_budget"",""staging_bytes"":""37748736"",""staging_mib"":""36.000""}],""gross_pages"":529,""gross_remote_bytes"":1109393408,""mode"":""staging"",""net_saved_bytes"":1071644672,""requested_pages"":529,""selected_layers"":60,""selected_tensors"":410,""staging_bytes"":37748736}",
1,2ea4f9e1-2cf1-4a6f-908e-9afc36c6c3b0,2026-08-12T09:11:38.899920+00:00,463fcfc4c106535f73c78b7f9d39765d0de0d6d2e370f92d4b86bfb98a1cc036,31,intertidal_dma,dense,31.0,31738.000,165120,6.5,537,,ok,0,11.405,537,537,1126170624,1074.000,6.501234,41943040,40.000,1084227584,1034.000,6.259103,measured_vmm_layout,,31738.000,410,60,,,4225.602981,58.775488,42.897281,0.094190,0.989065,0.555150,match,"[{""label"":""prompt"",""checksum"":""2417196da4492390"",""nonfinite"":0},{""label"":""prompt"",""checksum"":""0453392d6142afd3"",""nonfinite"":0},{""label"":""prompt"",""checksum"":""8c39d6d410e92623"",""nonfinite"":0},{""label"":""prompt"",""checksum"":""ce38b3f3a7a05142"",""nonfinite"":0},{""label"":""prompt"",""checksum"":""556c3b871bf91e81"",""nonfinite"":0},{""label"":""prompt"",""checksum"":""c930f979f7f0aed4"",""nonfinite"":0},{""label"":""decode"",""checksum"":""0c8e93b3ecced1c6"",""nonfinite"":0},{""label"":""decode"",""checksum"":""319a6a234bb9ed88"",""nonfinite"":0},{""label"":""decode"",""checksum"":""1e95777bddcc71d5"",""nonfinite"":0},{""label"":""decode"",""checksum"":""fc3ff68058ffd54e"",""nonfinite"":0},{""label"":""decode"",""checksum"":""92560214e2ee8afd"",""nonfinite"":0},{""label"":""decode"",""checksum"":""ea317c3ff2b17152"",""nonfinite"":0}]",b5d2ea31b0f709c295ad59dfab37889028c6fe9857ea11908ff3ab4b717c9a5d,0,117,30704.000,30755.000,2857.821,2512.000,2955.000,59.744,68.000,290.951,493.480,77.889,100.000,"{""argv"":[""/home/wici/llama.cpp/build-cuda/bin/llama-bench"",""-m"",""/home/wici/voice-lab/models/gguf/gemma-4-31B-it-Q4_0.gguf"",""-p"",""512"",""-n"",""64"",""-r"",""5"",""-t"",""8"",""-b"",""512"",""-ub"",""512"",""-fa"",""on"",""-ctk"",""f16"",""-ctv"",""f16"",""-mmp"",""1"",""-o"",""csv"",""--ctx-size"",""165120"",""-ot"",""^blk[.][0-9]+[.](attn_(k|v|q|output)|ffn_(down|gate|up))[.]weight$=CUDA_Hybrid""],""env"":{""GGML_CUDA_HYBRID_MODE"":""staging"",""GGML_CUDA_HYBRID_PAGE_BUDGET"":""537"",""LD_LIBRARY_PATH"":""/dev/shm/intertidal-capacity.mEP47j:/home/wici/llama.cpp/build-cuda/bin:/usr/local/cuda/lib64"",""LLAMA_BENCH_LOGIT_CHECKSUM"":""1""}}","{""buffers"":[{""buffer_bytes"":""16524435968"",""buffer_mib"":""15758.930"",""eligible_pages"":""7470"",""gross_bytes"":""1126170624"",""gross_mib"":""1074.000"",""gross_pages"":""537"",""layers"":""60"",""local_physical_bytes"":""15399387136"",""local_physical_mib"":""14686.000"",""mode"":""staging"",""net_bytes"":""1084227584"",""net_mib"":""1034.000"",""net_saved_mib"":""1034.000"",""page_bytes"":""2097152"",""page_mib"":""2.000"",""remote_mib"":""1074.000"",""requested_bytes"":""1126170624"",""requested_mib"":""1074.000"",""requested_pages"":""537"",""selected_tensors"":""410"",""selection"":""global_budget"",""staging_bytes"":""41943040"",""staging_mib"":""40.000""}],""gross_pages"":537,""gross_remote_bytes"":1126170624,""mode"":""staging"",""net_saved_bytes"":1084227584,""requested_pages"":537,""selected_layers"":60,""selected_tensors"":410,""staging_bytes"":41943040}",
1,2ea4f9e1-2cf1-4a6f-908e-9afc36c6c3b0,2026-08-12T09:11:50.420405+00:00,463fcfc4c106535f73c78b7f9d39765d0de0d6d2e370f92d4b86bfb98a1cc036,31,intertidal_dma,dense,31.0,31738.000,165120,6.6,545,,ok,0,11.505,545,545,1142947840,1090.000,6.598087,41943040,40.000,1101004800,1050.000,6.355955,measured_vmm_layout,,31738.000,410,60,,,4224.586037,70.943731,42.236781,0.096026,0.988827,0.546602,match,"[{""label"":""prompt"",""checksum"":""2417196da4492390"",""nonfinite"":0},{""label"":""prompt"",""checksum"":""0453392d6142afd3"",""nonfinite"":0},{""label"":""prompt"",""checksum"":""8c39d6d410e92623"",""nonfinite"":0},{""label"":""prompt"",""checksum"":""ce38b3f3a7a05142"",""nonfinite"":0},{""label"":""prompt"",""checksum"":""556c3b871bf91e81"",""nonfinite"":0},{""label"":""prompt"",""checksum"":""c930f979f7f0aed4"",""nonfinite"":0},{""label"":""decode"",""checksum"":""0c8e93b3ecced1c6"",""nonfinite"":0},{""label"":""decode"",""checksum"":""319a6a234bb9ed88"",""nonfinite"":0},{""label"":""decode"",""checksum"":""1e95777bddcc71d5"",""nonfinite"":0},{""label"":""decode"",""checksum"":""fc3ff68058ffd54e"",""nonfinite"":0},{""label"":""decode"",""checksum"":""92560214e2ee8afd"",""nonfinite"":0},{""label"":""decode"",""checksum"":""ea317c3ff2b17152"",""nonfinite"":0}]",b5d2ea31b0f709c295ad59dfab37889028c6fe9857ea11908ff3ab4b717c9a5d,0,117,30688.000,30739.000,2868.419,2505.000,2955.000,59.316,67.000,286.686,481.600,71.479,100.000,"{""argv"":[""/home/wici/llama.cpp/build-cuda/bin/llama-bench"",""-m"",""/home/wici/voice-lab/models/gguf/gemma-4-31B-it-Q4_0.gguf"",""-p"",""512"",""-n"",""64"",""-r"",""5"",""-t"",""8"",""-b"",""512"",""-ub"",""512"",""-fa"",""on"",""-ctk"",""f16"",""-ctv"",""f16"",""-mmp"",""1"",""-o"",""csv"",""--ctx-size"",""165120"",""-ot"",""^blk[.][0-9]+[.](attn_(k|v|q|output)|ffn_(down|gate|up))[.]weight$=CUDA_Hybrid""],""env"":{""GGML_CUDA_HYBRID_MODE"":""staging"",""GGML_CUDA_HYBRID_PAGE_BUDGET"":""545"",""LD_LIBRARY_PATH"":""/dev/shm/intertidal-capacity.mEP47j:/home/wici/llama.cpp/build-cuda/bin:/usr/local/cuda/lib64"",""LLAMA_BENCH_LOGIT_CHECKSUM"":""1""}}","{""buffers"":[{""buffer_bytes"":""16524435968"",""buffer_mib"":""15758.930"",""eligible_pages"":""7470"",""gross_bytes"":""1142947840"",""gross_mib"":""1090.000"",""gross_pages"":""545"",""layers"":""60"",""local_physical_bytes"":""15382609920"",""local_physical_mib"":""14670.000"",""mode"":""staging"",""net_bytes"":""1101004800"",""net_mib"":""1050.000"",""net_saved_mib"":""1050.000"",""page_bytes"":""2097152"",""page_mib"":""2.000"",""remote_mib"":""1090.000"",""requested_bytes"":""1142947840"",""requested_mib"":""1090.000"",""requested_pages"":""545"",""selected_tensors"":""410"",""selection"":""global_budget"",""staging_bytes"":""41943040"",""staging_mib"":""40.000""}],""gross_pages"":545,""gross_remote_bytes"":1142947840,""mode"":""staging"",""net_saved_bytes"":1101004800,""requested_pages"":545,""selected_layers"":60,""selected_tensors"":410,""staging_bytes"":41943040}",
1,2ea4f9e1-2cf1-4a6f-908e-9afc36c6c3b0,2026-08-12T09:12:02.029207+00:00,463fcfc4c106535f73c78b7f9d39765d0de0d6d2e370f92d4b86bfb98a1cc036,31,intertidal_dma,dense,31.0,31738.000,165120,6.7,553,,ok,0,11.598,553,553,1159725056,1106.000,6.694940,41943040,40.000,1117782016,1066.000,6.452808,measured_vmm_layout,,31738.000,410,60,,,4222.635772,61.583964,41.726273,0.098764,0.988370,0.539995,match,"[{""label"":""prompt"",""checksum"":""2417196da4492390"",""nonfinite"":0},{""label"":""prompt"",""checksum"":""0453392d6142afd3"",""nonfinite"":0},{""label"":""prompt"",""checksum"":""8c39d6d410e92623"",""nonfinite"":0},{""label"":""prompt"",""checksum"":""ce38b3f3a7a05142"",""nonfinite"":0},{""label"":""prompt"",""checksum"":""556c3b871bf91e81"",""nonfinite"":0},{""label"":""prompt"",""checksum"":""c930f979f7f0aed4"",""nonfinite"":0},{""label"":""decode"",""checksum"":""0c8e93b3ecced1c6"",""nonfinite"":0},{""label"":""decode"",""checksum"":""319a6a234bb9ed88"",""nonfinite"":0},{""label"":""decode"",""checksum"":""1e95777bddcc71d5"",""nonfinite"":0},{""label"":""decode"",""checksum"":""fc3ff68058ffd54e"",""nonfinite"":0},{""label"":""decode"",""checksum"":""92560214e2ee8afd"",""nonfinite"":0},{""label"":""decode"",""checksum"":""ea317c3ff2b17152"",""nonfinite"":0}]",b5d2ea31b0f709c295ad59dfab37889028c6fe9857ea11908ff3ab4b717c9a5d,0,119,30672.000,30723.000,2880.832,2505.000,2955.000,59.529,67.000,289.053,495.200,72.697,100.000,"{""argv"":[""/home/wici/llama.cpp/build-cuda/bin/llama-bench"",""-m"",""/home/wici/voice-lab/models/gguf/gemma-4-31B-it-Q4_0.gguf"",""-p"",""512"",""-n"",""64"",""-r"",""5"",""-t"",""8"",""-b"",""512"",""-ub"",""512"",""-fa"",""on"",""-ctk"",""f16"",""-ctv"",""f16"",""-mmp"",""1"",""-o"",""csv"",""--ctx-size"",""165120"",""-ot"",""^blk[.][0-9]+[.](attn_(k|v|q|output)|ffn_(down|gate|up))[.]weight$=CUDA_Hybrid""],""env"":{""GGML_CUDA_HYBRID_MODE"":""staging"",""GGML_CUDA_HYBRID_PAGE_BUDGET"":""553"",""LD_LIBRARY_PATH"":""/dev/shm/intertidal-capacity.mEP47j:/home/wici/llama.cpp/build-cuda/bin:/usr/local/cuda/lib64"",""LLAMA_BENCH_LOGIT_CHECKSUM"":""1""}}","{""buffers"":[{""buffer_bytes"":""16524435968"",""buffer_mib"":""15758.930"",""eligible_pages"":""7470"",""gross_bytes"":""1159725056"",""gross_mib"":""1106.000"",""gross_pages"":""553"",""layers"":""60"",""local_physical_bytes"":""15365832704"",""local_physical_mib"":""14654.000"",""mode"":""staging"",""net_bytes"":""1117782016"",""net_mib"":""1066.000"",""net_saved_mib"":""1066.000"",""page_bytes"":""2097152"",""page_mib"":""2.000"",""remote_mib"":""1106.000"",""requested_bytes"":""1159725056"",""requested_mib"":""1106.000"",""requested_pages"":""553"",""selected_tensors"":""410"",""selection"":""global_budget"",""staging_bytes"":""41943040"",""staging_mib"":""40.000""}],""gross_pages"":553,""gross_remote_bytes"":1159725056,""mode"":""staging"",""net_saved_bytes"":1117782016,""requested_pages"":553,""selected_layers"":60,""selected_tensors"":410,""staging_bytes"":41943040}",
1,2ea4f9e1-2cf1-4a6f-908e-9afc36c6c3b0,2026-08-12T09:12:13.843323+00:00,463fcfc4c106535f73c78b7f9d39765d0de0d6d2e370f92d4b86bfb98a1cc036,31,intertidal_dma,dense,31.0,31738.000,165120,6.8,562,,ok,0,11.803,562,562,1178599424,1124.000,6.803899,41943040,40.000,1136656384,1084.000,6.561767,measured_vmm_layout,,31738.000,410,60,,,4224.230515,60.318111,41.036852,0.086831,0.988743,0.531073,match,"[{""label"":""prompt"",""checksum"":""2417196da4492390"",""nonfinite"":0},{""label"":""prompt"",""checksum"":""0453392d6142afd3"",""nonfinite"":0},{""label"":""prompt"",""checksum"":""8c39d6d410e92623"",""nonfinite"":0},{""label"":""prompt"",""checksum"":""ce38b3f3a7a05142"",""nonfinite"":0},{""label"":""prompt"",""checksum"":""556c3b871bf91e81"",""nonfinite"":0},{""label"":""prompt"",""checksum"":""c930f979f7f0aed4"",""nonfinite"":0},{""label"":""decode"",""checksum"":""0c8e93b3ecced1c6"",""nonfinite"":0},{""label"":""decode"",""checksum"":""319a6a234bb9ed88"",""nonfinite"":0},{""label"":""decode"",""checksum"":""1e95777bddcc71d5"",""nonfinite"":0},{""label"":""decode"",""checksum"":""fc3ff68058ffd54e"",""nonfinite"":0},{""label"":""decode"",""checksum"":""92560214e2ee8afd"",""nonfinite"":0},{""label"":""decode"",""checksum"":""ea317c3ff2b17152"",""nonfinite"":0}]",b5d2ea31b0f709c295ad59dfab37889028c6fe9857ea11908ff3ab4b717c9a5d,0,120,30654.000,30705.000,2890.400,2512.000,2955.000,59.308,67.000,284.555,467.200,75.250,100.000,"{""argv"":[""/home/wici/llama.cpp/build-cuda/bin/llama-bench"",""-m"",""/home/wici/voice-lab/models/gguf/gemma-4-31B-it-Q4_0.gguf"",""-p"",""512"",""-n"",""64"",""-r"",""5"",""-t"",""8"",""-b"",""512"",""-ub"",""512"",""-fa"",""on"",""-ctk"",""f16"",""-ctv"",""f16"",""-mmp"",""1"",""-o"",""csv"",""--ctx-size"",""165120"",""-ot"",""^blk[.][0-9]+[.](attn_(k|v|q|output)|ffn_(down|gate|up))[.]weight$=CUDA_Hybrid""],""env"":{""GGML_CUDA_HYBRID_MODE"":""staging"",""GGML_CUDA_HYBRID_PAGE_BUDGET"":""562"",""LD_LIBRARY_PATH"":""/dev/shm/intertidal-capacity.mEP47j:/home/wici/llama.cpp/build-cuda/bin:/usr/local/cuda/lib64"",""LLAMA_BENCH_LOGIT_CHECKSUM"":""1""}}","{""buffers"":[{""buffer_bytes"":""16524435968"",""buffer_mib"":""15758.930"",""eligible_pages"":""7470"",""gross_bytes"":""1178599424"",""gross_mib"":""1124.000"",""gross_pages"":""562"",""layers"":""60"",""local_physical_bytes"":""15346958336"",""local_physical_mib"":""14636.000"",""mode"":""staging"",""net_bytes"":""1136656384"",""net_mib"":""1084.000"",""net_saved_mib"":""1084.000"",""page_bytes"":""2097152"",""page_mib"":""2.000"",""remote_mib"":""1124.000"",""requested_bytes"":""1178599424"",""requested_mib"":""1124.000"",""requested_pages"":""562"",""selected_tensors"":""410"",""selection"":""global_budget"",""staging_bytes"":""41943040"",""staging_mib"":""40.000""}],""gross_pages"":562,""gross_remote_bytes"":1178599424,""mode"":""staging"",""net_saved_bytes"":1136656384,""requested_pages"":562,""selected_layers"":60,""selected_tensors"":410,""staging_bytes"":41943040}",
1,2ea4f9e1-2cf1-4a6f-908e-9afc36c6c3b0,2026-08-12T09:12:25.680826+00:00,463fcfc4c106535f73c78b7f9d39765d0de0d6d2e370f92d4b86bfb98a1cc036,31,intertidal_dma,dense,31.0,31738.000,165120,6.9,570,,ok,0,11.823,570,570,1195376640,1140.000,6.900752,41943040,40.000,1153433600,1100.000,6.658620,measured_vmm_layout,,31738.000,410,60,,,4224.799392,59.952238,40.484706,0.069581,0.988876,0.523928,match,"[{""label"":""prompt"",""checksum"":""2417196da4492390"",""nonfinite"":0},{""label"":""prompt"",""checksum"":""0453392d6142afd3"",""nonfinite"":0},{""label"":""prompt"",""checksum"":""8c39d6d410e92623"",""nonfinite"":0},{""label"":""prompt"",""checksum"":""ce38b3f3a7a05142"",""nonfinite"":0},{""label"":""prompt"",""checksum"":""556c3b871bf91e81"",""nonfinite"":0},{""label"":""prompt"",""checksum"":""c930f979f7f0aed4"",""nonfinite"":0},{""label"":""decode"",""checksum"":""0c8e93b3ecced1c6"",""nonfinite"":0},{""label"":""decode"",""checksum"":""319a6a234bb9ed88"",""nonfinite"":0},{""label"":""decode"",""checksum"":""1e95777bddcc71d5"",""nonfinite"":0},{""label"":""decode"",""checksum"":""fc3ff68058ffd54e"",""nonfinite"":0},{""label"":""decode"",""checksum"":""92560214e2ee8afd"",""nonfinite"":0},{""label"":""decode"",""checksum"":""ea317c3ff2b17152"",""nonfinite"":0}]",b5d2ea31b0f709c295ad59dfab37889028c6fe9857ea11908ff3ab4b717c9a5d,0,121,30638.000,30689.000,2921.843,2625.000,2955.000,59.050,68.000,281.967,489.900,70.521,100.000,"{""argv"":[""/home/wici/llama.cpp/build-cuda/bin/llama-bench"",""-m"",""/home/wici/voice-lab/models/gguf/gemma-4-31B-it-Q4_0.gguf"",""-p"",""512"",""-n"",""64"",""-r"",""5"",""-t"",""8"",""-b"",""512"",""-ub"",""512"",""-fa"",""on"",""-ctk"",""f16"",""-ctv"",""f16"",""-mmp"",""1"",""-o"",""csv"",""--ctx-size"",""165120"",""-ot"",""^blk[.][0-9]+[.](attn_(k|v|q|output)|ffn_(down|gate|up))[.]weight$=CUDA_Hybrid""],""env"":{""GGML_CUDA_HYBRID_MODE"":""staging"",""GGML_CUDA_HYBRID_PAGE_BUDGET"":""570"",""LD_LIBRARY_PATH"":""/dev/shm/intertidal-capacity.mEP47j:/home/wici/llama.cpp/build-cuda/bin:/usr/local/cuda/lib64"",""LLAMA_BENCH_LOGIT_CHECKSUM"":""1""}}","{""buffers"":[{""buffer_bytes"":""16524435968"",""buffer_mib"":""15758.930"",""eligible_pages"":""7470"",""gross_bytes"":""1195376640"",""gross_mib"":""1140.000"",""gross_pages"":""570"",""layers"":""60"",""local_physical_bytes"":""15330181120"",""local_physical_mib"":""14620.000"",""mode"":""staging"",""net_bytes"":""1153433600"",""net_mib"":""1100.000"",""net_saved_mib"":""1100.000"",""page_bytes"":""2097152"",""page_mib"":""2.000"",""remote_mib"":""1140.000"",""requested_bytes"":""1195376640"",""requested_mib"":""1140.000"",""requested_pages"":""570"",""selected_tensors"":""410"",""selection"":""global_budget"",""staging_bytes"":""41943040"",""staging_mib"":""40.000""}],""gross_pages"":570,""gross_remote_bytes"":1195376640,""mode"":""staging"",""net_saved_bytes"":1153433600,""requested_pages"":570,""selected_layers"":60,""selected_tensors"":410,""staging_bytes"":41943040}",
1,2ea4f9e1-2cf1-4a6f-908e-9afc36c6c3b0,2026-08-12T09:12:37.799293+00:00,463fcfc4c106535f73c78b7f9d39765d0de0d6d2e370f92d4b86bfb98a1cc036,31,intertidal_dma,dense,31.0,31738.000,165120,7.1,586,,ok,0,12.106,586,586,1228931072,1172.000,7.094457,41943040,40.000,1186988032,1132.000,6.852325,measured_vmm_layout,,31738.000,410,60,,,4222.477122,62.488876,39.363949,0.052543,0.988333,0.509424,match,"[{""label"":""prompt"",""checksum"":""2417196da4492390"",""nonfinite"":0},{""label"":""prompt"",""checksum"":""0453392d6142afd3"",""nonfinite"":0},{""label"":""prompt"",""checksum"":""8c39d6d410e92623"",""nonfinite"":0},{""label"":""prompt"",""checksum"":""ce38b3f3a7a05142"",""nonfinite"":0},{""label"":""prompt"",""checksum"":""556c3b871bf91e81"",""nonfinite"":0},{""label"":""prompt"",""checksum"":""c930f979f7f0aed4"",""nonfinite"":0},{""label"":""decode"",""checksum"":""0c8e93b3ecced1c6"",""nonfinite"":0},{""label"":""decode"",""checksum"":""319a6a234bb9ed88"",""nonfinite"":0},{""label"":""decode"",""checksum"":""1e95777bddcc71d5"",""nonfinite"":0},{""label"":""decode"",""checksum"":""fc3ff68058ffd54e"",""nonfinite"":0},{""label"":""decode"",""checksum"":""92560214e2ee8afd"",""nonfinite"":0},{""label"":""decode"",""checksum"":""ea317c3ff2b17152"",""nonfinite"":0}]",b5d2ea31b0f709c295ad59dfab37889028c6fe9857ea11908ff3ab4b717c9a5d,0,124,30606.000,30657.000,2881.234,2520.000,2955.000,59.444,68.000,279.868,466.030,75.427,100.000,"{""argv"":[""/home/wici/llama.cpp/build-cuda/bin/llama-bench"",""-m"",""/home/wici/voice-lab/models/gguf/gemma-4-31B-it-Q4_0.gguf"",""-p"",""512"",""-n"",""64"",""-r"",""5"",""-t"",""8"",""-b"",""512"",""-ub"",""512"",""-fa"",""on"",""-ctk"",""f16"",""-ctv"",""f16"",""-mmp"",""1"",""-o"",""csv"",""--ctx-size"",""165120"",""-ot"",""^blk[.][0-9]+[.](attn_(k|v|q|output)|ffn_(down|gate|up))[.]weight$=CUDA_Hybrid""],""env"":{""GGML_CUDA_HYBRID_MODE"":""staging"",""GGML_CUDA_HYBRID_PAGE_BUDGET"":""586"",""LD_LIBRARY_PATH"":""/dev/shm/intertidal-capacity.mEP47j:/home/wici/llama.cpp/build-cuda/bin:/usr/local/cuda/lib64"",""LLAMA_BENCH_LOGIT_CHECKSUM"":""1""}}","{""buffers"":[{""buffer_bytes"":""16524435968"",""buffer_mib"":""15758.930"",""eligible_pages"":""7470"",""gross_bytes"":""1228931072"",""gross_mib"":""1172.000"",""gross_pages"":""586"",""layers"":""60"",""local_physical_bytes"":""15296626688"",""local_physical_mib"":""14588.000"",""mode"":""staging"",""net_bytes"":""1186988032"",""net_mib"":""1132.000"",""net_saved_mib"":""1132.000"",""page_bytes"":""2097152"",""page_mib"":""2.000"",""remote_mib"":""1172.000"",""requested_bytes"":""1228931072"",""requested_mib"":""1172.000"",""requested_pages"":""586"",""selected_tensors"":""410"",""selection"":""global_budget"",""staging_bytes"":""41943040"",""staging_mib"":""40.000""}],""gross_pages"":586,""gross_remote_bytes"":1228931072,""mode"":""staging"",""net_saved_bytes"":1186988032,""requested_pages"":586,""selected_layers"":60,""selected_tensors"":410,""staging_bytes"":41943040}",
1,2ea4f9e1-2cf1-4a6f-908e-9afc36c6c3b0,2026-08-12T09:12:50.125379+00:00,463fcfc4c106535f73c78b7f9d39765d0de0d6d2e370f92d4b86bfb98a1cc036,31,intertidal_dma,dense,31.0,31738.000,165120,7.2,595,,ok,0,12.310,595,595,1247805440,1190.000,7.203416,46137344,44.000,1201668096,1146.000,6.937071,measured_vmm_layout,,31738.000,410,60,,,4223.988522,61.969085,38.821562,0.032982,0.988687,0.502404,match,"[{""label"":""prompt"",""checksum"":""2417196da4492390"",""nonfinite"":0},{""label"":""prompt"",""checksum"":""0453392d6142afd3"",""nonfinite"":0},{""label"":""prompt"",""checksum"":""8c39d6d410e92623"",""nonfinite"":0},{""label"":""prompt"",""checksum"":""ce38b3f3a7a05142"",""nonfinite"":0},{""label"":""prompt"",""checksum"":""556c3b871bf91e81"",""nonfinite"":0},{""label"":""prompt"",""checksum"":""c930f979f7f0aed4"",""nonfinite"":0},{""label"":""decode"",""checksum"":""0c8e93b3ecced1c6"",""nonfinite"":0},{""label"":""decode"",""checksum"":""319a6a234bb9ed88"",""nonfinite"":0},{""label"":""decode"",""checksum"":""1e95777bddcc71d5"",""nonfinite"":0},{""label"":""decode"",""checksum"":""fc3ff68058ffd54e"",""nonfinite"":0},{""label"":""decode"",""checksum"":""92560214e2ee8afd"",""nonfinite"":0},{""label"":""decode"",""checksum"":""ea317c3ff2b17152"",""nonfinite"":0}]",b5d2ea31b0f709c295ad59dfab37889028c6fe9857ea11908ff3ab4b717c9a5d,0,125,30592.000,30643.000,2921.944,2647.000,2955.000,59.056,66.000,277.013,465.950,85.896,100.000,"{""argv"":[""/home/wici/llama.cpp/build-cuda/bin/llama-bench"",""-m"",""/home/wici/voice-lab/models/gguf/gemma-4-31B-it-Q4_0.gguf"",""-p"",""512"",""-n"",""64"",""-r"",""5"",""-t"",""8"",""-b"",""512"",""-ub"",""512"",""-fa"",""on"",""-ctk"",""f16"",""-ctv"",""f16"",""-mmp"",""1"",""-o"",""csv"",""--ctx-size"",""165120"",""-ot"",""^blk[.][0-9]+[.](attn_(k|v|q|output)|ffn_(down|gate|up))[.]weight$=CUDA_Hybrid""],""env"":{""GGML_CUDA_HYBRID_MODE"":""staging"",""GGML_CUDA_HYBRID_PAGE_BUDGET"":""595"",""LD_LIBRARY_PATH"":""/dev/shm/intertidal-capacity.mEP47j:/home/wici/llama.cpp/build-cuda/bin:/usr/local/cuda/lib64"",""LLAMA_BENCH_LOGIT_CHECKSUM"":""1""}}","{""buffers"":[{""buffer_bytes"":""16524435968"",""buffer_mib"":""15758.930"",""eligible_pages"":""7470"",""gross_bytes"":""1247805440"",""gross_mib"":""1190.000"",""gross_pages"":""595"",""layers"":""60"",""local_physical_bytes"":""15277752320"",""local_physical_mib"":""14570.000"",""mode"":""staging"",""net_bytes"":""1201668096"",""net_mib"":""1146.000"",""net_saved_mib"":""1146.000"",""page_bytes"":""2097152"",""page_mib"":""2.000"",""remote_mib"":""1190.000"",""requested_bytes"":""1247805440"",""requested_mib"":""1190.000"",""requested_pages"":""595"",""selected_tensors"":""410"",""selection"":""global_budget"",""staging_bytes"":""46137344"",""staging_mib"":""44.000""}],""gross_pages"":595,""gross_remote_bytes"":1247805440,""mode"":""staging"",""net_saved_bytes"":1201668096,""requested_pages"":595,""selected_layers"":60,""selected_tensors"":410,""staging_bytes"":46137344}",
1,2ea4f9e1-2cf1-4a6f-908e-9afc36c6c3b0,2026-08-12T09:13:02.395517+00:00,463fcfc4c106535f73c78b7f9d39765d0de0d6d2e370f92d4b86bfb98a1cc036,31,intertidal_dma,dense,31.0,31738.000,165120,7.3,603,,ok,0,12.262,603,603,1264582656,1206.000,7.300269,46137344,44.000,1218445312,1162.000,7.033924,measured_vmm_layout,,31738.000,410,60,,,4226.684422,61.007625,38.359826,0.039208,0.989318,0.496429,match,"[{""label"":""prompt"",""checksum"":""2417196da4492390"",""nonfinite"":0},{""label"":""prompt"",""checksum"":""0453392d6142afd3"",""nonfinite"":0},{""label"":""prompt"",""checksum"":""8c39d6d410e92623"",""nonfinite"":0},{""label"":""prompt"",""checksum"":""ce38b3f3a7a05142"",""nonfinite"":0},{""label"":""prompt"",""checksum"":""556c3b871bf91e81"",""nonfinite"":0},{""label"":""prompt"",""checksum"":""c930f979f7f0aed4"",""nonfinite"":0},{""label"":""decode"",""checksum"":""0c8e93b3ecced1c6"",""nonfinite"":0},{""label"":""decode"",""checksum"":""319a6a234bb9ed88"",""nonfinite"":0},{""label"":""decode"",""checksum"":""1e95777bddcc71d5"",""nonfinite"":0},{""label"":""decode"",""checksum"":""fc3ff68058ffd54e"",""nonfinite"":0},{""label"":""decode"",""checksum"":""92560214e2ee8afd"",""nonfinite"":0},{""label"":""decode"",""checksum"":""ea317c3ff2b17152"",""nonfinite"":0}]",b5d2ea31b0f709c295ad59dfab37889028c6fe9857ea11908ff3ab4b717c9a5d,0,126,30576.000,30627.000,2878.214,2512.000,2955.000,59.310,68.000,277.865,498.060,76.952,100.000,"{""argv"":[""/home/wici/llama.cpp/build-cuda/bin/llama-bench"",""-m"",""/home/wici/voice-lab/models/gguf/gemma-4-31B-it-Q4_0.gguf"",""-p"",""512"",""-n"",""64"",""-r"",""5"",""-t"",""8"",""-b"",""512"",""-ub"",""512"",""-fa"",""on"",""-ctk"",""f16"",""-ctv"",""f16"",""-mmp"",""1"",""-o"",""csv"",""--ctx-size"",""165120"",""-ot"",""^blk[.][0-9]+[.](attn_(k|v|q|output)|ffn_(down|gate|up))[.]weight$=CUDA_Hybrid""],""env"":{""GGML_CUDA_HYBRID_MODE"":""staging"",""GGML_CUDA_HYBRID_PAGE_BUDGET"":""603"",""LD_LIBRARY_PATH"":""/dev/shm/intertidal-capacity.mEP47j:/home/wici/llama.cpp/build-cuda/bin:/usr/local/cuda/lib64"",""LLAMA_BENCH_LOGIT_CHECKSUM"":""1""}}","{""buffers"":[{""buffer_bytes"":""16524435968"",""buffer_mib"":""15758.930"",""eligible_pages"":""7470"",""gross_bytes"":""1264582656"",""gross_mib"":""1206.000"",""gross_pages"":""603"",""layers"":""60"",""local_physical_bytes"":""15260975104"",""local_physical_mib"":""14554.000"",""mode"":""staging"",""net_bytes"":""1218445312"",""net_mib"":""1162.000"",""net_saved_mib"":""1162.000"",""page_bytes"":""2097152"",""page_mib"":""2.000"",""remote_mib"":""1206.000"",""requested_bytes"":""1264582656"",""requested_mib"":""1206.000"",""requested_pages"":""603"",""selected_tensors"":""410"",""selection"":""global_budget"",""staging_bytes"":""46137344"",""staging_mib"":""44.000""}],""gross_pages"":603,""gross_remote_bytes"":1264582656,""mode"":""staging"",""net_saved_bytes"":1218445312,""requested_pages"":603,""selected_layers"":60,""selected_tensors"":410,""staging_bytes"":46137344}",
1,2ea4f9e1-2cf1-4a6f-908e-9afc36c6c3b0,2026-08-12T09:13:14.791153+00:00,463fcfc4c106535f73c78b7f9d39765d0de0d6d2e370f92d4b86bfb98a1cc036,31,intertidal_dma,dense,31.0,31738.000,165120,7.4,611,,ok,0,12.391,611,611,1281359872,1222.000,7.397121,46137344,44.000,1235222528,1178.000,7.130777,measured_vmm_layout,,31738.000,410,60,,,4230.833560,60.629923,37.840012,0.048446,0.990289,0.489702,match,"[{""label"":""prompt"",""checksum"":""2417196da4492390"",""nonfinite"":0},{""label"":""prompt"",""checksum"":""0453392d6142afd3"",""nonfinite"":0},{""label"":""prompt"",""checksum"":""8c39d6d410e92623"",""nonfinite"":0},{""label"":""prompt"",""checksum"":""ce38b3f3a7a05142"",""nonfinite"":0},{""label"":""prompt"",""checksum"":""556c3b871bf91e81"",""nonfinite"":0},{""label"":""prompt"",""checksum"":""c930f979f7f0aed4"",""nonfinite"":0},{""label"":""decode"",""checksum"":""0c8e93b3ecced1c6"",""nonfinite"":0},{""label"":""decode"",""checksum"":""319a6a234bb9ed88"",""nonfinite"":0},{""label"":""decode"",""checksum"":""1e95777bddcc71d5"",""nonfinite"":0},{""label"":""decode"",""checksum"":""fc3ff68058ffd54e"",""nonfinite"":0},{""label"":""decode"",""checksum"":""92560214e2ee8afd"",""nonfinite"":0},{""label"":""decode"",""checksum"":""ea317c3ff2b17152"",""nonfinite"":0}]",b5d2ea31b0f709c295ad59dfab37889028c6fe9857ea11908ff3ab4b717c9a5d,0,127,30560.000,30611.000,2921.732,2632.000,2955.000,59.008,67.000,274.422,482.460,74.559,100.000,"{""argv"":[""/home/wici/llama.cpp/build-cuda/bin/llama-bench"",""-m"",""/home/wici/voice-lab/models/gguf/gemma-4-31B-it-Q4_0.gguf"",""-p"",""512"",""-n"",""64"",""-r"",""5"",""-t"",""8"",""-b"",""512"",""-ub"",""512"",""-fa"",""on"",""-ctk"",""f16"",""-ctv"",""f16"",""-mmp"",""1"",""-o"",""csv"",""--ctx-size"",""165120"",""-ot"",""^blk[.][0-9]+[.](attn_(k|v|q|output)|ffn_(down|gate|up))[.]weight$=CUDA_Hybrid""],""env"":{""GGML_CUDA_HYBRID_MODE"":""staging"",""GGML_CUDA_HYBRID_PAGE_BUDGET"":""611"",""LD_LIBRARY_PATH"":""/dev/shm/intertidal-capacity.mEP47j:/home/wici/llama.cpp/build-cuda/bin:/usr/local/cuda/lib64"",""LLAMA_BENCH_LOGIT_CHECKSUM"":""1""}}","{""buffers"":[{""buffer_bytes"":""16524435968"",""buffer_mib"":""15758.930"",""eligible_pages"":""7470"",""gross_bytes"":""1281359872"",""gross_mib"":""1222.000"",""gross_pages"":""611"",""layers"":""60"",""local_physical_bytes"":""15244197888"",""local_physical_mib"":""14538.000"",""mode"":""staging"",""net_bytes"":""1235222528"",""net_mib"":""1178.000"",""net_saved_mib"":""1178.000"",""page_bytes"":""2097152"",""page_mib"":""2.000"",""remote_mib"":""1222.000"",""requested_bytes"":""1281359872"",""requested_mib"":""1222.000"",""requested_pages"":""611"",""selected_tensors"":""410"",""selection"":""global_budget"",""staging_bytes"":""46137344"",""staging_mib"":""44.000""}],""gross_pages"":611,""gross_remote_bytes"":1281359872,""mode"":""staging"",""net_saved_bytes"":1235222528,""requested_pages"":611,""selected_layers"":60,""selected_tensors"":410,""staging_bytes"":46137344}",
1,2ea4f9e1-2cf1-4a6f-908e-9afc36c6c3b0,2026-08-12T09:13:27.282358+00:00,463fcfc4c106535f73c78b7f9d39765d0de0d6d2e370f92d4b86bfb98a1cc036,31,intertidal_dma,dense,31.0,31738.000,165120,7.5,619,,ok,0,12.487,619,619,1298137088,1238.000,7.493974,46137344,44.000,1251999744,1194.000,7.227629,measured_vmm_layout,,31738.000,410,60,,,4222.031231,60.392029,37.372003,0.045579,0.988229,0.483645,match,"[{""label"":""prompt"",""checksum"":""2417196da4492390"",""nonfinite"":0},{""label"":""prompt"",""checksum"":""0453392d6142afd3"",""nonfinite"":0},{""label"":""prompt"",""checksum"":""8c39d6d410e92623"",""nonfinite"":0},{""label"":""prompt"",""checksum"":""ce38b3f3a7a05142"",""nonfinite"":0},{""label"":""prompt"",""checksum"":""556c3b871bf91e81"",""nonfinite"":0},{""label"":""prompt"",""checksum"":""c930f979f7f0aed4"",""nonfinite"":0},{""label"":""decode"",""checksum"":""0c8e93b3ecced1c6"",""nonfinite"":0},{""label"":""decode"",""checksum"":""319a6a234bb9ed88"",""nonfinite"":0},{""label"":""decode"",""checksum"":""1e95777bddcc71d5"",""nonfinite"":0},{""label"":""decode"",""checksum"":""fc3ff68058ffd54e"",""nonfinite"":0},{""label"":""decode"",""checksum"":""92560214e2ee8afd"",""nonfinite"":0},{""label"":""decode"",""checksum"":""ea317c3ff2b17152"",""nonfinite"":0}]",b5d2ea31b0f709c295ad59dfab37889028c6fe9857ea11908ff3ab4b717c9a5d,0,128,30544.000,30595.000,2889.938,2587.000,2955.000,58.516,67.000,273.857,492.580,76.633,100.000,"{""argv"":[""/home/wici/llama.cpp/build-cuda/bin/llama-bench"",""-m"",""/home/wici/voice-lab/models/gguf/gemma-4-31B-it-Q4_0.gguf"",""-p"",""512"",""-n"",""64"",""-r"",""5"",""-t"",""8"",""-b"",""512"",""-ub"",""512"",""-fa"",""on"",""-ctk"",""f16"",""-ctv"",""f16"",""-mmp"",""1"",""-o"",""csv"",""--ctx-size"",""165120"",""-ot"",""^blk[.][0-9]+[.](attn_(k|v|q|output)|ffn_(down|gate|up))[.]weight$=CUDA_Hybrid""],""env"":{""GGML_CUDA_HYBRID_MODE"":""staging"",""GGML_CUDA_HYBRID_PAGE_BUDGET"":""619"",""LD_LIBRARY_PATH"":""/dev/shm/intertidal-capacity.mEP47j:/home/wici/llama.cpp/build-cuda/bin:/usr/local/cuda/lib64"",""LLAMA_BENCH_LOGIT_CHECKSUM"":""1""}}","{""buffers"":[{""buffer_bytes"":""16524435968"",""buffer_mib"":""15758.930"",""eligible_pages"":""7470"",""gross_bytes"":""1298137088"",""gross_mib"":""1238.000"",""gross_pages"":""619"",""layers"":""60"",""local_physical_bytes"":""15227420672"",""local_physical_mib"":""14522.000"",""mode"":""staging"",""net_bytes"":""1251999744"",""net_mib"":""1194.000"",""net_saved_mib"":""1194.000"",""page_bytes"":""2097152"",""page_mib"":""2.000"",""remote_mib"":""1238.000"",""requested_bytes"":""1298137088"",""requested_mib"":""1238.000"",""requested_pages"":""619"",""selected_tensors"":""410"",""selection"":""global_budget"",""staging_bytes"":""46137344"",""staging_mib"":""44.000""}],""gross_pages"":619,""gross_remote_bytes"":1298137088,""mode"":""staging"",""net_saved_bytes"":1251999744,""requested_pages"":619,""selected_layers"":60,""selected_tensors"":410,""staging_bytes"":46137344}",
1,2ea4f9e1-2cf1-4a6f-908e-9afc36c6c3b0,2026-08-12T09:13:39.918632+00:00,463fcfc4c106535f73c78b7f9d39765d0de0d6d2e370f92d4b86bfb98a1cc036,31,intertidal_dma,dense,31.0,31738.000,165120,7.6,628,,ok,0,12.631,628,628,1317011456,1256.000,7.602933,46137344,44.000,1270874112,1212.000,7.336589,measured_vmm_layout,,31738.000,410,60,,,4228.768968,60.956106,36.870026,0.035348,0.989806,0.477149,match,"[{""label"":""prompt"",""checksum"":""2417196da4492390"",""nonfinite"":0},{""label"":""prompt"",""checksum"":""0453392d6142afd3"",""nonfinite"":0},{""label"":""prompt"",""checksum"":""8c39d6d410e92623"",""nonfinite"":0},{""label"":""prompt"",""checksum"":""ce38b3f3a7a05142"",""nonfinite"":0},{""label"":""prompt"",""checksum"":""556c3b871bf91e81"",""nonfinite"":0},{""label"":""prompt"",""checksum"":""c930f979f7f0aed4"",""nonfinite"":0},{""label"":""decode"",""checksum"":""0c8e93b3ecced1c6"",""nonfinite"":0},{""label"":""decode"",""checksum"":""319a6a234bb9ed88"",""nonfinite"":0},{""label"":""decode"",""checksum"":""1e95777bddcc71d5"",""nonfinite"":0},{""label"":""decode"",""checksum"":""fc3ff68058ffd54e"",""nonfinite"":0},{""label"":""decode"",""checksum"":""92560214e2ee8afd"",""nonfinite"":0},{""label"":""decode"",""checksum"":""ea317c3ff2b17152"",""nonfinite"":0}]",b5d2ea31b0f709c295ad59dfab37889028c6fe9857ea11908ff3ab4b717c9a5d,0,130,30526.000,30577.000,2890.138,2587.000,2955.000,58.262,65.000,272.157,486.880,80.038,100.000,"{""argv"":[""/home/wici/llama.cpp/build-cuda/bin/llama-bench"",""-m"",""/home/wici/voice-lab/models/gguf/gemma-4-31B-it-Q4_0.gguf"",""-p"",""512"",""-n"",""64"",""-r"",""5"",""-t"",""8"",""-b"",""512"",""-ub"",""512"",""-fa"",""on"",""-ctk"",""f16"",""-ctv"",""f16"",""-mmp"",""1"",""-o"",""csv"",""--ctx-size"",""165120"",""-ot"",""^blk[.][0-9]+[.](attn_(k|v|q|output)|ffn_(down|gate|up))[.]weight$=CUDA_Hybrid""],""env"":{""GGML_CUDA_HYBRID_MODE"":""staging"",""GGML_CUDA_HYBRID_PAGE_BUDGET"":""628"",""LD_LIBRARY_PATH"":""/dev/shm/intertidal-capacity.mEP47j:/home/wici/llama.cpp/build-cuda/bin:/usr/local/cuda/lib64"",""LLAMA_BENCH_LOGIT_CHECKSUM"":""1""}}","{""buffers"":[{""buffer_bytes"":""16524435968"",""buffer_mib"":""15758.930"",""eligible_pages"":""7470"",""gross_bytes"":""1317011456"",""gross_mib"":""1256.000"",""gross_pages"":""628"",""layers"":""60"",""local_physical_bytes"":""15208546304"",""local_physical_mib"":""14504.000"",""mode"":""staging"",""net_bytes"":""1270874112"",""net_mib"":""1212.000"",""net_saved_mib"":""1212.000"",""page_bytes"":""2097152"",""page_mib"":""2.000"",""remote_mib"":""1256.000"",""requested_bytes"":""1317011456"",""requested_mib"":""1256.000"",""requested_pages"":""628"",""selected_tensors"":""410"",""selection"":""global_budget"",""staging_bytes"":""46137344"",""staging_mib"":""44.000""}],""gross_pages"":628,""gross_remote_bytes"":1317011456,""mode"":""staging"",""net_saved_bytes"":1270874112,""requested_pages"":628,""selected_layers"":60,""selected_tensors"":410,""staging_bytes"":46137344}",
1,2ea4f9e1-2cf1-4a6f-908e-9afc36c6c3b0,2026-08-12T09:13:52.685163+00:00,463fcfc4c106535f73c78b7f9d39765d0de0d6d2e370f92d4b86bfb98a1cc036,31,intertidal_dma,dense,31.0,31738.000,165120,7.7,636,,ok,0,12.760,636,636,1333788672,1272.000,7.699786,46137344,44.000,1287651328,1228.000,7.433441,measured_vmm_layout,,31738.000,410,60,,,4225.054182,56.227692,36.383742,0.031759,0.988936,0.470856,match,"[{""label"":""prompt"",""checksum"":""2417196da4492390"",""nonfinite"":0},{""label"":""prompt"",""checksum"":""0453392d6142afd3"",""nonfinite"":0},{""label"":""prompt"",""checksum"":""8c39d6d410e92623"",""nonfinite"":0},{""label"":""prompt"",""checksum"":""ce38b3f3a7a05142"",""nonfinite"":0},{""label"":""prompt"",""checksum"":""556c3b871bf91e81"",""nonfinite"":0},{""label"":""prompt"",""checksum"":""c930f979f7f0aed4"",""nonfinite"":0},{""label"":""decode"",""checksum"":""0c8e93b3ecced1c6"",""nonfinite"":0},{""label"":""decode"",""checksum"":""319a6a234bb9ed88"",""nonfinite"":0},{""label"":""decode"",""checksum"":""1e95777bddcc71d5"",""nonfinite"":0},{""label"":""decode"",""checksum"":""fc3ff68058ffd54e"",""nonfinite"":0},{""label"":""decode"",""checksum"":""92560214e2ee8afd"",""nonfinite"":0},{""label"":""decode"",""checksum"":""ea317c3ff2b17152"",""nonfinite"":0}]",b5d2ea31b0f709c295ad59dfab37889028c6fe9857ea11908ff3ab4b717c9a5d,0,131,30510.000,30561.000,2889.466,2670.000,2947.000,58.397,67.000,273.067,493.260,86.901,100.000,"{""argv"":[""/home/wici/llama.cpp/build-cuda/bin/llama-bench"",""-m"",""/home/wici/voice-lab/models/gguf/gemma-4-31B-it-Q4_0.gguf"",""-p"",""512"",""-n"",""64"",""-r"",""5"",""-t"",""8"",""-b"",""512"",""-ub"",""512"",""-fa"",""on"",""-ctk"",""f16"",""-ctv"",""f16"",""-mmp"",""1"",""-o"",""csv"",""--ctx-size"",""165120"",""-ot"",""^blk[.][0-9]+[.](attn_(k|v|q|output)|ffn_(down|gate|up))[.]weight$=CUDA_Hybrid""],""env"":{""GGML_CUDA_HYBRID_MODE"":""staging"",""GGML_CUDA_HYBRID_PAGE_BUDGET"":""636"",""LD_LIBRARY_PATH"":""/dev/shm/intertidal-capacity.mEP47j:/home/wici/llama.cpp/build-cuda/bin:/usr/local/cuda/lib64"",""LLAMA_BENCH_LOGIT_CHECKSUM"":""1""}}","{""buffers"":[{""buffer_bytes"":""16524435968"",""buffer_mib"":""15758.930"",""eligible_pages"":""7470"",""gross_bytes"":""1333788672"",""gross_mib"":""1272.000"",""gross_pages"":""636"",""layers"":""60"",""local_physical_bytes"":""15191769088"",""local_physical_mib"":""14488.000"",""mode"":""staging"",""net_bytes"":""1287651328"",""net_mib"":""1228.000"",""net_saved_mib"":""1228.000"",""page_bytes"":""2097152"",""page_mib"":""2.000"",""remote_mib"":""1272.000"",""requested_bytes"":""1333788672"",""requested_mib"":""1272.000"",""requested_pages"":""636"",""selected_tensors"":""410"",""selection"":""global_budget"",""staging_bytes"":""46137344"",""staging_mib"":""44.000""}],""gross_pages"":636,""gross_remote_bytes"":1333788672,""mode"":""staging"",""net_saved_bytes"":1287651328,""requested_pages"":636,""selected_layers"":60,""selected_tensors"":410,""staging_bytes"":46137344}",
1,2ea4f9e1-2cf1-4a6f-908e-9afc36c6c3b0,2026-08-12T09:14:05.582395+00:00,463fcfc4c106535f73c78b7f9d39765d0de0d6d2e370f92d4b86bfb98a1cc036,31,intertidal_dma,dense,31.0,31738.000,165120,7.8,644,,ok,0,12.891,644,644,1350565888,1288.000,7.796639,46137344,44.000,1304428544,1244.000,7.530294,measured_vmm_layout,,31738.000,410,60,,,4229.319086,59.487730,35.920715,0.052823,0.989934,0.464863,match,"[{""label"":""prompt"",""checksum"":""2417196da4492390"",""nonfinite"":0},{""label"":""prompt"",""checksum"":""0453392d6142afd3"",""nonfinite"":0},{""label"":""prompt"",""checksum"":""8c39d6d410e92623"",""nonfinite"":0},{""label"":""prompt"",""checksum"":""ce38b3f3a7a05142"",""nonfinite"":0},{""label"":""prompt"",""checksum"":""556c3b871bf91e81"",""nonfinite"":0},{""label"":""prompt"",""checksum"":""c930f979f7f0aed4"",""nonfinite"":0},{""label"":""decode"",""checksum"":""0c8e93b3ecced1c6"",""nonfinite"":0},{""label"":""decode"",""checksum"":""319a6a234bb9ed88"",""nonfinite"":0},{""label"":""decode"",""checksum"":""1e95777bddcc71d5"",""nonfinite"":0},{""label"":""decode"",""checksum"":""fc3ff68058ffd54e"",""nonfinite"":0},{""label"":""decode"",""checksum"":""92560214e2ee8afd"",""nonfinite"":0},{""label"":""decode"",""checksum"":""ea317c3ff2b17152"",""nonfinite"":0}]",b5d2ea31b0f709c295ad59dfab37889028c6fe9857ea11908ff3ab4b717c9a5d,0,132,30494.000,30545.000,2948.636,2947.000,2955.000,58.614,67.000,270.995,492.490,85.508,100.000,"{""argv"":[""/home/wici/llama.cpp/build-cuda/bin/llama-bench"",""-m"",""/home/wici/voice-lab/models/gguf/gemma-4-31B-it-Q4_0.gguf"",""-p"",""512"",""-n"",""64"",""-r"",""5"",""-t"",""8"",""-b"",""512"",""-ub"",""512"",""-fa"",""on"",""-ctk"",""f16"",""-ctv"",""f16"",""-mmp"",""1"",""-o"",""csv"",""--ctx-size"",""165120"",""-ot"",""^blk[.][0-9]+[.](attn_(k|v|q|output)|ffn_(down|gate|up))[.]weight$=CUDA_Hybrid""],""env"":{""GGML_CUDA_HYBRID_MODE"":""staging"",""GGML_CUDA_HYBRID_PAGE_BUDGET"":""644"",""LD_LIBRARY_PATH"":""/dev/shm/intertidal-capacity.mEP47j:/home/wici/llama.cpp/build-cuda/bin:/usr/local/cuda/lib64"",""LLAMA_BENCH_LOGIT_CHECKSUM"":""1""}}","{""buffers"":[{""buffer_bytes"":""16524435968"",""buffer_mib"":""15758.930"",""eligible_pages"":""7470"",""gross_bytes"":""1350565888"",""gross_mib"":""1288.000"",""gross_pages"":""644"",""layers"":""60"",""local_physical_bytes"":""15174991872"",""local_physical_mib"":""14472.000"",""mode"":""staging"",""net_bytes"":""1304428544"",""net_mib"":""1244.000"",""net_saved_mib"":""1244.000"",""page_bytes"":""2097152"",""page_mib"":""2.000"",""remote_mib"":""1288.000"",""requested_bytes"":""1350565888"",""requested_mib"":""1288.000"",""requested_pages"":""644"",""selected_tensors"":""410"",""selection"":""global_budget"",""staging_bytes"":""46137344"",""staging_mib"":""44.000""}],""gross_pages"":644,""gross_remote_bytes"":1350565888,""mode"":""staging"",""net_saved_bytes"":1304428544,""requested_pages"":644,""selected_layers"":60,""selected_tensors"":410,""staging_bytes"":46137344}",
1,2ea4f9e1-2cf1-4a6f-908e-9afc36c6c3b0,2026-08-12T09:14:18.579641+00:00,463fcfc4c106535f73c78b7f9d39765d0de0d6d2e370f92d4b86bfb98a1cc036,31,intertidal_dma,dense,31.0,31738.000,165120,7.9,653,,ok,0,12.988,653,653,1369440256,1306.000,7.905598,50331648,48.000,1319108608,1258.000,7.615040,measured_vmm_layout,,31738.000,410,60,,,4227.364217,63.534192,35.513890,0.029834,0.989477,0.459599,match,"[{""label"":""prompt"",""checksum"":""2417196da4492390"",""nonfinite"":0},{""label"":""prompt"",""checksum"":""0453392d6142afd3"",""nonfinite"":0},{""label"":""prompt"",""checksum"":""8c39d6d410e92623"",""nonfinite"":0},{""label"":""prompt"",""checksum"":""ce38b3f3a7a05142"",""nonfinite"":0},{""label"":""prompt"",""checksum"":""556c3b871bf91e81"",""nonfinite"":0},{""label"":""prompt"",""checksum"":""c930f979f7f0aed4"",""nonfinite"":0},{""label"":""decode"",""checksum"":""0c8e93b3ecced1c6"",""nonfinite"":0},{""label"":""decode"",""checksum"":""319a6a234bb9ed88"",""nonfinite"":0},{""label"":""decode"",""checksum"":""1e95777bddcc71d5"",""nonfinite"":0},{""label"":""decode"",""checksum"":""fc3ff68058ffd54e"",""nonfinite"":0},{""label"":""decode"",""checksum"":""92560214e2ee8afd"",""nonfinite"":0},{""label"":""decode"",""checksum"":""ea317c3ff2b17152"",""nonfinite"":0}]",b5d2ea31b0f709c295ad59dfab37889028c6fe9857ea11908ff3ab4b717c9a5d,0,134,30480.000,30531.000,2881.336,2520.000,2955.000,58.560,67.000,268.570,477.020,77.582,100.000,"{""argv"":[""/home/wici/llama.cpp/build-cuda/bin/llama-bench"",""-m"",""/home/wici/voice-lab/models/gguf/gemma-4-31B-it-Q4_0.gguf"",""-p"",""512"",""-n"",""64"",""-r"",""5"",""-t"",""8"",""-b"",""512"",""-ub"",""512"",""-fa"",""on"",""-ctk"",""f16"",""-ctv"",""f16"",""-mmp"",""1"",""-o"",""csv"",""--ctx-size"",""165120"",""-ot"",""^blk[.][0-9]+[.](attn_(k|v|q|output)|ffn_(down|gate|up))[.]weight$=CUDA_Hybrid""],""env"":{""GGML_CUDA_HYBRID_MODE"":""staging"",""GGML_CUDA_HYBRID_PAGE_BUDGET"":""653"",""LD_LIBRARY_PATH"":""/dev/shm/intertidal-capacity.mEP47j:/home/wici/llama.cpp/build-cuda/bin:/usr/local/cuda/lib64"",""LLAMA_BENCH_LOGIT_CHECKSUM"":""1""}}","{""buffers"":[{""buffer_bytes"":""16524435968"",""buffer_mib"":""15758.930"",""eligible_pages"":""7470"",""gross_bytes"":""1369440256"",""gross_mib"":""1306.000"",""gross_pages"":""653"",""layers"":""60"",""local_physical_bytes"":""15156117504"",""local_physical_mib"":""14454.000"",""mode"":""staging"",""net_bytes"":""1319108608"",""net_mib"":""1258.000"",""net_saved_mib"":""1258.000"",""page_bytes"":""2097152"",""page_mib"":""2.000"",""remote_mib"":""1306.000"",""requested_bytes"":""1369440256"",""requested_mib"":""1306.000"",""requested_pages"":""653"",""selected_tensors"":""410"",""selection"":""global_budget"",""staging_bytes"":""50331648"",""staging_mib"":""48.000""}],""gross_pages"":653,""gross_remote_bytes"":1369440256,""mode"":""staging"",""net_saved_bytes"":1319108608,""requested_pages"":653,""selected_layers"":60,""selected_tensors"":410,""staging_bytes"":50331648}",
1,2ea4f9e1-2cf1-4a6f-908e-9afc36c6c3b0,2026-08-12T09:14:31.965496+00:00,463fcfc4c106535f73c78b7f9d39765d0de0d6d2e370f92d4b86bfb98a1cc036,31,intertidal_dma,dense,31.0,31738.000,165120,8.1,669,,ok,0,13.377,669,669,1402994688,1338.000,8.099303,50331648,48.000,1352663040,1290.000,7.808745,measured_vmm_layout,,31738.000,410,60,,,4226.578951,58.856334,34.630180,0.057489,0.989293,0.448162,match,"[{""label"":""prompt"",""checksum"":""2417196da4492390"",""nonfinite"":0},{""label"":""prompt"",""checksum"":""0453392d6142afd3"",""nonfinite"":0},{""label"":""prompt"",""checksum"":""8c39d6d410e92623"",""nonfinite"":0},{""label"":""prompt"",""checksum"":""ce38b3f3a7a05142"",""nonfinite"":0},{""label"":""prompt"",""checksum"":""556c3b871bf91e81"",""nonfinite"":0},{""label"":""prompt"",""checksum"":""c930f979f7f0aed4"",""nonfinite"":0},{""label"":""decode"",""checksum"":""0c8e93b3ecced1c6"",""nonfinite"":0},{""label"":""decode"",""checksum"":""319a6a234bb9ed88"",""nonfinite"":0},{""label"":""decode"",""checksum"":""1e95777bddcc71d5"",""nonfinite"":0},{""label"":""decode"",""checksum"":""fc3ff68058ffd54e"",""nonfinite"":0},{""label"":""decode"",""checksum"":""92560214e2ee8afd"",""nonfinite"":0},{""label"":""decode"",""checksum"":""ea317c3ff2b17152"",""nonfinite"":0}]",b5d2ea31b0f709c295ad59dfab37889028c6fe9857ea11908ff3ab4b717c9a5d,0,136,30448.000,30499.000,2879.397,2505.000,2955.000,58.669,67.000,264.925,494.270,76.375,100.000,"{""argv"":[""/home/wici/llama.cpp/build-cuda/bin/llama-bench"",""-m"",""/home/wici/voice-lab/models/gguf/gemma-4-31B-it-Q4_0.gguf"",""-p"",""512"",""-n"",""64"",""-r"",""5"",""-t"",""8"",""-b"",""512"",""-ub"",""512"",""-fa"",""on"",""-ctk"",""f16"",""-ctv"",""f16"",""-mmp"",""1"",""-o"",""csv"",""--ctx-size"",""165120"",""-ot"",""^blk[.][0-9]+[.](attn_(k|v|q|output)|ffn_(down|gate|up))[.]weight$=CUDA_Hybrid""],""env"":{""GGML_CUDA_HYBRID_MODE"":""staging"",""GGML_CUDA_HYBRID_PAGE_BUDGET"":""669"",""LD_LIBRARY_PATH"":""/dev/shm/intertidal-capacity.mEP47j:/home/wici/llama.cpp/build-cuda/bin:/usr/local/cuda/lib64"",""LLAMA_BENCH_LOGIT_CHECKSUM"":""1""}}","{""buffers"":[{""buffer_bytes"":""16524435968"",""buffer_mib"":""15758.930"",""eligible_pages"":""7470"",""gross_bytes"":""1402994688"",""gross_mib"":""1338.000"",""gross_pages"":""669"",""layers"":""60"",""local_physical_bytes"":""15122563072"",""local_physical_mib"":""14422.000"",""mode"":""staging"",""net_bytes"":""1352663040"",""net_mib"":""1290.000"",""net_saved_mib"":""1290.000"",""page_bytes"":""2097152"",""page_mib"":""2.000"",""remote_mib"":""1338.000"",""requested_bytes"":""1402994688"",""requested_mib"":""1338.000"",""requested_pages"":""669"",""selected_tensors"":""410"",""selection"":""global_budget"",""staging_bytes"":""50331648"",""staging_mib"":""48.000""}],""gross_pages"":669,""gross_remote_bytes"":1402994688,""mode"":""staging"",""net_saved_bytes"":1352663040,""requested_pages"":669,""selected_layers"":60,""selected_tensors"":410,""staging_bytes"":50331648}",
1,2ea4f9e1-2cf1-4a6f-908e-9afc36c6c3b0,2026-08-12T09:14:45.312292+00:00,463fcfc4c106535f73c78b7f9d39765d0de0d6d2e370f92d4b86bfb98a1cc036,31,intertidal_dma,dense,31.0,31738.000,165120,8.2,677,,ok,0,13.337,677,677,1419771904,1354.000,8.196156,50331648,48.000,1369440256,1306.000,7.905598,measured_vmm_layout,,31738.000,410,60,,,4229.590057,59.961650,34.243074,0.041137,0.989998,0.443152,match,"[{""label"":""prompt"",""checksum"":""2417196da4492390"",""nonfinite"":0},{""label"":""prompt"",""checksum"":""0453392d6142afd3"",""nonfinite"":0},{""label"":""prompt"",""checksum"":""8c39d6d410e92623"",""nonfinite"":0},{""label"":""prompt"",""checksum"":""ce38b3f3a7a05142"",""nonfinite"":0},{""label"":""prompt"",""checksum"":""556c3b871bf91e81"",""nonfinite"":0},{""label"":""prompt"",""checksum"":""c930f979f7f0aed4"",""nonfinite"":0},{""label"":""decode"",""checksum"":""0c8e93b3ecced1c6"",""nonfinite"":0},{""label"":""decode"",""checksum"":""319a6a234bb9ed88"",""nonfinite"":0},{""label"":""decode"",""checksum"":""1e95777bddcc71d5"",""nonfinite"":0},{""label"":""decode"",""checksum"":""fc3ff68058ffd54e"",""nonfinite"":0},{""label"":""decode"",""checksum"":""92560214e2ee8afd"",""nonfinite"":0},{""label"":""decode"",""checksum"":""ea317c3ff2b17152"",""nonfinite"":0}]",b5d2ea31b0f709c295ad59dfab37889028c6fe9857ea11908ff3ab4b717c9a5d,0,137,30432.000,30483.000,2881.898,2512.000,2955.000,58.197,66.000,264.062,465.160,80.153,100.000,"{""argv"":[""/home/wici/llama.cpp/build-cuda/bin/llama-bench"",""-m"",""/home/wici/voice-lab/models/gguf/gemma-4-31B-it-Q4_0.gguf"",""-p"",""512"",""-n"",""64"",""-r"",""5"",""-t"",""8"",""-b"",""512"",""-ub"",""512"",""-fa"",""on"",""-ctk"",""f16"",""-ctv"",""f16"",""-mmp"",""1"",""-o"",""csv"",""--ctx-size"",""165120"",""-ot"",""^blk[.][0-9]+[.](attn_(k|v|q|output)|ffn_(down|gate|up))[.]weight$=CUDA_Hybrid""],""env"":{""GGML_CUDA_HYBRID_MODE"":""staging"",""GGML_CUDA_HYBRID_PAGE_BUDGET"":""677"",""LD_LIBRARY_PATH"":""/dev/shm/intertidal-capacity.mEP47j:/home/wici/llama.cpp/build-cuda/bin:/usr/local/cuda/lib64"",""LLAMA_BENCH_LOGIT_CHECKSUM"":""1""}}","{""buffers"":[{""buffer_bytes"":""16524435968"",""buffer_mib"":""15758.930"",""eligible_pages"":""7470"",""gross_bytes"":""1419771904"",""gross_mib"":""1354.000"",""gross_pages"":""677"",""layers"":""60"",""local_physical_bytes"":""15105785856"",""local_physical_mib"":""14406.000"",""mode"":""staging"",""net_bytes"":""1369440256"",""net_mib"":""1306.000"",""net_saved_mib"":""1306.000"",""page_bytes"":""2097152"",""page_mib"":""2.000"",""remote_mib"":""1354.000"",""requested_bytes"":""1419771904"",""requested_mib"":""1354.000"",""requested_pages"":""677"",""selected_tensors"":""410"",""selection"":""global_budget"",""staging_bytes"":""50331648"",""staging_mib"":""48.000""}],""gross_pages"":677,""gross_remote_bytes"":1419771904,""mode"":""staging"",""net_saved_bytes"":1369440256,""requested_pages"":677,""selected_layers"":60,""selected_tensors"":410,""staging_bytes"":50331648}",
1,2ea4f9e1-2cf1-4a6f-908e-9afc36c6c3b0,2026-08-12T09:14:58.752671+00:00,463fcfc4c106535f73c78b7f9d39765d0de0d6d2e370f92d4b86bfb98a1cc036,31,intertidal_dma,dense,31.0,31738.000,165120,8.3,686,,ok,0,13.433,686,686,1438646272,1372.000,8.305115,50331648,48.000,1388314624,1324.000,8.014557,measured_vmm_layout,,31738.000,410,60,,,4229.640018,61.894344,33.794972,0.054308,0.990010,0.437353,match,"[{""label"":""prompt"",""checksum"":""2417196da4492390"",""nonfinite"":0},{""label"":""prompt"",""checksum"":""0453392d6142afd3"",""nonfinite"":0},{""label"":""prompt"",""checksum"":""8c39d6d410e92623"",""nonfinite"":0},{""label"":""prompt"",""checksum"":""ce38b3f3a7a05142"",""nonfinite"":0},{""label"":""prompt"",""checksum"":""556c3b871bf91e81"",""nonfinite"":0},{""label"":""prompt"",""checksum"":""c930f979f7f0aed4"",""nonfinite"":0},{""label"":""decode"",""checksum"":""0c8e93b3ecced1c6"",""nonfinite"":0},{""label"":""decode"",""checksum"":""319a6a234bb9ed88"",""nonfinite"":0},{""label"":""decode"",""checksum"":""1e95777bddcc71d5"",""nonfinite"":0},{""label"":""decode"",""checksum"":""fc3ff68058ffd54e"",""nonfinite"":0},{""label"":""decode"",""checksum"":""92560214e2ee8afd"",""nonfinite"":0},{""label"":""decode"",""checksum"":""ea317c3ff2b17152"",""nonfinite"":0}]",b5d2ea31b0f709c295ad59dfab37889028c6fe9857ea11908ff3ab4b717c9a5d,0,139,30414.000,30465.000,2875.079,2512.000,2955.000,57.741,67.000,263.321,472.180,81.417,100.000,"{""argv"":[""/home/wici/llama.cpp/build-cuda/bin/llama-bench"",""-m"",""/home/wici/voice-lab/models/gguf/gemma-4-31B-it-Q4_0.gguf"",""-p"",""512"",""-n"",""64"",""-r"",""5"",""-t"",""8"",""-b"",""512"",""-ub"",""512"",""-fa"",""on"",""-ctk"",""f16"",""-ctv"",""f16"",""-mmp"",""1"",""-o"",""csv"",""--ctx-size"",""165120"",""-ot"",""^blk[.][0-9]+[.](attn_(k|v|q|output)|ffn_(down|gate|up))[.]weight$=CUDA_Hybrid""],""env"":{""GGML_CUDA_HYBRID_MODE"":""staging"",""GGML_CUDA_HYBRID_PAGE_BUDGET"":""686"",""LD_LIBRARY_PATH"":""/dev/shm/intertidal-capacity.mEP47j:/home/wici/llama.cpp/build-cuda/bin:/usr/local/cuda/lib64"",""LLAMA_BENCH_LOGIT_CHECKSUM"":""1""}}","{""buffers"":[{""buffer_bytes"":""16524435968"",""buffer_mib"":""15758.930"",""eligible_pages"":""7470"",""gross_bytes"":""1438646272"",""gross_mib"":""1372.000"",""gross_pages"":""686"",""layers"":""60"",""local_physical_bytes"":""15086911488"",""local_physical_mib"":""14388.000"",""mode"":""staging"",""net_bytes"":""1388314624"",""net_mib"":""1324.000"",""net_saved_mib"":""1324.000"",""page_bytes"":""2097152"",""page_mib"":""2.000"",""remote_mib"":""1372.000"",""requested_bytes"":""1438646272"",""requested_mib"":""1372.000"",""requested_pages"":""686"",""selected_tensors"":""410"",""selection"":""global_budget"",""staging_bytes"":""50331648"",""staging_mib"":""48.000""}],""gross_pages"":686,""gross_remote_bytes"":1438646272,""mode"":""staging"",""net_saved_bytes"":1388314624,""requested_pages"":686,""selected_layers"":60,""selected_tensors"":410,""staging_bytes"":50331648}",
1,2ea4f9e1-2cf1-4a6f-908e-9afc36c6c3b0,2026-08-12T09:15:12.787309+00:00,463fcfc4c106535f73c78b7f9d39765d0de0d6d2e370f92d4b86bfb98a1cc036,31,intertidal_dma,dense,31.0,31738.000,165120,8.4,694,,ok,0,14.028,694,694,1455423488,1388.000,8.401968,50331648,48.000,1405091840,1340.000,8.111410,measured_vmm_layout,,31738.000,410,60,,,4226.108954,60.318399,33.409885,0.050432,0.989183,0.432370,match,"[{""label"":""prompt"",""checksum"":""2417196da4492390"",""nonfinite"":0},{""label"":""prompt"",""checksum"":""0453392d6142afd3"",""nonfinite"":0},{""label"":""prompt"",""checksum"":""8c39d6d410e92623"",""nonfinite"":0},{""label"":""prompt"",""checksum"":""ce38b3f3a7a05142"",""nonfinite"":0},{""label"":""prompt"",""checksum"":""556c3b871bf91e81"",""nonfinite"":0},{""label"":""prompt"",""checksum"":""c930f979f7f0aed4"",""nonfinite"":0},{""label"":""decode"",""checksum"":""0c8e93b3ecced1c6"",""nonfinite"":0},{""label"":""decode"",""checksum"":""319a6a234bb9ed88"",""nonfinite"":0},{""label"":""decode"",""checksum"":""1e95777bddcc71d5"",""nonfinite"":0},{""label"":""decode"",""checksum"":""fc3ff68058ffd54e"",""nonfinite"":0},{""label"":""decode"",""checksum"":""92560214e2ee8afd"",""nonfinite"":0},{""label"":""decode"",""checksum"":""ea317c3ff2b17152"",""nonfinite"":0}]",b5d2ea31b0f709c295ad59dfab37889028c6fe9857ea11908ff3ab4b717c9a5d,0,140,30398.000,30449.000,2913.986,2737.000,2955.000,57.421,65.000,263.193,479.810,77.879,100.000,"{""argv"":[""/home/wici/llama.cpp/build-cuda/bin/llama-bench"",""-m"",""/home/wici/voice-lab/models/gguf/gemma-4-31B-it-Q4_0.gguf"",""-p"",""512"",""-n"",""64"",""-r"",""5"",""-t"",""8"",""-b"",""512"",""-ub"",""512"",""-fa"",""on"",""-ctk"",""f16"",""-ctv"",""f16"",""-mmp"",""1"",""-o"",""csv"",""--ctx-size"",""165120"",""-ot"",""^blk[.][0-9]+[.](attn_(k|v|q|output)|ffn_(down|gate|up))[.]weight$=CUDA_Hybrid""],""env"":{""GGML_CUDA_HYBRID_MODE"":""staging"",""GGML_CUDA_HYBRID_PAGE_BUDGET"":""694"",""LD_LIBRARY_PATH"":""/dev/shm/intertidal-capacity.mEP47j:/home/wici/llama.cpp/build-cuda/bin:/usr/local/cuda/lib64"",""LLAMA_BENCH_LOGIT_CHECKSUM"":""1""}}","{""buffers"":[{""buffer_bytes"":""16524435968"",""buffer_mib"":""15758.930"",""eligible_pages"":""7470"",""gross_bytes"":""1455423488"",""gross_mib"":""1388.000"",""gross_pages"":""694"",""layers"":""60"",""local_physical_bytes"":""15070134272"",""local_physical_mib"":""14372.000"",""mode"":""staging"",""net_bytes"":""1405091840"",""net_mib"":""1340.000"",""net_saved_mib"":""1340.000"",""page_bytes"":""2097152"",""page_mib"":""2.000"",""remote_mib"":""1388.000"",""requested_bytes"":""1455423488"",""requested_mib"":""1388.000"",""requested_pages"":""694"",""selected_tensors"":""410"",""selection"":""global_budget"",""staging_bytes"":""50331648"",""staging_mib"":""48.000""}],""gross_pages"":694,""gross_remote_bytes"":1455423488,""mode"":""staging"",""net_saved_bytes"":1405091840,""requested_pages"":694,""selected_layers"":60,""selected_tensors"":410,""staging_bytes"":50331648}",
1,2ea4f9e1-2cf1-4a6f-908e-9afc36c6c3b0,2026-08-12T09:15:26.496979+00:00,463fcfc4c106535f73c78b7f9d39765d0de0d6d2e370f92d4b86bfb98a1cc036,31,intertidal_dma,dense,31.0,31738.000,165120,8.5,702,,ok,0,13.700,702,702,1472200704,1404.000,8.498820,50331648,48.000,1421869056,1356.000,8.208262,measured_vmm_layout,,31738.000,410,60,,,4226.209933,75.192779,33.040823,0.045717,0.989207,0.427594,match,"[{""label"":""prompt"",""checksum"":""2417196da4492390"",""nonfinite"":0},{""label"":""prompt"",""checksum"":""0453392d6142afd3"",""nonfinite"":0},{""label"":""prompt"",""checksum"":""8c39d6d410e92623"",""nonfinite"":0},{""label"":""prompt"",""checksum"":""ce38b3f3a7a05142"",""nonfinite"":0},{""label"":""prompt"",""checksum"":""556c3b871bf91e81"",""nonfinite"":0},{""label"":""prompt"",""checksum"":""c930f979f7f0aed4"",""nonfinite"":0},{""label"":""decode"",""checksum"":""0c8e93b3ecced1c6"",""nonfinite"":0},{""label"":""decode"",""checksum"":""319a6a234bb9ed88"",""nonfinite"":0},{""label"":""decode"",""checksum"":""1e95777bddcc71d5"",""nonfinite"":0},{""label"":""decode"",""checksum"":""fc3ff68058ffd54e"",""nonfinite"":0},{""label"":""decode"",""checksum"":""92560214e2ee8afd"",""nonfinite"":0},{""label"":""decode"",""checksum"":""ea317c3ff2b17152"",""nonfinite"":0}]",b5d2ea31b0f709c295ad59dfab37889028c6fe9857ea11908ff3ab4b717c9a5d,0,141,30382.000,30433.000,2880.461,2512.000,2947.000,57.298,66.000,257.686,482.300,74.851,100.000,"{""argv"":[""/home/wici/llama.cpp/build-cuda/bin/llama-bench"",""-m"",""/home/wici/voice-lab/models/gguf/gemma-4-31B-it-Q4_0.gguf"",""-p"",""512"",""-n"",""64"",""-r"",""5"",""-t"",""8"",""-b"",""512"",""-ub"",""512"",""-fa"",""on"",""-ctk"",""f16"",""-ctv"",""f16"",""-mmp"",""1"",""-o"",""csv"",""--ctx-size"",""165120"",""-ot"",""^blk[.][0-9]+[.](attn_(k|v|q|output)|ffn_(down|gate|up))[.]weight$=CUDA_Hybrid""],""env"":{""GGML_CUDA_HYBRID_MODE"":""staging"",""GGML_CUDA_HYBRID_PAGE_BUDGET"":""702"",""LD_LIBRARY_PATH"":""/dev/shm/intertidal-capacity.mEP47j:/home/wici/llama.cpp/build-cuda/bin:/usr/local/cuda/lib64"",""LLAMA_BENCH_LOGIT_CHECKSUM"":""1""}}","{""buffers"":[{""buffer_bytes"":""16524435968"",""buffer_mib"":""15758.930"",""eligible_pages"":""7470"",""gross_bytes"":""1472200704"",""gross_mib"":""1404.000"",""gross_pages"":""702"",""layers"":""60"",""local_physical_bytes"":""15053357056"",""local_physical_mib"":""14356.000"",""mode"":""staging"",""net_bytes"":""1421869056"",""net_mib"":""1356.000"",""net_saved_mib"":""1356.000"",""page_bytes"":""2097152"",""page_mib"":""2.000"",""remote_mib"":""1404.000"",""requested_bytes"":""1472200704"",""requested_mib"":""1404.000"",""requested_pages"":""702"",""selected_tensors"":""410"",""selection"":""global_budget"",""staging_bytes"":""50331648"",""staging_mib"":""48.000""}],""gross_pages"":702,""gross_remote_bytes"":1472200704,""mode"":""staging"",""net_saved_bytes"":1421869056,""requested_pages"":702,""selected_layers"":60,""selected_tensors"":410,""staging_bytes"":50331648}",
1,2ea4f9e1-2cf1-4a6f-908e-9afc36c6c3b0,2026-08-12T09:15:40.355563+00:00,463fcfc4c106535f73c78b7f9d39765d0de0d6d2e370f92d4b86bfb98a1cc036,31,intertidal_dma,dense,31.0,31738.000,165120,8.6,710,,ok,0,13.848,710,710,1488977920,1420.000,8.595673,50331648,48.000,1438646272,1372.000,8.305115,measured_vmm_layout,,31738.000,410,60,,,4226.407478,70.999560,32.668418,0.047050,0.989253,0.422774,match,"[{""label"":""prompt"",""checksum"":""2417196da4492390"",""nonfinite"":0},{""label"":""prompt"",""checksum"":""0453392d6142afd3"",""nonfinite"":0},{""label"":""prompt"",""checksum"":""8c39d6d410e92623"",""nonfinite"":0},{""label"":""prompt"",""checksum"":""ce38b3f3a7a05142"",""nonfinite"":0},{""label"":""prompt"",""checksum"":""556c3b871bf91e81"",""nonfinite"":0},{""label"":""prompt"",""checksum"":""c930f979f7f0aed4"",""nonfinite"":0},{""label"":""decode"",""checksum"":""0c8e93b3ecced1c6"",""nonfinite"":0},{""label"":""decode"",""checksum"":""319a6a234bb9ed88"",""nonfinite"":0},{""label"":""decode"",""checksum"":""1e95777bddcc71d5"",""nonfinite"":0},{""label"":""decode"",""checksum"":""fc3ff68058ffd54e"",""nonfinite"":0},{""label"":""decode"",""checksum"":""92560214e2ee8afd"",""nonfinite"":0},{""label"":""decode"",""checksum"":""ea317c3ff2b17152"",""nonfinite"":0}]",b5d2ea31b0f709c295ad59dfab37889028c6fe9857ea11908ff3ab4b717c9a5d,0,142,30366.000,30417.000,2921.113,2655.000,2955.000,57.683,67.000,259.426,482.360,81.782,100.000,"{""argv"":[""/home/wici/llama.cpp/build-cuda/bin/llama-bench"",""-m"",""/home/wici/voice-lab/models/gguf/gemma-4-31B-it-Q4_0.gguf"",""-p"",""512"",""-n"",""64"",""-r"",""5"",""-t"",""8"",""-b"",""512"",""-ub"",""512"",""-fa"",""on"",""-ctk"",""f16"",""-ctv"",""f16"",""-mmp"",""1"",""-o"",""csv"",""--ctx-size"",""165120"",""-ot"",""^blk[.][0-9]+[.](attn_(k|v|q|output)|ffn_(down|gate|up))[.]weight$=CUDA_Hybrid""],""env"":{""GGML_CUDA_HYBRID_MODE"":""staging"",""GGML_CUDA_HYBRID_PAGE_BUDGET"":""710"",""LD_LIBRARY_PATH"":""/dev/shm/intertidal-capacity.mEP47j:/home/wici/llama.cpp/build-cuda/bin:/usr/local/cuda/lib64"",""LLAMA_BENCH_LOGIT_CHECKSUM"":""1""}}","{""buffers"":[{""buffer_bytes"":""16524435968"",""buffer_mib"":""15758.930"",""eligible_pages"":""7470"",""gross_bytes"":""1488977920"",""gross_mib"":""1420.000"",""gross_pages"":""710"",""layers"":""60"",""local_physical_bytes"":""15036579840"",""local_physical_mib"":""14340.000"",""mode"":""staging"",""net_bytes"":""1438646272"",""net_mib"":""1372.000"",""net_saved_mib"":""1372.000"",""page_bytes"":""2097152"",""page_mib"":""2.000"",""remote_mib"":""1420.000"",""requested_bytes"":""1488977920"",""requested_mib"":""1420.000"",""requested_pages"":""710"",""selected_tensors"":""410"",""selection"":""global_budget"",""staging_bytes"":""50331648"",""staging_mib"":""48.000""}],""gross_pages"":710,""gross_remote_bytes"":1488977920,""mode"":""staging"",""net_saved_bytes"":1438646272,""requested_pages"":710,""selected_layers"":60,""selected_tensors"":410,""staging_bytes"":50331648}",
1,2ea4f9e1-2cf1-4a6f-908e-9afc36c6c3b0,2026-08-12T09:15:54.436069+00:00,463fcfc4c106535f73c78b7f9d39765d0de0d6d2e370f92d4b86bfb98a1cc036,31,intertidal_dma,dense,31.0,31738.000,165120,8.7,719,,ok,0,14.068,719,719,1507852288,1438.000,8.704632,54525952,52.000,1453326336,1386.000,8.389861,measured_vmm_layout,,31738.000,410,60,,,4230.074792,63.099455,32.281868,0.041613,0.990111,0.417772,match,"[{""label"":""prompt"",""checksum"":""2417196da4492390"",""nonfinite"":0},{""label"":""prompt"",""checksum"":""0453392d6142afd3"",""nonfinite"":0},{""label"":""prompt"",""checksum"":""8c39d6d410e92623"",""nonfinite"":0},{""label"":""prompt"",""checksum"":""ce38b3f3a7a05142"",""nonfinite"":0},{""label"":""prompt"",""checksum"":""556c3b871bf91e81"",""nonfinite"":0},{""label"":""prompt"",""checksum"":""c930f979f7f0aed4"",""nonfinite"":0},{""label"":""decode"",""checksum"":""0c8e93b3ecced1c6"",""nonfinite"":0},{""label"":""decode"",""checksum"":""319a6a234bb9ed88"",""nonfinite"":0},{""label"":""decode"",""checksum"":""1e95777bddcc71d5"",""nonfinite"":0},{""label"":""decode"",""checksum"":""fc3ff68058ffd54e"",""nonfinite"":0},{""label"":""decode"",""checksum"":""92560214e2ee8afd"",""nonfinite"":0},{""label"":""decode"",""checksum"":""ea317c3ff2b17152"",""nonfinite"":0}]",b5d2ea31b0f709c295ad59dfab37889028c6fe9857ea11908ff3ab4b717c9a5d,0,143,30352.000,30403.000,2889.224,2520.000,2955.000,57.301,66.000,256.405,468.600,81.126,100.000,"{""argv"":[""/home/wici/llama.cpp/build-cuda/bin/llama-bench"",""-m"",""/home/wici/voice-lab/models/gguf/gemma-4-31B-it-Q4_0.gguf"",""-p"",""512"",""-n"",""64"",""-r"",""5"",""-t"",""8"",""-b"",""512"",""-ub"",""512"",""-fa"",""on"",""-ctk"",""f16"",""-ctv"",""f16"",""-mmp"",""1"",""-o"",""csv"",""--ctx-size"",""165120"",""-ot"",""^blk[.][0-9]+[.](attn_(k|v|q|output)|ffn_(down|gate|up))[.]weight$=CUDA_Hybrid""],""env"":{""GGML_CUDA_HYBRID_MODE"":""staging"",""GGML_CUDA_HYBRID_PAGE_BUDGET"":""719"",""LD_LIBRARY_PATH"":""/dev/shm/intertidal-capacity.mEP47j:/home/wici/llama.cpp/build-cuda/bin:/usr/local/cuda/lib64"",""LLAMA_BENCH_LOGIT_CHECKSUM"":""1""}}","{""buffers"":[{""buffer_bytes"":""16524435968"",""buffer_mib"":""15758.930"",""eligible_pages"":""7470"",""gross_bytes"":""1507852288"",""gross_mib"":""1438.000"",""gross_pages"":""719"",""layers"":""60"",""local_physical_bytes"":""15017705472"",""local_physical_mib"":""14322.000"",""mode"":""staging"",""net_bytes"":""1453326336"",""net_mib"":""1386.000"",""net_saved_mib"":""1386.000"",""page_bytes"":""2097152"",""page_mib"":""2.000"",""remote_mib"":""1438.000"",""requested_bytes"":""1507852288"",""requested_mib"":""1438.000"",""requested_pages"":""719"",""selected_tensors"":""410"",""selection"":""global_budget"",""staging_bytes"":""54525952"",""staging_mib"":""52.000""}],""gross_pages"":719,""gross_remote_bytes"":1507852288,""mode"":""staging"",""net_saved_bytes"":1453326336,""requested_pages"":719,""selected_layers"":60,""selected_tensors"":410,""staging_bytes"":54525952}",
1,2ea4f9e1-2cf1-4a6f-908e-9afc36c6c3b0,2026-08-12T09:16:08.579519+00:00,463fcfc4c106535f73c78b7f9d39765d0de0d6d2e370f92d4b86bfb98a1cc036,31,intertidal_dma,dense,31.0,31738.000,165120,8.8,727,,ok,0,14.135,727,727,1524629504,1454.000,8.801485,54525952,52.000,1470103552,1402.000,8.486714,measured_vmm_layout,,31738.000,410,60,,,4230.605502,63.592968,31.942292,0.027159,0.990235,0.413377,match,"[{""label"":""prompt"",""checksum"":""2417196da4492390"",""nonfinite"":0},{""label"":""prompt"",""checksum"":""0453392d6142afd3"",""nonfinite"":0},{""label"":""prompt"",""checksum"":""8c39d6d410e92623"",""nonfinite"":0},{""label"":""prompt"",""checksum"":""ce38b3f3a7a05142"",""nonfinite"":0},{""label"":""prompt"",""checksum"":""556c3b871bf91e81"",""nonfinite"":0},{""label"":""prompt"",""checksum"":""c930f979f7f0aed4"",""nonfinite"":0},{""label"":""decode"",""checksum"":""0c8e93b3ecced1c6"",""nonfinite"":0},{""label"":""decode"",""checksum"":""319a6a234bb9ed88"",""nonfinite"":0},{""label"":""decode"",""checksum"":""1e95777bddcc71d5"",""nonfinite"":0},{""label"":""decode"",""checksum"":""fc3ff68058ffd54e"",""nonfinite"":0},{""label"":""decode"",""checksum"":""92560214e2ee8afd"",""nonfinite"":0},{""label"":""decode"",""checksum"":""ea317c3ff2b17152"",""nonfinite"":0}]",b5d2ea31b0f709c295ad59dfab37889028c6fe9857ea11908ff3ab4b717c9a5d,0,144,30336.000,30387.000,2898.549,2512.000,2955.000,57.264,66.000,256.688,482.790,83.792,100.000,"{""argv"":[""/home/wici/llama.cpp/build-cuda/bin/llama-bench"",""-m"",""/home/wici/voice-lab/models/gguf/gemma-4-31B-it-Q4_0.gguf"",""-p"",""512"",""-n"",""64"",""-r"",""5"",""-t"",""8"",""-b"",""512"",""-ub"",""512"",""-fa"",""on"",""-ctk"",""f16"",""-ctv"",""f16"",""-mmp"",""1"",""-o"",""csv"",""--ctx-size"",""165120"",""-ot"",""^blk[.][0-9]+[.](attn_(k|v|q|output)|ffn_(down|gate|up))[.]weight$=CUDA_Hybrid""],""env"":{""GGML_CUDA_HYBRID_MODE"":""staging"",""GGML_CUDA_HYBRID_PAGE_BUDGET"":""727"",""LD_LIBRARY_PATH"":""/dev/shm/intertidal-capacity.mEP47j:/home/wici/llama.cpp/build-cuda/bin:/usr/local/cuda/lib64"",""LLAMA_BENCH_LOGIT_CHECKSUM"":""1""}}","{""buffers"":[{""buffer_bytes"":""16524435968"",""buffer_mib"":""15758.930"",""eligible_pages"":""7470"",""gross_bytes"":""1524629504"",""gross_mib"":""1454.000"",""gross_pages"":""727"",""layers"":""60"",""local_physical_bytes"":""15000928256"",""local_physical_mib"":""14306.000"",""mode"":""staging"",""net_bytes"":""1470103552"",""net_mib"":""1402.000"",""net_saved_mib"":""1402.000"",""page_bytes"":""2097152"",""page_mib"":""2.000"",""remote_mib"":""1454.000"",""requested_bytes"":""1524629504"",""requested_mib"":""1454.000"",""requested_pages"":""727"",""selected_tensors"":""410"",""selection"":""global_budget"",""staging_bytes"":""54525952"",""staging_mib"":""52.000""}],""gross_pages"":727,""gross_remote_bytes"":1524629504,""mode"":""staging"",""net_saved_bytes"":1470103552,""requested_pages"":727,""selected_layers"":60,""selected_tensors"":410,""staging_bytes"":54525952}",
1,2ea4f9e1-2cf1-4a6f-908e-9afc36c6c3b0,2026-08-12T09:16:22.964770+00:00,463fcfc4c106535f73c78b7f9d39765d0de0d6d2e370f92d4b86bfb98a1cc036,31,intertidal_dma,dense,31.0,31738.000,165120,8.9,735,,ok,0,14.374,735,735,1541406720,1470.000,8.898338,54525952,52.000,1486880768,1418.000,8.583566,measured_vmm_layout,,31738.000,410,60,,,4228.347376,66.196775,31.623709,0.018818,0.989707,0.409254,match,"[{""label"":""prompt"",""checksum"":""2417196da4492390"",""nonfinite"":0},{""label"":""prompt"",""checksum"":""0453392d6142afd3"",""nonfinite"":0},{""label"":""prompt"",""checksum"":""8c39d6d410e92623"",""nonfinite"":0},{""label"":""prompt"",""checksum"":""ce38b3f3a7a05142"",""nonfinite"":0},{""label"":""prompt"",""checksum"":""556c3b871bf91e81"",""nonfinite"":0},{""label"":""prompt"",""checksum"":""c930f979f7f0aed4"",""nonfinite"":0},{""label"":""decode"",""checksum"":""0c8e93b3ecced1c6"",""nonfinite"":0},{""label"":""decode"",""checksum"":""319a6a234bb9ed88"",""nonfinite"":0},{""label"":""decode"",""checksum"":""1e95777bddcc71d5"",""nonfinite"":0},{""label"":""decode"",""checksum"":""fc3ff68058ffd54e"",""nonfinite"":0},{""label"":""decode"",""checksum"":""92560214e2ee8afd"",""nonfinite"":0},{""label"":""decode"",""checksum"":""ea317c3ff2b17152"",""nonfinite"":0}]",b5d2ea31b0f709c295ad59dfab37889028c6fe9857ea11908ff3ab4b717c9a5d,0,146,30320.000,30371.000,2887.555,2520.000,2955.000,57.507,66.000,256.473,493.200,80.541,100.000,"{""argv"":[""/home/wici/llama.cpp/build-cuda/bin/llama-bench"",""-m"",""/home/wici/voice-lab/models/gguf/gemma-4-31B-it-Q4_0.gguf"",""-p"",""512"",""-n"",""64"",""-r"",""5"",""-t"",""8"",""-b"",""512"",""-ub"",""512"",""-fa"",""on"",""-ctk"",""f16"",""-ctv"",""f16"",""-mmp"",""1"",""-o"",""csv"",""--ctx-size"",""165120"",""-ot"",""^blk[.][0-9]+[.](attn_(k|v|q|output)|ffn_(down|gate|up))[.]weight$=CUDA_Hybrid""],""env"":{""GGML_CUDA_HYBRID_MODE"":""staging"",""GGML_CUDA_HYBRID_PAGE_BUDGET"":""735"",""LD_LIBRARY_PATH"":""/dev/shm/intertidal-capacity.mEP47j:/home/wici/llama.cpp/build-cuda/bin:/usr/local/cuda/lib64"",""LLAMA_BENCH_LOGIT_CHECKSUM"":""1""}}","{""buffers"":[{""buffer_bytes"":""16524435968"",""buffer_mib"":""15758.930"",""eligible_pages"":""7470"",""gross_bytes"":""1541406720"",""gross_mib"":""1470.000"",""gross_pages"":""735"",""layers"":""60"",""local_physical_bytes"":""14984151040"",""local_physical_mib"":""14290.000"",""mode"":""staging"",""net_bytes"":""1486880768"",""net_mib"":""1418.000"",""net_saved_mib"":""1418.000"",""page_bytes"":""2097152"",""page_mib"":""2.000"",""remote_mib"":""1470.000"",""requested_bytes"":""1541406720"",""requested_mib"":""1470.000"",""requested_pages"":""735"",""selected_tensors"":""410"",""selection"":""global_budget"",""staging_bytes"":""54525952"",""staging_mib"":""52.000""}],""gross_pages"":735,""gross_remote_bytes"":1541406720,""mode"":""staging"",""net_saved_bytes"":1486880768,""requested_pages"":735,""selected_layers"":60,""selected_tensors"":410,""staging_bytes"":54525952}",
1,2ea4f9e1-2cf1-4a6f-908e-9afc36c6c3b0,2026-08-12T09:16:37.956431+00:00,463fcfc4c106535f73c78b7f9d39765d0de0d6d2e370f92d4b86bfb98a1cc036,31,intertidal_dma,dense,31.0,31738.000,165120,9.1,752,,ok,0,14.980,752,752,1577058304,1504.000,9.104149,54525952,52.000,1522532352,1452.000,8.789378,measured_vmm_layout,,31738.000,410,60,,,4230.953851,60.794850,30.854411,0.033352,0.990317,0.399298,match,"[{""label"":""prompt"",""checksum"":""2417196da4492390"",""nonfinite"":0},{""label"":""prompt"",""checksum"":""0453392d6142afd3"",""nonfinite"":0},{""label"":""prompt"",""checksum"":""8c39d6d410e92623"",""nonfinite"":0},{""label"":""prompt"",""checksum"":""ce38b3f3a7a05142"",""nonfinite"":0},{""label"":""prompt"",""checksum"":""556c3b871bf91e81"",""nonfinite"":0},{""label"":""prompt"",""checksum"":""c930f979f7f0aed4"",""nonfinite"":0},{""label"":""decode"",""checksum"":""0c8e93b3ecced1c6"",""nonfinite"":0},{""label"":""decode"",""checksum"":""319a6a234bb9ed88"",""nonfinite"":0},{""label"":""decode"",""checksum"":""1e95777bddcc71d5"",""nonfinite"":0},{""label"":""decode"",""checksum"":""fc3ff68058ffd54e"",""nonfinite"":0},{""label"":""decode"",""checksum"":""92560214e2ee8afd"",""nonfinite"":0},{""label"":""decode"",""checksum"":""ea317c3ff2b17152"",""nonfinite"":0}]",b5d2ea31b0f709c295ad59dfab37889028c6fe9857ea11908ff3ab4b717c9a5d,0,149,30286.000,30337.000,2925.980,2647.000,2955.000,56.826,66.000,250.132,464.220,78.812,100.000,"{""argv"":[""/home/wici/llama.cpp/build-cuda/bin/llama-bench"",""-m"",""/home/wici/voice-lab/models/gguf/gemma-4-31B-it-Q4_0.gguf"",""-p"",""512"",""-n"",""64"",""-r"",""5"",""-t"",""8"",""-b"",""512"",""-ub"",""512"",""-fa"",""on"",""-ctk"",""f16"",""-ctv"",""f16"",""-mmp"",""1"",""-o"",""csv"",""--ctx-size"",""165120"",""-ot"",""^blk[.][0-9]+[.](attn_(k|v|q|output)|ffn_(down|gate|up))[.]weight$=CUDA_Hybrid""],""env"":{""GGML_CUDA_HYBRID_MODE"":""staging"",""GGML_CUDA_HYBRID_PAGE_BUDGET"":""752"",""LD_LIBRARY_PATH"":""/dev/shm/intertidal-capacity.mEP47j:/home/wici/llama.cpp/build-cuda/bin:/usr/local/cuda/lib64"",""LLAMA_BENCH_LOGIT_CHECKSUM"":""1""}}","{""buffers"":[{""buffer_bytes"":""16524435968"",""buffer_mib"":""15758.930"",""eligible_pages"":""7470"",""gross_bytes"":""1577058304"",""gross_mib"":""1504.000"",""gross_pages"":""752"",""layers"":""60"",""local_physical_bytes"":""14948499456"",""local_physical_mib"":""14256.000"",""mode"":""staging"",""net_bytes"":""1522532352"",""net_mib"":""1452.000"",""net_saved_mib"":""1452.000"",""page_bytes"":""2097152"",""page_mib"":""2.000"",""remote_mib"":""1504.000"",""requested_bytes"":""1577058304"",""requested_mib"":""1504.000"",""requested_pages"":""752"",""selected_tensors"":""410"",""selection"":""global_budget"",""staging_bytes"":""54525952"",""staging_mib"":""52.000""}],""gross_pages"":752,""gross_remote_bytes"":1577058304,""mode"":""staging"",""net_saved_bytes"":1522532352,""requested_pages"":752,""selected_layers"":60,""selected_tensors"":410,""staging_bytes"":54525952}",
1,2ea4f9e1-2cf1-4a6f-908e-9afc36c6c3b0,2026-08-12T09:16:52.537476+00:00,463fcfc4c106535f73c78b7f9d39765d0de0d6d2e370f92d4b86bfb98a1cc036,31,intertidal_dma,dense,31.0,31738.000,165120,9.2,760,,ok,0,14.572,760,760,1593835520,1520.000,9.201002,54525952,52.000,1539309568,1468.000,8.886231,measured_vmm_layout,,31738.000,410,60,,,4230.090877,59.204250,30.560830,0.040255,0.990115,0.395499,match,"[{""label"":""prompt"",""checksum"":""2417196da4492390"",""nonfinite"":0},{""label"":""prompt"",""checksum"":""0453392d6142afd3"",""nonfinite"":0},{""label"":""prompt"",""checksum"":""8c39d6d410e92623"",""nonfinite"":0},{""label"":""prompt"",""checksum"":""ce38b3f3a7a05142"",""nonfinite"":0},{""label"":""prompt"",""checksum"":""556c3b871bf91e81"",""nonfinite"":0},{""label"":""prompt"",""checksum"":""c930f979f7f0aed4"",""nonfinite"":0},{""label"":""decode"",""checksum"":""0c8e93b3ecced1c6"",""nonfinite"":0},{""label"":""decode"",""checksum"":""319a6a234bb9ed88"",""nonfinite"":0},{""label"":""decode"",""checksum"":""1e95777bddcc71d5"",""nonfinite"":0},{""label"":""decode"",""checksum"":""fc3ff68058ffd54e"",""nonfinite"":0},{""label"":""decode"",""checksum"":""92560214e2ee8afd"",""nonfinite"":0},{""label"":""decode"",""checksum"":""ea317c3ff2b17152"",""nonfinite"":0}]",b5d2ea31b0f709c295ad59dfab37889028c6fe9857ea11908ff3ab4b717c9a5d,0,150,30270.000,30321.000,2860.753,2505.000,2955.000,56.427,66.000,247.338,483.270,82.507,100.000,"{""argv"":[""/home/wici/llama.cpp/build-cuda/bin/llama-bench"",""-m"",""/home/wici/voice-lab/models/gguf/gemma-4-31B-it-Q4_0.gguf"",""-p"",""512"",""-n"",""64"",""-r"",""5"",""-t"",""8"",""-b"",""512"",""-ub"",""512"",""-fa"",""on"",""-ctk"",""f16"",""-ctv"",""f16"",""-mmp"",""1"",""-o"",""csv"",""--ctx-size"",""165120"",""-ot"",""^blk[.][0-9]+[.](attn_(k|v|q|output)|ffn_(down|gate|up))[.]weight$=CUDA_Hybrid""],""env"":{""GGML_CUDA_HYBRID_MODE"":""staging"",""GGML_CUDA_HYBRID_PAGE_BUDGET"":""760"",""LD_LIBRARY_PATH"":""/dev/shm/intertidal-capacity.mEP47j:/home/wici/llama.cpp/build-cuda/bin:/usr/local/cuda/lib64"",""LLAMA_BENCH_LOGIT_CHECKSUM"":""1""}}","{""buffers"":[{""buffer_bytes"":""16524435968"",""buffer_mib"":""15758.930"",""eligible_pages"":""7470"",""gross_bytes"":""1593835520"",""gross_mib"":""1520.000"",""gross_pages"":""760"",""layers"":""60"",""local_physical_bytes"":""14931722240"",""local_physical_mib"":""14240.000"",""mode"":""staging"",""net_bytes"":""1539309568"",""net_mib"":""1468.000"",""net_saved_mib"":""1468.000"",""page_bytes"":""2097152"",""page_mib"":""2.000"",""remote_mib"":""1520.000"",""requested_bytes"":""1593835520"",""requested_mib"":""1520.000"",""requested_pages"":""760"",""selected_tensors"":""410"",""selection"":""global_budget"",""staging_bytes"":""54525952"",""staging_mib"":""52.000""}],""gross_pages"":760,""gross_remote_bytes"":1593835520,""mode"":""staging"",""net_saved_bytes"":1539309568,""requested_pages"":760,""selected_layers"":60,""selected_tensors"":410,""staging_bytes"":54525952}",
1,2ea4f9e1-2cf1-4a6f-908e-9afc36c6c3b0,2026-08-12T09:17:07.130229+00:00,463fcfc4c106535f73c78b7f9d39765d0de0d6d2e370f92d4b86bfb98a1cc036,31,intertidal_dma,dense,31.0,31738.000,165120,9.3,768,,ok,0,14.587,768,768,1610612736,1536.000,9.297855,54525952,52.000,1556086784,1484.000,8.983084,measured_vmm_layout,,31738.000,410,60,,,4231.644598,74.147289,30.244681,0.045234,0.990479,0.391408,match,"[{""label"":""prompt"",""checksum"":""2417196da4492390"",""nonfinite"":0},{""label"":""prompt"",""checksum"":""0453392d6142afd3"",""nonfinite"":0},{""label"":""prompt"",""checksum"":""8c39d6d410e92623"",""nonfinite"":0},{""label"":""prompt"",""checksum"":""ce38b3f3a7a05142"",""nonfinite"":0},{""label"":""prompt"",""checksum"":""556c3b871bf91e81"",""nonfinite"":0},{""label"":""prompt"",""checksum"":""c930f979f7f0aed4"",""nonfinite"":0},{""label"":""decode"",""checksum"":""0c8e93b3ecced1c6"",""nonfinite"":0},{""label"":""decode"",""checksum"":""319a6a234bb9ed88"",""nonfinite"":0},{""label"":""decode"",""checksum"":""1e95777bddcc71d5"",""nonfinite"":0},{""label"":""decode"",""checksum"":""fc3ff68058ffd54e"",""nonfinite"":0},{""label"":""decode"",""checksum"":""92560214e2ee8afd"",""nonfinite"":0},{""label"":""decode"",""checksum"":""ea317c3ff2b17152"",""nonfinite"":0}]",b5d2ea31b0f709c295ad59dfab37889028c6fe9857ea11908ff3ab4b717c9a5d,0,151,30254.000,30305.000,2930.550,2580.000,2955.000,56.583,66.000,251.909,491.160,81.503,100.000,"{""argv"":[""/home/wici/llama.cpp/build-cuda/bin/llama-bench"",""-m"",""/home/wici/voice-lab/models/gguf/gemma-4-31B-it-Q4_0.gguf"",""-p"",""512"",""-n"",""64"",""-r"",""5"",""-t"",""8"",""-b"",""512"",""-ub"",""512"",""-fa"",""on"",""-ctk"",""f16"",""-ctv"",""f16"",""-mmp"",""1"",""-o"",""csv"",""--ctx-size"",""165120"",""-ot"",""^blk[.][0-9]+[.](attn_(k|v|q|output)|ffn_(down|gate|up))[.]weight$=CUDA_Hybrid""],""env"":{""GGML_CUDA_HYBRID_MODE"":""staging"",""GGML_CUDA_HYBRID_PAGE_BUDGET"":""768"",""LD_LIBRARY_PATH"":""/dev/shm/intertidal-capacity.mEP47j:/home/wici/llama.cpp/build-cuda/bin:/usr/local/cuda/lib64"",""LLAMA_BENCH_LOGIT_CHECKSUM"":""1""}}","{""buffers"":[{""buffer_bytes"":""16524435968"",""buffer_mib"":""15758.930"",""eligible_pages"":""7470"",""gross_bytes"":""1610612736"",""gross_mib"":""1536.000"",""gross_pages"":""768"",""layers"":""60"",""local_physical_bytes"":""14914945024"",""local_physical_mib"":""14224.000"",""mode"":""staging"",""net_bytes"":""1556086784"",""net_mib"":""1484.000"",""net_saved_mib"":""1484.000"",""page_bytes"":""2097152"",""page_mib"":""2.000"",""remote_mib"":""1536.000"",""requested_bytes"":""1610612736"",""requested_mib"":""1536.000"",""requested_pages"":""768"",""selected_tensors"":""410"",""selection"":""global_budget"",""staging_bytes"":""54525952"",""staging_mib"":""52.000""}],""gross_pages"":768,""gross_remote_bytes"":1610612736,""mode"":""staging"",""net_saved_bytes"":1556086784,""requested_pages"":768,""selected_layers"":60,""selected_tensors"":410,""staging_bytes"":54525952}",
1,2ea4f9e1-2cf1-4a6f-908e-9afc36c6c3b0,2026-08-12T09:17:22.317742+00:00,463fcfc4c106535f73c78b7f9d39765d0de0d6d2e370f92d4b86bfb98a1cc036,31,intertidal_dma,dense,31.0,31738.000,165120,9.4,776,,ok,0,15.177,776,776,1627389952,1552.000,9.394707,58720256,56.000,1568669696,1496.000,9.055723,measured_vmm_layout,,31738.000,410,60,,,4233.957718,61.102156,29.999794,0.012681,0.991020,0.388239,match,"[{""label"":""prompt"",""checksum"":""2417196da4492390"",""nonfinite"":0},{""label"":""prompt"",""checksum"":""0453392d6142afd3"",""nonfinite"":0},{""label"":""prompt"",""checksum"":""8c39d6d410e92623"",""nonfinite"":0},{""label"":""prompt"",""checksum"":""ce38b3f3a7a05142"",""nonfinite"":0},{""label"":""prompt"",""checksum"":""556c3b871bf91e81"",""nonfinite"":0},{""label"":""prompt"",""checksum"":""c930f979f7f0aed4"",""nonfinite"":0},{""label"":""decode"",""checksum"":""0c8e93b3ecced1c6"",""nonfinite"":0},{""label"":""decode"",""checksum"":""319a6a234bb9ed88"",""nonfinite"":0},{""label"":""decode"",""checksum"":""1e95777bddcc71d5"",""nonfinite"":0},{""label"":""decode"",""checksum"":""fc3ff68058ffd54e"",""nonfinite"":0},{""label"":""decode"",""checksum"":""92560214e2ee8afd"",""nonfinite"":0},{""label"":""decode"",""checksum"":""ea317c3ff2b17152"",""nonfinite"":0}]",b5d2ea31b0f709c295ad59dfab37889028c6fe9857ea11908ff3ab4b717c9a5d,0,152,30242.000,30293.000,2878.513,2557.000,2955.000,56.526,66.000,251.616,491.470,83.007,100.000,"{""argv"":[""/home/wici/llama.cpp/build-cuda/bin/llama-bench"",""-m"",""/home/wici/voice-lab/models/gguf/gemma-4-31B-it-Q4_0.gguf"",""-p"",""512"",""-n"",""64"",""-r"",""5"",""-t"",""8"",""-b"",""512"",""-ub"",""512"",""-fa"",""on"",""-ctk"",""f16"",""-ctv"",""f16"",""-mmp"",""1"",""-o"",""csv"",""--ctx-size"",""165120"",""-ot"",""^blk[.][0-9]+[.](attn_(k|v|q|output)|ffn_(down|gate|up))[.]weight$=CUDA_Hybrid""],""env"":{""GGML_CUDA_HYBRID_MODE"":""staging"",""GGML_CUDA_HYBRID_PAGE_BUDGET"":""776"",""LD_LIBRARY_PATH"":""/dev/shm/intertidal-capacity.mEP47j:/home/wici/llama.cpp/build-cuda/bin:/usr/local/cuda/lib64"",""LLAMA_BENCH_LOGIT_CHECKSUM"":""1""}}","{""buffers"":[{""buffer_bytes"":""16524435968"",""buffer_mib"":""15758.930"",""eligible_pages"":""7470"",""gross_bytes"":""1627389952"",""gross_mib"":""1552.000"",""gross_pages"":""776"",""layers"":""60"",""local_physical_bytes"":""14898167808"",""local_physical_mib"":""14208.000"",""mode"":""staging"",""net_bytes"":""1568669696"",""net_mib"":""1496.000"",""net_saved_mib"":""1496.000"",""page_bytes"":""2097152"",""page_mib"":""2.000"",""remote_mib"":""1552.000"",""requested_bytes"":""1627389952"",""requested_mib"":""1552.000"",""requested_pages"":""776"",""selected_tensors"":""410"",""selection"":""global_budget"",""staging_bytes"":""58720256"",""staging_mib"":""56.000""}],""gross_pages"":776,""gross_remote_bytes"":1627389952,""mode"":""staging"",""net_saved_bytes"":1568669696,""requested_pages"":776,""selected_layers"":60,""selected_tensors"":410,""staging_bytes"":58720256}",
1,2ea4f9e1-2cf1-4a6f-908e-9afc36c6c3b0,2026-08-12T09:17:37.143317+00:00,463fcfc4c106535f73c78b7f9d39765d0de0d6d2e370f92d4b86bfb98a1cc036,31,intertidal_dma,dense,31.0,31738.000,165120,9.5,785,,ok,0,14.815,785,785,1646264320,1570.000,9.503667,58720256,56.000,1587544064,1514.000,9.164682,measured_vmm_layout,,31738.000,410,60,,,4229.220827,71.185463,29.624135,0.042357,0.989911,0.383377,match,"[{""label"":""prompt"",""checksum"":""2417196da4492390"",""nonfinite"":0},{""label"":""prompt"",""checksum"":""0453392d6142afd3"",""nonfinite"":0},{""label"":""prompt"",""checksum"":""8c39d6d410e92623"",""nonfinite"":0},{""label"":""prompt"",""checksum"":""ce38b3f3a7a05142"",""nonfinite"":0},{""label"":""prompt"",""checksum"":""556c3b871bf91e81"",""nonfinite"":0},{""label"":""prompt"",""checksum"":""c930f979f7f0aed4"",""nonfinite"":0},{""label"":""decode"",""checksum"":""0c8e93b3ecced1c6"",""nonfinite"":0},{""label"":""decode"",""checksum"":""319a6a234bb9ed88"",""nonfinite"":0},{""label"":""decode"",""checksum"":""1e95777bddcc71d5"",""nonfinite"":0},{""label"":""decode"",""checksum"":""fc3ff68058ffd54e"",""nonfinite"":0},{""label"":""decode"",""checksum"":""92560214e2ee8afd"",""nonfinite"":0},{""label"":""decode"",""checksum"":""ea317c3ff2b17152"",""nonfinite"":0}]",b5d2ea31b0f709c295ad59dfab37889028c6fe9857ea11908ff3ab4b717c9a5d,0,153,30224.000,30275.000,2872.268,2512.000,2955.000,56.261,66.000,246.484,475.790,79.784,100.000,"{""argv"":[""/home/wici/llama.cpp/build-cuda/bin/llama-bench"",""-m"",""/home/wici/voice-lab/models/gguf/gemma-4-31B-it-Q4_0.gguf"",""-p"",""512"",""-n"",""64"",""-r"",""5"",""-t"",""8"",""-b"",""512"",""-ub"",""512"",""-fa"",""on"",""-ctk"",""f16"",""-ctv"",""f16"",""-mmp"",""1"",""-o"",""csv"",""--ctx-size"",""165120"",""-ot"",""^blk[.][0-9]+[.](attn_(k|v|q|output)|ffn_(down|gate|up))[.]weight$=CUDA_Hybrid""],""env"":{""GGML_CUDA_HYBRID_MODE"":""staging"",""GGML_CUDA_HYBRID_PAGE_BUDGET"":""785"",""LD_LIBRARY_PATH"":""/dev/shm/intertidal-capacity.mEP47j:/home/wici/llama.cpp/build-cuda/bin:/usr/local/cuda/lib64"",""LLAMA_BENCH_LOGIT_CHECKSUM"":""1""}}","{""buffers"":[{""buffer_bytes"":""16524435968"",""buffer_mib"":""15758.930"",""eligible_pages"":""7470"",""gross_bytes"":""1646264320"",""gross_mib"":""1570.000"",""gross_pages"":""785"",""layers"":""60"",""local_physical_bytes"":""14879293440"",""local_physical_mib"":""14190.000"",""mode"":""staging"",""net_bytes"":""1587544064"",""net_mib"":""1514.000"",""net_saved_mib"":""1514.000"",""page_bytes"":""2097152"",""page_mib"":""2.000"",""remote_mib"":""1570.000"",""requested_bytes"":""1646264320"",""requested_mib"":""1570.000"",""requested_pages"":""785"",""selected_tensors"":""410"",""selection"":""global_budget"",""staging_bytes"":""58720256"",""staging_mib"":""56.000""}],""gross_pages"":785,""gross_remote_bytes"":1646264320,""mode"":""staging"",""net_saved_bytes"":1587544064,""requested_pages"":785,""selected_layers"":60,""selected_tensors"":410,""staging_bytes"":58720256}",
1,2ea4f9e1-2cf1-4a6f-908e-9afc36c6c3b0,2026-08-12T09:17:52.168685+00:00,463fcfc4c106535f73c78b7f9d39765d0de0d6d2e370f92d4b86bfb98a1cc036,31,intertidal_dma,dense,31.0,31738.000,165120,9.6,793,,ok,0,15.017,793,793,1663041536,1586.000,9.600519,58720256,56.000,1604321280,1530.000,9.261535,measured_vmm_layout,,31738.000,410,60,,,4231.953213,55.679188,29.328283,0.036639,0.990551,0.379548,match,"[{""label"":""prompt"",""checksum"":""2417196da4492390"",""nonfinite"":0},{""label"":""prompt"",""checksum"":""0453392d6142afd3"",""nonfinite"":0},{""label"":""prompt"",""checksum"":""8c39d6d410e92623"",""nonfinite"":0},{""label"":""prompt"",""checksum"":""ce38b3f3a7a05142"",""nonfinite"":0},{""label"":""prompt"",""checksum"":""556c3b871bf91e81"",""nonfinite"":0},{""label"":""prompt"",""checksum"":""c930f979f7f0aed4"",""nonfinite"":0},{""label"":""decode"",""checksum"":""0c8e93b3ecced1c6"",""nonfinite"":0},{""label"":""decode"",""checksum"":""319a6a234bb9ed88"",""nonfinite"":0},{""label"":""decode"",""checksum"":""1e95777bddcc71d5"",""nonfinite"":0},{""label"":""decode"",""checksum"":""fc3ff68058ffd54e"",""nonfinite"":0},{""label"":""decode"",""checksum"":""92560214e2ee8afd"",""nonfinite"":0},{""label"":""decode"",""checksum"":""ea317c3ff2b17152"",""nonfinite"":0}]",b5d2ea31b0f709c295ad59dfab37889028c6fe9857ea11908ff3ab4b717c9a5d,0,155,30208.000,30259.000,2923.329,2580.000,2955.000,56.729,66.000,249.319,466.570,81.465,100.000,"{""argv"":[""/home/wici/llama.cpp/build-cuda/bin/llama-bench"",""-m"",""/home/wici/voice-lab/models/gguf/gemma-4-31B-it-Q4_0.gguf"",""-p"",""512"",""-n"",""64"",""-r"",""5"",""-t"",""8"",""-b"",""512"",""-ub"",""512"",""-fa"",""on"",""-ctk"",""f16"",""-ctv"",""f16"",""-mmp"",""1"",""-o"",""csv"",""--ctx-size"",""165120"",""-ot"",""^blk[.][0-9]+[.](attn_(k|v|q|output)|ffn_(down|gate|up))[.]weight$=CUDA_Hybrid""],""env"":{""GGML_CUDA_HYBRID_MODE"":""staging"",""GGML_CUDA_HYBRID_PAGE_BUDGET"":""793"",""LD_LIBRARY_PATH"":""/dev/shm/intertidal-capacity.mEP47j:/home/wici/llama.cpp/build-cuda/bin:/usr/local/cuda/lib64"",""LLAMA_BENCH_LOGIT_CHECKSUM"":""1""}}","{""buffers"":[{""buffer_bytes"":""16524435968"",""buffer_mib"":""15758.930"",""eligible_pages"":""7470"",""gross_bytes"":""1663041536"",""gross_mib"":""1586.000"",""gross_pages"":""793"",""layers"":""60"",""local_physical_bytes"":""14862516224"",""local_physical_mib"":""14174.000"",""mode"":""staging"",""net_bytes"":""1604321280"",""net_mib"":""1530.000"",""net_saved_mib"":""1530.000"",""page_bytes"":""2097152"",""page_mib"":""2.000"",""remote_mib"":""1586.000"",""requested_bytes"":""1663041536"",""requested_mib"":""1586.000"",""requested_pages"":""793"",""selected_tensors"":""410"",""selection"":""global_budget"",""staging_bytes"":""58720256"",""staging_mib"":""56.000""}],""gross_pages"":793,""gross_remote_bytes"":1663041536,""mode"":""staging"",""net_saved_bytes"":1604321280,""requested_pages"":793,""selected_layers"":60,""selected_tensors"":410,""staging_bytes"":58720256}",
1,2ea4f9e1-2cf1-4a6f-908e-9afc36c6c3b0,2026-08-12T09:18:07.257930+00:00,463fcfc4c106535f73c78b7f9d39765d0de0d6d2e370f92d4b86bfb98a1cc036,31,intertidal_dma,dense,31.0,31738.000,165120,9.7,801,,ok,0,15.078,801,801,1679818752,1602.000,9.697372,58720256,56.000,1621098496,1546.000,9.358388,measured_vmm_layout,,31738.000,410,60,,,4225.643435,60.762729,29.062786,0.021096,0.989074,0.376112,match,"[{""label"":""prompt"",""checksum"":""2417196da4492390"",""nonfinite"":0},{""label"":""prompt"",""checksum"":""0453392d6142afd3"",""nonfinite"":0},{""label"":""prompt"",""checksum"":""8c39d6d410e92623"",""nonfinite"":0},{""label"":""prompt"",""checksum"":""ce38b3f3a7a05142"",""nonfinite"":0},{""label"":""prompt"",""checksum"":""556c3b871bf91e81"",""nonfinite"":0},{""label"":""prompt"",""checksum"":""c930f979f7f0aed4"",""nonfinite"":0},{""label"":""decode"",""checksum"":""0c8e93b3ecced1c6"",""nonfinite"":0},{""label"":""decode"",""checksum"":""319a6a234bb9ed88"",""nonfinite"":0},{""label"":""decode"",""checksum"":""1e95777bddcc71d5"",""nonfinite"":0},{""label"":""decode"",""checksum"":""fc3ff68058ffd54e"",""nonfinite"":0},{""label"":""decode"",""checksum"":""92560214e2ee8afd"",""nonfinite"":0},{""label"":""decode"",""checksum"":""ea317c3ff2b17152"",""nonfinite"":0}]",b5d2ea31b0f709c295ad59dfab37889028c6fe9857ea11908ff3ab4b717c9a5d,0,155,30192.000,30243.000,2891.955,2505.000,2955.000,56.374,65.000,247.772,470.430,80.710,100.000,"{""argv"":[""/home/wici/llama.cpp/build-cuda/bin/llama-bench"",""-m"",""/home/wici/voice-lab/models/gguf/gemma-4-31B-it-Q4_0.gguf"",""-p"",""512"",""-n"",""64"",""-r"",""5"",""-t"",""8"",""-b"",""512"",""-ub"",""512"",""-fa"",""on"",""-ctk"",""f16"",""-ctv"",""f16"",""-mmp"",""1"",""-o"",""csv"",""--ctx-size"",""165120"",""-ot"",""^blk[.][0-9]+[.](attn_(k|v|q|output)|ffn_(down|gate|up))[.]weight$=CUDA_Hybrid""],""env"":{""GGML_CUDA_HYBRID_MODE"":""staging"",""GGML_CUDA_HYBRID_PAGE_BUDGET"":""801"",""LD_LIBRARY_PATH"":""/dev/shm/intertidal-capacity.mEP47j:/home/wici/llama.cpp/build-cuda/bin:/usr/local/cuda/lib64"",""LLAMA_BENCH_LOGIT_CHECKSUM"":""1""}}","{""buffers"":[{""buffer_bytes"":""16524435968"",""buffer_mib"":""15758.930"",""eligible_pages"":""7470"",""gross_bytes"":""1679818752"",""gross_mib"":""1602.000"",""gross_pages"":""801"",""layers"":""60"",""local_physical_bytes"":""14845739008"",""local_physical_mib"":""14158.000"",""mode"":""staging"",""net_bytes"":""1621098496"",""net_mib"":""1546.000"",""net_saved_mib"":""1546.000"",""page_bytes"":""2097152"",""page_mib"":""2.000"",""remote_mib"":""1602.000"",""requested_bytes"":""1679818752"",""requested_mib"":""1602.000"",""requested_pages"":""801"",""selected_tensors"":""410"",""selection"":""global_budget"",""staging_bytes"":""58720256"",""staging_mib"":""56.000""}],""gross_pages"":801,""gross_remote_bytes"":1679818752,""mode"":""staging"",""net_saved_bytes"":1621098496,""requested_pages"":801,""selected_layers"":60,""selected_tensors"":410,""staging_bytes"":58720256}",
1,2ea4f9e1-2cf1-4a6f-908e-9afc36c6c3b0,2026-08-12T09:18:23.522887+00:00,463fcfc4c106535f73c78b7f9d39765d0de0d6d2e370f92d4b86bfb98a1cc036,31,intertidal_dma,dense,31.0,31738.000,165120,9.8,809,,ok,0,16.255,809,809,1696595968,1618.000,9.794225,58720256,56.000,1637875712,1562.000,9.455240,measured_vmm_layout,,31738.000,410,60,,,4222.589509,69.585549,28.776893,0.026992,0.988359,0.372413,match,"[{""label"":""prompt"",""checksum"":""2417196da4492390"",""nonfinite"":0},{""label"":""prompt"",""checksum"":""0453392d6142afd3"",""nonfinite"":0},{""label"":""prompt"",""checksum"":""8c39d6d410e92623"",""nonfinite"":0},{""label"":""prompt"",""checksum"":""ce38b3f3a7a05142"",""nonfinite"":0},{""label"":""prompt"",""checksum"":""556c3b871bf91e81"",""nonfinite"":0},{""label"":""prompt"",""checksum"":""c930f979f7f0aed4"",""nonfinite"":0},{""label"":""decode"",""checksum"":""0c8e93b3ecced1c6"",""nonfinite"":0},{""label"":""decode"",""checksum"":""319a6a234bb9ed88"",""nonfinite"":0},{""label"":""decode"",""checksum"":""1e95777bddcc71d5"",""nonfinite"":0},{""label"":""decode"",""checksum"":""fc3ff68058ffd54e"",""nonfinite"":0},{""label"":""decode"",""checksum"":""92560214e2ee8afd"",""nonfinite"":0},{""label"":""decode"",""checksum"":""ea317c3ff2b17152"",""nonfinite"":0}]",b5d2ea31b0f709c295ad59dfab37889028c6fe9857ea11908ff3ab4b717c9a5d,0,157,30176.000,30227.000,2870.949,2512.000,2947.000,55.580,65.000,240.491,468.210,73.605,100.000,"{""argv"":[""/home/wici/llama.cpp/build-cuda/bin/llama-bench"",""-m"",""/home/wici/voice-lab/models/gguf/gemma-4-31B-it-Q4_0.gguf"",""-p"",""512"",""-n"",""64"",""-r"",""5"",""-t"",""8"",""-b"",""512"",""-ub"",""512"",""-fa"",""on"",""-ctk"",""f16"",""-ctv"",""f16"",""-mmp"",""1"",""-o"",""csv"",""--ctx-size"",""165120"",""-ot"",""^blk[.][0-9]+[.](attn_(k|v|q|output)|ffn_(down|gate|up))[.]weight$=CUDA_Hybrid""],""env"":{""GGML_CUDA_HYBRID_MODE"":""staging"",""GGML_CUDA_HYBRID_PAGE_BUDGET"":""809"",""LD_LIBRARY_PATH"":""/dev/shm/intertidal-capacity.mEP47j:/home/wici/llama.cpp/build-cuda/bin:/usr/local/cuda/lib64"",""LLAMA_BENCH_LOGIT_CHECKSUM"":""1""}}","{""buffers"":[{""buffer_bytes"":""16524435968"",""buffer_mib"":""15758.930"",""eligible_pages"":""7470"",""gross_bytes"":""1696595968"",""gross_mib"":""1618.000"",""gross_pages"":""809"",""layers"":""60"",""local_physical_bytes"":""14828961792"",""local_physical_mib"":""14142.000"",""mode"":""staging"",""net_bytes"":""1637875712"",""net_mib"":""1562.000"",""net_saved_mib"":""1562.000"",""page_bytes"":""2097152"",""page_mib"":""2.000"",""remote_mib"":""1618.000"",""requested_bytes"":""1696595968"",""requested_mib"":""1618.000"",""requested_pages"":""809"",""selected_tensors"":""410"",""selection"":""global_budget"",""staging_bytes"":""58720256"",""staging_mib"":""56.000""}],""gross_pages"":809,""gross_remote_bytes"":1696595968,""mode"":""staging"",""net_saved_bytes"":1637875712,""requested_pages"":809,""selected_layers"":60,""selected_tensors"":410,""staging_bytes"":58720256}",
1,2ea4f9e1-2cf1-4a6f-908e-9afc36c6c3b0,2026-08-12T09:18:38.924487+00:00,463fcfc4c106535f73c78b7f9d39765d0de0d6d2e370f92d4b86bfb98a1cc036,31,intertidal_dma,dense,31.0,31738.000,165120,9.9,818,,ok,0,15.392,818,818,1715470336,1636.000,9.903184,58720256,56.000,1656750080,1580.000,9.564200,measured_vmm_layout,,31738.000,410,60,,,4229.761813,72.197544,28.423806,0.039160,0.990038,0.367843,match,"[{""label"":""prompt"",""checksum"":""2417196da4492390"",""nonfinite"":0},{""label"":""prompt"",""checksum"":""0453392d6142afd3"",""nonfinite"":0},{""label"":""prompt"",""checksum"":""8c39d6d410e92623"",""nonfinite"":0},{""label"":""prompt"",""checksum"":""ce38b3f3a7a05142"",""nonfinite"":0},{""label"":""prompt"",""checksum"":""556c3b871bf91e81"",""nonfinite"":0},{""label"":""prompt"",""checksum"":""c930f979f7f0aed4"",""nonfinite"":0},{""label"":""decode"",""checksum"":""0c8e93b3ecced1c6"",""nonfinite"":0},{""label"":""decode"",""checksum"":""319a6a234bb9ed88"",""nonfinite"":0},{""label"":""decode"",""checksum"":""1e95777bddcc71d5"",""nonfinite"":0},{""label"":""decode"",""checksum"":""fc3ff68058ffd54e"",""nonfinite"":0},{""label"":""decode"",""checksum"":""92560214e2ee8afd"",""nonfinite"":0},{""label"":""decode"",""checksum"":""ea317c3ff2b17152"",""nonfinite"":0}]",b5d2ea31b0f709c295ad59dfab37889028c6fe9857ea11908ff3ab4b717c9a5d,0,158,30158.000,30211.000,2881.405,2512.000,2955.000,55.823,65.000,243.450,482.170,80.722,100.000,"{""argv"":[""/home/wici/llama.cpp/build-cuda/bin/llama-bench"",""-m"",""/home/wici/voice-lab/models/gguf/gemma-4-31B-it-Q4_0.gguf"",""-p"",""512"",""-n"",""64"",""-r"",""5"",""-t"",""8"",""-b"",""512"",""-ub"",""512"",""-fa"",""on"",""-ctk"",""f16"",""-ctv"",""f16"",""-mmp"",""1"",""-o"",""csv"",""--ctx-size"",""165120"",""-ot"",""^blk[.][0-9]+[.](attn_(k|v|q|output)|ffn_(down|gate|up))[.]weight$=CUDA_Hybrid""],""env"":{""GGML_CUDA_HYBRID_MODE"":""staging"",""GGML_CUDA_HYBRID_PAGE_BUDGET"":""818"",""LD_LIBRARY_PATH"":""/dev/shm/intertidal-capacity.mEP47j:/home/wici/llama.cpp/build-cuda/bin:/usr/local/cuda/lib64"",""LLAMA_BENCH_LOGIT_CHECKSUM"":""1""}}","{""buffers"":[{""buffer_bytes"":""16524435968"",""buffer_mib"":""15758.930"",""eligible_pages"":""7470"",""gross_bytes"":""1715470336"",""gross_mib"":""1636.000"",""gross_pages"":""818"",""layers"":""60"",""local_physical_bytes"":""14810087424"",""local_physical_mib"":""14124.000"",""mode"":""staging"",""net_bytes"":""1656750080"",""net_mib"":""1580.000"",""net_saved_mib"":""1580.000"",""page_bytes"":""2097152"",""page_mib"":""2.000"",""remote_mib"":""1636.000"",""requested_bytes"":""1715470336"",""requested_mib"":""1636.000"",""requested_pages"":""818"",""selected_tensors"":""410"",""selection"":""global_budget"",""staging_bytes"":""58720256"",""staging_mib"":""56.000""}],""gross_pages"":818,""gross_remote_bytes"":1715470336,""mode"":""staging"",""net_saved_bytes"":1656750080,""requested_pages"":818,""selected_layers"":60,""selected_tensors"":410,""staging_bytes"":58720256}",
1,2ea4f9e1-2cf1-4a6f-908e-9afc36c6c3b0,2026-08-12T09:18:54.527188+00:00,463fcfc4c106535f73c78b7f9d39765d0de0d6d2e370f92d4b86bfb98a1cc036,31,intertidal_dma,dense,31.0,31738.000,165120,10.1,834,,ok,0,15.592,834,834,1749024768,1668.000,10.096889,62914560,60.000,1686110208,1608.000,9.733692,measured_vmm_layout,,31738.000,410,60,,,4234.784253,63.628791,27.941865,0.022875,0.991214,0.361606,match,"[{""label"":""prompt"",""checksum"":""2417196da4492390"",""nonfinite"":0},{""label"":""prompt"",""checksum"":""0453392d6142afd3"",""nonfinite"":0},{""label"":""prompt"",""checksum"":""8c39d6d410e92623"",""nonfinite"":0},{""label"":""prompt"",""checksum"":""ce38b3f3a7a05142"",""nonfinite"":0},{""label"":""prompt"",""checksum"":""556c3b871bf91e81"",""nonfinite"":0},{""label"":""prompt"",""checksum"":""c930f979f7f0aed4"",""nonfinite"":0},{""label"":""decode"",""checksum"":""0c8e93b3ecced1c6"",""nonfinite"":0},{""label"":""decode"",""checksum"":""319a6a234bb9ed88"",""nonfinite"":0},{""label"":""decode"",""checksum"":""1e95777bddcc71d5"",""nonfinite"":0},{""label"":""decode"",""checksum"":""fc3ff68058ffd54e"",""nonfinite"":0},{""label"":""decode"",""checksum"":""92560214e2ee8afd"",""nonfinite"":0},{""label"":""decode"",""checksum"":""ea317c3ff2b17152"",""nonfinite"":0}]",b5d2ea31b0f709c295ad59dfab37889028c6fe9857ea11908ff3ab4b717c9a5d,0,160,30130.000,30183.000,2909.431,2565.000,2955.000,55.569,65.000,241.090,466.680,83.125,100.000,"{""argv"":[""/home/wici/llama.cpp/build-cuda/bin/llama-bench"",""-m"",""/home/wici/voice-lab/models/gguf/gemma-4-31B-it-Q4_0.gguf"",""-p"",""512"",""-n"",""64"",""-r"",""5"",""-t"",""8"",""-b"",""512"",""-ub"",""512"",""-fa"",""on"",""-ctk"",""f16"",""-ctv"",""f16"",""-mmp"",""1"",""-o"",""csv"",""--ctx-size"",""165120"",""-ot"",""^blk[.][0-9]+[.](attn_(k|v|q|output)|ffn_(down|gate|up))[.]weight$=CUDA_Hybrid""],""env"":{""GGML_CUDA_HYBRID_MODE"":""staging"",""GGML_CUDA_HYBRID_PAGE_BUDGET"":""834"",""LD_LIBRARY_PATH"":""/dev/shm/intertidal-capacity.mEP47j:/home/wici/llama.cpp/build-cuda/bin:/usr/local/cuda/lib64"",""LLAMA_BENCH_LOGIT_CHECKSUM"":""1""}}","{""buffers"":[{""buffer_bytes"":""16524435968"",""buffer_mib"":""15758.930"",""eligible_pages"":""7470"",""gross_bytes"":""1749024768"",""gross_mib"":""1668.000"",""gross_pages"":""834"",""layers"":""60"",""local_physical_bytes"":""14776532992"",""local_physical_mib"":""14092.000"",""mode"":""staging"",""net_bytes"":""1686110208"",""net_mib"":""1608.000"",""net_saved_mib"":""1608.000"",""page_bytes"":""2097152"",""page_mib"":""2.000"",""remote_mib"":""1668.000"",""requested_bytes"":""1749024768"",""requested_mib"":""1668.000"",""requested_pages"":""834"",""selected_tensors"":""410"",""selection"":""global_budget"",""staging_bytes"":""62914560"",""staging_mib"":""60.000""}],""gross_pages"":834,""gross_remote_bytes"":1749024768,""mode"":""staging"",""net_saved_bytes"":1686110208,""requested_pages"":834,""selected_layers"":60,""selected_tensors"":410,""staging_bytes"":62914560}",
1,2ea4f9e1-2cf1-4a6f-908e-9afc36c6c3b0,2026-08-12T09:19:11.161095+00:00,463fcfc4c106535f73c78b7f9d39765d0de0d6d2e370f92d4b86bfb98a1cc036,31,intertidal_dma,dense,31.0,31738.000,165120,10.2,843,,ok,0,16.624,843,843,1767899136,1686.000,10.205848,62914560,60.000,1704984576,1626.000,9.842651,measured_vmm_layout,,31738.000,410,60,,,4232.618470,61.616769,27.636737,0.015582,0.990707,0.357657,match,"[{""label"":""prompt"",""checksum"":""2417196da4492390"",""nonfinite"":0},{""label"":""prompt"",""checksum"":""0453392d6142afd3"",""nonfinite"":0},{""label"":""prompt"",""checksum"":""8c39d6d410e92623"",""nonfinite"":0},{""label"":""prompt"",""checksum"":""ce38b3f3a7a05142"",""nonfinite"":0},{""label"":""prompt"",""checksum"":""556c3b871bf91e81"",""nonfinite"":0},{""label"":""prompt"",""checksum"":""c930f979f7f0aed4"",""nonfinite"":0},{""label"":""decode"",""checksum"":""0c8e93b3ecced1c6"",""nonfinite"":0},{""label"":""decode"",""checksum"":""319a6a234bb9ed88"",""nonfinite"":0},{""label"":""decode"",""checksum"":""1e95777bddcc71d5"",""nonfinite"":0},{""label"":""decode"",""checksum"":""fc3ff68058ffd54e"",""nonfinite"":0},{""label"":""decode"",""checksum"":""92560214e2ee8afd"",""nonfinite"":0},{""label"":""decode"",""checksum"":""ea317c3ff2b17152"",""nonfinite"":0}]",b5d2ea31b0f709c295ad59dfab37889028c6fe9857ea11908ff3ab4b717c9a5d,0,161,30112.000,30165.000,2921.335,2572.000,2955.000,55.944,65.000,240.806,482.220,82.863,100.000,"{""argv"":[""/home/wici/llama.cpp/build-cuda/bin/llama-bench"",""-m"",""/home/wici/voice-lab/models/gguf/gemma-4-31B-it-Q4_0.gguf"",""-p"",""512"",""-n"",""64"",""-r"",""5"",""-t"",""8"",""-b"",""512"",""-ub"",""512"",""-fa"",""on"",""-ctk"",""f16"",""-ctv"",""f16"",""-mmp"",""1"",""-o"",""csv"",""--ctx-size"",""165120"",""-ot"",""^blk[.][0-9]+[.](attn_(k|v|q|output)|ffn_(down|gate|up))[.]weight$=CUDA_Hybrid""],""env"":{""GGML_CUDA_HYBRID_MODE"":""staging"",""GGML_CUDA_HYBRID_PAGE_BUDGET"":""843"",""LD_LIBRARY_PATH"":""/dev/shm/intertidal-capacity.mEP47j:/home/wici/llama.cpp/build-cuda/bin:/usr/local/cuda/lib64"",""LLAMA_BENCH_LOGIT_CHECKSUM"":""1""}}","{""buffers"":[{""buffer_bytes"":""16524435968"",""buffer_mib"":""15758.930"",""eligible_pages"":""7470"",""gross_bytes"":""1767899136"",""gross_mib"":""1686.000"",""gross_pages"":""843"",""layers"":""60"",""local_physical_bytes"":""14757658624"",""local_physical_mib"":""14074.000"",""mode"":""staging"",""net_bytes"":""1704984576"",""net_mib"":""1626.000"",""net_saved_mib"":""1626.000"",""page_bytes"":""2097152"",""page_mib"":""2.000"",""remote_mib"":""1686.000"",""requested_bytes"":""1767899136"",""requested_mib"":""1686.000"",""requested_pages"":""843"",""selected_tensors"":""410"",""selection"":""global_budget"",""staging_bytes"":""62914560"",""staging_mib"":""60.000""}],""gross_pages"":843,""gross_remote_bytes"":1767899136,""mode"":""staging"",""net_saved_bytes"":1704984576,""requested_pages"":843,""selected_layers"":60,""selected_tensors"":410,""staging_bytes"":62914560}",
1,2ea4f9e1-2cf1-4a6f-908e-9afc36c6c3b0,2026-08-12T09:19:27.124706+00:00,463fcfc4c106535f73c78b7f9d39765d0de0d6d2e370f92d4b86bfb98a1cc036,31,intertidal_dma,dense,31.0,31738.000,165120,10.3,851,,ok,0,15.953,851,851,1784676352,1702.000,10.302701,62914560,60.000,1721761792,1642.000,9.939504,measured_vmm_layout,,31738.000,410,60,,,4235.895498,64.219247,27.347020,0.020573,0.991474,0.353908,match,"[{""label"":""prompt"",""checksum"":""2417196da4492390"",""nonfinite"":0},{""label"":""prompt"",""checksum"":""0453392d6142afd3"",""nonfinite"":0},{""label"":""prompt"",""checksum"":""8c39d6d410e92623"",""nonfinite"":0},{""label"":""prompt"",""checksum"":""ce38b3f3a7a05142"",""nonfinite"":0},{""label"":""prompt"",""checksum"":""556c3b871bf91e81"",""nonfinite"":0},{""label"":""prompt"",""checksum"":""c930f979f7f0aed4"",""nonfinite"":0},{""label"":""decode"",""checksum"":""0c8e93b3ecced1c6"",""nonfinite"":0},{""label"":""decode"",""checksum"":""319a6a234bb9ed88"",""nonfinite"":0},{""label"":""decode"",""checksum"":""1e95777bddcc71d5"",""nonfinite"":0},{""label"":""decode"",""checksum"":""fc3ff68058ffd54e"",""nonfinite"":0},{""label"":""decode"",""checksum"":""92560214e2ee8afd"",""nonfinite"":0},{""label"":""decode"",""checksum"":""ea317c3ff2b17152"",""nonfinite"":0}]",b5d2ea31b0f709c295ad59dfab37889028c6fe9857ea11908ff3ab4b717c9a5d,0,163,30096.000,30149.000,2875.945,2512.000,2962.000,55.288,63.000,235.624,479.540,74.718,100.000,"{""argv"":[""/home/wici/llama.cpp/build-cuda/bin/llama-bench"",""-m"",""/home/wici/voice-lab/models/gguf/gemma-4-31B-it-Q4_0.gguf"",""-p"",""512"",""-n"",""64"",""-r"",""5"",""-t"",""8"",""-b"",""512"",""-ub"",""512"",""-fa"",""on"",""-ctk"",""f16"",""-ctv"",""f16"",""-mmp"",""1"",""-o"",""csv"",""--ctx-size"",""165120"",""-ot"",""^blk[.][0-9]+[.](attn_(k|v|q|output)|ffn_(down|gate|up))[.]weight$=CUDA_Hybrid""],""env"":{""GGML_CUDA_HYBRID_MODE"":""staging"",""GGML_CUDA_HYBRID_PAGE_BUDGET"":""851"",""LD_LIBRARY_PATH"":""/dev/shm/intertidal-capacity.mEP47j:/home/wici/llama.cpp/build-cuda/bin:/usr/local/cuda/lib64"",""LLAMA_BENCH_LOGIT_CHECKSUM"":""1""}}","{""buffers"":[{""buffer_bytes"":""16524435968"",""buffer_mib"":""15758.930"",""eligible_pages"":""7470"",""gross_bytes"":""1784676352"",""gross_mib"":""1702.000"",""gross_pages"":""851"",""layers"":""60"",""local_physical_bytes"":""14740881408"",""local_physical_mib"":""14058.000"",""mode"":""staging"",""net_bytes"":""1721761792"",""net_mib"":""1642.000"",""net_saved_mib"":""1642.000"",""page_bytes"":""2097152"",""page_mib"":""2.000"",""remote_mib"":""1702.000"",""requested_bytes"":""1784676352"",""requested_mib"":""1702.000"",""requested_pages"":""851"",""selected_tensors"":""410"",""selection"":""global_budget"",""staging_bytes"":""62914560"",""staging_mib"":""60.000""}],""gross_pages"":851,""gross_remote_bytes"":1784676352,""mode"":""staging"",""net_saved_bytes"":1721761792,""requested_pages"":851,""selected_layers"":60,""selected_tensors"":410,""staging_bytes"":62914560}",
1,2ea4f9e1-2cf1-4a6f-908e-9afc36c6c3b0,2026-08-12T09:19:43.826189+00:00,463fcfc4c106535f73c78b7f9d39765d0de0d6d2e370f92d4b86bfb98a1cc036,31,intertidal_dma,dense,31.0,31738.000,165120,10.4,859,,ok,0,16.692,859,859,1801453568,1718.000,10.399554,62914560,60.000,1738539008,1658.000,10.036356,measured_vmm_layout,,31738.000,410,60,,,4234.207617,72.711394,27.107780,0.021973,0.991079,0.350812,match,"[{""label"":""prompt"",""checksum"":""2417196da4492390"",""nonfinite"":0},{""label"":""prompt"",""checksum"":""0453392d6142afd3"",""nonfinite"":0},{""label"":""prompt"",""checksum"":""8c39d6d410e92623"",""nonfinite"":0},{""label"":""prompt"",""checksum"":""ce38b3f3a7a05142"",""nonfinite"":0},{""label"":""prompt"",""checksum"":""556c3b871bf91e81"",""nonfinite"":0},{""label"":""prompt"",""checksum"":""c930f979f7f0aed4"",""nonfinite"":0},{""label"":""decode"",""checksum"":""0c8e93b3ecced1c6"",""nonfinite"":0},{""label"":""decode"",""checksum"":""319a6a234bb9ed88"",""nonfinite"":0},{""label"":""decode"",""checksum"":""1e95777bddcc71d5"",""nonfinite"":0},{""label"":""decode"",""checksum"":""fc3ff68058ffd54e"",""nonfinite"":0},{""label"":""decode"",""checksum"":""92560214e2ee8afd"",""nonfinite"":0},{""label"":""decode"",""checksum"":""ea317c3ff2b17152"",""nonfinite"":0}]",b5d2ea31b0f709c295ad59dfab37889028c6fe9857ea11908ff3ab4b717c9a5d,0,164,30080.000,30133.000,2871.439,2527.000,2962.000,55.689,65.000,239.806,457.020,80.817,100.000,"{""argv"":[""/home/wici/llama.cpp/build-cuda/bin/llama-bench"",""-m"",""/home/wici/voice-lab/models/gguf/gemma-4-31B-it-Q4_0.gguf"",""-p"",""512"",""-n"",""64"",""-r"",""5"",""-t"",""8"",""-b"",""512"",""-ub"",""512"",""-fa"",""on"",""-ctk"",""f16"",""-ctv"",""f16"",""-mmp"",""1"",""-o"",""csv"",""--ctx-size"",""165120"",""-ot"",""^blk[.][0-9]+[.](attn_(k|v|q|output)|ffn_(down|gate|up))[.]weight$=CUDA_Hybrid""],""env"":{""GGML_CUDA_HYBRID_MODE"":""staging"",""GGML_CUDA_HYBRID_PAGE_BUDGET"":""859"",""LD_LIBRARY_PATH"":""/dev/shm/intertidal-capacity.mEP47j:/home/wici/llama.cpp/build-cuda/bin:/usr/local/cuda/lib64"",""LLAMA_BENCH_LOGIT_CHECKSUM"":""1""}}","{""buffers"":[{""buffer_bytes"":""16524435968"",""buffer_mib"":""15758.930"",""eligible_pages"":""7470"",""gross_bytes"":""1801453568"",""gross_mib"":""1718.000"",""gross_pages"":""859"",""layers"":""60"",""local_physical_bytes"":""14724104192"",""local_physical_mib"":""14042.000"",""mode"":""staging"",""net_bytes"":""1738539008"",""net_mib"":""1658.000"",""net_saved_mib"":""1658.000"",""page_bytes"":""2097152"",""page_mib"":""2.000"",""remote_mib"":""1718.000"",""requested_bytes"":""1801453568"",""requested_mib"":""1718.000"",""requested_pages"":""859"",""selected_tensors"":""410"",""selection"":""global_budget"",""staging_bytes"":""62914560"",""staging_mib"":""60.000""}],""gross_pages"":859,""gross_remote_bytes"":1801453568,""mode"":""staging"",""net_saved_bytes"":1738539008,""requested_pages"":859,""selected_layers"":60,""selected_tensors"":410,""staging_bytes"":62914560}",
1,2ea4f9e1-2cf1-4a6f-908e-9afc36c6c3b0,2026-08-12T09:19:59.844974+00:00,463fcfc4c106535f73c78b7f9d39765d0de0d6d2e370f92d4b86bfb98a1cc036,31,intertidal_dma,dense,31.0,31738.000,165120,10.5,867,,ok,0,16.009,867,867,1818230784,1734.000,10.496406,62914560,60.000,1755316224,1674.000,10.133209,measured_vmm_layout,,31738.000,410,60,,,4237.475806,60.148157,26.862160,0.035777,0.991844,0.347633,match,"[{""label"":""prompt"",""checksum"":""2417196da4492390"",""nonfinite"":0},{""label"":""prompt"",""checksum"":""0453392d6142afd3"",""nonfinite"":0},{""label"":""prompt"",""checksum"":""8c39d6d410e92623"",""nonfinite"":0},{""label"":""prompt"",""checksum"":""ce38b3f3a7a05142"",""nonfinite"":0},{""label"":""prompt"",""checksum"":""556c3b871bf91e81"",""nonfinite"":0},{""label"":""prompt"",""checksum"":""c930f979f7f0aed4"",""nonfinite"":0},{""label"":""decode"",""checksum"":""0c8e93b3ecced1c6"",""nonfinite"":0},{""label"":""decode"",""checksum"":""319a6a234bb9ed88"",""nonfinite"":0},{""label"":""decode"",""checksum"":""1e95777bddcc71d5"",""nonfinite"":0},{""label"":""decode"",""checksum"":""fc3ff68058ffd54e"",""nonfinite"":0},{""label"":""decode"",""checksum"":""92560214e2ee8afd"",""nonfinite"":0},{""label"":""decode"",""checksum"":""ea317c3ff2b17152"",""nonfinite"":0}]",b5d2ea31b0f709c295ad59dfab37889028c6fe9857ea11908ff3ab4b717c9a5d,0,165,30064.000,30117.000,2855.115,2505.000,2955.000,54.594,64.000,233.685,465.410,81.491,100.000,"{""argv"":[""/home/wici/llama.cpp/build-cuda/bin/llama-bench"",""-m"",""/home/wici/voice-lab/models/gguf/gemma-4-31B-it-Q4_0.gguf"",""-p"",""512"",""-n"",""64"",""-r"",""5"",""-t"",""8"",""-b"",""512"",""-ub"",""512"",""-fa"",""on"",""-ctk"",""f16"",""-ctv"",""f16"",""-mmp"",""1"",""-o"",""csv"",""--ctx-size"",""165120"",""-ot"",""^blk[.][0-9]+[.](attn_(k|v|q|output)|ffn_(down|gate|up))[.]weight$=CUDA_Hybrid""],""env"":{""GGML_CUDA_HYBRID_MODE"":""staging"",""GGML_CUDA_HYBRID_PAGE_BUDGET"":""867"",""LD_LIBRARY_PATH"":""/dev/shm/intertidal-capacity.mEP47j:/home/wici/llama.cpp/build-cuda/bin:/usr/local/cuda/lib64"",""LLAMA_BENCH_LOGIT_CHECKSUM"":""1""}}","{""buffers"":[{""buffer_bytes"":""16524435968"",""buffer_mib"":""15758.930"",""eligible_pages"":""7470"",""gross_bytes"":""1818230784"",""gross_mib"":""1734.000"",""gross_pages"":""867"",""layers"":""60"",""local_physical_bytes"":""14707326976"",""local_physical_mib"":""14026.000"",""mode"":""staging"",""net_bytes"":""1755316224"",""net_mib"":""1674.000"",""net_saved_mib"":""1674.000"",""page_bytes"":""2097152"",""page_mib"":""2.000"",""remote_mib"":""1734.000"",""requested_bytes"":""1818230784"",""requested_mib"":""1734.000"",""requested_pages"":""867"",""selected_tensors"":""410"",""selection"":""global_budget"",""staging_bytes"":""62914560"",""staging_mib"":""60.000""}],""gross_pages"":867,""gross_remote_bytes"":1818230784,""mode"":""staging"",""net_saved_bytes"":1755316224,""requested_pages"":867,""selected_layers"":60,""selected_tensors"":410,""staging_bytes"":62914560}",
1,2ea4f9e1-2cf1-4a6f-908e-9afc36c6c3b0,2026-08-12T09:20:16.002538+00:00,463fcfc4c106535f73c78b7f9d39765d0de0d6d2e370f92d4b86bfb98a1cc036,31,intertidal_dma,dense,31.0,31738.000,165120,10.6,876,,ok,0,16.144,876,876,1837105152,1752.000,10.605366,62914560,60.000,1774190592,1692.000,10.242168,measured_vmm_layout,,31738.000,410,60,,,4234.979201,54.923207,26.584034,0.018449,0.991259,0.344034,match,"[{""label"":""prompt"",""checksum"":""2417196da4492390"",""nonfinite"":0},{""label"":""prompt"",""checksum"":""0453392d6142afd3"",""nonfinite"":0},{""label"":""prompt"",""checksum"":""8c39d6d410e92623"",""nonfinite"":0},{""label"":""prompt"",""checksum"":""ce38b3f3a7a05142"",""nonfinite"":0},{""label"":""prompt"",""checksum"":""556c3b871bf91e81"",""nonfinite"":0},{""label"":""prompt"",""checksum"":""c930f979f7f0aed4"",""nonfinite"":0},{""label"":""decode"",""checksum"":""0c8e93b3ecced1c6"",""nonfinite"":0},{""label"":""decode"",""checksum"":""319a6a234bb9ed88"",""nonfinite"":0},{""label"":""decode"",""checksum"":""1e95777bddcc71d5"",""nonfinite"":0},{""label"":""decode"",""checksum"":""fc3ff68058ffd54e"",""nonfinite"":0},{""label"":""decode"",""checksum"":""92560214e2ee8afd"",""nonfinite"":0},{""label"":""decode"",""checksum"":""ea317c3ff2b17152"",""nonfinite"":0}]",b5d2ea31b0f709c295ad59dfab37889028c6fe9857ea11908ff3ab4b717c9a5d,0,166,30046.000,30099.000,2898.030,2512.000,2962.000,54.669,64.000,237.620,486.170,81.241,100.000,"{""argv"":[""/home/wici/llama.cpp/build-cuda/bin/llama-bench"",""-m"",""/home/wici/voice-lab/models/gguf/gemma-4-31B-it-Q4_0.gguf"",""-p"",""512"",""-n"",""64"",""-r"",""5"",""-t"",""8"",""-b"",""512"",""-ub"",""512"",""-fa"",""on"",""-ctk"",""f16"",""-ctv"",""f16"",""-mmp"",""1"",""-o"",""csv"",""--ctx-size"",""165120"",""-ot"",""^blk[.][0-9]+[.](attn_(k|v|q|output)|ffn_(down|gate|up))[.]weight$=CUDA_Hybrid""],""env"":{""GGML_CUDA_HYBRID_MODE"":""staging"",""GGML_CUDA_HYBRID_PAGE_BUDGET"":""876"",""LD_LIBRARY_PATH"":""/dev/shm/intertidal-capacity.mEP47j:/home/wici/llama.cpp/build-cuda/bin:/usr/local/cuda/lib64"",""LLAMA_BENCH_LOGIT_CHECKSUM"":""1""}}","{""buffers"":[{""buffer_bytes"":""16524435968"",""buffer_mib"":""15758.930"",""eligible_pages"":""7470"",""gross_bytes"":""1837105152"",""gross_mib"":""1752.000"",""gross_pages"":""876"",""layers"":""60"",""local_physical_bytes"":""14688452608"",""local_physical_mib"":""14008.000"",""mode"":""staging"",""net_bytes"":""1774190592"",""net_mib"":""1692.000"",""net_saved_mib"":""1692.000"",""page_bytes"":""2097152"",""page_mib"":""2.000"",""remote_mib"":""1752.000"",""requested_bytes"":""1837105152"",""requested_mib"":""1752.000"",""requested_pages"":""876"",""selected_tensors"":""410"",""selection"":""global_budget"",""staging_bytes"":""62914560"",""staging_mib"":""60.000""}],""gross_pages"":876,""gross_remote_bytes"":1837105152,""mode"":""staging"",""net_saved_bytes"":1774190592,""requested_pages"":876,""selected_layers"":60,""selected_tensors"":410,""staging_bytes"":62914560}",
1,2ea4f9e1-2cf1-4a6f-908e-9afc36c6c3b0,2026-08-12T09:20:32.357117+00:00,463fcfc4c106535f73c78b7f9d39765d0de0d6d2e370f92d4b86bfb98a1cc036,31,intertidal_dma,dense,31.0,31738.000,165120,10.7,884,,ok,0,16.344,884,884,1853882368,1768.000,10.702218,67108864,64.000,1786773504,1704.000,10.314808,measured_vmm_layout,,31738.000,410,60,,,4235.147512,61.045557,26.398795,0.030826,0.991299,0.341637,match,"[{""label"":""prompt"",""checksum"":""2417196da4492390"",""nonfinite"":0},{""label"":""prompt"",""checksum"":""0453392d6142afd3"",""nonfinite"":0},{""label"":""prompt"",""checksum"":""8c39d6d410e92623"",""nonfinite"":0},{""label"":""prompt"",""checksum"":""ce38b3f3a7a05142"",""nonfinite"":0},{""label"":""prompt"",""checksum"":""556c3b871bf91e81"",""nonfinite"":0},{""label"":""prompt"",""checksum"":""c930f979f7f0aed4"",""nonfinite"":0},{""label"":""decode"",""checksum"":""0c8e93b3ecced1c6"",""nonfinite"":0},{""label"":""decode"",""checksum"":""319a6a234bb9ed88"",""nonfinite"":0},{""label"":""decode"",""checksum"":""1e95777bddcc71d5"",""nonfinite"":0},{""label"":""decode"",""checksum"":""fc3ff68058ffd54e"",""nonfinite"":0},{""label"":""decode"",""checksum"":""92560214e2ee8afd"",""nonfinite"":0},{""label"":""decode"",""checksum"":""ea317c3ff2b17152"",""nonfinite"":0}]",b5d2ea31b0f709c295ad59dfab37889028c6fe9857ea11908ff3ab4b717c9a5d,0,168,30034.000,30087.000,2903.060,2512.000,2962.000,54.946,65.000,238.295,478.380,83.375,100.000,"{""argv"":[""/home/wici/llama.cpp/build-cuda/bin/llama-bench"",""-m"",""/home/wici/voice-lab/models/gguf/gemma-4-31B-it-Q4_0.gguf"",""-p"",""512"",""-n"",""64"",""-r"",""5"",""-t"",""8"",""-b"",""512"",""-ub"",""512"",""-fa"",""on"",""-ctk"",""f16"",""-ctv"",""f16"",""-mmp"",""1"",""-o"",""csv"",""--ctx-size"",""165120"",""-ot"",""^blk[.][0-9]+[.](attn_(k|v|q|output)|ffn_(down|gate|up))[.]weight$=CUDA_Hybrid""],""env"":{""GGML_CUDA_HYBRID_MODE"":""staging"",""GGML_CUDA_HYBRID_PAGE_BUDGET"":""884"",""LD_LIBRARY_PATH"":""/dev/shm/intertidal-capacity.mEP47j:/home/wici/llama.cpp/build-cuda/bin:/usr/local/cuda/lib64"",""LLAMA_BENCH_LOGIT_CHECKSUM"":""1""}}","{""buffers"":[{""buffer_bytes"":""16524435968"",""buffer_mib"":""15758.930"",""eligible_pages"":""7470"",""gross_bytes"":""1853882368"",""gross_mib"":""1768.000"",""gross_pages"":""884"",""layers"":""60"",""local_physical_bytes"":""14671675392"",""local_physical_mib"":""13992.000"",""mode"":""staging"",""net_bytes"":""1786773504"",""net_mib"":""1704.000"",""net_saved_mib"":""1704.000"",""page_bytes"":""2097152"",""page_mib"":""2.000"",""remote_mib"":""1768.000"",""requested_bytes"":""1853882368"",""requested_mib"":""1768.000"",""requested_pages"":""884"",""selected_tensors"":""410"",""selection"":""global_budget"",""staging_bytes"":""67108864"",""staging_mib"":""64.000""}],""gross_pages"":884,""gross_remote_bytes"":1853882368,""mode"":""staging"",""net_saved_bytes"":1786773504,""requested_pages"":884,""selected_layers"":60,""selected_tensors"":410,""staging_bytes"":67108864}",
1,2ea4f9e1-2cf1-4a6f-908e-9afc36c6c3b0,2026-08-12T09:20:48.770273+00:00,463fcfc4c106535f73c78b7f9d39765d0de0d6d2e370f92d4b86bfb98a1cc036,31,intertidal_dma,dense,31.0,31738.000,165120,10.8,892,,ok,0,16.400,892,892,1870659584,1784.000,10.799071,67108864,64.000,1803550720,1720.000,10.411660,measured_vmm_layout,,31738.000,410,60,,,4232.155621,80.241173,26.149712,0.011672,0.990598,0.338413,match,"[{""label"":""prompt"",""checksum"":""2417196da4492390"",""nonfinite"":0},{""label"":""prompt"",""checksum"":""0453392d6142afd3"",""nonfinite"":0},{""label"":""prompt"",""checksum"":""8c39d6d410e92623"",""nonfinite"":0},{""label"":""prompt"",""checksum"":""ce38b3f3a7a05142"",""nonfinite"":0},{""label"":""prompt"",""checksum"":""556c3b871bf91e81"",""nonfinite"":0},{""label"":""prompt"",""checksum"":""c930f979f7f0aed4"",""nonfinite"":0},{""label"":""decode"",""checksum"":""0c8e93b3ecced1c6"",""nonfinite"":0},{""label"":""decode"",""checksum"":""319a6a234bb9ed88"",""nonfinite"":0},{""label"":""decode"",""checksum"":""1e95777bddcc71d5"",""nonfinite"":0},{""label"":""decode"",""checksum"":""fc3ff68058ffd54e"",""nonfinite"":0},{""label"":""decode"",""checksum"":""92560214e2ee8afd"",""nonfinite"":0},{""label"":""decode"",""checksum"":""ea317c3ff2b17152"",""nonfinite"":0}]",b5d2ea31b0f709c295ad59dfab37889028c6fe9857ea11908ff3ab4b717c9a5d,0,170,30018.000,30071.000,2881.365,2550.000,2962.000,54.571,64.000,235.774,485.810,82.835,100.000,"{""argv"":[""/home/wici/llama.cpp/build-cuda/bin/llama-bench"",""-m"",""/home/wici/voice-lab/models/gguf/gemma-4-31B-it-Q4_0.gguf"",""-p"",""512"",""-n"",""64"",""-r"",""5"",""-t"",""8"",""-b"",""512"",""-ub"",""512"",""-fa"",""on"",""-ctk"",""f16"",""-ctv"",""f16"",""-mmp"",""1"",""-o"",""csv"",""--ctx-size"",""165120"",""-ot"",""^blk[.][0-9]+[.](attn_(k|v|q|output)|ffn_(down|gate|up))[.]weight$=CUDA_Hybrid""],""env"":{""GGML_CUDA_HYBRID_MODE"":""staging"",""GGML_CUDA_HYBRID_PAGE_BUDGET"":""892"",""LD_LIBRARY_PATH"":""/dev/shm/intertidal-capacity.mEP47j:/home/wici/llama.cpp/build-cuda/bin:/usr/local/cuda/lib64"",""LLAMA_BENCH_LOGIT_CHECKSUM"":""1""}}","{""buffers"":[{""buffer_bytes"":""16524435968"",""buffer_mib"":""15758.930"",""eligible_pages"":""7470"",""gross_bytes"":""1870659584"",""gross_mib"":""1784.000"",""gross_pages"":""892"",""layers"":""60"",""local_physical_bytes"":""14654898176"",""local_physical_mib"":""13976.000"",""mode"":""staging"",""net_bytes"":""1803550720"",""net_mib"":""1720.000"",""net_saved_mib"":""1720.000"",""page_bytes"":""2097152"",""page_mib"":""2.000"",""remote_mib"":""1784.000"",""requested_bytes"":""1870659584"",""requested_mib"":""1784.000"",""requested_pages"":""892"",""selected_tensors"":""410"",""selection"":""global_budget"",""staging_bytes"":""67108864"",""staging_mib"":""64.000""}],""gross_pages"":892,""gross_remote_bytes"":1870659584,""mode"":""staging"",""net_saved_bytes"":1803550720,""requested_pages"":892,""selected_layers"":60,""selected_tensors"":410,""staging_bytes"":67108864}",
1,2ea4f9e1-2cf1-4a6f-908e-9afc36c6c3b0,2026-08-12T09:21:05.262011+00:00,463fcfc4c106535f73c78b7f9d39765d0de0d6d2e370f92d4b86bfb98a1cc036,31,intertidal_dma,dense,31.0,31738.000,165120,10.9,900,,ok,0,16.483,900,900,1887436800,1800.000,10.895924,67108864,64.000,1820327936,1736.000,10.508513,measured_vmm_layout,,31738.000,410,60,,,4232.568408,67.122397,25.908420,0.018568,0.990695,0.335291,match,"[{""label"":""prompt"",""checksum"":""2417196da4492390"",""nonfinite"":0},{""label"":""prompt"",""checksum"":""0453392d6142afd3"",""nonfinite"":0},{""label"":""prompt"",""checksum"":""8c39d6d410e92623"",""nonfinite"":0},{""label"":""prompt"",""checksum"":""ce38b3f3a7a05142"",""nonfinite"":0},{""label"":""prompt"",""checksum"":""556c3b871bf91e81"",""nonfinite"":0},{""label"":""prompt"",""checksum"":""c930f979f7f0aed4"",""nonfinite"":0},{""label"":""decode"",""checksum"":""0c8e93b3ecced1c6"",""nonfinite"":0},{""label"":""decode"",""checksum"":""319a6a234bb9ed88"",""nonfinite"":0},{""label"":""decode"",""checksum"":""1e95777bddcc71d5"",""nonfinite"":0},{""label"":""decode"",""checksum"":""fc3ff68058ffd54e"",""nonfinite"":0},{""label"":""decode"",""checksum"":""92560214e2ee8afd"",""nonfinite"":0},{""label"":""decode"",""checksum"":""ea317c3ff2b17152"",""nonfinite"":0}]",b5d2ea31b0f709c295ad59dfab37889028c6fe9857ea11908ff3ab4b717c9a5d,0,170,30002.000,30055.000,2895.229,2512.000,2962.000,54.559,64.000,234.441,480.760,79.712,100.000,"{""argv"":[""/home/wici/llama.cpp/build-cuda/bin/llama-bench"",""-m"",""/home/wici/voice-lab/models/gguf/gemma-4-31B-it-Q4_0.gguf"",""-p"",""512"",""-n"",""64"",""-r"",""5"",""-t"",""8"",""-b"",""512"",""-ub"",""512"",""-fa"",""on"",""-ctk"",""f16"",""-ctv"",""f16"",""-mmp"",""1"",""-o"",""csv"",""--ctx-size"",""165120"",""-ot"",""^blk[.][0-9]+[.](attn_(k|v|q|output)|ffn_(down|gate|up))[.]weight$=CUDA_Hybrid""],""env"":{""GGML_CUDA_HYBRID_MODE"":""staging"",""GGML_CUDA_HYBRID_PAGE_BUDGET"":""900"",""LD_LIBRARY_PATH"":""/dev/shm/intertidal-capacity.mEP47j:/home/wici/llama.cpp/build-cuda/bin:/usr/local/cuda/lib64"",""LLAMA_BENCH_LOGIT_CHECKSUM"":""1""}}","{""buffers"":[{""buffer_bytes"":""16524435968"",""buffer_mib"":""15758.930"",""eligible_pages"":""7470"",""gross_bytes"":""1887436800"",""gross_mib"":""1800.000"",""gross_pages"":""900"",""layers"":""60"",""local_physical_bytes"":""14638120960"",""local_physical_mib"":""13960.000"",""mode"":""staging"",""net_bytes"":""1820327936"",""net_mib"":""1736.000"",""net_saved_mib"":""1736.000"",""page_bytes"":""2097152"",""page_mib"":""2.000"",""remote_mib"":""1800.000"",""requested_bytes"":""1887436800"",""requested_mib"":""1800.000"",""requested_pages"":""900"",""selected_tensors"":""410"",""selection"":""global_budget"",""staging_bytes"":""67108864"",""staging_mib"":""64.000""}],""gross_pages"":900,""gross_remote_bytes"":1887436800,""mode"":""staging"",""net_saved_bytes"":1820327936,""requested_pages"":900,""selected_layers"":60,""selected_tensors"":410,""staging_bytes"":67108864}",
1,2ea4f9e1-2cf1-4a6f-908e-9afc36c6c3b0,2026-08-12T09:21:22.026383+00:00,463fcfc4c106535f73c78b7f9d39765d0de0d6d2e370f92d4b86bfb98a1cc036,31,intertidal_dma,dense,31.0,31738.000,165120,11.1,917,,ok,0,16.757,917,917,1923088384,1834.000,11.101735,67108864,64.000,1855979520,1770.000,10.714325,measured_vmm_layout,,31738.000,410,60,,,4234.728925,63.795854,25.454431,0.013320,0.991201,0.329415,match,"[{""label"":""prompt"",""checksum"":""2417196da4492390"",""nonfinite"":0},{""label"":""prompt"",""checksum"":""0453392d6142afd3"",""nonfinite"":0},{""label"":""prompt"",""checksum"":""8c39d6d410e92623"",""nonfinite"":0},{""label"":""prompt"",""checksum"":""ce38b3f3a7a05142"",""nonfinite"":0},{""label"":""prompt"",""checksum"":""556c3b871bf91e81"",""nonfinite"":0},{""label"":""prompt"",""checksum"":""c930f979f7f0aed4"",""nonfinite"":0},{""label"":""decode"",""checksum"":""0c8e93b3ecced1c6"",""nonfinite"":0},{""label"":""decode"",""checksum"":""319a6a234bb9ed88"",""nonfinite"":0},{""label"":""decode"",""checksum"":""1e95777bddcc71d5"",""nonfinite"":0},{""label"":""decode"",""checksum"":""fc3ff68058ffd54e"",""nonfinite"":0},{""label"":""decode"",""checksum"":""92560214e2ee8afd"",""nonfinite"":0},{""label"":""decode"",""checksum"":""ea317c3ff2b17152"",""nonfinite"":0}]",b5d2ea31b0f709c295ad59dfab37889028c6fe9857ea11908ff3ab4b717c9a5d,0,173,29968.000,30021.000,2918.145,2512.000,2962.000,54.543,63.000,233.908,478.480,82.942,100.000,"{""argv"":[""/home/wici/llama.cpp/build-cuda/bin/llama-bench"",""-m"",""/home/wici/voice-lab/models/gguf/gemma-4-31B-it-Q4_0.gguf"",""-p"",""512"",""-n"",""64"",""-r"",""5"",""-t"",""8"",""-b"",""512"",""-ub"",""512"",""-fa"",""on"",""-ctk"",""f16"",""-ctv"",""f16"",""-mmp"",""1"",""-o"",""csv"",""--ctx-size"",""165120"",""-ot"",""^blk[.][0-9]+[.](attn_(k|v|q|output)|ffn_(down|gate|up))[.]weight$=CUDA_Hybrid""],""env"":{""GGML_CUDA_HYBRID_MODE"":""staging"",""GGML_CUDA_HYBRID_PAGE_BUDGET"":""917"",""LD_LIBRARY_PATH"":""/dev/shm/intertidal-capacity.mEP47j:/home/wici/llama.cpp/build-cuda/bin:/usr/local/cuda/lib64"",""LLAMA_BENCH_LOGIT_CHECKSUM"":""1""}}","{""buffers"":[{""buffer_bytes"":""16524435968"",""buffer_mib"":""15758.930"",""eligible_pages"":""7470"",""gross_bytes"":""1923088384"",""gross_mib"":""1834.000"",""gross_pages"":""917"",""layers"":""60"",""local_physical_bytes"":""14602469376"",""local_physical_mib"":""13926.000"",""mode"":""staging"",""net_bytes"":""1855979520"",""net_mib"":""1770.000"",""net_saved_mib"":""1770.000"",""page_bytes"":""2097152"",""page_mib"":""2.000"",""remote_mib"":""1834.000"",""requested_bytes"":""1923088384"",""requested_mib"":""1834.000"",""requested_pages"":""917"",""selected_tensors"":""410"",""selection"":""global_budget"",""staging_bytes"":""67108864"",""staging_mib"":""64.000""}],""gross_pages"":917,""gross_remote_bytes"":1923088384,""mode"":""staging"",""net_saved_bytes"":1855979520,""requested_pages"":917,""selected_layers"":60,""selected_tensors"":410,""staging_bytes"":67108864}",
1,2ea4f9e1-2cf1-4a6f-908e-9afc36c6c3b0,2026-08-12T09:21:38.902601+00:00,463fcfc4c106535f73c78b7f9d39765d0de0d6d2e370f92d4b86bfb98a1cc036,31,intertidal_dma,dense,31.0,31738.000,165120,11.2,925,,ok,0,16.867,925,925,1939865600,1850.000,11.198588,67108864,64.000,1872756736,1786.000,10.811177,measured_vmm_layout,,31738.000,410,60,,,4232.032325,59.753371,25.194146,0.021548,0.990569,0.326047,match,"[{""label"":""prompt"",""checksum"":""2417196da4492390"",""nonfinite"":0},{""label"":""prompt"",""checksum"":""0453392d6142afd3"",""nonfinite"":0},{""label"":""prompt"",""checksum"":""8c39d6d410e92623"",""nonfinite"":0},{""label"":""prompt"",""checksum"":""ce38b3f3a7a05142"",""nonfinite"":0},{""label"":""prompt"",""checksum"":""556c3b871bf91e81"",""nonfinite"":0},{""label"":""prompt"",""checksum"":""c930f979f7f0aed4"",""nonfinite"":0},{""label"":""decode"",""checksum"":""0c8e93b3ecced1c6"",""nonfinite"":0},{""label"":""decode"",""checksum"":""319a6a234bb9ed88"",""nonfinite"":0},{""label"":""decode"",""checksum"":""1e95777bddcc71d5"",""nonfinite"":0},{""label"":""decode"",""checksum"":""fc3ff68058ffd54e"",""nonfinite"":0},{""label"":""decode"",""checksum"":""92560214e2ee8afd"",""nonfinite"":0},{""label"":""decode"",""checksum"":""ea317c3ff2b17152"",""nonfinite"":0}]",b5d2ea31b0f709c295ad59dfab37889028c6fe9857ea11908ff3ab4b717c9a5d,0,174,29952.000,30005.000,2914.707,2505.000,2962.000,54.799,64.000,233.437,472.800,82.552,100.000,"{""argv"":[""/home/wici/llama.cpp/build-cuda/bin/llama-bench"",""-m"",""/home/wici/voice-lab/models/gguf/gemma-4-31B-it-Q4_0.gguf"",""-p"",""512"",""-n"",""64"",""-r"",""5"",""-t"",""8"",""-b"",""512"",""-ub"",""512"",""-fa"",""on"",""-ctk"",""f16"",""-ctv"",""f16"",""-mmp"",""1"",""-o"",""csv"",""--ctx-size"",""165120"",""-ot"",""^blk[.][0-9]+[.](attn_(k|v|q|output)|ffn_(down|gate|up))[.]weight$=CUDA_Hybrid""],""env"":{""GGML_CUDA_HYBRID_MODE"":""staging"",""GGML_CUDA_HYBRID_PAGE_BUDGET"":""925"",""LD_LIBRARY_PATH"":""/dev/shm/intertidal-capacity.mEP47j:/home/wici/llama.cpp/build-cuda/bin:/usr/local/cuda/lib64"",""LLAMA_BENCH_LOGIT_CHECKSUM"":""1""}}","{""buffers"":[{""buffer_bytes"":""16524435968"",""buffer_mib"":""15758.930"",""eligible_pages"":""7470"",""gross_bytes"":""1939865600"",""gross_mib"":""1850.000"",""gross_pages"":""925"",""layers"":""60"",""local_physical_bytes"":""14585692160"",""local_physical_mib"":""13910.000"",""mode"":""staging"",""net_bytes"":""1872756736"",""net_mib"":""1786.000"",""net_saved_mib"":""1786.000"",""page_bytes"":""2097152"",""page_mib"":""2.000"",""remote_mib"":""1850.000"",""requested_bytes"":""1939865600"",""requested_mib"":""1850.000"",""requested_pages"":""925"",""selected_tensors"":""410"",""selection"":""global_budget"",""staging_bytes"":""67108864"",""staging_mib"":""64.000""}],""gross_pages"":925,""gross_remote_bytes"":1939865600,""mode"":""staging"",""net_saved_bytes"":1872756736,""requested_pages"":925,""selected_layers"":60,""selected_tensors"":410,""staging_bytes"":67108864}",
1,2ea4f9e1-2cf1-4a6f-908e-9afc36c6c3b0,2026-08-12T09:21:55.949090+00:00,463fcfc4c106535f73c78b7f9d39765d0de0d6d2e370f92d4b86bfb98a1cc036,31,intertidal_dma,dense,31.0,31738.000,165120,11.3,933,,ok,0,17.039,933,933,1956642816,1866.000,11.295441,67108864,64.000,1889533952,1802.000,10.908030,measured_vmm_layout,,31738.000,410,60,,,4234.165683,61.815496,24.973599,0.011612,0.991069,0.323193,match,"[{""label"":""prompt"",""checksum"":""2417196da4492390"",""nonfinite"":0},{""label"":""prompt"",""checksum"":""0453392d6142afd3"",""nonfinite"":0},{""label"":""prompt"",""checksum"":""8c39d6d410e92623"",""nonfinite"":0},{""label"":""prompt"",""checksum"":""ce38b3f3a7a05142"",""nonfinite"":0},{""label"":""prompt"",""checksum"":""556c3b871bf91e81"",""nonfinite"":0},{""label"":""prompt"",""checksum"":""c930f979f7f0aed4"",""nonfinite"":0},{""label"":""decode"",""checksum"":""0c8e93b3ecced1c6"",""nonfinite"":0},{""label"":""decode"",""checksum"":""319a6a234bb9ed88"",""nonfinite"":0},{""label"":""decode"",""checksum"":""1e95777bddcc71d5"",""nonfinite"":0},{""label"":""decode"",""checksum"":""fc3ff68058ffd54e"",""nonfinite"":0},{""label"":""decode"",""checksum"":""92560214e2ee8afd"",""nonfinite"":0},{""label"":""decode"",""checksum"":""ea317c3ff2b17152"",""nonfinite"":0}]",b5d2ea31b0f709c295ad59dfab37889028c6fe9857ea11908ff3ab4b717c9a5d,0,176,29936.000,29989.000,2890.222,2512.000,2962.000,54.926,64.000,230.081,467.410,84.386,100.000,"{""argv"":[""/home/wici/llama.cpp/build-cuda/bin/llama-bench"",""-m"",""/home/wici/voice-lab/models/gguf/gemma-4-31B-it-Q4_0.gguf"",""-p"",""512"",""-n"",""64"",""-r"",""5"",""-t"",""8"",""-b"",""512"",""-ub"",""512"",""-fa"",""on"",""-ctk"",""f16"",""-ctv"",""f16"",""-mmp"",""1"",""-o"",""csv"",""--ctx-size"",""165120"",""-ot"",""^blk[.][0-9]+[.](attn_(k|v|q|output)|ffn_(down|gate|up))[.]weight$=CUDA_Hybrid""],""env"":{""GGML_CUDA_HYBRID_MODE"":""staging"",""GGML_CUDA_HYBRID_PAGE_BUDGET"":""933"",""LD_LIBRARY_PATH"":""/dev/shm/intertidal-capacity.mEP47j:/home/wici/llama.cpp/build-cuda/bin:/usr/local/cuda/lib64"",""LLAMA_BENCH_LOGIT_CHECKSUM"":""1""}}","{""buffers"":[{""buffer_bytes"":""16524435968"",""buffer_mib"":""15758.930"",""eligible_pages"":""7470"",""gross_bytes"":""1956642816"",""gross_mib"":""1866.000"",""gross_pages"":""933"",""layers"":""60"",""local_physical_bytes"":""14568914944"",""local_physical_mib"":""13894.000"",""mode"":""staging"",""net_bytes"":""1889533952"",""net_mib"":""1802.000"",""net_saved_mib"":""1802.000"",""page_bytes"":""2097152"",""page_mib"":""2.000"",""remote_mib"":""1866.000"",""requested_bytes"":""1956642816"",""requested_mib"":""1866.000"",""requested_pages"":""933"",""selected_tensors"":""410"",""selection"":""global_budget"",""staging_bytes"":""67108864"",""staging_mib"":""64.000""}],""gross_pages"":933,""gross_remote_bytes"":1956642816,""mode"":""staging"",""net_saved_bytes"":1889533952,""requested_pages"":933,""selected_layers"":60,""selected_tensors"":410,""staging_bytes"":67108864}",
1,2ea4f9e1-2cf1-4a6f-908e-9afc36c6c3b0,2026-08-12T09:22:13.074785+00:00,463fcfc4c106535f73c78b7f9d39765d0de0d6d2e370f92d4b86bfb98a1cc036,31,intertidal_dma,dense,31.0,31738.000,165120,11.4,942,,ok,0,17.119,942,942,1975517184,1884.000,11.404400,71303168,68.000,1904214016,1816.000,10.992776,measured_vmm_layout,,31738.000,410,60,,,4234.820740,64.401247,24.756795,0.017373,0.991222,0.320387,match,"[{""label"":""prompt"",""checksum"":""2417196da4492390"",""nonfinite"":0},{""label"":""prompt"",""checksum"":""0453392d6142afd3"",""nonfinite"":0},{""label"":""prompt"",""checksum"":""8c39d6d410e92623"",""nonfinite"":0},{""label"":""prompt"",""checksum"":""ce38b3f3a7a05142"",""nonfinite"":0},{""label"":""prompt"",""checksum"":""556c3b871bf91e81"",""nonfinite"":0},{""label"":""prompt"",""checksum"":""c930f979f7f0aed4"",""nonfinite"":0},{""label"":""decode"",""checksum"":""0c8e93b3ecced1c6"",""nonfinite"":0},{""label"":""decode"",""checksum"":""319a6a234bb9ed88"",""nonfinite"":0},{""label"":""decode"",""checksum"":""1e95777bddcc71d5"",""nonfinite"":0},{""label"":""decode"",""checksum"":""fc3ff68058ffd54e"",""nonfinite"":0},{""label"":""decode"",""checksum"":""92560214e2ee8afd"",""nonfinite"":0},{""label"":""decode"",""checksum"":""ea317c3ff2b17152"",""nonfinite"":0}]",b5d2ea31b0f709c295ad59dfab37889028c6fe9857ea11908ff3ab4b717c9a5d,0,177,29922.000,29975.000,2909.718,2520.000,2962.000,54.797,64.000,229.654,479.730,87.989,100.000,"{""argv"":[""/home/wici/llama.cpp/build-cuda/bin/llama-bench"",""-m"",""/home/wici/voice-lab/models/gguf/gemma-4-31B-it-Q4_0.gguf"",""-p"",""512"",""-n"",""64"",""-r"",""5"",""-t"",""8"",""-b"",""512"",""-ub"",""512"",""-fa"",""on"",""-ctk"",""f16"",""-ctv"",""f16"",""-mmp"",""1"",""-o"",""csv"",""--ctx-size"",""165120"",""-ot"",""^blk[.][0-9]+[.](attn_(k|v|q|output)|ffn_(down|gate|up))[.]weight$=CUDA_Hybrid""],""env"":{""GGML_CUDA_HYBRID_MODE"":""staging"",""GGML_CUDA_HYBRID_PAGE_BUDGET"":""942"",""LD_LIBRARY_PATH"":""/dev/shm/intertidal-capacity.mEP47j:/home/wici/llama.cpp/build-cuda/bin:/usr/local/cuda/lib64"",""LLAMA_BENCH_LOGIT_CHECKSUM"":""1""}}","{""buffers"":[{""buffer_bytes"":""16524435968"",""buffer_mib"":""15758.930"",""eligible_pages"":""7470"",""gross_bytes"":""1975517184"",""gross_mib"":""1884.000"",""gross_pages"":""942"",""layers"":""60"",""local_physical_bytes"":""14550040576"",""local_physical_mib"":""13876.000"",""mode"":""staging"",""net_bytes"":""1904214016"",""net_mib"":""1816.000"",""net_saved_mib"":""1816.000"",""page_bytes"":""2097152"",""page_mib"":""2.000"",""remote_mib"":""1884.000"",""requested_bytes"":""1975517184"",""requested_mib"":""1884.000"",""requested_pages"":""942"",""selected_tensors"":""410"",""selection"":""global_budget"",""staging_bytes"":""71303168"",""staging_mib"":""68.000""}],""gross_pages"":942,""gross_remote_bytes"":1975517184,""mode"":""staging"",""net_saved_bytes"":1904214016,""requested_pages"":942,""selected_layers"":60,""selected_tensors"":410,""staging_bytes"":71303168}",
1,2ea4f9e1-2cf1-4a6f-908e-9afc36c6c3b0,2026-08-12T09:22:30.321786+00:00,463fcfc4c106535f73c78b7f9d39765d0de0d6d2e370f92d4b86bfb98a1cc036,31,intertidal_dma,dense,31.0,31738.000,165120,11.5,950,,ok,0,17.235,950,950,1992294400,1900.000,11.501253,71303168,68.000,1920991232,1832.000,11.089629,measured_vmm_layout,,31738.000,410,60,,,4233.235042,60.239114,24.552416,0.014382,0.990851,0.317742,match,"[{""label"":""prompt"",""checksum"":""2417196da4492390"",""nonfinite"":0},{""label"":""prompt"",""checksum"":""0453392d6142afd3"",""nonfinite"":0},{""label"":""prompt"",""checksum"":""8c39d6d410e92623"",""nonfinite"":0},{""label"":""prompt"",""checksum"":""ce38b3f3a7a05142"",""nonfinite"":0},{""label"":""prompt"",""checksum"":""556c3b871bf91e81"",""nonfinite"":0},{""label"":""prompt"",""checksum"":""c930f979f7f0aed4"",""nonfinite"":0},{""label"":""decode"",""checksum"":""0c8e93b3ecced1c6"",""nonfinite"":0},{""label"":""decode"",""checksum"":""319a6a234bb9ed88"",""nonfinite"":0},{""label"":""decode"",""checksum"":""1e95777bddcc71d5"",""nonfinite"":0},{""label"":""decode"",""checksum"":""fc3ff68058ffd54e"",""nonfinite"":0},{""label"":""decode"",""checksum"":""92560214e2ee8afd"",""nonfinite"":0},{""label"":""decode"",""checksum"":""ea317c3ff2b17152"",""nonfinite"":0}]",b5d2ea31b0f709c295ad59dfab37889028c6fe9857ea11908ff3ab4b717c9a5d,0,178,29906.000,29959.000,2908.635,2505.000,2962.000,54.129,64.000,228.989,474.540,85.264,100.000,"{""argv"":[""/home/wici/llama.cpp/build-cuda/bin/llama-bench"",""-m"",""/home/wici/voice-lab/models/gguf/gemma-4-31B-it-Q4_0.gguf"",""-p"",""512"",""-n"",""64"",""-r"",""5"",""-t"",""8"",""-b"",""512"",""-ub"",""512"",""-fa"",""on"",""-ctk"",""f16"",""-ctv"",""f16"",""-mmp"",""1"",""-o"",""csv"",""--ctx-size"",""165120"",""-ot"",""^blk[.][0-9]+[.](attn_(k|v|q|output)|ffn_(down|gate|up))[.]weight$=CUDA_Hybrid""],""env"":{""GGML_CUDA_HYBRID_MODE"":""staging"",""GGML_CUDA_HYBRID_PAGE_BUDGET"":""950"",""LD_LIBRARY_PATH"":""/dev/shm/intertidal-capacity.mEP47j:/home/wici/llama.cpp/build-cuda/bin:/usr/local/cuda/lib64"",""LLAMA_BENCH_LOGIT_CHECKSUM"":""1""}}","{""buffers"":[{""buffer_bytes"":""16524435968"",""buffer_mib"":""15758.930"",""eligible_pages"":""7470"",""gross_bytes"":""1992294400"",""gross_mib"":""1900.000"",""gross_pages"":""950"",""layers"":""60"",""local_physical_bytes"":""14533263360"",""local_physical_mib"":""13860.000"",""mode"":""staging"",""net_bytes"":""1920991232"",""net_mib"":""1832.000"",""net_saved_mib"":""1832.000"",""page_bytes"":""2097152"",""page_mib"":""2.000"",""remote_mib"":""1900.000"",""requested_bytes"":""1992294400"",""requested_mib"":""1900.000"",""requested_pages"":""950"",""selected_tensors"":""410"",""selection"":""global_budget"",""staging_bytes"":""71303168"",""staging_mib"":""68.000""}],""gross_pages"":950,""gross_remote_bytes"":1992294400,""mode"":""staging"",""net_saved_bytes"":1920991232,""requested_pages"":950,""selected_layers"":60,""selected_tensors"":410,""staging_bytes"":71303168}",
1,2ea4f9e1-2cf1-4a6f-908e-9afc36c6c3b0,2026-08-12T09:22:47.679020+00:00,463fcfc4c106535f73c78b7f9d39765d0de0d6d2e370f92d4b86bfb98a1cc036,31,intertidal_dma,dense,31.0,31738.000,165120,11.6,958,,ok,0,17.338,958,958,2009071616,1916.000,11.598105,71303168,68.000,1937768448,1848.000,11.186482,measured_vmm_layout,,31738.000,410,60,,,4235.736529,61.234514,24.367008,0.027338,0.991436,0.315343,match,"[{""label"":""prompt"",""checksum"":""2417196da4492390"",""nonfinite"":0},{""label"":""prompt"",""checksum"":""0453392d6142afd3"",""nonfinite"":0},{""label"":""prompt"",""checksum"":""8c39d6d410e92623"",""nonfinite"":0},{""label"":""prompt"",""checksum"":""ce38b3f3a7a05142"",""nonfinite"":0},{""label"":""prompt"",""checksum"":""556c3b871bf91e81"",""nonfinite"":0},{""label"":""prompt"",""checksum"":""c930f979f7f0aed4"",""nonfinite"":0},{""label"":""decode"",""checksum"":""0c8e93b3ecced1c6"",""nonfinite"":0},{""label"":""decode"",""checksum"":""319a6a234bb9ed88"",""nonfinite"":0},{""label"":""decode"",""checksum"":""1e95777bddcc71d5"",""nonfinite"":0},{""label"":""decode"",""checksum"":""fc3ff68058ffd54e"",""nonfinite"":0},{""label"":""decode"",""checksum"":""92560214e2ee8afd"",""nonfinite"":0},{""label"":""decode"",""checksum"":""ea317c3ff2b17152"",""nonfinite"":0}]",b5d2ea31b0f709c295ad59dfab37889028c6fe9857ea11908ff3ab4b717c9a5d,0,179,29890.000,29943.000,2859.609,2512.000,2955.000,53.782,64.000,228.244,480.060,80.218,100.000,"{""argv"":[""/home/wici/llama.cpp/build-cuda/bin/llama-bench"",""-m"",""/home/wici/voice-lab/models/gguf/gemma-4-31B-it-Q4_0.gguf"",""-p"",""512"",""-n"",""64"",""-r"",""5"",""-t"",""8"",""-b"",""512"",""-ub"",""512"",""-fa"",""on"",""-ctk"",""f16"",""-ctv"",""f16"",""-mmp"",""1"",""-o"",""csv"",""--ctx-size"",""165120"",""-ot"",""^blk[.][0-9]+[.](attn_(k|v|q|output)|ffn_(down|gate|up))[.]weight$=CUDA_Hybrid""],""env"":{""GGML_CUDA_HYBRID_MODE"":""staging"",""GGML_CUDA_HYBRID_PAGE_BUDGET"":""958"",""LD_LIBRARY_PATH"":""/dev/shm/intertidal-capacity.mEP47j:/home/wici/llama.cpp/build-cuda/bin:/usr/local/cuda/lib64"",""LLAMA_BENCH_LOGIT_CHECKSUM"":""1""}}","{""buffers"":[{""buffer_bytes"":""16524435968"",""buffer_mib"":""15758.930"",""eligible_pages"":""7470"",""gross_bytes"":""2009071616"",""gross_mib"":""1916.000"",""gross_pages"":""958"",""layers"":""60"",""local_physical_bytes"":""14516486144"",""local_physical_mib"":""13844.000"",""mode"":""staging"",""net_bytes"":""1937768448"",""net_mib"":""1848.000"",""net_saved_mib"":""1848.000"",""page_bytes"":""2097152"",""page_mib"":""2.000"",""remote_mib"":""1916.000"",""requested_bytes"":""2009071616"",""requested_mib"":""1916.000"",""requested_pages"":""958"",""selected_tensors"":""410"",""selection"":""global_budget"",""staging_bytes"":""71303168"",""staging_mib"":""68.000""}],""gross_pages"":958,""gross_remote_bytes"":2009071616,""mode"":""staging"",""net_saved_bytes"":1937768448,""requested_pages"":958,""selected_layers"":60,""selected_tensors"":410,""staging_bytes"":71303168}",
1,2ea4f9e1-2cf1-4a6f-908e-9afc36c6c3b0,2026-08-12T09:23:05.136021+00:00,463fcfc4c106535f73c78b7f9d39765d0de0d6d2e370f92d4b86bfb98a1cc036,31,intertidal_dma,dense,31.0,31738.000,165120,11.7,966,,ok,0,17.450,966,966,2025848832,1932.000,11.694958,71303168,68.000,1954545664,1864.000,11.283334,measured_vmm_layout,,31738.000,410,60,,,4232.983827,59.996954,24.143046,0.023866,0.990792,0.312444,match,"[{""label"":""prompt"",""checksum"":""2417196da4492390"",""nonfinite"":0},{""label"":""prompt"",""checksum"":""0453392d6142afd3"",""nonfinite"":0},{""label"":""prompt"",""checksum"":""8c39d6d410e92623"",""nonfinite"":0},{""label"":""prompt"",""checksum"":""ce38b3f3a7a05142"",""nonfinite"":0},{""label"":""prompt"",""checksum"":""556c3b871bf91e81"",""nonfinite"":0},{""label"":""prompt"",""checksum"":""c930f979f7f0aed4"",""nonfinite"":0},{""label"":""decode"",""checksum"":""0c8e93b3ecced1c6"",""nonfinite"":0},{""label"":""decode"",""checksum"":""319a6a234bb9ed88"",""nonfinite"":0},{""label"":""decode"",""checksum"":""1e95777bddcc71d5"",""nonfinite"":0},{""label"":""decode"",""checksum"":""fc3ff68058ffd54e"",""nonfinite"":0},{""label"":""decode"",""checksum"":""92560214e2ee8afd"",""nonfinite"":0},{""label"":""decode"",""checksum"":""ea317c3ff2b17152"",""nonfinite"":0}]",b5d2ea31b0f709c295ad59dfab37889028c6fe9857ea11908ff3ab4b717c9a5d,0,180,29874.000,29927.000,2889.539,2512.000,2955.000,53.728,64.000,228.973,487.640,84.206,100.000,"{""argv"":[""/home/wici/llama.cpp/build-cuda/bin/llama-bench"",""-m"",""/home/wici/voice-lab/models/gguf/gemma-4-31B-it-Q4_0.gguf"",""-p"",""512"",""-n"",""64"",""-r"",""5"",""-t"",""8"",""-b"",""512"",""-ub"",""512"",""-fa"",""on"",""-ctk"",""f16"",""-ctv"",""f16"",""-mmp"",""1"",""-o"",""csv"",""--ctx-size"",""165120"",""-ot"",""^blk[.][0-9]+[.](attn_(k|v|q|output)|ffn_(down|gate|up))[.]weight$=CUDA_Hybrid""],""env"":{""GGML_CUDA_HYBRID_MODE"":""staging"",""GGML_CUDA_HYBRID_PAGE_BUDGET"":""966"",""LD_LIBRARY_PATH"":""/dev/shm/intertidal-capacity.mEP47j:/home/wici/llama.cpp/build-cuda/bin:/usr/local/cuda/lib64"",""LLAMA_BENCH_LOGIT_CHECKSUM"":""1""}}","{""buffers"":[{""buffer_bytes"":""16524435968"",""buffer_mib"":""15758.930"",""eligible_pages"":""7470"",""gross_bytes"":""2025848832"",""gross_mib"":""1932.000"",""gross_pages"":""966"",""layers"":""60"",""local_physical_bytes"":""14499708928"",""local_physical_mib"":""13828.000"",""mode"":""staging"",""net_bytes"":""1954545664"",""net_mib"":""1864.000"",""net_saved_mib"":""1864.000"",""page_bytes"":""2097152"",""page_mib"":""2.000"",""remote_mib"":""1932.000"",""requested_bytes"":""2025848832"",""requested_mib"":""1932.000"",""requested_pages"":""966"",""selected_tensors"":""410"",""selection"":""global_budget"",""staging_bytes"":""71303168"",""staging_mib"":""68.000""}],""gross_pages"":966,""gross_remote_bytes"":2025848832,""mode"":""staging"",""net_saved_bytes"":1954545664,""requested_pages"":966,""selected_layers"":60,""selected_tensors"":410,""staging_bytes"":71303168}",
1,2ea4f9e1-2cf1-4a6f-908e-9afc36c6c3b0,2026-08-12T09:23:22.792455+00:00,463fcfc4c106535f73c78b7f9d39765d0de0d6d2e370f92d4b86bfb98a1cc036,31,intertidal_dma,dense,31.0,31738.000,165120,11.8,975,,ok,0,17.640,975,975,2044723200,1950.000,11.803917,71303168,68.000,1973420032,1882.000,11.392293,measured_vmm_layout,,31738.000,410,60,,,4234.326295,61.844742,23.944488,0.025285,0.991106,0.309875,match,"[{""label"":""prompt"",""checksum"":""2417196da4492390"",""nonfinite"":0},{""label"":""prompt"",""checksum"":""0453392d6142afd3"",""nonfinite"":0},{""label"":""prompt"",""checksum"":""8c39d6d410e92623"",""nonfinite"":0},{""label"":""prompt"",""checksum"":""ce38b3f3a7a05142"",""nonfinite"":0},{""label"":""prompt"",""checksum"":""556c3b871bf91e81"",""nonfinite"":0},{""label"":""prompt"",""checksum"":""c930f979f7f0aed4"",""nonfinite"":0},{""label"":""decode"",""checksum"":""0c8e93b3ecced1c6"",""nonfinite"":0},{""label"":""decode"",""checksum"":""319a6a234bb9ed88"",""nonfinite"":0},{""label"":""decode"",""checksum"":""1e95777bddcc71d5"",""nonfinite"":0},{""label"":""decode"",""checksum"":""fc3ff68058ffd54e"",""nonfinite"":0},{""label"":""decode"",""checksum"":""92560214e2ee8afd"",""nonfinite"":0},{""label"":""decode"",""checksum"":""ea317c3ff2b17152"",""nonfinite"":0}]",b5d2ea31b0f709c295ad59dfab37889028c6fe9857ea11908ff3ab4b717c9a5d,0,182,29856.000,29909.000,2886.808,2505.000,2962.000,53.681,64.000,226.617,479.970,79.555,100.000,"{""argv"":[""/home/wici/llama.cpp/build-cuda/bin/llama-bench"",""-m"",""/home/wici/voice-lab/models/gguf/gemma-4-31B-it-Q4_0.gguf"",""-p"",""512"",""-n"",""64"",""-r"",""5"",""-t"",""8"",""-b"",""512"",""-ub"",""512"",""-fa"",""on"",""-ctk"",""f16"",""-ctv"",""f16"",""-mmp"",""1"",""-o"",""csv"",""--ctx-size"",""165120"",""-ot"",""^blk[.][0-9]+[.](attn_(k|v|q|output)|ffn_(down|gate|up))[.]weight$=CUDA_Hybrid""],""env"":{""GGML_CUDA_HYBRID_MODE"":""staging"",""GGML_CUDA_HYBRID_PAGE_BUDGET"":""975"",""LD_LIBRARY_PATH"":""/dev/shm/intertidal-capacity.mEP47j:/home/wici/llama.cpp/build-cuda/bin:/usr/local/cuda/lib64"",""LLAMA_BENCH_LOGIT_CHECKSUM"":""1""}}","{""buffers"":[{""buffer_bytes"":""16524435968"",""buffer_mib"":""15758.930"",""eligible_pages"":""7470"",""gross_bytes"":""2044723200"",""gross_mib"":""1950.000"",""gross_pages"":""975"",""layers"":""60"",""local_physical_bytes"":""14480834560"",""local_physical_mib"":""13810.000"",""mode"":""staging"",""net_bytes"":""1973420032"",""net_mib"":""1882.000"",""net_saved_mib"":""1882.000"",""page_bytes"":""2097152"",""page_mib"":""2.000"",""remote_mib"":""1950.000"",""requested_bytes"":""2044723200"",""requested_mib"":""1950.000"",""requested_pages"":""975"",""selected_tensors"":""410"",""selection"":""global_budget"",""staging_bytes"":""71303168"",""staging_mib"":""68.000""}],""gross_pages"":975,""gross_remote_bytes"":2044723200,""mode"":""staging"",""net_saved_bytes"":1973420032,""requested_pages"":975,""selected_layers"":60,""selected_tensors"":410,""staging_bytes"":71303168}",
1,2ea4f9e1-2cf1-4a6f-908e-9afc36c6c3b0,2026-08-12T09:23:40.528947+00:00,463fcfc4c106535f73c78b7f9d39765d0de0d6d2e370f92d4b86bfb98a1cc036,31,intertidal_dma,dense,31.0,31738.000,165120,11.9,983,,ok,0,17.729,983,983,2061500416,1966.000,11.900770,71303168,68.000,1990197248,1898.000,11.489146,measured_vmm_layout,,31738.000,410,60,,,4234.000537,57.596736,23.732169,0.025876,0.991030,0.307127,match,"[{""label"":""prompt"",""checksum"":""2417196da4492390"",""nonfinite"":0},{""label"":""prompt"",""checksum"":""0453392d6142afd3"",""nonfinite"":0},{""label"":""prompt"",""checksum"":""8c39d6d410e92623"",""nonfinite"":0},{""label"":""prompt"",""checksum"":""ce38b3f3a7a05142"",""nonfinite"":0},{""label"":""prompt"",""checksum"":""556c3b871bf91e81"",""nonfinite"":0},{""label"":""prompt"",""checksum"":""c930f979f7f0aed4"",""nonfinite"":0},{""label"":""decode"",""checksum"":""0c8e93b3ecced1c6"",""nonfinite"":0},{""label"":""decode"",""checksum"":""319a6a234bb9ed88"",""nonfinite"":0},{""label"":""decode"",""checksum"":""1e95777bddcc71d5"",""nonfinite"":0},{""label"":""decode"",""checksum"":""fc3ff68058ffd54e"",""nonfinite"":0},{""label"":""decode"",""checksum"":""92560214e2ee8afd"",""nonfinite"":0},{""label"":""decode"",""checksum"":""ea317c3ff2b17152"",""nonfinite"":0}]",b5d2ea31b0f709c295ad59dfab37889028c6fe9857ea11908ff3ab4b717c9a5d,0,183,29840.000,29893.000,2908.246,2512.000,2962.000,53.628,64.000,227.422,471.590,84.131,100.000,"{""argv"":[""/home/wici/llama.cpp/build-cuda/bin/llama-bench"",""-m"",""/home/wici/voice-lab/models/gguf/gemma-4-31B-it-Q4_0.gguf"",""-p"",""512"",""-n"",""64"",""-r"",""5"",""-t"",""8"",""-b"",""512"",""-ub"",""512"",""-fa"",""on"",""-ctk"",""f16"",""-ctv"",""f16"",""-mmp"",""1"",""-o"",""csv"",""--ctx-size"",""165120"",""-ot"",""^blk[.][0-9]+[.](attn_(k|v|q|output)|ffn_(down|gate|up))[.]weight$=CUDA_Hybrid""],""env"":{""GGML_CUDA_HYBRID_MODE"":""staging"",""GGML_CUDA_HYBRID_PAGE_BUDGET"":""983"",""LD_LIBRARY_PATH"":""/dev/shm/intertidal-capacity.mEP47j:/home/wici/llama.cpp/build-cuda/bin:/usr/local/cuda/lib64"",""LLAMA_BENCH_LOGIT_CHECKSUM"":""1""}}","{""buffers"":[{""buffer_bytes"":""16524435968"",""buffer_mib"":""15758.930"",""eligible_pages"":""7470"",""gross_bytes"":""2061500416"",""gross_mib"":""1966.000"",""gross_pages"":""983"",""layers"":""60"",""local_physical_bytes"":""14464057344"",""local_physical_mib"":""13794.000"",""mode"":""staging"",""net_bytes"":""1990197248"",""net_mib"":""1898.000"",""net_saved_mib"":""1898.000"",""page_bytes"":""2097152"",""page_mib"":""2.000"",""remote_mib"":""1966.000"",""requested_bytes"":""2061500416"",""requested_mib"":""1966.000"",""requested_pages"":""983"",""selected_tensors"":""410"",""selection"":""global_budget"",""staging_bytes"":""71303168"",""staging_mib"":""68.000""}],""gross_pages"":983,""gross_remote_bytes"":2061500416,""mode"":""staging"",""net_saved_bytes"":1990197248,""requested_pages"":983,""selected_layers"":60,""selected_tensors"":410,""staging_bytes"":71303168}",
1,2ea4f9e1-2cf1-4a6f-908e-9afc36c6c3b0,2026-08-12T09:23:58.478721+00:00,463fcfc4c106535f73c78b7f9d39765d0de0d6d2e370f92d4b86bfb98a1cc036,31,intertidal_dma,dense,31.0,31738.000,165120,12.1,999,,ok,0,17.944,999,999,2095054848,1998.000,12.094475,71303168,68.000,2023751680,1930.000,11.682851,measured_vmm_layout,,31738.000,410,60,,,4232.285540,61.215594,23.359391,0.034102,0.990629,0.302303,match,"[{""label"":""prompt"",""checksum"":""2417196da4492390"",""nonfinite"":0},{""label"":""prompt"",""checksum"":""0453392d6142afd3"",""nonfinite"":0},{""label"":""prompt"",""checksum"":""8c39d6d410e92623"",""nonfinite"":0},{""label"":""prompt"",""checksum"":""ce38b3f3a7a05142"",""nonfinite"":0},{""label"":""prompt"",""checksum"":""556c3b871bf91e81"",""nonfinite"":0},{""label"":""prompt"",""checksum"":""c930f979f7f0aed4"",""nonfinite"":0},{""label"":""decode"",""checksum"":""0c8e93b3ecced1c6"",""nonfinite"":0},{""label"":""decode"",""checksum"":""319a6a234bb9ed88"",""nonfinite"":0},{""label"":""decode"",""checksum"":""1e95777bddcc71d5"",""nonfinite"":0},{""label"":""decode"",""checksum"":""fc3ff68058ffd54e"",""nonfinite"":0},{""label"":""decode"",""checksum"":""92560214e2ee8afd"",""nonfinite"":0},{""label"":""decode"",""checksum"":""ea317c3ff2b17152"",""nonfinite"":0}]",b5d2ea31b0f709c295ad59dfab37889028c6fe9857ea11908ff3ab4b717c9a5d,0,185,29808.000,29861.000,2892.600,2505.000,2962.000,53.924,64.000,224.644,457.760,84.124,100.000,"{""argv"":[""/home/wici/llama.cpp/build-cuda/bin/llama-bench"",""-m"",""/home/wici/voice-lab/models/gguf/gemma-4-31B-it-Q4_0.gguf"",""-p"",""512"",""-n"",""64"",""-r"",""5"",""-t"",""8"",""-b"",""512"",""-ub"",""512"",""-fa"",""on"",""-ctk"",""f16"",""-ctv"",""f16"",""-mmp"",""1"",""-o"",""csv"",""--ctx-size"",""165120"",""-ot"",""^blk[.][0-9]+[.](attn_(k|v|q|output)|ffn_(down|gate|up))[.]weight$=CUDA_Hybrid""],""env"":{""GGML_CUDA_HYBRID_MODE"":""staging"",""GGML_CUDA_HYBRID_PAGE_BUDGET"":""999"",""LD_LIBRARY_PATH"":""/dev/shm/intertidal-capacity.mEP47j:/home/wici/llama.cpp/build-cuda/bin:/usr/local/cuda/lib64"",""LLAMA_BENCH_LOGIT_CHECKSUM"":""1""}}","{""buffers"":[{""buffer_bytes"":""16524435968"",""buffer_mib"":""15758.930"",""eligible_pages"":""7470"",""gross_bytes"":""2095054848"",""gross_mib"":""1998.000"",""gross_pages"":""999"",""layers"":""60"",""local_physical_bytes"":""14430502912"",""local_physical_mib"":""13762.000"",""mode"":""staging"",""net_bytes"":""2023751680"",""net_mib"":""1930.000"",""net_saved_mib"":""1930.000"",""page_bytes"":""2097152"",""page_mib"":""2.000"",""remote_mib"":""1998.000"",""requested_bytes"":""2095054848"",""requested_mib"":""1998.000"",""requested_pages"":""999"",""selected_tensors"":""410"",""selection"":""global_budget"",""staging_bytes"":""71303168"",""staging_mib"":""68.000""}],""gross_pages"":999,""gross_remote_bytes"":2095054848,""mode"":""staging"",""net_saved_bytes"":2023751680,""requested_pages"":999,""selected_layers"":60,""selected_tensors"":410,""staging_bytes"":71303168}",
1,2ea4f9e1-2cf1-4a6f-908e-9afc36c6c3b0,2026-08-12T09:24:16.559738+00:00,463fcfc4c106535f73c78b7f9d39765d0de0d6d2e370f92d4b86bfb98a1cc036,31,intertidal_dma,dense,31.0,31738.000,165120,12.2,1008,,ok,0,18.072,1008,1008,2113929216,2016.000,12.203434,75497472,72.000,2038431744,1944.000,11.767597,measured_vmm_layout,,31738.000,410,60,,,4236.670196,63.197600,23.142664,0.016933,0.991655,0.299498,match,"[{""label"":""prompt"",""checksum"":""2417196da4492390"",""nonfinite"":0},{""label"":""prompt"",""checksum"":""0453392d6142afd3"",""nonfinite"":0},{""label"":""prompt"",""checksum"":""8c39d6d410e92623"",""nonfinite"":0},{""label"":""prompt"",""checksum"":""ce38b3f3a7a05142"",""nonfinite"":0},{""label"":""prompt"",""checksum"":""556c3b871bf91e81"",""nonfinite"":0},{""label"":""prompt"",""checksum"":""c930f979f7f0aed4"",""nonfinite"":0},{""label"":""decode"",""checksum"":""0c8e93b3ecced1c6"",""nonfinite"":0},{""label"":""decode"",""checksum"":""319a6a234bb9ed88"",""nonfinite"":0},{""label"":""decode"",""checksum"":""1e95777bddcc71d5"",""nonfinite"":0},{""label"":""decode"",""checksum"":""fc3ff68058ffd54e"",""nonfinite"":0},{""label"":""decode"",""checksum"":""92560214e2ee8afd"",""nonfinite"":0},{""label"":""decode"",""checksum"":""ea317c3ff2b17152"",""nonfinite"":0}]",b5d2ea31b0f709c295ad59dfab37889028c6fe9857ea11908ff3ab4b717c9a5d,0,187,29794.000,29847.000,2929.684,2587.000,2962.000,53.797,63.000,223.107,481.920,84.455,100.000,"{""argv"":[""/home/wici/llama.cpp/build-cuda/bin/llama-bench"",""-m"",""/home/wici/voice-lab/models/gguf/gemma-4-31B-it-Q4_0.gguf"",""-p"",""512"",""-n"",""64"",""-r"",""5"",""-t"",""8"",""-b"",""512"",""-ub"",""512"",""-fa"",""on"",""-ctk"",""f16"",""-ctv"",""f16"",""-mmp"",""1"",""-o"",""csv"",""--ctx-size"",""165120"",""-ot"",""^blk[.][0-9]+[.](attn_(k|v|q|output)|ffn_(down|gate|up))[.]weight$=CUDA_Hybrid""],""env"":{""GGML_CUDA_HYBRID_MODE"":""staging"",""GGML_CUDA_HYBRID_PAGE_BUDGET"":""1008"",""LD_LIBRARY_PATH"":""/dev/shm/intertidal-capacity.mEP47j:/home/wici/llama.cpp/build-cuda/bin:/usr/local/cuda/lib64"",""LLAMA_BENCH_LOGIT_CHECKSUM"":""1""}}","{""buffers"":[{""buffer_bytes"":""16524435968"",""buffer_mib"":""15758.930"",""eligible_pages"":""7470"",""gross_bytes"":""2113929216"",""gross_mib"":""2016.000"",""gross_pages"":""1008"",""layers"":""60"",""local_physical_bytes"":""14411628544"",""local_physical_mib"":""13744.000"",""mode"":""staging"",""net_bytes"":""2038431744"",""net_mib"":""1944.000"",""net_saved_mib"":""1944.000"",""page_bytes"":""2097152"",""page_mib"":""2.000"",""remote_mib"":""2016.000"",""requested_bytes"":""2113929216"",""requested_mib"":""2016.000"",""requested_pages"":""1008"",""selected_tensors"":""410"",""selection"":""global_budget"",""staging_bytes"":""75497472"",""staging_mib"":""72.000""}],""gross_pages"":1008,""gross_remote_bytes"":2113929216,""mode"":""staging"",""net_saved_bytes"":2038431744,""requested_pages"":1008,""selected_layers"":60,""selected_tensors"":410,""staging_bytes"":75497472}",
1,2ea4f9e1-2cf1-4a6f-908e-9afc36c6c3b0,2026-08-12T09:24:34.741665+00:00,463fcfc4c106535f73c78b7f9d39765d0de0d6d2e370f92d4b86bfb98a1cc036,31,intertidal_dma,dense,31.0,31738.000,165120,12.3,1016,,ok,0,18.165,1016,1016,2130706432,2032.000,12.300287,75497472,72.000,2055208960,1960.000,11.864450,measured_vmm_layout,,31738.000,410,60,,,4238.305952,56.782891,22.969872,0.023566,0.992038,0.297262,match,"[{""label"":""prompt"",""checksum"":""2417196da4492390"",""nonfinite"":0},{""label"":""prompt"",""checksum"":""0453392d6142afd3"",""nonfinite"":0},{""label"":""prompt"",""checksum"":""8c39d6d410e92623"",""nonfinite"":0},{""label"":""prompt"",""checksum"":""ce38b3f3a7a05142"",""nonfinite"":0},{""label"":""prompt"",""checksum"":""556c3b871bf91e81"",""nonfinite"":0},{""label"":""prompt"",""checksum"":""c930f979f7f0aed4"",""nonfinite"":0},{""label"":""decode"",""checksum"":""0c8e93b3ecced1c6"",""nonfinite"":0},{""label"":""decode"",""checksum"":""319a6a234bb9ed88"",""nonfinite"":0},{""label"":""decode"",""checksum"":""1e95777bddcc71d5"",""nonfinite"":0},{""label"":""decode"",""checksum"":""fc3ff68058ffd54e"",""nonfinite"":0},{""label"":""decode"",""checksum"":""92560214e2ee8afd"",""nonfinite"":0},{""label"":""decode"",""checksum"":""ea317c3ff2b17152"",""nonfinite"":0}]",b5d2ea31b0f709c295ad59dfab37889028c6fe9857ea11908ff3ab4b717c9a5d,0,188,29778.000,29831.000,2882.053,2512.000,2962.000,53.931,64.000,222.121,484.700,85.255,100.000,"{""argv"":[""/home/wici/llama.cpp/build-cuda/bin/llama-bench"",""-m"",""/home/wici/voice-lab/models/gguf/gemma-4-31B-it-Q4_0.gguf"",""-p"",""512"",""-n"",""64"",""-r"",""5"",""-t"",""8"",""-b"",""512"",""-ub"",""512"",""-fa"",""on"",""-ctk"",""f16"",""-ctv"",""f16"",""-mmp"",""1"",""-o"",""csv"",""--ctx-size"",""165120"",""-ot"",""^blk[.][0-9]+[.](attn_(k|v|q|output)|ffn_(down|gate|up))[.]weight$=CUDA_Hybrid""],""env"":{""GGML_CUDA_HYBRID_MODE"":""staging"",""GGML_CUDA_HYBRID_PAGE_BUDGET"":""1016"",""LD_LIBRARY_PATH"":""/dev/shm/intertidal-capacity.mEP47j:/home/wici/llama.cpp/build-cuda/bin:/usr/local/cuda/lib64"",""LLAMA_BENCH_LOGIT_CHECKSUM"":""1""}}","{""buffers"":[{""buffer_bytes"":""16524435968"",""buffer_mib"":""15758.930"",""eligible_pages"":""7470"",""gross_bytes"":""2130706432"",""gross_mib"":""2032.000"",""gross_pages"":""1016"",""layers"":""60"",""local_physical_bytes"":""14394851328"",""local_physical_mib"":""13728.000"",""mode"":""staging"",""net_bytes"":""2055208960"",""net_mib"":""1960.000"",""net_saved_mib"":""1960.000"",""page_bytes"":""2097152"",""page_mib"":""2.000"",""remote_mib"":""2032.000"",""requested_bytes"":""2130706432"",""requested_mib"":""2032.000"",""requested_pages"":""1016"",""selected_tensors"":""410"",""selection"":""global_budget"",""staging_bytes"":""75497472"",""staging_mib"":""72.000""}],""gross_pages"":1016,""gross_remote_bytes"":2130706432,""mode"":""staging"",""net_saved_bytes"":2055208960,""requested_pages"":1016,""selected_layers"":60,""selected_tensors"":410,""staging_bytes"":75497472}",
1,2ea4f9e1-2cf1-4a6f-908e-9afc36c6c3b0,2026-08-12T09:24:53.150969+00:00,463fcfc4c106535f73c78b7f9d39765d0de0d6d2e370f92d4b86bfb98a1cc036,31,intertidal_dma,dense,31.0,31738.000,165120,12.4,1024,,ok,0,18.391,1024,1024,2147483648,2048.000,12.397140,75497472,72.000,2071986176,1976.000,11.961303,measured_vmm_layout,,31738.000,410,60,,,4239.201688,62.205114,22.767966,0.016068,0.992248,0.294649,match,"[{""label"":""prompt"",""checksum"":""2417196da4492390"",""nonfinite"":0},{""label"":""prompt"",""checksum"":""0453392d6142afd3"",""nonfinite"":0},{""label"":""prompt"",""checksum"":""8c39d6d410e92623"",""nonfinite"":0},{""label"":""prompt"",""checksum"":""ce38b3f3a7a05142"",""nonfinite"":0},{""label"":""prompt"",""checksum"":""556c3b871bf91e81"",""nonfinite"":0},{""label"":""prompt"",""checksum"":""c930f979f7f0aed4"",""nonfinite"":0},{""label"":""decode"",""checksum"":""0c8e93b3ecced1c6"",""nonfinite"":0},{""label"":""decode"",""checksum"":""319a6a234bb9ed88"",""nonfinite"":0},{""label"":""decode"",""checksum"":""1e95777bddcc71d5"",""nonfinite"":0},{""label"":""decode"",""checksum"":""fc3ff68058ffd54e"",""nonfinite"":0},{""label"":""decode"",""checksum"":""92560214e2ee8afd"",""nonfinite"":0},{""label"":""decode"",""checksum"":""ea317c3ff2b17152"",""nonfinite"":0}]",b5d2ea31b0f709c295ad59dfab37889028c6fe9857ea11908ff3ab4b717c9a5d,0,188,29762.000,29815.000,2941.793,2692.000,2962.000,53.644,63.000,220.999,452.070,83.191,100.000,"{""argv"":[""/home/wici/llama.cpp/build-cuda/bin/llama-bench"",""-m"",""/home/wici/voice-lab/models/gguf/gemma-4-31B-it-Q4_0.gguf"",""-p"",""512"",""-n"",""64"",""-r"",""5"",""-t"",""8"",""-b"",""512"",""-ub"",""512"",""-fa"",""on"",""-ctk"",""f16"",""-ctv"",""f16"",""-mmp"",""1"",""-o"",""csv"",""--ctx-size"",""165120"",""-ot"",""^blk[.][0-9]+[.](attn_(k|v|q|output)|ffn_(down|gate|up))[.]weight$=CUDA_Hybrid""],""env"":{""GGML_CUDA_HYBRID_MODE"":""staging"",""GGML_CUDA_HYBRID_PAGE_BUDGET"":""1024"",""LD_LIBRARY_PATH"":""/dev/shm/intertidal-capacity.mEP47j:/home/wici/llama.cpp/build-cuda/bin:/usr/local/cuda/lib64"",""LLAMA_BENCH_LOGIT_CHECKSUM"":""1""}}","{""buffers"":[{""buffer_bytes"":""16524435968"",""buffer_mib"":""15758.930"",""eligible_pages"":""7470"",""gross_bytes"":""2147483648"",""gross_mib"":""2048.000"",""gross_pages"":""1024"",""layers"":""60"",""local_physical_bytes"":""14378074112"",""local_physical_mib"":""13712.000"",""mode"":""staging"",""net_bytes"":""2071986176"",""net_mib"":""1976.000"",""net_saved_mib"":""1976.000"",""page_bytes"":""2097152"",""page_mib"":""2.000"",""remote_mib"":""2048.000"",""requested_bytes"":""2147483648"",""requested_mib"":""2048.000"",""requested_pages"":""1024"",""selected_tensors"":""410"",""selection"":""global_budget"",""staging_bytes"":""75497472"",""staging_mib"":""72.000""}],""gross_pages"":1024,""gross_remote_bytes"":2147483648,""mode"":""staging"",""net_saved_bytes"":2071986176,""requested_pages"":1024,""selected_layers"":60,""selected_tensors"":410,""staging_bytes"":75497472}",
1,2ea4f9e1-2cf1-4a6f-908e-9afc36c6c3b0,2026-08-12T09:25:11.555270+00:00,463fcfc4c106535f73c78b7f9d39765d0de0d6d2e370f92d4b86bfb98a1cc036,31,intertidal_dma,dense,31.0,31738.000,165120,12.5,1032,,ok,0,18.389,1032,1032,2164260864,2064.000,12.493992,75497472,72.000,2088763392,1992.000,12.058155,measured_vmm_layout,,31738.000,410,60,,,4239.909925,59.028047,22.640459,0.025019,0.992413,0.292999,match,"[{""label"":""prompt"",""checksum"":""2417196da4492390"",""nonfinite"":0},{""label"":""prompt"",""checksum"":""0453392d6142afd3"",""nonfinite"":0},{""label"":""prompt"",""checksum"":""8c39d6d410e92623"",""nonfinite"":0},{""label"":""prompt"",""checksum"":""ce38b3f3a7a05142"",""nonfinite"":0},{""label"":""prompt"",""checksum"":""556c3b871bf91e81"",""nonfinite"":0},{""label"":""prompt"",""checksum"":""c930f979f7f0aed4"",""nonfinite"":0},{""label"":""decode"",""checksum"":""0c8e93b3ecced1c6"",""nonfinite"":0},{""label"":""decode"",""checksum"":""319a6a234bb9ed88"",""nonfinite"":0},{""label"":""decode"",""checksum"":""1e95777bddcc71d5"",""nonfinite"":0},{""label"":""decode"",""checksum"":""fc3ff68058ffd54e"",""nonfinite"":0},{""label"":""decode"",""checksum"":""92560214e2ee8afd"",""nonfinite"":0},{""label"":""decode"",""checksum"":""ea317c3ff2b17152"",""nonfinite"":0}]",b5d2ea31b0f709c295ad59dfab37889028c6fe9857ea11908ff3ab4b717c9a5d,0,191,29746.000,29799.000,2907.246,2512.000,2962.000,53.513,63.000,221.825,485.470,80.990,100.000,"{""argv"":[""/home/wici/llama.cpp/build-cuda/bin/llama-bench"",""-m"",""/home/wici/voice-lab/models/gguf/gemma-4-31B-it-Q4_0.gguf"",""-p"",""512"",""-n"",""64"",""-r"",""5"",""-t"",""8"",""-b"",""512"",""-ub"",""512"",""-fa"",""on"",""-ctk"",""f16"",""-ctv"",""f16"",""-mmp"",""1"",""-o"",""csv"",""--ctx-size"",""165120"",""-ot"",""^blk[.][0-9]+[.](attn_(k|v|q|output)|ffn_(down|gate|up))[.]weight$=CUDA_Hybrid""],""env"":{""GGML_CUDA_HYBRID_MODE"":""staging"",""GGML_CUDA_HYBRID_PAGE_BUDGET"":""1032"",""LD_LIBRARY_PATH"":""/dev/shm/intertidal-capacity.mEP47j:/home/wici/llama.cpp/build-cuda/bin:/usr/local/cuda/lib64"",""LLAMA_BENCH_LOGIT_CHECKSUM"":""1""}}","{""buffers"":[{""buffer_bytes"":""16524435968"",""buffer_mib"":""15758.930"",""eligible_pages"":""7470"",""gross_bytes"":""2164260864"",""gross_mib"":""2064.000"",""gross_pages"":""1032"",""layers"":""60"",""local_physical_bytes"":""14361296896"",""local_physical_mib"":""13696.000"",""mode"":""staging"",""net_bytes"":""2088763392"",""net_mib"":""1992.000"",""net_saved_mib"":""1992.000"",""page_bytes"":""2097152"",""page_mib"":""2.000"",""remote_mib"":""2064.000"",""requested_bytes"":""2164260864"",""requested_mib"":""2064.000"",""requested_pages"":""1032"",""selected_tensors"":""410"",""selection"":""global_budget"",""staging_bytes"":""75497472"",""staging_mib"":""72.000""}],""gross_pages"":1032,""gross_remote_bytes"":2164260864,""mode"":""staging"",""net_saved_bytes"":2088763392,""requested_pages"":1032,""selected_layers"":60,""selected_tensors"":410,""staging_bytes"":75497472}",
1,2ea4f9e1-2cf1-4a6f-908e-9afc36c6c3b0,2026-08-12T09:25:30.179064+00:00,463fcfc4c106535f73c78b7f9d39765d0de0d6d2e370f92d4b86bfb98a1cc036,31,intertidal_dma,dense,31.0,31738.000,165120,12.6,1041,,ok,0,18.611,1041,1041,2183135232,2082.000,12.602952,75497472,72.000,2107637760,2010.000,12.167115,measured_vmm_layout,,31738.000,410,60,,,4235.659847,60.772565,22.413161,0.026873,0.991419,0.290057,match,"[{""label"":""prompt"",""checksum"":""2417196da4492390"",""nonfinite"":0},{""label"":""prompt"",""checksum"":""0453392d6142afd3"",""nonfinite"":0},{""label"":""prompt"",""checksum"":""8c39d6d410e92623"",""nonfinite"":0},{""label"":""prompt"",""checksum"":""ce38b3f3a7a05142"",""nonfinite"":0},{""label"":""prompt"",""checksum"":""556c3b871bf91e81"",""nonfinite"":0},{""label"":""prompt"",""checksum"":""c930f979f7f0aed4"",""nonfinite"":0},{""label"":""decode"",""checksum"":""0c8e93b3ecced1c6"",""nonfinite"":0},{""label"":""decode"",""checksum"":""319a6a234bb9ed88"",""nonfinite"":0},{""label"":""decode"",""checksum"":""1e95777bddcc71d5"",""nonfinite"":0},{""label"":""decode"",""checksum"":""fc3ff68058ffd54e"",""nonfinite"":0},{""label"":""decode"",""checksum"":""92560214e2ee8afd"",""nonfinite"":0},{""label"":""decode"",""checksum"":""ea317c3ff2b17152"",""nonfinite"":0}]",b5d2ea31b0f709c295ad59dfab37889028c6fe9857ea11908ff3ab4b717c9a5d,0,192,29728.000,29781.000,2934.240,2625.000,2962.000,53.214,63.000,220.150,482.710,85.714,100.000,"{""argv"":[""/home/wici/llama.cpp/build-cuda/bin/llama-bench"",""-m"",""/home/wici/voice-lab/models/gguf/gemma-4-31B-it-Q4_0.gguf"",""-p"",""512"",""-n"",""64"",""-r"",""5"",""-t"",""8"",""-b"",""512"",""-ub"",""512"",""-fa"",""on"",""-ctk"",""f16"",""-ctv"",""f16"",""-mmp"",""1"",""-o"",""csv"",""--ctx-size"",""165120"",""-ot"",""^blk[.][0-9]+[.](attn_(k|v|q|output)|ffn_(down|gate|up))[.]weight$=CUDA_Hybrid""],""env"":{""GGML_CUDA_HYBRID_MODE"":""staging"",""GGML_CUDA_HYBRID_PAGE_BUDGET"":""1041"",""LD_LIBRARY_PATH"":""/dev/shm/intertidal-capacity.mEP47j:/home/wici/llama.cpp/build-cuda/bin:/usr/local/cuda/lib64"",""LLAMA_BENCH_LOGIT_CHECKSUM"":""1""}}","{""buffers"":[{""buffer_bytes"":""16524435968"",""buffer_mib"":""15758.930"",""eligible_pages"":""7470"",""gross_bytes"":""2183135232"",""gross_mib"":""2082.000"",""gross_pages"":""1041"",""layers"":""60"",""local_physical_bytes"":""14342422528"",""local_physical_mib"":""13678.000"",""mode"":""staging"",""net_bytes"":""2107637760"",""net_mib"":""2010.000"",""net_saved_mib"":""2010.000"",""page_bytes"":""2097152"",""page_mib"":""2.000"",""remote_mib"":""2082.000"",""requested_bytes"":""2183135232"",""requested_mib"":""2082.000"",""requested_pages"":""1041"",""selected_tensors"":""410"",""selection"":""global_budget"",""staging_bytes"":""75497472"",""staging_mib"":""72.000""}],""gross_pages"":1041,""gross_remote_bytes"":2183135232,""mode"":""staging"",""net_saved_bytes"":2107637760,""requested_pages"":1041,""selected_layers"":60,""selected_tensors"":410,""staging_bytes"":75497472}",
1,2ea4f9e1-2cf1-4a6f-908e-9afc36c6c3b0,2026-08-12T09:25:48.870459+00:00,463fcfc4c106535f73c78b7f9d39765d0de0d6d2e370f92d4b86bfb98a1cc036,31,intertidal_dma,dense,31.0,31738.000,165120,12.7,1049,,ok,0,18.675,1049,1049,2199912448,2098.000,12.699804,75497472,72.000,2124414976,2026.000,12.263967,measured_vmm_layout,,31738.000,410,60,,,4240.362062,61.058633,22.239544,0.015537,0.992519,0.287810,match,"[{""label"":""prompt"",""checksum"":""2417196da4492390"",""nonfinite"":0},{""label"":""prompt"",""checksum"":""0453392d6142afd3"",""nonfinite"":0},{""label"":""prompt"",""checksum"":""8c39d6d410e92623"",""nonfinite"":0},{""label"":""prompt"",""checksum"":""ce38b3f3a7a05142"",""nonfinite"":0},{""label"":""prompt"",""checksum"":""556c3b871bf91e81"",""nonfinite"":0},{""label"":""prompt"",""checksum"":""c930f979f7f0aed4"",""nonfinite"":0},{""label"":""decode"",""checksum"":""0c8e93b3ecced1c6"",""nonfinite"":0},{""label"":""decode"",""checksum"":""319a6a234bb9ed88"",""nonfinite"":0},{""label"":""decode"",""checksum"":""1e95777bddcc71d5"",""nonfinite"":0},{""label"":""decode"",""checksum"":""fc3ff68058ffd54e"",""nonfinite"":0},{""label"":""decode"",""checksum"":""92560214e2ee8afd"",""nonfinite"":0},{""label"":""decode"",""checksum"":""ea317c3ff2b17152"",""nonfinite"":0}]",b5d2ea31b0f709c295ad59dfab37889028c6fe9857ea11908ff3ab4b717c9a5d,0,193,29712.000,29765.000,2909.155,2512.000,2970.000,52.891,63.000,220.014,468.960,86.249,100.000,"{""argv"":[""/home/wici/llama.cpp/build-cuda/bin/llama-bench"",""-m"",""/home/wici/voice-lab/models/gguf/gemma-4-31B-it-Q4_0.gguf"",""-p"",""512"",""-n"",""64"",""-r"",""5"",""-t"",""8"",""-b"",""512"",""-ub"",""512"",""-fa"",""on"",""-ctk"",""f16"",""-ctv"",""f16"",""-mmp"",""1"",""-o"",""csv"",""--ctx-size"",""165120"",""-ot"",""^blk[.][0-9]+[.](attn_(k|v|q|output)|ffn_(down|gate|up))[.]weight$=CUDA_Hybrid""],""env"":{""GGML_CUDA_HYBRID_MODE"":""staging"",""GGML_CUDA_HYBRID_PAGE_BUDGET"":""1049"",""LD_LIBRARY_PATH"":""/dev/shm/intertidal-capacity.mEP47j:/home/wici/llama.cpp/build-cuda/bin:/usr/local/cuda/lib64"",""LLAMA_BENCH_LOGIT_CHECKSUM"":""1""}}","{""buffers"":[{""buffer_bytes"":""16524435968"",""buffer_mib"":""15758.930"",""eligible_pages"":""7470"",""gross_bytes"":""2199912448"",""gross_mib"":""2098.000"",""gross_pages"":""1049"",""layers"":""60"",""local_physical_bytes"":""14325645312"",""local_physical_mib"":""13662.000"",""mode"":""staging"",""net_bytes"":""2124414976"",""net_mib"":""2026.000"",""net_saved_mib"":""2026.000"",""page_bytes"":""2097152"",""page_mib"":""2.000"",""remote_mib"":""2098.000"",""requested_bytes"":""2199912448"",""requested_mib"":""2098.000"",""requested_pages"":""1049"",""selected_tensors"":""410"",""selection"":""global_budget"",""staging_bytes"":""75497472"",""staging_mib"":""72.000""}],""gross_pages"":1049,""gross_remote_bytes"":2199912448,""mode"":""staging"",""net_saved_bytes"":2124414976,""requested_pages"":1049,""selected_layers"":60,""selected_tensors"":410,""staging_bytes"":75497472}",
1,2ea4f9e1-2cf1-4a6f-908e-9afc36c6c3b0,2026-08-12T09:26:07.673694+00:00,463fcfc4c106535f73c78b7f9d39765d0de0d6d2e370f92d4b86bfb98a1cc036,31,intertidal_dma,dense,31.0,31738.000,165120,12.8,1057,,ok,0,18.795,1057,1057,2216689664,2114.000,12.796657,75497472,72.000,2141192192,2042.000,12.360820,measured_vmm_layout,,31738.000,410,60,,,4245.954788,61.197233,22.006494,0.093202,0.993828,0.284794,match,"[{""label"":""prompt"",""checksum"":""2417196da4492390"",""nonfinite"":0},{""label"":""prompt"",""checksum"":""0453392d6142afd3"",""nonfinite"":0},{""label"":""prompt"",""checksum"":""8c39d6d410e92623"",""nonfinite"":0},{""label"":""prompt"",""checksum"":""ce38b3f3a7a05142"",""nonfinite"":0},{""label"":""prompt"",""checksum"":""556c3b871bf91e81"",""nonfinite"":0},{""label"":""prompt"",""checksum"":""c930f979f7f0aed4"",""nonfinite"":0},{""label"":""decode"",""checksum"":""0c8e93b3ecced1c6"",""nonfinite"":0},{""label"":""decode"",""checksum"":""319a6a234bb9ed88"",""nonfinite"":0},{""label"":""decode"",""checksum"":""1e95777bddcc71d5"",""nonfinite"":0},{""label"":""decode"",""checksum"":""fc3ff68058ffd54e"",""nonfinite"":0},{""label"":""decode"",""checksum"":""92560214e2ee8afd"",""nonfinite"":0},{""label"":""decode"",""checksum"":""ea317c3ff2b17152"",""nonfinite"":0}]",b5d2ea31b0f709c295ad59dfab37889028c6fe9857ea11908ff3ab4b717c9a5d,0,195,29696.000,29749.000,2892.179,2595.000,2962.000,53.118,64.000,218.940,452.310,91.108,100.000,"{""argv"":[""/home/wici/llama.cpp/build-cuda/bin/llama-bench"",""-m"",""/home/wici/voice-lab/models/gguf/gemma-4-31B-it-Q4_0.gguf"",""-p"",""512"",""-n"",""64"",""-r"",""5"",""-t"",""8"",""-b"",""512"",""-ub"",""512"",""-fa"",""on"",""-ctk"",""f16"",""-ctv"",""f16"",""-mmp"",""1"",""-o"",""csv"",""--ctx-size"",""165120"",""-ot"",""^blk[.][0-9]+[.](attn_(k|v|q|output)|ffn_(down|gate|up))[.]weight$=CUDA_Hybrid""],""env"":{""GGML_CUDA_HYBRID_MODE"":""staging"",""GGML_CUDA_HYBRID_PAGE_BUDGET"":""1057"",""LD_LIBRARY_PATH"":""/dev/shm/intertidal-capacity.mEP47j:/home/wici/llama.cpp/build-cuda/bin:/usr/local/cuda/lib64"",""LLAMA_BENCH_LOGIT_CHECKSUM"":""1""}}","{""buffers"":[{""buffer_bytes"":""16524435968"",""buffer_mib"":""15758.930"",""eligible_pages"":""7470"",""gross_bytes"":""2216689664"",""gross_mib"":""2114.000"",""gross_pages"":""1057"",""layers"":""60"",""local_physical_bytes"":""14308868096"",""local_physical_mib"":""13646.000"",""mode"":""staging"",""net_bytes"":""2141192192"",""net_mib"":""2042.000"",""net_saved_mib"":""2042.000"",""page_bytes"":""2097152"",""page_mib"":""2.000"",""remote_mib"":""2114.000"",""requested_bytes"":""2216689664"",""requested_mib"":""2114.000"",""requested_pages"":""1057"",""selected_tensors"":""410"",""selection"":""global_budget"",""staging_bytes"":""75497472"",""staging_mib"":""72.000""}],""gross_pages"":1057,""gross_remote_bytes"":2216689664,""mode"":""staging"",""net_saved_bytes"":2141192192,""requested_pages"":1057,""selected_layers"":60,""selected_tensors"":410,""staging_bytes"":75497472}",
1,2ea4f9e1-2cf1-4a6f-908e-9afc36c6c3b0,2026-08-12T09:26:26.805985+00:00,463fcfc4c106535f73c78b7f9d39765d0de0d6d2e370f92d4b86bfb98a1cc036,31,intertidal_dma,dense,31.0,31738.000,165120,12.9,1066,,ok,0,19.120,1066,1066,2235564032,2132.000,12.905616,79691776,76.000,2155872256,2056.000,12.445566,measured_vmm_layout,,31738.000,410,60,,,4238.656152,57.283835,21.473523,0.122817,0.992120,0.277897,match,"[{""label"":""prompt"",""checksum"":""2417196da4492390"",""nonfinite"":0},{""label"":""prompt"",""checksum"":""0453392d6142afd3"",""nonfinite"":0},{""label"":""prompt"",""checksum"":""8c39d6d410e92623"",""nonfinite"":0},{""label"":""prompt"",""checksum"":""ce38b3f3a7a05142"",""nonfinite"":0},{""label"":""prompt"",""checksum"":""556c3b871bf91e81"",""nonfinite"":0},{""label"":""prompt"",""checksum"":""c930f979f7f0aed4"",""nonfinite"":0},{""label"":""decode"",""checksum"":""0c8e93b3ecced1c6"",""nonfinite"":0},{""label"":""decode"",""checksum"":""319a6a234bb9ed88"",""nonfinite"":0},{""label"":""decode"",""checksum"":""1e95777bddcc71d5"",""nonfinite"":0},{""label"":""decode"",""checksum"":""fc3ff68058ffd54e"",""nonfinite"":0},{""label"":""decode"",""checksum"":""92560214e2ee8afd"",""nonfinite"":0},{""label"":""decode"",""checksum"":""ea317c3ff2b17152"",""nonfinite"":0}]",b5d2ea31b0f709c295ad59dfab37889028c6fe9857ea11908ff3ab4b717c9a5d,0,196,29682.000,29735.000,2940.148,2677.000,2962.000,52.786,63.000,216.177,468.140,84.964,100.000,"{""argv"":[""/home/wici/llama.cpp/build-cuda/bin/llama-bench"",""-m"",""/home/wici/voice-lab/models/gguf/gemma-4-31B-it-Q4_0.gguf"",""-p"",""512"",""-n"",""64"",""-r"",""5"",""-t"",""8"",""-b"",""512"",""-ub"",""512"",""-fa"",""on"",""-ctk"",""f16"",""-ctv"",""f16"",""-mmp"",""1"",""-o"",""csv"",""--ctx-size"",""165120"",""-ot"",""^blk[.][0-9]+[.](attn_(k|v|q|output)|ffn_(down|gate|up))[.]weight$=CUDA_Hybrid""],""env"":{""GGML_CUDA_HYBRID_MODE"":""staging"",""GGML_CUDA_HYBRID_PAGE_BUDGET"":""1066"",""LD_LIBRARY_PATH"":""/dev/shm/intertidal-capacity.mEP47j:/home/wici/llama.cpp/build-cuda/bin:/usr/local/cuda/lib64"",""LLAMA_BENCH_LOGIT_CHECKSUM"":""1""}}","{""buffers"":[{""buffer_bytes"":""16524435968"",""buffer_mib"":""15758.930"",""eligible_pages"":""7470"",""gross_bytes"":""2235564032"",""gross_mib"":""2132.000"",""gross_pages"":""1066"",""layers"":""60"",""local_physical_bytes"":""14289993728"",""local_physical_mib"":""13628.000"",""mode"":""staging"",""net_bytes"":""2155872256"",""net_mib"":""2056.000"",""net_saved_mib"":""2056.000"",""page_bytes"":""2097152"",""page_mib"":""2.000"",""remote_mib"":""2132.000"",""requested_bytes"":""2235564032"",""requested_mib"":""2132.000"",""requested_pages"":""1066"",""selected_tensors"":""410"",""selection"":""global_budget"",""staging_bytes"":""79691776"",""staging_mib"":""76.000""}],""gross_pages"":1066,""gross_remote_bytes"":2235564032,""mode"":""staging"",""net_saved_bytes"":2155872256,""requested_pages"":1066,""selected_layers"":60,""selected_tensors"":410,""staging_bytes"":79691776}",
1,2ea4f9e1-2cf1-4a6f-908e-9afc36c6c3b0,2026-08-12T09:26:46.245115+00:00,463fcfc4c106535f73c78b7f9d39765d0de0d6d2e370f92d4b86bfb98a1cc036,31,intertidal_dma,dense,31.0,31738.000,165120,13.1,1082,,ok,0,19.417,1082,1082,2269118464,2164.000,13.099321,79691776,76.000,2189426688,2088.000,12.639271,measured_vmm_layout,,31738.000,410,60,,,4241.906468,53.010198,21.124083,0.068733,0.992881,0.273375,match,"[{""label"":""prompt"",""checksum"":""2417196da4492390"",""nonfinite"":0},{""label"":""prompt"",""checksum"":""0453392d6142afd3"",""nonfinite"":0},{""label"":""prompt"",""checksum"":""8c39d6d410e92623"",""nonfinite"":0},{""label"":""prompt"",""checksum"":""ce38b3f3a7a05142"",""nonfinite"":0},{""label"":""prompt"",""checksum"":""556c3b871bf91e81"",""nonfinite"":0},{""label"":""prompt"",""checksum"":""c930f979f7f0aed4"",""nonfinite"":0},{""label"":""decode"",""checksum"":""0c8e93b3ecced1c6"",""nonfinite"":0},{""label"":""decode"",""checksum"":""319a6a234bb9ed88"",""nonfinite"":0},{""label"":""decode"",""checksum"":""1e95777bddcc71d5"",""nonfinite"":0},{""label"":""decode"",""checksum"":""fc3ff68058ffd54e"",""nonfinite"":0},{""label"":""decode"",""checksum"":""92560214e2ee8afd"",""nonfinite"":0},{""label"":""decode"",""checksum"":""ea317c3ff2b17152"",""nonfinite"":0}]",b5d2ea31b0f709c295ad59dfab37889028c6fe9857ea11908ff3ab4b717c9a5d,0,199,29650.000,29703.000,2901.302,2512.000,2962.000,52.774,63.000,216.147,473.800,78.658,100.000,"{""argv"":[""/home/wici/llama.cpp/build-cuda/bin/llama-bench"",""-m"",""/home/wici/voice-lab/models/gguf/gemma-4-31B-it-Q4_0.gguf"",""-p"",""512"",""-n"",""64"",""-r"",""5"",""-t"",""8"",""-b"",""512"",""-ub"",""512"",""-fa"",""on"",""-ctk"",""f16"",""-ctv"",""f16"",""-mmp"",""1"",""-o"",""csv"",""--ctx-size"",""165120"",""-ot"",""^blk[.][0-9]+[.](attn_(k|v|q|output)|ffn_(down|gate|up))[.]weight$=CUDA_Hybrid""],""env"":{""GGML_CUDA_HYBRID_MODE"":""staging"",""GGML_CUDA_HYBRID_PAGE_BUDGET"":""1082"",""LD_LIBRARY_PATH"":""/dev/shm/intertidal-capacity.mEP47j:/home/wici/llama.cpp/build-cuda/bin:/usr/local/cuda/lib64"",""LLAMA_BENCH_LOGIT_CHECKSUM"":""1""}}","{""buffers"":[{""buffer_bytes"":""16524435968"",""buffer_mib"":""15758.930"",""eligible_pages"":""7470"",""gross_bytes"":""2269118464"",""gross_mib"":""2164.000"",""gross_pages"":""1082"",""layers"":""60"",""local_physical_bytes"":""14256439296"",""local_physical_mib"":""13596.000"",""mode"":""staging"",""net_bytes"":""2189426688"",""net_mib"":""2088.000"",""net_saved_mib"":""2088.000"",""page_bytes"":""2097152"",""page_mib"":""2.000"",""remote_mib"":""2164.000"",""requested_bytes"":""2269118464"",""requested_mib"":""2164.000"",""requested_pages"":""1082"",""selected_tensors"":""410"",""selection"":""global_budget"",""staging_bytes"":""79691776"",""staging_mib"":""76.000""}],""gross_pages"":1082,""gross_remote_bytes"":2269118464,""mode"":""staging"",""net_saved_bytes"":2189426688,""requested_pages"":1082,""selected_layers"":60,""selected_tensors"":410,""staging_bytes"":79691776}",
1,2ea4f9e1-2cf1-4a6f-908e-9afc36c6c3b0,2026-08-12T09:27:05.996250+00:00,463fcfc4c106535f73c78b7f9d39765d0de0d6d2e370f92d4b86bfb98a1cc036,31,intertidal_dma,dense,31.0,31738.000,165120,13.2,1090,,ok,0,19.740,1090,1090,2285895680,2180.000,13.196174,79691776,76.000,2206203904,2104.000,12.736124,measured_vmm_layout,,31738.000,410,60,,,4239.225238,66.101545,21.393649,0.013703,0.992253,0.276863,match,"[{""label"":""prompt"",""checksum"":""2417196da4492390"",""nonfinite"":0},{""label"":""prompt"",""checksum"":""0453392d6142afd3"",""nonfinite"":0},{""label"":""prompt"",""checksum"":""8c39d6d410e92623"",""nonfinite"":0},{""label"":""prompt"",""checksum"":""ce38b3f3a7a05142"",""nonfinite"":0},{""label"":""prompt"",""checksum"":""556c3b871bf91e81"",""nonfinite"":0},{""label"":""prompt"",""checksum"":""c930f979f7f0aed4"",""nonfinite"":0},{""label"":""decode"",""checksum"":""0c8e93b3ecced1c6"",""nonfinite"":0},{""label"":""decode"",""checksum"":""319a6a234bb9ed88"",""nonfinite"":0},{""label"":""decode"",""checksum"":""1e95777bddcc71d5"",""nonfinite"":0},{""label"":""decode"",""checksum"":""fc3ff68058ffd54e"",""nonfinite"":0},{""label"":""decode"",""checksum"":""92560214e2ee8afd"",""nonfinite"":0},{""label"":""decode"",""checksum"":""ea317c3ff2b17152"",""nonfinite"":0}]",b5d2ea31b0f709c295ad59dfab37889028c6fe9857ea11908ff3ab4b717c9a5d,0,203,29634.000,29687.000,2883.296,2512.000,2962.000,52.680,63.000,212.357,456.850,77.695,100.000,"{""argv"":[""/home/wici/llama.cpp/build-cuda/bin/llama-bench"",""-m"",""/home/wici/voice-lab/models/gguf/gemma-4-31B-it-Q4_0.gguf"",""-p"",""512"",""-n"",""64"",""-r"",""5"",""-t"",""8"",""-b"",""512"",""-ub"",""512"",""-fa"",""on"",""-ctk"",""f16"",""-ctv"",""f16"",""-mmp"",""1"",""-o"",""csv"",""--ctx-size"",""165120"",""-ot"",""^blk[.][0-9]+[.](attn_(k|v|q|output)|ffn_(down|gate|up))[.]weight$=CUDA_Hybrid""],""env"":{""GGML_CUDA_HYBRID_MODE"":""staging"",""GGML_CUDA_HYBRID_PAGE_BUDGET"":""1090"",""LD_LIBRARY_PATH"":""/dev/shm/intertidal-capacity.mEP47j:/home/wici/llama.cpp/build-cuda/bin:/usr/local/cuda/lib64"",""LLAMA_BENCH_LOGIT_CHECKSUM"":""1""}}","{""buffers"":[{""buffer_bytes"":""16524435968"",""buffer_mib"":""15758.930"",""eligible_pages"":""7470"",""gross_bytes"":""2285895680"",""gross_mib"":""2180.000"",""gross_pages"":""1090"",""layers"":""60"",""local_physical_bytes"":""14239662080"",""local_physical_mib"":""13580.000"",""mode"":""staging"",""net_bytes"":""2206203904"",""net_mib"":""2104.000"",""net_saved_mib"":""2104.000"",""page_bytes"":""2097152"",""page_mib"":""2.000"",""remote_mib"":""2180.000"",""requested_bytes"":""2285895680"",""requested_mib"":""2180.000"",""requested_pages"":""1090"",""selected_tensors"":""410"",""selection"":""global_budget"",""staging_bytes"":""79691776"",""staging_mib"":""76.000""}],""gross_pages"":1090,""gross_remote_bytes"":2285895680,""mode"":""staging"",""net_saved_bytes"":2206203904,""requested_pages"":1090,""selected_layers"":60,""selected_tensors"":410,""staging_bytes"":79691776}",
1,2ea4f9e1-2cf1-4a6f-908e-9afc36c6c3b0,2026-08-12T09:27:25.433498+00:00,463fcfc4c106535f73c78b7f9d39765d0de0d6d2e370f92d4b86bfb98a1cc036,31,intertidal_dma,dense,31.0,31738.000,165120,13.3,1099,,ok,0,19.424,1099,1099,2304770048,2198.000,13.305133,79691776,76.000,2225078272,2122.000,12.845083,measured_vmm_layout,,31738.000,410,60,,,4237.164134,69.628844,21.116564,0.099693,0.991771,0.273277,match,"[{""label"":""prompt"",""checksum"":""2417196da4492390"",""nonfinite"":0},{""label"":""prompt"",""checksum"":""0453392d6142afd3"",""nonfinite"":0},{""label"":""prompt"",""checksum"":""8c39d6d410e92623"",""nonfinite"":0},{""label"":""prompt"",""checksum"":""ce38b3f3a7a05142"",""nonfinite"":0},{""label"":""prompt"",""checksum"":""556c3b871bf91e81"",""nonfinite"":0},{""label"":""prompt"",""checksum"":""c930f979f7f0aed4"",""nonfinite"":0},{""label"":""decode"",""checksum"":""0c8e93b3ecced1c6"",""nonfinite"":0},{""label"":""decode"",""checksum"":""319a6a234bb9ed88"",""nonfinite"":0},{""label"":""decode"",""checksum"":""1e95777bddcc71d5"",""nonfinite"":0},{""label"":""decode"",""checksum"":""fc3ff68058ffd54e"",""nonfinite"":0},{""label"":""decode"",""checksum"":""92560214e2ee8afd"",""nonfinite"":0},{""label"":""decode"",""checksum"":""ea317c3ff2b17152"",""nonfinite"":0}]",b5d2ea31b0f709c295ad59dfab37889028c6fe9857ea11908ff3ab4b717c9a5d,0,201,29616.000,29669.000,2909.796,2520.000,2962.000,52.955,63.000,216.618,465.660,84.458,100.000,"{""argv"":[""/home/wici/llama.cpp/build-cuda/bin/llama-bench"",""-m"",""/home/wici/voice-lab/models/gguf/gemma-4-31B-it-Q4_0.gguf"",""-p"",""512"",""-n"",""64"",""-r"",""5"",""-t"",""8"",""-b"",""512"",""-ub"",""512"",""-fa"",""on"",""-ctk"",""f16"",""-ctv"",""f16"",""-mmp"",""1"",""-o"",""csv"",""--ctx-size"",""165120"",""-ot"",""^blk[.][0-9]+[.](attn_(k|v|q|output)|ffn_(down|gate|up))[.]weight$=CUDA_Hybrid""],""env"":{""GGML_CUDA_HYBRID_MODE"":""staging"",""GGML_CUDA_HYBRID_PAGE_BUDGET"":""1099"",""LD_LIBRARY_PATH"":""/dev/shm/intertidal-capacity.mEP47j:/home/wici/llama.cpp/build-cuda/bin:/usr/local/cuda/lib64"",""LLAMA_BENCH_LOGIT_CHECKSUM"":""1""}}","{""buffers"":[{""buffer_bytes"":""16524435968"",""buffer_mib"":""15758.930"",""eligible_pages"":""7470"",""gross_bytes"":""2304770048"",""gross_mib"":""2198.000"",""gross_pages"":""1099"",""layers"":""60"",""local_physical_bytes"":""14220787712"",""local_physical_mib"":""13562.000"",""mode"":""staging"",""net_bytes"":""2225078272"",""net_mib"":""2122.000"",""net_saved_mib"":""2122.000"",""page_bytes"":""2097152"",""page_mib"":""2.000"",""remote_mib"":""2198.000"",""requested_bytes"":""2304770048"",""requested_mib"":""2198.000"",""requested_pages"":""1099"",""selected_tensors"":""410"",""selection"":""global_budget"",""staging_bytes"":""79691776"",""staging_mib"":""76.000""}],""gross_pages"":1099,""gross_remote_bytes"":2304770048,""mode"":""staging"",""net_saved_bytes"":2225078272,""requested_pages"":1099,""selected_layers"":60,""selected_tensors"":410,""staging_bytes"":79691776}",
1,2ea4f9e1-2cf1-4a6f-908e-9afc36c6c3b0,2026-08-12T09:27:45.023108+00:00,463fcfc4c106535f73c78b7f9d39765d0de0d6d2e370f92d4b86bfb98a1cc036,31,intertidal_dma,dense,31.0,31738.000,165120,13.4,1107,,ok,0,19.582,1107,1107,2321547264,2214.000,13.401986,79691776,76.000,2241855488,2138.000,12.941936,measured_vmm_layout,,31738.000,410,60,,,4244.430701,68.849196,21.023427,0.017346,0.993471,0.272072,match,"[{""label"":""prompt"",""checksum"":""2417196da4492390"",""nonfinite"":0},{""label"":""prompt"",""checksum"":""0453392d6142afd3"",""nonfinite"":0},{""label"":""prompt"",""checksum"":""8c39d6d410e92623"",""nonfinite"":0},{""label"":""prompt"",""checksum"":""ce38b3f3a7a05142"",""nonfinite"":0},{""label"":""prompt"",""checksum"":""556c3b871bf91e81"",""nonfinite"":0},{""label"":""prompt"",""checksum"":""c930f979f7f0aed4"",""nonfinite"":0},{""label"":""decode"",""checksum"":""0c8e93b3ecced1c6"",""nonfinite"":0},{""label"":""decode"",""checksum"":""319a6a234bb9ed88"",""nonfinite"":0},{""label"":""decode"",""checksum"":""1e95777bddcc71d5"",""nonfinite"":0},{""label"":""decode"",""checksum"":""fc3ff68058ffd54e"",""nonfinite"":0},{""label"":""decode"",""checksum"":""92560214e2ee8afd"",""nonfinite"":0},{""label"":""decode"",""checksum"":""ea317c3ff2b17152"",""nonfinite"":0}]",b5d2ea31b0f709c295ad59dfab37889028c6fe9857ea11908ff3ab4b717c9a5d,0,202,29600.000,29653.000,2934.054,2557.000,2962.000,52.767,63.000,215.297,481.020,86.441,100.000,"{""argv"":[""/home/wici/llama.cpp/build-cuda/bin/llama-bench"",""-m"",""/home/wici/voice-lab/models/gguf/gemma-4-31B-it-Q4_0.gguf"",""-p"",""512"",""-n"",""64"",""-r"",""5"",""-t"",""8"",""-b"",""512"",""-ub"",""512"",""-fa"",""on"",""-ctk"",""f16"",""-ctv"",""f16"",""-mmp"",""1"",""-o"",""csv"",""--ctx-size"",""165120"",""-ot"",""^blk[.][0-9]+[.](attn_(k|v|q|output)|ffn_(down|gate|up))[.]weight$=CUDA_Hybrid""],""env"":{""GGML_CUDA_HYBRID_MODE"":""staging"",""GGML_CUDA_HYBRID_PAGE_BUDGET"":""1107"",""LD_LIBRARY_PATH"":""/dev/shm/intertidal-capacity.mEP47j:/home/wici/llama.cpp/build-cuda/bin:/usr/local/cuda/lib64"",""LLAMA_BENCH_LOGIT_CHECKSUM"":""1""}}","{""buffers"":[{""buffer_bytes"":""16524435968"",""buffer_mib"":""15758.930"",""eligible_pages"":""7470"",""gross_bytes"":""2321547264"",""gross_mib"":""2214.000"",""gross_pages"":""1107"",""layers"":""60"",""local_physical_bytes"":""14204010496"",""local_physical_mib"":""13546.000"",""mode"":""staging"",""net_bytes"":""2241855488"",""net_mib"":""2138.000"",""net_saved_mib"":""2138.000"",""page_bytes"":""2097152"",""page_mib"":""2.000"",""remote_mib"":""2214.000"",""requested_bytes"":""2321547264"",""requested_mib"":""2214.000"",""requested_pages"":""1107"",""selected_tensors"":""410"",""selection"":""global_budget"",""staging_bytes"":""79691776"",""staging_mib"":""76.000""}],""gross_pages"":1107,""gross_remote_bytes"":2321547264,""mode"":""staging"",""net_saved_bytes"":2241855488,""requested_pages"":1107,""selected_layers"":60,""selected_tensors"":410,""staging_bytes"":79691776}",
1,2ea4f9e1-2cf1-4a6f-908e-9afc36c6c3b0,2026-08-12T09:28:04.633926+00:00,463fcfc4c106535f73c78b7f9d39765d0de0d6d2e370f92d4b86bfb98a1cc036,31,intertidal_dma,dense,31.0,31738.000,165120,13.5,1115,,ok,0,19.602,1115,1115,2338324480,2230.000,13.498839,79691776,76.000,2258632704,2154.000,13.038789,measured_vmm_layout,,31738.000,410,60,,,4241.732457,73.412715,20.887034,0.019454,0.992840,0.270307,match,"[{""label"":""prompt"",""checksum"":""2417196da4492390"",""nonfinite"":0},{""label"":""prompt"",""checksum"":""0453392d6142afd3"",""nonfinite"":0},{""label"":""prompt"",""checksum"":""8c39d6d410e92623"",""nonfinite"":0},{""label"":""prompt"",""checksum"":""ce38b3f3a7a05142"",""nonfinite"":0},{""label"":""prompt"",""checksum"":""556c3b871bf91e81"",""nonfinite"":0},{""label"":""prompt"",""checksum"":""c930f979f7f0aed4"",""nonfinite"":0},{""label"":""decode"",""checksum"":""0c8e93b3ecced1c6"",""nonfinite"":0},{""label"":""decode"",""checksum"":""319a6a234bb9ed88"",""nonfinite"":0},{""label"":""decode"",""checksum"":""1e95777bddcc71d5"",""nonfinite"":0},{""label"":""decode"",""checksum"":""fc3ff68058ffd54e"",""nonfinite"":0},{""label"":""decode"",""checksum"":""92560214e2ee8afd"",""nonfinite"":0},{""label"":""decode"",""checksum"":""ea317c3ff2b17152"",""nonfinite"":0}]",b5d2ea31b0f709c295ad59dfab37889028c6fe9857ea11908ff3ab4b717c9a5d,0,203,29584.000,29637.000,2915.897,2520.000,2962.000,52.867,63.000,214.081,480.140,86.015,100.000,"{""argv"":[""/home/wici/llama.cpp/build-cuda/bin/llama-bench"",""-m"",""/home/wici/voice-lab/models/gguf/gemma-4-31B-it-Q4_0.gguf"",""-p"",""512"",""-n"",""64"",""-r"",""5"",""-t"",""8"",""-b"",""512"",""-ub"",""512"",""-fa"",""on"",""-ctk"",""f16"",""-ctv"",""f16"",""-mmp"",""1"",""-o"",""csv"",""--ctx-size"",""165120"",""-ot"",""^blk[.][0-9]+[.](attn_(k|v|q|output)|ffn_(down|gate|up))[.]weight$=CUDA_Hybrid""],""env"":{""GGML_CUDA_HYBRID_MODE"":""staging"",""GGML_CUDA_HYBRID_PAGE_BUDGET"":""1115"",""LD_LIBRARY_PATH"":""/dev/shm/intertidal-capacity.mEP47j:/home/wici/llama.cpp/build-cuda/bin:/usr/local/cuda/lib64"",""LLAMA_BENCH_LOGIT_CHECKSUM"":""1""}}","{""buffers"":[{""buffer_bytes"":""16524435968"",""buffer_mib"":""15758.930"",""eligible_pages"":""7470"",""gross_bytes"":""2338324480"",""gross_mib"":""2230.000"",""gross_pages"":""1115"",""layers"":""60"",""local_physical_bytes"":""14187233280"",""local_physical_mib"":""13530.000"",""mode"":""staging"",""net_bytes"":""2258632704"",""net_mib"":""2154.000"",""net_saved_mib"":""2154.000"",""page_bytes"":""2097152"",""page_mib"":""2.000"",""remote_mib"":""2230.000"",""requested_bytes"":""2338324480"",""requested_mib"":""2230.000"",""requested_pages"":""1115"",""selected_tensors"":""410"",""selection"":""global_budget"",""staging_bytes"":""79691776"",""staging_mib"":""76.000""}],""gross_pages"":1115,""gross_remote_bytes"":2338324480,""mode"":""staging"",""net_saved_bytes"":2258632704,""requested_pages"":1115,""selected_layers"":60,""selected_tensors"":410,""staging_bytes"":79691776}",
1,2ea4f9e1-2cf1-4a6f-908e-9afc36c6c3b0,2026-08-12T09:28:24.471728+00:00,463fcfc4c106535f73c78b7f9d39765d0de0d6d2e370f92d4b86bfb98a1cc036,31,intertidal_dma,dense,31.0,31738.000,165120,13.6,1123,,ok,0,19.827,1123,1123,2355101696,2246.000,13.595691,83886080,80.000,2271215616,2166.000,13.111428,measured_vmm_layout,,31738.000,410,60,,,4242.778175,69.903593,20.643130,0.074720,0.993085,0.267150,match,"[{""label"":""prompt"",""checksum"":""2417196da4492390"",""nonfinite"":0},{""label"":""prompt"",""checksum"":""0453392d6142afd3"",""nonfinite"":0},{""label"":""prompt"",""checksum"":""8c39d6d410e92623"",""nonfinite"":0},{""label"":""prompt"",""checksum"":""ce38b3f3a7a05142"",""nonfinite"":0},{""label"":""prompt"",""checksum"":""556c3b871bf91e81"",""nonfinite"":0},{""label"":""prompt"",""checksum"":""c930f979f7f0aed4"",""nonfinite"":0},{""label"":""decode"",""checksum"":""0c8e93b3ecced1c6"",""nonfinite"":0},{""label"":""decode"",""checksum"":""319a6a234bb9ed88"",""nonfinite"":0},{""label"":""decode"",""checksum"":""1e95777bddcc71d5"",""nonfinite"":0},{""label"":""decode"",""checksum"":""fc3ff68058ffd54e"",""nonfinite"":0},{""label"":""decode"",""checksum"":""92560214e2ee8afd"",""nonfinite"":0},{""label"":""decode"",""checksum"":""ea317c3ff2b17152"",""nonfinite"":0}]",b5d2ea31b0f709c295ad59dfab37889028c6fe9857ea11908ff3ab4b717c9a5d,0,205,29572.000,29625.000,2884.932,2512.000,2962.000,52.639,63.000,215.115,447.650,85.620,100.000,"{""argv"":[""/home/wici/llama.cpp/build-cuda/bin/llama-bench"",""-m"",""/home/wici/voice-lab/models/gguf/gemma-4-31B-it-Q4_0.gguf"",""-p"",""512"",""-n"",""64"",""-r"",""5"",""-t"",""8"",""-b"",""512"",""-ub"",""512"",""-fa"",""on"",""-ctk"",""f16"",""-ctv"",""f16"",""-mmp"",""1"",""-o"",""csv"",""--ctx-size"",""165120"",""-ot"",""^blk[.][0-9]+[.](attn_(k|v|q|output)|ffn_(down|gate|up))[.]weight$=CUDA_Hybrid""],""env"":{""GGML_CUDA_HYBRID_MODE"":""staging"",""GGML_CUDA_HYBRID_PAGE_BUDGET"":""1123"",""LD_LIBRARY_PATH"":""/dev/shm/intertidal-capacity.mEP47j:/home/wici/llama.cpp/build-cuda/bin:/usr/local/cuda/lib64"",""LLAMA_BENCH_LOGIT_CHECKSUM"":""1""}}","{""buffers"":[{""buffer_bytes"":""16524435968"",""buffer_mib"":""15758.930"",""eligible_pages"":""7470"",""gross_bytes"":""2355101696"",""gross_mib"":""2246.000"",""gross_pages"":""1123"",""layers"":""60"",""local_physical_bytes"":""14170456064"",""local_physical_mib"":""13514.000"",""mode"":""staging"",""net_bytes"":""2271215616"",""net_mib"":""2166.000"",""net_saved_mib"":""2166.000"",""page_bytes"":""2097152"",""page_mib"":""2.000"",""remote_mib"":""2246.000"",""requested_bytes"":""2355101696"",""requested_mib"":""2246.000"",""requested_pages"":""1123"",""selected_tensors"":""410"",""selection"":""global_budget"",""staging_bytes"":""83886080"",""staging_mib"":""80.000""}],""gross_pages"":1123,""gross_remote_bytes"":2355101696,""mode"":""staging"",""net_saved_bytes"":2271215616,""requested_pages"":1123,""selected_layers"":60,""selected_tensors"":410,""staging_bytes"":83886080}",
1,2ea4f9e1-2cf1-4a6f-908e-9afc36c6c3b0,2026-08-12T09:28:44.474623+00:00,463fcfc4c106535f73c78b7f9d39765d0de0d6d2e370f92d4b86bfb98a1cc036,31,intertidal_dma,dense,31.0,31738.000,165120,13.7,1132,,ok,0,19.990,1132,1132,2373976064,2264.000,13.704651,83886080,80.000,2290089984,2184.000,13.220387,measured_vmm_layout,,31738.000,410,60,,,4241.254569,57.834989,20.488857,0.151602,0.992728,0.265154,match,"[{""label"":""prompt"",""checksum"":""2417196da4492390"",""nonfinite"":0},{""label"":""prompt"",""checksum"":""0453392d6142afd3"",""nonfinite"":0},{""label"":""prompt"",""checksum"":""8c39d6d410e92623"",""nonfinite"":0},{""label"":""prompt"",""checksum"":""ce38b3f3a7a05142"",""nonfinite"":0},{""label"":""prompt"",""checksum"":""556c3b871bf91e81"",""nonfinite"":0},{""label"":""prompt"",""checksum"":""c930f979f7f0aed4"",""nonfinite"":0},{""label"":""decode"",""checksum"":""0c8e93b3ecced1c6"",""nonfinite"":0},{""label"":""decode"",""checksum"":""319a6a234bb9ed88"",""nonfinite"":0},{""label"":""decode"",""checksum"":""1e95777bddcc71d5"",""nonfinite"":0},{""label"":""decode"",""checksum"":""fc3ff68058ffd54e"",""nonfinite"":0},{""label"":""decode"",""checksum"":""92560214e2ee8afd"",""nonfinite"":0},{""label"":""decode"",""checksum"":""ea317c3ff2b17152"",""nonfinite"":0}]",b5d2ea31b0f709c295ad59dfab37889028c6fe9857ea11908ff3ab4b717c9a5d,0,206,29554.000,29607.000,2906.184,2512.000,2962.000,52.631,63.000,213.957,458.830,83.971,100.000,"{""argv"":[""/home/wici/llama.cpp/build-cuda/bin/llama-bench"",""-m"",""/home/wici/voice-lab/models/gguf/gemma-4-31B-it-Q4_0.gguf"",""-p"",""512"",""-n"",""64"",""-r"",""5"",""-t"",""8"",""-b"",""512"",""-ub"",""512"",""-fa"",""on"",""-ctk"",""f16"",""-ctv"",""f16"",""-mmp"",""1"",""-o"",""csv"",""--ctx-size"",""165120"",""-ot"",""^blk[.][0-9]+[.](attn_(k|v|q|output)|ffn_(down|gate|up))[.]weight$=CUDA_Hybrid""],""env"":{""GGML_CUDA_HYBRID_MODE"":""staging"",""GGML_CUDA_HYBRID_PAGE_BUDGET"":""1132"",""LD_LIBRARY_PATH"":""/dev/shm/intertidal-capacity.mEP47j:/home/wici/llama.cpp/build-cuda/bin:/usr/local/cuda/lib64"",""LLAMA_BENCH_LOGIT_CHECKSUM"":""1""}}","{""buffers"":[{""buffer_bytes"":""16524435968"",""buffer_mib"":""15758.930"",""eligible_pages"":""7470"",""gross_bytes"":""2373976064"",""gross_mib"":""2264.000"",""gross_pages"":""1132"",""layers"":""60"",""local_physical_bytes"":""14151581696"",""local_physical_mib"":""13496.000"",""mode"":""staging"",""net_bytes"":""2290089984"",""net_mib"":""2184.000"",""net_saved_mib"":""2184.000"",""page_bytes"":""2097152"",""page_mib"":""2.000"",""remote_mib"":""2264.000"",""requested_bytes"":""2373976064"",""requested_mib"":""2264.000"",""requested_pages"":""1132"",""selected_tensors"":""410"",""selection"":""global_budget"",""staging_bytes"":""83886080"",""staging_mib"":""80.000""}],""gross_pages"":1132,""gross_remote_bytes"":2373976064,""mode"":""staging"",""net_saved_bytes"":2290089984,""requested_pages"":1132,""selected_layers"":60,""selected_tensors"":410,""staging_bytes"":83886080}",
1,2ea4f9e1-2cf1-4a6f-908e-9afc36c6c3b0,2026-08-12T09:29:04.706538+00:00,463fcfc4c106535f73c78b7f9d39765d0de0d6d2e370f92d4b86bfb98a1cc036,31,intertidal_dma,dense,31.0,31738.000,165120,13.8,1140,,ok,0,20.221,1140,1140,2390753280,2280.000,13.801503,83886080,80.000,2306867200,2200.000,13.317240,measured_vmm_layout,,31738.000,410,60,,,4238.745195,73.850311,20.187080,0.134562,0.992141,0.261249,match,"[{""label"":""prompt"",""checksum"":""2417196da4492390"",""nonfinite"":0},{""label"":""prompt"",""checksum"":""0453392d6142afd3"",""nonfinite"":0},{""label"":""prompt"",""checksum"":""8c39d6d410e92623"",""nonfinite"":0},{""label"":""prompt"",""checksum"":""ce38b3f3a7a05142"",""nonfinite"":0},{""label"":""prompt"",""checksum"":""556c3b871bf91e81"",""nonfinite"":0},{""label"":""prompt"",""checksum"":""c930f979f7f0aed4"",""nonfinite"":0},{""label"":""decode"",""checksum"":""0c8e93b3ecced1c6"",""nonfinite"":0},{""label"":""decode"",""checksum"":""319a6a234bb9ed88"",""nonfinite"":0},{""label"":""decode"",""checksum"":""1e95777bddcc71d5"",""nonfinite"":0},{""label"":""decode"",""checksum"":""fc3ff68058ffd54e"",""nonfinite"":0},{""label"":""decode"",""checksum"":""92560214e2ee8afd"",""nonfinite"":0},{""label"":""decode"",""checksum"":""ea317c3ff2b17152"",""nonfinite"":0}]",b5d2ea31b0f709c295ad59dfab37889028c6fe9857ea11908ff3ab4b717c9a5d,0,207,29538.000,29591.000,2913.986,2505.000,2962.000,52.150,62.000,211.973,467.080,88.010,100.000,"{""argv"":[""/home/wici/llama.cpp/build-cuda/bin/llama-bench"",""-m"",""/home/wici/voice-lab/models/gguf/gemma-4-31B-it-Q4_0.gguf"",""-p"",""512"",""-n"",""64"",""-r"",""5"",""-t"",""8"",""-b"",""512"",""-ub"",""512"",""-fa"",""on"",""-ctk"",""f16"",""-ctv"",""f16"",""-mmp"",""1"",""-o"",""csv"",""--ctx-size"",""165120"",""-ot"",""^blk[.][0-9]+[.](attn_(k|v|q|output)|ffn_(down|gate|up))[.]weight$=CUDA_Hybrid""],""env"":{""GGML_CUDA_HYBRID_MODE"":""staging"",""GGML_CUDA_HYBRID_PAGE_BUDGET"":""1140"",""LD_LIBRARY_PATH"":""/dev/shm/intertidal-capacity.mEP47j:/home/wici/llama.cpp/build-cuda/bin:/usr/local/cuda/lib64"",""LLAMA_BENCH_LOGIT_CHECKSUM"":""1""}}","{""buffers"":[{""buffer_bytes"":""16524435968"",""buffer_mib"":""15758.930"",""eligible_pages"":""7470"",""gross_bytes"":""2390753280"",""gross_mib"":""2280.000"",""gross_pages"":""1140"",""layers"":""60"",""local_physical_bytes"":""14134804480"",""local_physical_mib"":""13480.000"",""mode"":""staging"",""net_bytes"":""2306867200"",""net_mib"":""2200.000"",""net_saved_mib"":""2200.000"",""page_bytes"":""2097152"",""page_mib"":""2.000"",""remote_mib"":""2280.000"",""requested_bytes"":""2390753280"",""requested_mib"":""2280.000"",""requested_pages"":""1140"",""selected_tensors"":""410"",""selection"":""global_budget"",""staging_bytes"":""83886080"",""staging_mib"":""80.000""}],""gross_pages"":1140,""gross_remote_bytes"":2390753280,""mode"":""staging"",""net_saved_bytes"":2306867200,""requested_pages"":1140,""selected_layers"":60,""selected_tensors"":410,""staging_bytes"":83886080}",
1,2ea4f9e1-2cf1-4a6f-908e-9afc36c6c3b0,2026-08-12T09:29:25.634741+00:00,463fcfc4c106535f73c78b7f9d39765d0de0d6d2e370f92d4b86bfb98a1cc036,31,intertidal_dma,dense,31.0,31738.000,165120,13.9,1148,,ok,0,20.922,1148,1148,2407530496,2296.000,13.898356,83886080,80.000,2323644416,2216.000,13.414093,measured_vmm_layout,,31738.000,410,60,,,4233.674552,80.372735,20.051117,0.199635,0.990954,0.259489,match,"[{""label"":""prompt"",""checksum"":""2417196da4492390"",""nonfinite"":0},{""label"":""prompt"",""checksum"":""0453392d6142afd3"",""nonfinite"":0},{""label"":""prompt"",""checksum"":""8c39d6d410e92623"",""nonfinite"":0},{""label"":""prompt"",""checksum"":""ce38b3f3a7a05142"",""nonfinite"":0},{""label"":""prompt"",""checksum"":""556c3b871bf91e81"",""nonfinite"":0},{""label"":""prompt"",""checksum"":""c930f979f7f0aed4"",""nonfinite"":0},{""label"":""decode"",""checksum"":""0c8e93b3ecced1c6"",""nonfinite"":0},{""label"":""decode"",""checksum"":""319a6a234bb9ed88"",""nonfinite"":0},{""label"":""decode"",""checksum"":""1e95777bddcc71d5"",""nonfinite"":0},{""label"":""decode"",""checksum"":""fc3ff68058ffd54e"",""nonfinite"":0},{""label"":""decode"",""checksum"":""92560214e2ee8afd"",""nonfinite"":0},{""label"":""decode"",""checksum"":""ea317c3ff2b17152"",""nonfinite"":0}]",b5d2ea31b0f709c295ad59dfab37889028c6fe9857ea11908ff3ab4b717c9a5d,0,209,29522.000,29575.000,2898.005,2505.000,2962.000,52.048,63.000,210.199,457.720,83.440,100.000,"{""argv"":[""/home/wici/llama.cpp/build-cuda/bin/llama-bench"",""-m"",""/home/wici/voice-lab/models/gguf/gemma-4-31B-it-Q4_0.gguf"",""-p"",""512"",""-n"",""64"",""-r"",""5"",""-t"",""8"",""-b"",""512"",""-ub"",""512"",""-fa"",""on"",""-ctk"",""f16"",""-ctv"",""f16"",""-mmp"",""1"",""-o"",""csv"",""--ctx-size"",""165120"",""-ot"",""^blk[.][0-9]+[.](attn_(k|v|q|output)|ffn_(down|gate|up))[.]weight$=CUDA_Hybrid""],""env"":{""GGML_CUDA_HYBRID_MODE"":""staging"",""GGML_CUDA_HYBRID_PAGE_BUDGET"":""1148"",""LD_LIBRARY_PATH"":""/dev/shm/intertidal-capacity.mEP47j:/home/wici/llama.cpp/build-cuda/bin:/usr/local/cuda/lib64"",""LLAMA_BENCH_LOGIT_CHECKSUM"":""1""}}","{""buffers"":[{""buffer_bytes"":""16524435968"",""buffer_mib"":""15758.930"",""eligible_pages"":""7470"",""gross_bytes"":""2407530496"",""gross_mib"":""2296.000"",""gross_pages"":""1148"",""layers"":""60"",""local_physical_bytes"":""14118027264"",""local_physical_mib"":""13464.000"",""mode"":""staging"",""net_bytes"":""2323644416"",""net_mib"":""2216.000"",""net_saved_mib"":""2216.000"",""page_bytes"":""2097152"",""page_mib"":""2.000"",""remote_mib"":""2296.000"",""requested_bytes"":""2407530496"",""requested_mib"":""2296.000"",""requested_pages"":""1148"",""selected_tensors"":""410"",""selection"":""global_budget"",""staging_bytes"":""83886080"",""staging_mib"":""80.000""}],""gross_pages"":1148,""gross_remote_bytes"":2407530496,""mode"":""staging"",""net_saved_bytes"":2323644416,""requested_pages"":1148,""selected_layers"":60,""selected_tensors"":410,""staging_bytes"":83886080}",
1,2ea4f9e1-2cf1-4a6f-908e-9afc36c6c3b0,2026-08-12T09:29:49.578235+00:00,463fcfc4c106535f73c78b7f9d39765d0de0d6d2e370f92d4b86bfb98a1cc036,31,intertidal_dma,dense,31.0,31738.000,165120,14.1,1165,,ok,0,23.934,1165,1165,2443182080,2330.000,14.104168,83886080,80.000,2359296000,2250.000,13.619904,measured_vmm_layout,,31738.000,410,60,,,4244.165000,69.011685,19.948635,0.018978,0.993409,0.258163,match,"[{""label"":""prompt"",""checksum"":""2417196da4492390"",""nonfinite"":0},{""label"":""prompt"",""checksum"":""0453392d6142afd3"",""nonfinite"":0},{""label"":""prompt"",""checksum"":""8c39d6d410e92623"",""nonfinite"":0},{""label"":""prompt"",""checksum"":""ce38b3f3a7a05142"",""nonfinite"":0},{""label"":""prompt"",""checksum"":""556c3b871bf91e81"",""nonfinite"":0},{""label"":""prompt"",""checksum"":""c930f979f7f0aed4"",""nonfinite"":0},{""label"":""decode"",""checksum"":""0c8e93b3ecced1c6"",""nonfinite"":0},{""label"":""decode"",""checksum"":""319a6a234bb9ed88"",""nonfinite"":0},{""label"":""decode"",""checksum"":""1e95777bddcc71d5"",""nonfinite"":0},{""label"":""decode"",""checksum"":""fc3ff68058ffd54e"",""nonfinite"":0},{""label"":""decode"",""checksum"":""92560214e2ee8afd"",""nonfinite"":0},{""label"":""decode"",""checksum"":""ea317c3ff2b17152"",""nonfinite"":0}]",b5d2ea31b0f709c295ad59dfab37889028c6fe9857ea11908ff3ab4b717c9a5d,0,211,29488.000,29541.000,2648.934,270.000,2962.000,51.588,62.000,204.961,475.470,78.910,100.000,"{""argv"":[""/home/wici/llama.cpp/build-cuda/bin/llama-bench"",""-m"",""/home/wici/voice-lab/models/gguf/gemma-4-31B-it-Q4_0.gguf"",""-p"",""512"",""-n"",""64"",""-r"",""5"",""-t"",""8"",""-b"",""512"",""-ub"",""512"",""-fa"",""on"",""-ctk"",""f16"",""-ctv"",""f16"",""-mmp"",""1"",""-o"",""csv"",""--ctx-size"",""165120"",""-ot"",""^blk[.][0-9]+[.](attn_(k|v|q|output)|ffn_(down|gate|up))[.]weight$=CUDA_Hybrid""],""env"":{""GGML_CUDA_HYBRID_MODE"":""staging"",""GGML_CUDA_HYBRID_PAGE_BUDGET"":""1165"",""LD_LIBRARY_PATH"":""/dev/shm/intertidal-capacity.mEP47j:/home/wici/llama.cpp/build-cuda/bin:/usr/local/cuda/lib64"",""LLAMA_BENCH_LOGIT_CHECKSUM"":""1""}}","{""buffers"":[{""buffer_bytes"":""16524435968"",""buffer_mib"":""15758.930"",""eligible_pages"":""7470"",""gross_bytes"":""2443182080"",""gross_mib"":""2330.000"",""gross_pages"":""1165"",""layers"":""60"",""local_physical_bytes"":""14082375680"",""local_physical_mib"":""13430.000"",""mode"":""staging"",""net_bytes"":""2359296000"",""net_mib"":""2250.000"",""net_saved_mib"":""2250.000"",""page_bytes"":""2097152"",""page_mib"":""2.000"",""remote_mib"":""2330.000"",""requested_bytes"":""2443182080"",""requested_mib"":""2330.000"",""requested_pages"":""1165"",""selected_tensors"":""410"",""selection"":""global_budget"",""staging_bytes"":""83886080"",""staging_mib"":""80.000""}],""gross_pages"":1165,""gross_remote_bytes"":2443182080,""mode"":""staging"",""net_saved_bytes"":2359296000,""requested_pages"":1165,""selected_layers"":60,""selected_tensors"":410,""staging_bytes"":83886080}",
1,2ea4f9e1-2cf1-4a6f-908e-9afc36c6c3b0,2026-08-12T09:30:12.525884+00:00,463fcfc4c106535f73c78b7f9d39765d0de0d6d2e370f92d4b86bfb98a1cc036,31,intertidal_dma,dense,31.0,31738.000,165120,14.2,1173,,ok,0,22.941,1173,1173,2459959296,2346.000,14.201020,88080384,84.000,2371878912,2262.000,13.692544,measured_vmm_layout,,31738.000,410,60,,,4244.611578,70.038415,19.845110,0.017942,0.993514,0.256823,match,"[{""label"":""prompt"",""checksum"":""2417196da4492390"",""nonfinite"":0},{""label"":""prompt"",""checksum"":""0453392d6142afd3"",""nonfinite"":0},{""label"":""prompt"",""checksum"":""8c39d6d410e92623"",""nonfinite"":0},{""label"":""prompt"",""checksum"":""ce38b3f3a7a05142"",""nonfinite"":0},{""label"":""prompt"",""checksum"":""556c3b871bf91e81"",""nonfinite"":0},{""label"":""prompt"",""checksum"":""c930f979f7f0aed4"",""nonfinite"":0},{""label"":""decode"",""checksum"":""0c8e93b3ecced1c6"",""nonfinite"":0},{""label"":""decode"",""checksum"":""319a6a234bb9ed88"",""nonfinite"":0},{""label"":""decode"",""checksum"":""1e95777bddcc71d5"",""nonfinite"":0},{""label"":""decode"",""checksum"":""fc3ff68058ffd54e"",""nonfinite"":0},{""label"":""decode"",""checksum"":""92560214e2ee8afd"",""nonfinite"":0},{""label"":""decode"",""checksum"":""ea317c3ff2b17152"",""nonfinite"":0}]",b5d2ea31b0f709c295ad59dfab37889028c6fe9857ea11908ff3ab4b717c9a5d,0,212,29476.000,29529.000,2904.585,2512.000,2962.000,51.608,62.000,206.432,463.340,81.368,100.000,"{""argv"":[""/home/wici/llama.cpp/build-cuda/bin/llama-bench"",""-m"",""/home/wici/voice-lab/models/gguf/gemma-4-31B-it-Q4_0.gguf"",""-p"",""512"",""-n"",""64"",""-r"",""5"",""-t"",""8"",""-b"",""512"",""-ub"",""512"",""-fa"",""on"",""-ctk"",""f16"",""-ctv"",""f16"",""-mmp"",""1"",""-o"",""csv"",""--ctx-size"",""165120"",""-ot"",""^blk[.][0-9]+[.](attn_(k|v|q|output)|ffn_(down|gate|up))[.]weight$=CUDA_Hybrid""],""env"":{""GGML_CUDA_HYBRID_MODE"":""staging"",""GGML_CUDA_HYBRID_PAGE_BUDGET"":""1173"",""LD_LIBRARY_PATH"":""/dev/shm/intertidal-capacity.mEP47j:/home/wici/llama.cpp/build-cuda/bin:/usr/local/cuda/lib64"",""LLAMA_BENCH_LOGIT_CHECKSUM"":""1""}}","{""buffers"":[{""buffer_bytes"":""16524435968"",""buffer_mib"":""15758.930"",""eligible_pages"":""7470"",""gross_bytes"":""2459959296"",""gross_mib"":""2346.000"",""gross_pages"":""1173"",""layers"":""60"",""local_physical_bytes"":""14065598464"",""local_physical_mib"":""13414.000"",""mode"":""staging"",""net_bytes"":""2371878912"",""net_mib"":""2262.000"",""net_saved_mib"":""2262.000"",""page_bytes"":""2097152"",""page_mib"":""2.000"",""remote_mib"":""2346.000"",""requested_bytes"":""2459959296"",""requested_mib"":""2346.000"",""requested_pages"":""1173"",""selected_tensors"":""410"",""selection"":""global_budget"",""staging_bytes"":""88080384"",""staging_mib"":""84.000""}],""gross_pages"":1173,""gross_remote_bytes"":2459959296,""mode"":""staging"",""net_saved_bytes"":2371878912,""requested_pages"":1173,""selected_layers"":60,""selected_tensors"":410,""staging_bytes"":88080384}",
1,2ea4f9e1-2cf1-4a6f-908e-9afc36c6c3b0,2026-08-12T09:30:37.640284+00:00,463fcfc4c106535f73c78b7f9d39765d0de0d6d2e370f92d4b86bfb98a1cc036,31,intertidal_dma,dense,31.0,31738.000,165120,14.3,1181,,ok,0,25.107,1181,1181,2476736512,2362.000,14.297873,88080384,84.000,2388656128,2278.000,13.789397,measured_vmm_layout,,31738.000,410,60,,,4245.436956,67.950091,19.692708,0.017528,0.993707,0.254851,match,"[{""label"":""prompt"",""checksum"":""2417196da4492390"",""nonfinite"":0},{""label"":""prompt"",""checksum"":""0453392d6142afd3"",""nonfinite"":0},{""label"":""prompt"",""checksum"":""8c39d6d410e92623"",""nonfinite"":0},{""label"":""prompt"",""checksum"":""ce38b3f3a7a05142"",""nonfinite"":0},{""label"":""prompt"",""checksum"":""556c3b871bf91e81"",""nonfinite"":0},{""label"":""prompt"",""checksum"":""c930f979f7f0aed4"",""nonfinite"":0},{""label"":""decode"",""checksum"":""0c8e93b3ecced1c6"",""nonfinite"":0},{""label"":""decode"",""checksum"":""319a6a234bb9ed88"",""nonfinite"":0},{""label"":""decode"",""checksum"":""1e95777bddcc71d5"",""nonfinite"":0},{""label"":""decode"",""checksum"":""fc3ff68058ffd54e"",""nonfinite"":0},{""label"":""decode"",""checksum"":""92560214e2ee8afd"",""nonfinite"":0},{""label"":""decode"",""checksum"":""ea317c3ff2b17152"",""nonfinite"":0}]",b5d2ea31b0f709c295ad59dfab37889028c6fe9857ea11908ff3ab4b717c9a5d,0,213,29460.000,29513.000,2650.164,600.000,2962.000,51.244,62.000,204.360,472.410,83.056,100.000,"{""argv"":[""/home/wici/llama.cpp/build-cuda/bin/llama-bench"",""-m"",""/home/wici/voice-lab/models/gguf/gemma-4-31B-it-Q4_0.gguf"",""-p"",""512"",""-n"",""64"",""-r"",""5"",""-t"",""8"",""-b"",""512"",""-ub"",""512"",""-fa"",""on"",""-ctk"",""f16"",""-ctv"",""f16"",""-mmp"",""1"",""-o"",""csv"",""--ctx-size"",""165120"",""-ot"",""^blk[.][0-9]+[.](attn_(k|v|q|output)|ffn_(down|gate|up))[.]weight$=CUDA_Hybrid""],""env"":{""GGML_CUDA_HYBRID_MODE"":""staging"",""GGML_CUDA_HYBRID_PAGE_BUDGET"":""1181"",""LD_LIBRARY_PATH"":""/dev/shm/intertidal-capacity.mEP47j:/home/wici/llama.cpp/build-cuda/bin:/usr/local/cuda/lib64"",""LLAMA_BENCH_LOGIT_CHECKSUM"":""1""}}","{""buffers"":[{""buffer_bytes"":""16524435968"",""buffer_mib"":""15758.930"",""eligible_pages"":""7470"",""gross_bytes"":""2476736512"",""gross_mib"":""2362.000"",""gross_pages"":""1181"",""layers"":""60"",""local_physical_bytes"":""14048821248"",""local_physical_mib"":""13398.000"",""mode"":""staging"",""net_bytes"":""2388656128"",""net_mib"":""2278.000"",""net_saved_mib"":""2278.000"",""page_bytes"":""2097152"",""page_mib"":""2.000"",""remote_mib"":""2362.000"",""requested_bytes"":""2476736512"",""requested_mib"":""2362.000"",""requested_pages"":""1181"",""selected_tensors"":""410"",""selection"":""global_budget"",""staging_bytes"":""88080384"",""staging_mib"":""84.000""}],""gross_pages"":1181,""gross_remote_bytes"":2476736512,""mode"":""staging"",""net_saved_bytes"":2388656128,""requested_pages"":1181,""selected_layers"":60,""selected_tensors"":410,""staging_bytes"":88080384}",
1,2ea4f9e1-2cf1-4a6f-908e-9afc36c6c3b0,2026-08-12T09:31:04.899152+00:00,463fcfc4c106535f73c78b7f9d39765d0de0d6d2e370f92d4b86bfb98a1cc036,31,intertidal_dma,dense,31.0,31738.000,165120,14.4,1189,,ok,0,27.247,1189,1189,2493513728,2378.000,14.394726,88080384,84.000,2405433344,2294.000,13.886249,measured_vmm_layout,,31738.000,410,60,,,4253.566826,77.755052,19.582905,0.012271,0.995610,0.253430,match,"[{""label"":""prompt"",""checksum"":""2417196da4492390"",""nonfinite"":0},{""label"":""prompt"",""checksum"":""0453392d6142afd3"",""nonfinite"":0},{""label"":""prompt"",""checksum"":""8c39d6d410e92623"",""nonfinite"":0},{""label"":""prompt"",""checksum"":""ce38b3f3a7a05142"",""nonfinite"":0},{""label"":""prompt"",""checksum"":""556c3b871bf91e81"",""nonfinite"":0},{""label"":""prompt"",""checksum"":""c930f979f7f0aed4"",""nonfinite"":0},{""label"":""decode"",""checksum"":""0c8e93b3ecced1c6"",""nonfinite"":0},{""label"":""decode"",""checksum"":""319a6a234bb9ed88"",""nonfinite"":0},{""label"":""decode"",""checksum"":""1e95777bddcc71d5"",""nonfinite"":0},{""label"":""decode"",""checksum"":""fc3ff68058ffd54e"",""nonfinite"":0},{""label"":""decode"",""checksum"":""92560214e2ee8afd"",""nonfinite"":0},{""label"":""decode"",""checksum"":""ea317c3ff2b17152"",""nonfinite"":0}]",b5d2ea31b0f709c295ad59dfab37889028c6fe9857ea11908ff3ab4b717c9a5d,0,215,29444.000,29497.000,2678.535,225.000,2962.000,50.721,61.000,202.628,480.610,84.647,100.000,"{""argv"":[""/home/wici/llama.cpp/build-cuda/bin/llama-bench"",""-m"",""/home/wici/voice-lab/models/gguf/gemma-4-31B-it-Q4_0.gguf"",""-p"",""512"",""-n"",""64"",""-r"",""5"",""-t"",""8"",""-b"",""512"",""-ub"",""512"",""-fa"",""on"",""-ctk"",""f16"",""-ctv"",""f16"",""-mmp"",""1"",""-o"",""csv"",""--ctx-size"",""165120"",""-ot"",""^blk[.][0-9]+[.](attn_(k|v|q|output)|ffn_(down|gate|up))[.]weight$=CUDA_Hybrid""],""env"":{""GGML_CUDA_HYBRID_MODE"":""staging"",""GGML_CUDA_HYBRID_PAGE_BUDGET"":""1189"",""LD_LIBRARY_PATH"":""/dev/shm/intertidal-capacity.mEP47j:/home/wici/llama.cpp/build-cuda/bin:/usr/local/cuda/lib64"",""LLAMA_BENCH_LOGIT_CHECKSUM"":""1""}}","{""buffers"":[{""buffer_bytes"":""16524435968"",""buffer_mib"":""15758.930"",""eligible_pages"":""7470"",""gross_bytes"":""2493513728"",""gross_mib"":""2378.000"",""gross_pages"":""1189"",""layers"":""60"",""local_physical_bytes"":""14032044032"",""local_physical_mib"":""13382.000"",""mode"":""staging"",""net_bytes"":""2405433344"",""net_mib"":""2294.000"",""net_saved_mib"":""2294.000"",""page_bytes"":""2097152"",""page_mib"":""2.000"",""remote_mib"":""2378.000"",""requested_bytes"":""2493513728"",""requested_mib"":""2378.000"",""requested_pages"":""1189"",""selected_tensors"":""410"",""selection"":""global_budget"",""staging_bytes"":""88080384"",""staging_mib"":""84.000""}],""gross_pages"":1189,""gross_remote_bytes"":2493513728,""mode"":""staging"",""net_saved_bytes"":2405433344,""requested_pages"":1189,""selected_layers"":60,""selected_tensors"":410,""staging_bytes"":88080384}",
1,2ea4f9e1-2cf1-4a6f-908e-9afc36c6c3b0,2026-08-12T09:31:37.680111+00:00,463fcfc4c106535f73c78b7f9d39765d0de0d6d2e370f92d4b86bfb98a1cc036,31,intertidal_dma,dense,31.0,31738.000,165120,14.5,1198,,ok,0,32.555,1198,1198,2512388096,2396.000,14.503685,88080384,84.000,2424307712,2312.000,13.995208,measured_vmm_layout,,31738.000,410,60,,,4251.303594,63.362789,19.341571,0.120041,0.995080,0.250307,match,"[{""label"":""prompt"",""checksum"":""2417196da4492390"",""nonfinite"":0},{""label"":""prompt"",""checksum"":""0453392d6142afd3"",""nonfinite"":0},{""label"":""prompt"",""checksum"":""8c39d6d410e92623"",""nonfinite"":0},{""label"":""prompt"",""checksum"":""ce38b3f3a7a05142"",""nonfinite"":0},{""label"":""prompt"",""checksum"":""556c3b871bf91e81"",""nonfinite"":0},{""label"":""prompt"",""checksum"":""c930f979f7f0aed4"",""nonfinite"":0},{""label"":""decode"",""checksum"":""0c8e93b3ecced1c6"",""nonfinite"":0},{""label"":""decode"",""checksum"":""319a6a234bb9ed88"",""nonfinite"":0},{""label"":""decode"",""checksum"":""1e95777bddcc71d5"",""nonfinite"":0},{""label"":""decode"",""checksum"":""fc3ff68058ffd54e"",""nonfinite"":0},{""label"":""decode"",""checksum"":""92560214e2ee8afd"",""nonfinite"":0},{""label"":""decode"",""checksum"":""ea317c3ff2b17152"",""nonfinite"":0}]",b5d2ea31b0f709c295ad59dfab37889028c6fe9857ea11908ff3ab4b717c9a5d,0,216,29426.000,29479.000,2719.694,225.000,2962.000,49.657,60.000,201.074,463.500,83.722,100.000,"{""argv"":[""/home/wici/llama.cpp/build-cuda/bin/llama-bench"",""-m"",""/home/wici/voice-lab/models/gguf/gemma-4-31B-it-Q4_0.gguf"",""-p"",""512"",""-n"",""64"",""-r"",""5"",""-t"",""8"",""-b"",""512"",""-ub"",""512"",""-fa"",""on"",""-ctk"",""f16"",""-ctv"",""f16"",""-mmp"",""1"",""-o"",""csv"",""--ctx-size"",""165120"",""-ot"",""^blk[.][0-9]+[.](attn_(k|v|q|output)|ffn_(down|gate|up))[.]weight$=CUDA_Hybrid""],""env"":{""GGML_CUDA_HYBRID_MODE"":""staging"",""GGML_CUDA_HYBRID_PAGE_BUDGET"":""1198"",""LD_LIBRARY_PATH"":""/dev/shm/intertidal-capacity.mEP47j:/home/wici/llama.cpp/build-cuda/bin:/usr/local/cuda/lib64"",""LLAMA_BENCH_LOGIT_CHECKSUM"":""1""}}","{""buffers"":[{""buffer_bytes"":""16524435968"",""buffer_mib"":""15758.930"",""eligible_pages"":""7470"",""gross_bytes"":""2512388096"",""gross_mib"":""2396.000"",""gross_pages"":""1198"",""layers"":""60"",""local_physical_bytes"":""14013169664"",""local_physical_mib"":""13364.000"",""mode"":""staging"",""net_bytes"":""2424307712"",""net_mib"":""2312.000"",""net_saved_mib"":""2312.000"",""page_bytes"":""2097152"",""page_mib"":""2.000"",""remote_mib"":""2396.000"",""requested_bytes"":""2512388096"",""requested_mib"":""2396.000"",""requested_pages"":""1198"",""selected_tensors"":""410"",""selection"":""global_budget"",""staging_bytes"":""88080384"",""staging_mib"":""84.000""}],""gross_pages"":1198,""gross_remote_bytes"":2512388096,""mode"":""staging"",""net_saved_bytes"":2424307712,""requested_pages"":1198,""selected_layers"":60,""selected_tensors"":410,""staging_bytes"":88080384}",
1,2ea4f9e1-2cf1-4a6f-908e-9afc36c6c3b0,2026-08-12T09:32:12.691474+00:00,463fcfc4c106535f73c78b7f9d39765d0de0d6d2e370f92d4b86bfb98a1cc036,31,intertidal_dma,dense,31.0,31738.000,165120,14.6,1206,,ok,0,35.002,1206,1206,2529165312,2412.000,14.600538,88080384,84.000,2441084928,2328.000,14.092061,measured_vmm_layout,,31738.000,410,60,,,4257.019197,65.104009,19.318309,0.013921,0.996418,0.250005,match,"[{""label"":""prompt"",""checksum"":""2417196da4492390"",""nonfinite"":0},{""label"":""prompt"",""checksum"":""0453392d6142afd3"",""nonfinite"":0},{""label"":""prompt"",""checksum"":""8c39d6d410e92623"",""nonfinite"":0},{""label"":""prompt"",""checksum"":""ce38b3f3a7a05142"",""nonfinite"":0},{""label"":""prompt"",""checksum"":""556c3b871bf91e81"",""nonfinite"":0},{""label"":""prompt"",""checksum"":""c930f979f7f0aed4"",""nonfinite"":0},{""label"":""decode"",""checksum"":""0c8e93b3ecced1c6"",""nonfinite"":0},{""label"":""decode"",""checksum"":""319a6a234bb9ed88"",""nonfinite"":0},{""label"":""decode"",""checksum"":""1e95777bddcc71d5"",""nonfinite"":0},{""label"":""decode"",""checksum"":""fc3ff68058ffd54e"",""nonfinite"":0},{""label"":""decode"",""checksum"":""92560214e2ee8afd"",""nonfinite"":0},{""label"":""decode"",""checksum"":""ea317c3ff2b17152"",""nonfinite"":0}]",b5d2ea31b0f709c295ad59dfab37889028c6fe9857ea11908ff3ab4b717c9a5d,0,217,29410.000,29463.000,2734.521,225.000,2962.000,48.742,59.000,199.623,477.330,83.982,100.000,"{""argv"":[""/home/wici/llama.cpp/build-cuda/bin/llama-bench"",""-m"",""/home/wici/voice-lab/models/gguf/gemma-4-31B-it-Q4_0.gguf"",""-p"",""512"",""-n"",""64"",""-r"",""5"",""-t"",""8"",""-b"",""512"",""-ub"",""512"",""-fa"",""on"",""-ctk"",""f16"",""-ctv"",""f16"",""-mmp"",""1"",""-o"",""csv"",""--ctx-size"",""165120"",""-ot"",""^blk[.][0-9]+[.](attn_(k|v|q|output)|ffn_(down|gate|up))[.]weight$=CUDA_Hybrid""],""env"":{""GGML_CUDA_HYBRID_MODE"":""staging"",""GGML_CUDA_HYBRID_PAGE_BUDGET"":""1206"",""LD_LIBRARY_PATH"":""/dev/shm/intertidal-capacity.mEP47j:/home/wici/llama.cpp/build-cuda/bin:/usr/local/cuda/lib64"",""LLAMA_BENCH_LOGIT_CHECKSUM"":""1""}}","{""buffers"":[{""buffer_bytes"":""16524435968"",""buffer_mib"":""15758.930"",""eligible_pages"":""7470"",""gross_bytes"":""2529165312"",""gross_mib"":""2412.000"",""gross_pages"":""1206"",""layers"":""60"",""local_physical_bytes"":""13996392448"",""local_physical_mib"":""13348.000"",""mode"":""staging"",""net_bytes"":""2441084928"",""net_mib"":""2328.000"",""net_saved_mib"":""2328.000"",""page_bytes"":""2097152"",""page_mib"":""2.000"",""remote_mib"":""2412.000"",""requested_bytes"":""2529165312"",""requested_mib"":""2412.000"",""requested_pages"":""1206"",""selected_tensors"":""410"",""selection"":""global_budget"",""staging_bytes"":""88080384"",""staging_mib"":""84.000""}],""gross_pages"":1206,""gross_remote_bytes"":2529165312,""mode"":""staging"",""net_saved_bytes"":2441084928,""requested_pages"":1206,""selected_layers"":60,""selected_tensors"":410,""staging_bytes"":88080384}",
1,2ea4f9e1-2cf1-4a6f-908e-9afc36c6c3b0,2026-08-12T09:32:41.075994+00:00,463fcfc4c106535f73c78b7f9d39765d0de0d6d2e370f92d4b86bfb98a1cc036,31,intertidal_dma,dense,31.0,31738.000,165120,14.7,1214,,ok,0,28.374,1214,1214,2545942528,2428.000,14.697390,88080384,84.000,2457862144,2344.000,14.188914,measured_vmm_layout,,31738.000,410,60,,,4260.491315,71.211609,19.167567,0.019847,0.997231,0.248055,match,"[{""label"":""prompt"",""checksum"":""2417196da4492390"",""nonfinite"":0},{""label"":""prompt"",""checksum"":""0453392d6142afd3"",""nonfinite"":0},{""label"":""prompt"",""checksum"":""8c39d6d410e92623"",""nonfinite"":0},{""label"":""prompt"",""checksum"":""ce38b3f3a7a05142"",""nonfinite"":0},{""label"":""prompt"",""checksum"":""556c3b871bf91e81"",""nonfinite"":0},{""label"":""prompt"",""checksum"":""c930f979f7f0aed4"",""nonfinite"":0},{""label"":""decode"",""checksum"":""0c8e93b3ecced1c6"",""nonfinite"":0},{""label"":""decode"",""checksum"":""319a6a234bb9ed88"",""nonfinite"":0},{""label"":""decode"",""checksum"":""1e95777bddcc71d5"",""nonfinite"":0},{""label"":""decode"",""checksum"":""fc3ff68058ffd54e"",""nonfinite"":0},{""label"":""decode"",""checksum"":""92560214e2ee8afd"",""nonfinite"":0},{""label"":""decode"",""checksum"":""ea317c3ff2b17152"",""nonfinite"":0}]",b5d2ea31b0f709c295ad59dfab37889028c6fe9857ea11908ff3ab4b717c9a5d,0,218,29394.000,29447.000,2790.335,225.000,2962.000,47.615,58.000,199.369,476.800,79.482,100.000,"{""argv"":[""/home/wici/llama.cpp/build-cuda/bin/llama-bench"",""-m"",""/home/wici/voice-lab/models/gguf/gemma-4-31B-it-Q4_0.gguf"",""-p"",""512"",""-n"",""64"",""-r"",""5"",""-t"",""8"",""-b"",""512"",""-ub"",""512"",""-fa"",""on"",""-ctk"",""f16"",""-ctv"",""f16"",""-mmp"",""1"",""-o"",""csv"",""--ctx-size"",""165120"",""-ot"",""^blk[.][0-9]+[.](attn_(k|v|q|output)|ffn_(down|gate|up))[.]weight$=CUDA_Hybrid""],""env"":{""GGML_CUDA_HYBRID_MODE"":""staging"",""GGML_CUDA_HYBRID_PAGE_BUDGET"":""1214"",""LD_LIBRARY_PATH"":""/dev/shm/intertidal-capacity.mEP47j:/home/wici/llama.cpp/build-cuda/bin:/usr/local/cuda/lib64"",""LLAMA_BENCH_LOGIT_CHECKSUM"":""1""}}","{""buffers"":[{""buffer_bytes"":""16524435968"",""buffer_mib"":""15758.930"",""eligible_pages"":""7470"",""gross_bytes"":""2545942528"",""gross_mib"":""2428.000"",""gross_pages"":""1214"",""layers"":""60"",""local_physical_bytes"":""13979615232"",""local_physical_mib"":""13332.000"",""mode"":""staging"",""net_bytes"":""2457862144"",""net_mib"":""2344.000"",""net_saved_mib"":""2344.000"",""page_bytes"":""2097152"",""page_mib"":""2.000"",""remote_mib"":""2428.000"",""requested_bytes"":""2545942528"",""requested_mib"":""2428.000"",""requested_pages"":""1214"",""selected_tensors"":""410"",""selection"":""global_budget"",""staging_bytes"":""88080384"",""staging_mib"":""84.000""}],""gross_pages"":1214,""gross_remote_bytes"":2545942528,""mode"":""staging"",""net_saved_bytes"":2457862144,""requested_pages"":1214,""selected_layers"":60,""selected_tensors"":410,""staging_bytes"":88080384}",
1,2ea4f9e1-2cf1-4a6f-908e-9afc36c6c3b0,2026-08-12T09:33:02.229791+00:00,463fcfc4c106535f73c78b7f9d39765d0de0d6d2e370f92d4b86bfb98a1cc036,31,intertidal_dma,dense,31.0,31738.000,165120,14.8,1222,,ok,0,21.143,1222,1222,2562719744,2444.000,14.794243,92274688,88.000,2470445056,2356.000,14.261553,measured_vmm_layout,,31738.000,410,60,,,4257.105677,72.002665,19.053225,0.018689,0.996438,0.246575,match,"[{""label"":""prompt"",""checksum"":""2417196da4492390"",""nonfinite"":0},{""label"":""prompt"",""checksum"":""0453392d6142afd3"",""nonfinite"":0},{""label"":""prompt"",""checksum"":""8c39d6d410e92623"",""nonfinite"":0},{""label"":""prompt"",""checksum"":""ce38b3f3a7a05142"",""nonfinite"":0},{""label"":""prompt"",""checksum"":""556c3b871bf91e81"",""nonfinite"":0},{""label"":""prompt"",""checksum"":""c930f979f7f0aed4"",""nonfinite"":0},{""label"":""decode"",""checksum"":""0c8e93b3ecced1c6"",""nonfinite"":0},{""label"":""decode"",""checksum"":""319a6a234bb9ed88"",""nonfinite"":0},{""label"":""decode"",""checksum"":""1e95777bddcc71d5"",""nonfinite"":0},{""label"":""decode"",""checksum"":""fc3ff68058ffd54e"",""nonfinite"":0},{""label"":""decode"",""checksum"":""92560214e2ee8afd"",""nonfinite"":0},{""label"":""decode"",""checksum"":""ea317c3ff2b17152"",""nonfinite"":0}]",b5d2ea31b0f709c295ad59dfab37889028c6fe9857ea11908ff3ab4b717c9a5d,0,219,29382.000,29435.000,2909.251,2505.000,2962.000,48.562,58.000,206.245,480.720,87.292,100.000,"{""argv"":[""/home/wici/llama.cpp/build-cuda/bin/llama-bench"",""-m"",""/home/wici/voice-lab/models/gguf/gemma-4-31B-it-Q4_0.gguf"",""-p"",""512"",""-n"",""64"",""-r"",""5"",""-t"",""8"",""-b"",""512"",""-ub"",""512"",""-fa"",""on"",""-ctk"",""f16"",""-ctv"",""f16"",""-mmp"",""1"",""-o"",""csv"",""--ctx-size"",""165120"",""-ot"",""^blk[.][0-9]+[.](attn_(k|v|q|output)|ffn_(down|gate|up))[.]weight$=CUDA_Hybrid""],""env"":{""GGML_CUDA_HYBRID_MODE"":""staging"",""GGML_CUDA_HYBRID_PAGE_BUDGET"":""1222"",""LD_LIBRARY_PATH"":""/dev/shm/intertidal-capacity.mEP47j:/home/wici/llama.cpp/build-cuda/bin:/usr/local/cuda/lib64"",""LLAMA_BENCH_LOGIT_CHECKSUM"":""1""}}","{""buffers"":[{""buffer_bytes"":""16524435968"",""buffer_mib"":""15758.930"",""eligible_pages"":""7470"",""gross_bytes"":""2562719744"",""gross_mib"":""2444.000"",""gross_pages"":""1222"",""layers"":""60"",""local_physical_bytes"":""13962838016"",""local_physical_mib"":""13316.000"",""mode"":""staging"",""net_bytes"":""2470445056"",""net_mib"":""2356.000"",""net_saved_mib"":""2356.000"",""page_bytes"":""2097152"",""page_mib"":""2.000"",""remote_mib"":""2444.000"",""requested_bytes"":""2562719744"",""requested_mib"":""2444.000"",""requested_pages"":""1222"",""selected_tensors"":""410"",""selection"":""global_budget"",""staging_bytes"":""92274688"",""staging_mib"":""88.000""}],""gross_pages"":1222,""gross_remote_bytes"":2562719744,""mode"":""staging"",""net_saved_bytes"":2470445056,""requested_pages"":1222,""selected_layers"":60,""selected_tensors"":410,""staging_bytes"":92274688}",
1,2ea4f9e1-2cf1-4a6f-908e-9afc36c6c3b0,2026-08-12T09:33:23.644128+00:00,463fcfc4c106535f73c78b7f9d39765d0de0d6d2e370f92d4b86bfb98a1cc036,31,intertidal_dma,dense,31.0,31738.000,165120,14.9,1231,,ok,0,21.402,1231,1231,2581594112,2462.000,14.903202,92274688,88.000,2489319424,2374.000,14.370513,measured_vmm_layout,,31738.000,410,60,,,4256.847753,74.458699,18.906568,0.007162,0.996378,0.244677,match,"[{""label"":""prompt"",""checksum"":""2417196da4492390"",""nonfinite"":0},{""label"":""prompt"",""checksum"":""0453392d6142afd3"",""nonfinite"":0},{""label"":""prompt"",""checksum"":""8c39d6d410e92623"",""nonfinite"":0},{""label"":""prompt"",""checksum"":""ce38b3f3a7a05142"",""nonfinite"":0},{""label"":""prompt"",""checksum"":""556c3b871bf91e81"",""nonfinite"":0},{""label"":""prompt"",""checksum"":""c930f979f7f0aed4"",""nonfinite"":0},{""label"":""decode"",""checksum"":""0c8e93b3ecced1c6"",""nonfinite"":0},{""label"":""decode"",""checksum"":""319a6a234bb9ed88"",""nonfinite"":0},{""label"":""decode"",""checksum"":""1e95777bddcc71d5"",""nonfinite"":0},{""label"":""decode"",""checksum"":""fc3ff68058ffd54e"",""nonfinite"":0},{""label"":""decode"",""checksum"":""92560214e2ee8afd"",""nonfinite"":0},{""label"":""decode"",""checksum"":""ea317c3ff2b17152"",""nonfinite"":0}]",b5d2ea31b0f709c295ad59dfab37889028c6fe9857ea11908ff3ab4b717c9a5d,0,221,29364.000,29417.000,2923.733,2520.000,2962.000,48.941,60.000,205.617,464.590,87.172,100.000,"{""argv"":[""/home/wici/llama.cpp/build-cuda/bin/llama-bench"",""-m"",""/home/wici/voice-lab/models/gguf/gemma-4-31B-it-Q4_0.gguf"",""-p"",""512"",""-n"",""64"",""-r"",""5"",""-t"",""8"",""-b"",""512"",""-ub"",""512"",""-fa"",""on"",""-ctk"",""f16"",""-ctv"",""f16"",""-mmp"",""1"",""-o"",""csv"",""--ctx-size"",""165120"",""-ot"",""^blk[.][0-9]+[.](attn_(k|v|q|output)|ffn_(down|gate|up))[.]weight$=CUDA_Hybrid""],""env"":{""GGML_CUDA_HYBRID_MODE"":""staging"",""GGML_CUDA_HYBRID_PAGE_BUDGET"":""1231"",""LD_LIBRARY_PATH"":""/dev/shm/intertidal-capacity.mEP47j:/home/wici/llama.cpp/build-cuda/bin:/usr/local/cuda/lib64"",""LLAMA_BENCH_LOGIT_CHECKSUM"":""1""}}","{""buffers"":[{""buffer_bytes"":""16524435968"",""buffer_mib"":""15758.930"",""eligible_pages"":""7470"",""gross_bytes"":""2581594112"",""gross_mib"":""2462.000"",""gross_pages"":""1231"",""layers"":""60"",""local_physical_bytes"":""13943963648"",""local_physical_mib"":""13298.000"",""mode"":""staging"",""net_bytes"":""2489319424"",""net_mib"":""2374.000"",""net_saved_mib"":""2374.000"",""page_bytes"":""2097152"",""page_mib"":""2.000"",""remote_mib"":""2462.000"",""requested_bytes"":""2581594112"",""requested_mib"":""2462.000"",""requested_pages"":""1231"",""selected_tensors"":""410"",""selection"":""global_budget"",""staging_bytes"":""92274688"",""staging_mib"":""88.000""}],""gross_pages"":1231,""gross_remote_bytes"":2581594112,""mode"":""staging"",""net_saved_bytes"":2489319424,""requested_pages"":1231,""selected_layers"":60,""selected_tensors"":410,""staging_bytes"":92274688}",
1,2ea4f9e1-2cf1-4a6f-908e-9afc36c6c3b0,2026-08-12T09:33:45.209218+00:00,463fcfc4c106535f73c78b7f9d39765d0de0d6d2e370f92d4b86bfb98a1cc036,31,intertidal_dma,dense,31.0,31738.000,165120,15.1,1247,,ok,0,21.555,1247,1247,2615148544,2494.000,15.096907,92274688,88.000,2522873856,2406.000,14.564218,measured_vmm_layout,,31738.000,410,60,,,4254.262350,67.537332,18.626552,0.058346,0.995773,0.241053,match,"[{""label"":""prompt"",""checksum"":""2417196da4492390"",""nonfinite"":0},{""label"":""prompt"",""checksum"":""0453392d6142afd3"",""nonfinite"":0},{""label"":""prompt"",""checksum"":""8c39d6d410e92623"",""nonfinite"":0},{""label"":""prompt"",""checksum"":""ce38b3f3a7a05142"",""nonfinite"":0},{""label"":""prompt"",""checksum"":""556c3b871bf91e81"",""nonfinite"":0},{""label"":""prompt"",""checksum"":""c930f979f7f0aed4"",""nonfinite"":0},{""label"":""decode"",""checksum"":""0c8e93b3ecced1c6"",""nonfinite"":0},{""label"":""decode"",""checksum"":""319a6a234bb9ed88"",""nonfinite"":0},{""label"":""decode"",""checksum"":""1e95777bddcc71d5"",""nonfinite"":0},{""label"":""decode"",""checksum"":""fc3ff68058ffd54e"",""nonfinite"":0},{""label"":""decode"",""checksum"":""92560214e2ee8afd"",""nonfinite"":0},{""label"":""decode"",""checksum"":""ea317c3ff2b17152"",""nonfinite"":0}]",b5d2ea31b0f709c295ad59dfab37889028c6fe9857ea11908ff3ab4b717c9a5d,0,223,29332.000,29385.000,2898.830,2520.000,2962.000,49.480,60.000,204.405,471.100,86.709,100.000,"{""argv"":[""/home/wici/llama.cpp/build-cuda/bin/llama-bench"",""-m"",""/home/wici/voice-lab/models/gguf/gemma-4-31B-it-Q4_0.gguf"",""-p"",""512"",""-n"",""64"",""-r"",""5"",""-t"",""8"",""-b"",""512"",""-ub"",""512"",""-fa"",""on"",""-ctk"",""f16"",""-ctv"",""f16"",""-mmp"",""1"",""-o"",""csv"",""--ctx-size"",""165120"",""-ot"",""^blk[.][0-9]+[.](attn_(k|v|q|output)|ffn_(down|gate|up))[.]weight$=CUDA_Hybrid""],""env"":{""GGML_CUDA_HYBRID_MODE"":""staging"",""GGML_CUDA_HYBRID_PAGE_BUDGET"":""1247"",""LD_LIBRARY_PATH"":""/dev/shm/intertidal-capacity.mEP47j:/home/wici/llama.cpp/build-cuda/bin:/usr/local/cuda/lib64"",""LLAMA_BENCH_LOGIT_CHECKSUM"":""1""}}","{""buffers"":[{""buffer_bytes"":""16524435968"",""buffer_mib"":""15758.930"",""eligible_pages"":""7470"",""gross_bytes"":""2615148544"",""gross_mib"":""2494.000"",""gross_pages"":""1247"",""layers"":""60"",""local_physical_bytes"":""13910409216"",""local_physical_mib"":""13266.000"",""mode"":""staging"",""net_bytes"":""2522873856"",""net_mib"":""2406.000"",""net_saved_mib"":""2406.000"",""page_bytes"":""2097152"",""page_mib"":""2.000"",""remote_mib"":""2494.000"",""requested_bytes"":""2615148544"",""requested_mib"":""2494.000"",""requested_pages"":""1247"",""selected_tensors"":""410"",""selection"":""global_budget"",""staging_bytes"":""92274688"",""staging_mib"":""88.000""}],""gross_pages"":1247,""gross_remote_bytes"":2615148544,""mode"":""staging"",""net_saved_bytes"":2522873856,""requested_pages"":1247,""selected_layers"":60,""selected_tensors"":410,""staging_bytes"":92274688}",
1,2ea4f9e1-2cf1-4a6f-908e-9afc36c6c3b0,2026-08-12T09:34:07.611304+00:00,463fcfc4c106535f73c78b7f9d39765d0de0d6d2e370f92d4b86bfb98a1cc036,31,intertidal_dma,dense,31.0,31738.000,165120,15.2,1256,,ok,0,22.386,1256,1256,2634022912,2512.000,15.205867,92274688,88.000,2541748224,2424.000,14.673177,measured_vmm_layout,,31738.000,410,60,,,4250.285825,70.276877,18.040811,0.225445,0.994842,0.233473,match,"[{""label"":""prompt"",""checksum"":""2417196da4492390"",""nonfinite"":0},{""label"":""prompt"",""checksum"":""0453392d6142afd3"",""nonfinite"":0},{""label"":""prompt"",""checksum"":""8c39d6d410e92623"",""nonfinite"":0},{""label"":""prompt"",""checksum"":""ce38b3f3a7a05142"",""nonfinite"":0},{""label"":""prompt"",""checksum"":""556c3b871bf91e81"",""nonfinite"":0},{""label"":""prompt"",""checksum"":""c930f979f7f0aed4"",""nonfinite"":0},{""label"":""decode"",""checksum"":""0c8e93b3ecced1c6"",""nonfinite"":0},{""label"":""decode"",""checksum"":""319a6a234bb9ed88"",""nonfinite"":0},{""label"":""decode"",""checksum"":""1e95777bddcc71d5"",""nonfinite"":0},{""label"":""decode"",""checksum"":""fc3ff68058ffd54e"",""nonfinite"":0},{""label"":""decode"",""checksum"":""92560214e2ee8afd"",""nonfinite"":0},{""label"":""decode"",""checksum"":""ea317c3ff2b17152"",""nonfinite"":0}]",b5d2ea31b0f709c295ad59dfab37889028c6fe9857ea11908ff3ab4b717c9a5d,0,226,29314.000,29367.000,2885.066,2505.000,2962.000,49.646,60.000,202.048,454.880,85.248,100.000,"{""argv"":[""/home/wici/llama.cpp/build-cuda/bin/llama-bench"",""-m"",""/home/wici/voice-lab/models/gguf/gemma-4-31B-it-Q4_0.gguf"",""-p"",""512"",""-n"",""64"",""-r"",""5"",""-t"",""8"",""-b"",""512"",""-ub"",""512"",""-fa"",""on"",""-ctk"",""f16"",""-ctv"",""f16"",""-mmp"",""1"",""-o"",""csv"",""--ctx-size"",""165120"",""-ot"",""^blk[.][0-9]+[.](attn_(k|v|q|output)|ffn_(down|gate|up))[.]weight$=CUDA_Hybrid""],""env"":{""GGML_CUDA_HYBRID_MODE"":""staging"",""GGML_CUDA_HYBRID_PAGE_BUDGET"":""1256"",""LD_LIBRARY_PATH"":""/dev/shm/intertidal-capacity.mEP47j:/home/wici/llama.cpp/build-cuda/bin:/usr/local/cuda/lib64"",""LLAMA_BENCH_LOGIT_CHECKSUM"":""1""}}","{""buffers"":[{""buffer_bytes"":""16524435968"",""buffer_mib"":""15758.930"",""eligible_pages"":""7470"",""gross_bytes"":""2634022912"",""gross_mib"":""2512.000"",""gross_pages"":""1256"",""layers"":""60"",""local_physical_bytes"":""13891534848"",""local_physical_mib"":""13248.000"",""mode"":""staging"",""net_bytes"":""2541748224"",""net_mib"":""2424.000"",""net_saved_mib"":""2424.000"",""page_bytes"":""2097152"",""page_mib"":""2.000"",""remote_mib"":""2512.000"",""requested_bytes"":""2634022912"",""requested_mib"":""2512.000"",""requested_pages"":""1256"",""selected_tensors"":""410"",""selection"":""global_budget"",""staging_bytes"":""92274688"",""staging_mib"":""88.000""}],""gross_pages"":1256,""gross_remote_bytes"":2634022912,""mode"":""staging"",""net_saved_bytes"":2541748224,""requested_pages"":1256,""selected_layers"":60,""selected_tensors"":410,""staging_bytes"":92274688}",
1,2ea4f9e1-2cf1-4a6f-908e-9afc36c6c3b0,2026-08-12T09:34:30.144099+00:00,463fcfc4c106535f73c78b7f9d39765d0de0d6d2e370f92d4b86bfb98a1cc036,31,intertidal_dma,dense,31.0,31738.000,165120,15.3,1264,,ok,0,22.525,1264,1264,2650800128,2528.000,15.302719,92274688,88.000,2558525440,2440.000,14.770030,measured_vmm_layout,,31738.000,410,60,,,4244.205355,76.812226,17.977756,0.159272,0.993419,0.232657,match,"[{""label"":""prompt"",""checksum"":""2417196da4492390"",""nonfinite"":0},{""label"":""prompt"",""checksum"":""0453392d6142afd3"",""nonfinite"":0},{""label"":""prompt"",""checksum"":""8c39d6d410e92623"",""nonfinite"":0},{""label"":""prompt"",""checksum"":""ce38b3f3a7a05142"",""nonfinite"":0},{""label"":""prompt"",""checksum"":""556c3b871bf91e81"",""nonfinite"":0},{""label"":""prompt"",""checksum"":""c930f979f7f0aed4"",""nonfinite"":0},{""label"":""decode"",""checksum"":""0c8e93b3ecced1c6"",""nonfinite"":0},{""label"":""decode"",""checksum"":""319a6a234bb9ed88"",""nonfinite"":0},{""label"":""decode"",""checksum"":""1e95777bddcc71d5"",""nonfinite"":0},{""label"":""decode"",""checksum"":""fc3ff68058ffd54e"",""nonfinite"":0},{""label"":""decode"",""checksum"":""92560214e2ee8afd"",""nonfinite"":0},{""label"":""decode"",""checksum"":""ea317c3ff2b17152"",""nonfinite"":0}]",b5d2ea31b0f709c295ad59dfab37889028c6fe9857ea11908ff3ab4b717c9a5d,0,227,29298.000,29351.000,2912.815,2505.000,2962.000,49.700,60.000,200.540,475.780,83.626,100.000,"{""argv"":[""/home/wici/llama.cpp/build-cuda/bin/llama-bench"",""-m"",""/home/wici/voice-lab/models/gguf/gemma-4-31B-it-Q4_0.gguf"",""-p"",""512"",""-n"",""64"",""-r"",""5"",""-t"",""8"",""-b"",""512"",""-ub"",""512"",""-fa"",""on"",""-ctk"",""f16"",""-ctv"",""f16"",""-mmp"",""1"",""-o"",""csv"",""--ctx-size"",""165120"",""-ot"",""^blk[.][0-9]+[.](attn_(k|v|q|output)|ffn_(down|gate|up))[.]weight$=CUDA_Hybrid""],""env"":{""GGML_CUDA_HYBRID_MODE"":""staging"",""GGML_CUDA_HYBRID_PAGE_BUDGET"":""1264"",""LD_LIBRARY_PATH"":""/dev/shm/intertidal-capacity.mEP47j:/home/wici/llama.cpp/build-cuda/bin:/usr/local/cuda/lib64"",""LLAMA_BENCH_LOGIT_CHECKSUM"":""1""}}","{""buffers"":[{""buffer_bytes"":""16524435968"",""buffer_mib"":""15758.930"",""eligible_pages"":""7470"",""gross_bytes"":""2650800128"",""gross_mib"":""2528.000"",""gross_pages"":""1264"",""layers"":""60"",""local_physical_bytes"":""13874757632"",""local_physical_mib"":""13232.000"",""mode"":""staging"",""net_bytes"":""2558525440"",""net_mib"":""2440.000"",""net_saved_mib"":""2440.000"",""page_bytes"":""2097152"",""page_mib"":""2.000"",""remote_mib"":""2528.000"",""requested_bytes"":""2650800128"",""requested_mib"":""2528.000"",""requested_pages"":""1264"",""selected_tensors"":""410"",""selection"":""global_budget"",""staging_bytes"":""92274688"",""staging_mib"":""88.000""}],""gross_pages"":1264,""gross_remote_bytes"":2650800128,""mode"":""staging"",""net_saved_bytes"":2558525440,""requested_pages"":1264,""selected_layers"":60,""selected_tensors"":410,""staging_bytes"":92274688}",
1,2ea4f9e1-2cf1-4a6f-908e-9afc36c6c3b0,2026-08-12T09:34:52.466263+00:00,463fcfc4c106535f73c78b7f9d39765d0de0d6d2e370f92d4b86bfb98a1cc036,31,intertidal_dma,dense,31.0,31738.000,165120,15.4,1272,,ok,0,22.314,1272,1272,2667577344,2544.000,15.399572,92274688,88.000,2575302656,2456.000,14.866882,measured_vmm_layout,,31738.000,410,60,,,4247.804155,63.808122,18.177362,0.156546,0.994261,0.235240,match,"[{""label"":""prompt"",""checksum"":""2417196da4492390"",""nonfinite"":0},{""label"":""prompt"",""checksum"":""0453392d6142afd3"",""nonfinite"":0},{""label"":""prompt"",""checksum"":""8c39d6d410e92623"",""nonfinite"":0},{""label"":""prompt"",""checksum"":""ce38b3f3a7a05142"",""nonfinite"":0},{""label"":""prompt"",""checksum"":""556c3b871bf91e81"",""nonfinite"":0},{""label"":""prompt"",""checksum"":""c930f979f7f0aed4"",""nonfinite"":0},{""label"":""decode"",""checksum"":""0c8e93b3ecced1c6"",""nonfinite"":0},{""label"":""decode"",""checksum"":""319a6a234bb9ed88"",""nonfinite"":0},{""label"":""decode"",""checksum"":""1e95777bddcc71d5"",""nonfinite"":0},{""label"":""decode"",""checksum"":""fc3ff68058ffd54e"",""nonfinite"":0},{""label"":""decode"",""checksum"":""92560214e2ee8afd"",""nonfinite"":0},{""label"":""decode"",""checksum"":""ea317c3ff2b17152"",""nonfinite"":0}]",b5d2ea31b0f709c295ad59dfab37889028c6fe9857ea11908ff3ab4b717c9a5d,0,229,29282.000,29335.000,2912.144,2505.000,2962.000,49.795,61.000,202.410,444.790,84.301,100.000,"{""argv"":[""/home/wici/llama.cpp/build-cuda/bin/llama-bench"",""-m"",""/home/wici/voice-lab/models/gguf/gemma-4-31B-it-Q4_0.gguf"",""-p"",""512"",""-n"",""64"",""-r"",""5"",""-t"",""8"",""-b"",""512"",""-ub"",""512"",""-fa"",""on"",""-ctk"",""f16"",""-ctv"",""f16"",""-mmp"",""1"",""-o"",""csv"",""--ctx-size"",""165120"",""-ot"",""^blk[.][0-9]+[.](attn_(k|v|q|output)|ffn_(down|gate|up))[.]weight$=CUDA_Hybrid""],""env"":{""GGML_CUDA_HYBRID_MODE"":""staging"",""GGML_CUDA_HYBRID_PAGE_BUDGET"":""1272"",""LD_LIBRARY_PATH"":""/dev/shm/intertidal-capacity.mEP47j:/home/wici/llama.cpp/build-cuda/bin:/usr/local/cuda/lib64"",""LLAMA_BENCH_LOGIT_CHECKSUM"":""1""}}","{""buffers"":[{""buffer_bytes"":""16524435968"",""buffer_mib"":""15758.930"",""eligible_pages"":""7470"",""gross_bytes"":""2667577344"",""gross_mib"":""2544.000"",""gross_pages"":""1272"",""layers"":""60"",""local_physical_bytes"":""13857980416"",""local_physical_mib"":""13216.000"",""mode"":""staging"",""net_bytes"":""2575302656"",""net_mib"":""2456.000"",""net_saved_mib"":""2456.000"",""page_bytes"":""2097152"",""page_mib"":""2.000"",""remote_mib"":""2544.000"",""requested_bytes"":""2667577344"",""requested_mib"":""2544.000"",""requested_pages"":""1272"",""selected_tensors"":""410"",""selection"":""global_budget"",""staging_bytes"":""92274688"",""staging_mib"":""88.000""}],""gross_pages"":1272,""gross_remote_bytes"":2667577344,""mode"":""staging"",""net_saved_bytes"":2575302656,""requested_pages"":1272,""selected_layers"":60,""selected_tensors"":410,""staging_bytes"":92274688}",
1,2ea4f9e1-2cf1-4a6f-908e-9afc36c6c3b0,2026-08-12T09:35:14.609247+00:00,463fcfc4c106535f73c78b7f9d39765d0de0d6d2e370f92d4b86bfb98a1cc036,31,intertidal_dma,dense,31.0,31738.000,165120,15.5,1280,,ok,0,22.136,1280,1280,2684354560,2560.000,15.496425,92274688,88.000,2592079872,2472.000,14.963735,measured_vmm_layout,,31738.000,410,60,,,4244.912970,71.516445,18.186164,0.016391,0.993584,0.235354,match,"[{""label"":""prompt"",""checksum"":""2417196da4492390"",""nonfinite"":0},{""label"":""prompt"",""checksum"":""0453392d6142afd3"",""nonfinite"":0},{""label"":""prompt"",""checksum"":""8c39d6d410e92623"",""nonfinite"":0},{""label"":""prompt"",""checksum"":""ce38b3f3a7a05142"",""nonfinite"":0},{""label"":""prompt"",""checksum"":""556c3b871bf91e81"",""nonfinite"":0},{""label"":""prompt"",""checksum"":""c930f979f7f0aed4"",""nonfinite"":0},{""label"":""decode"",""checksum"":""0c8e93b3ecced1c6"",""nonfinite"":0},{""label"":""decode"",""checksum"":""319a6a234bb9ed88"",""nonfinite"":0},{""label"":""decode"",""checksum"":""1e95777bddcc71d5"",""nonfinite"":0},{""label"":""decode"",""checksum"":""fc3ff68058ffd54e"",""nonfinite"":0},{""label"":""decode"",""checksum"":""92560214e2ee8afd"",""nonfinite"":0},{""label"":""decode"",""checksum"":""ea317c3ff2b17152"",""nonfinite"":0}]",b5d2ea31b0f709c295ad59dfab37889028c6fe9857ea11908ff3ab4b717c9a5d,0,229,29266.000,29319.000,2911.476,2505.000,2962.000,50.105,61.000,203.294,465.310,83.489,100.000,"{""argv"":[""/home/wici/llama.cpp/build-cuda/bin/llama-bench"",""-m"",""/home/wici/voice-lab/models/gguf/gemma-4-31B-it-Q4_0.gguf"",""-p"",""512"",""-n"",""64"",""-r"",""5"",""-t"",""8"",""-b"",""512"",""-ub"",""512"",""-fa"",""on"",""-ctk"",""f16"",""-ctv"",""f16"",""-mmp"",""1"",""-o"",""csv"",""--ctx-size"",""165120"",""-ot"",""^blk[.][0-9]+[.](attn_(k|v|q|output)|ffn_(down|gate|up))[.]weight$=CUDA_Hybrid""],""env"":{""GGML_CUDA_HYBRID_MODE"":""staging"",""GGML_CUDA_HYBRID_PAGE_BUDGET"":""1280"",""LD_LIBRARY_PATH"":""/dev/shm/intertidal-capacity.mEP47j:/home/wici/llama.cpp/build-cuda/bin:/usr/local/cuda/lib64"",""LLAMA_BENCH_LOGIT_CHECKSUM"":""1""}}","{""buffers"":[{""buffer_bytes"":""16524435968"",""buffer_mib"":""15758.930"",""eligible_pages"":""7470"",""gross_bytes"":""2684354560"",""gross_mib"":""2560.000"",""gross_pages"":""1280"",""layers"":""60"",""local_physical_bytes"":""13841203200"",""local_physical_mib"":""13200.000"",""mode"":""staging"",""net_bytes"":""2592079872"",""net_mib"":""2472.000"",""net_saved_mib"":""2472.000"",""page_bytes"":""2097152"",""page_mib"":""2.000"",""remote_mib"":""2560.000"",""requested_bytes"":""2684354560"",""requested_mib"":""2560.000"",""requested_pages"":""1280"",""selected_tensors"":""410"",""selection"":""global_budget"",""staging_bytes"":""92274688"",""staging_mib"":""88.000""}],""gross_pages"":1280,""gross_remote_bytes"":2684354560,""mode"":""staging"",""net_saved_bytes"":2592079872,""requested_pages"":1280,""selected_layers"":60,""selected_tensors"":410,""staging_bytes"":92274688}",
1,2ea4f9e1-2cf1-4a6f-908e-9afc36c6c3b0,2026-08-12T09:35:36.958603+00:00,463fcfc4c106535f73c78b7f9d39765d0de0d6d2e370f92d4b86bfb98a1cc036,31,intertidal_dma,dense,31.0,31738.000,165120,15.6,1289,,ok,0,22.341,1289,1289,2703228928,2578.000,15.605384,96468992,92.000,2606759936,2486.000,15.048481,measured_vmm_layout,,31738.000,410,60,,,4248.726153,60.480984,17.946933,0.164037,0.994477,0.232258,match,"[{""label"":""prompt"",""checksum"":""2417196da4492390"",""nonfinite"":0},{""label"":""prompt"",""checksum"":""0453392d6142afd3"",""nonfinite"":0},{""label"":""prompt"",""checksum"":""8c39d6d410e92623"",""nonfinite"":0},{""label"":""prompt"",""checksum"":""ce38b3f3a7a05142"",""nonfinite"":0},{""label"":""prompt"",""checksum"":""556c3b871bf91e81"",""nonfinite"":0},{""label"":""prompt"",""checksum"":""c930f979f7f0aed4"",""nonfinite"":0},{""label"":""decode"",""checksum"":""0c8e93b3ecced1c6"",""nonfinite"":0},{""label"":""decode"",""checksum"":""319a6a234bb9ed88"",""nonfinite"":0},{""label"":""decode"",""checksum"":""1e95777bddcc71d5"",""nonfinite"":0},{""label"":""decode"",""checksum"":""fc3ff68058ffd54e"",""nonfinite"":0},{""label"":""decode"",""checksum"":""92560214e2ee8afd"",""nonfinite"":0},{""label"":""decode"",""checksum"":""ea317c3ff2b17152"",""nonfinite"":0}]",b5d2ea31b0f709c295ad59dfab37889028c6fe9857ea11908ff3ab4b717c9a5d,0,230,29252.000,29305.000,2901.448,2505.000,2962.000,50.083,60.000,202.007,456.520,87.096,100.000,"{""argv"":[""/home/wici/llama.cpp/build-cuda/bin/llama-bench"",""-m"",""/home/wici/voice-lab/models/gguf/gemma-4-31B-it-Q4_0.gguf"",""-p"",""512"",""-n"",""64"",""-r"",""5"",""-t"",""8"",""-b"",""512"",""-ub"",""512"",""-fa"",""on"",""-ctk"",""f16"",""-ctv"",""f16"",""-mmp"",""1"",""-o"",""csv"",""--ctx-size"",""165120"",""-ot"",""^blk[.][0-9]+[.](attn_(k|v|q|output)|ffn_(down|gate|up))[.]weight$=CUDA_Hybrid""],""env"":{""GGML_CUDA_HYBRID_MODE"":""staging"",""GGML_CUDA_HYBRID_PAGE_BUDGET"":""1289"",""LD_LIBRARY_PATH"":""/dev/shm/intertidal-capacity.mEP47j:/home/wici/llama.cpp/build-cuda/bin:/usr/local/cuda/lib64"",""LLAMA_BENCH_LOGIT_CHECKSUM"":""1""}}","{""buffers"":[{""buffer_bytes"":""16524435968"",""buffer_mib"":""15758.930"",""eligible_pages"":""7470"",""gross_bytes"":""2703228928"",""gross_mib"":""2578.000"",""gross_pages"":""1289"",""layers"":""60"",""local_physical_bytes"":""13822328832"",""local_physical_mib"":""13182.000"",""mode"":""staging"",""net_bytes"":""2606759936"",""net_mib"":""2486.000"",""net_saved_mib"":""2486.000"",""page_bytes"":""2097152"",""page_mib"":""2.000"",""remote_mib"":""2578.000"",""requested_bytes"":""2703228928"",""requested_mib"":""2578.000"",""requested_pages"":""1289"",""selected_tensors"":""410"",""selection"":""global_budget"",""staging_bytes"":""96468992"",""staging_mib"":""92.000""}],""gross_pages"":1289,""gross_remote_bytes"":2703228928,""mode"":""staging"",""net_saved_bytes"":2606759936,""requested_pages"":1289,""selected_layers"":60,""selected_tensors"":410,""staging_bytes"":96468992}",
1,2ea4f9e1-2cf1-4a6f-908e-9afc36c6c3b0,2026-08-12T09:35:59.387162+00:00,463fcfc4c106535f73c78b7f9d39765d0de0d6d2e370f92d4b86bfb98a1cc036,31,intertidal_dma,dense,31.0,31738.000,165120,15.7,1297,,ok,0,22.422,1297,1297,2720006144,2594.000,15.702237,96468992,92.000,2623537152,2502.000,15.145334,measured_vmm_layout,,31738.000,410,60,,,4248.387729,65.822028,17.923925,0.037818,0.994398,0.231960,match,"[{""label"":""prompt"",""checksum"":""2417196da4492390"",""nonfinite"":0},{""label"":""prompt"",""checksum"":""0453392d6142afd3"",""nonfinite"":0},{""label"":""prompt"",""checksum"":""8c39d6d410e92623"",""nonfinite"":0},{""label"":""prompt"",""checksum"":""ce38b3f3a7a05142"",""nonfinite"":0},{""label"":""prompt"",""checksum"":""556c3b871bf91e81"",""nonfinite"":0},{""label"":""prompt"",""checksum"":""c930f979f7f0aed4"",""nonfinite"":0},{""label"":""decode"",""checksum"":""0c8e93b3ecced1c6"",""nonfinite"":0},{""label"":""decode"",""checksum"":""319a6a234bb9ed88"",""nonfinite"":0},{""label"":""decode"",""checksum"":""1e95777bddcc71d5"",""nonfinite"":0},{""label"":""decode"",""checksum"":""fc3ff68058ffd54e"",""nonfinite"":0},{""label"":""decode"",""checksum"":""92560214e2ee8afd"",""nonfinite"":0},{""label"":""decode"",""checksum"":""ea317c3ff2b17152"",""nonfinite"":0}]",b5d2ea31b0f709c295ad59dfab37889028c6fe9857ea11908ff3ab4b717c9a5d,0,231,29236.000,29289.000,2922.468,2512.000,2962.000,49.983,60.000,202.405,476.630,86.177,100.000,"{""argv"":[""/home/wici/llama.cpp/build-cuda/bin/llama-bench"",""-m"",""/home/wici/voice-lab/models/gguf/gemma-4-31B-it-Q4_0.gguf"",""-p"",""512"",""-n"",""64"",""-r"",""5"",""-t"",""8"",""-b"",""512"",""-ub"",""512"",""-fa"",""on"",""-ctk"",""f16"",""-ctv"",""f16"",""-mmp"",""1"",""-o"",""csv"",""--ctx-size"",""165120"",""-ot"",""^blk[.][0-9]+[.](attn_(k|v|q|output)|ffn_(down|gate|up))[.]weight$=CUDA_Hybrid""],""env"":{""GGML_CUDA_HYBRID_MODE"":""staging"",""GGML_CUDA_HYBRID_PAGE_BUDGET"":""1297"",""LD_LIBRARY_PATH"":""/dev/shm/intertidal-capacity.mEP47j:/home/wici/llama.cpp/build-cuda/bin:/usr/local/cuda/lib64"",""LLAMA_BENCH_LOGIT_CHECKSUM"":""1""}}","{""buffers"":[{""buffer_bytes"":""16524435968"",""buffer_mib"":""15758.930"",""eligible_pages"":""7470"",""gross_bytes"":""2720006144"",""gross_mib"":""2594.000"",""gross_pages"":""1297"",""layers"":""60"",""local_physical_bytes"":""13805551616"",""local_physical_mib"":""13166.000"",""mode"":""staging"",""net_bytes"":""2623537152"",""net_mib"":""2502.000"",""net_saved_mib"":""2502.000"",""page_bytes"":""2097152"",""page_mib"":""2.000"",""remote_mib"":""2594.000"",""requested_bytes"":""2720006144"",""requested_mib"":""2594.000"",""requested_pages"":""1297"",""selected_tensors"":""410"",""selection"":""global_budget"",""staging_bytes"":""96468992"",""staging_mib"":""92.000""}],""gross_pages"":1297,""gross_remote_bytes"":2720006144,""mode"":""staging"",""net_saved_bytes"":2623537152,""requested_pages"":1297,""selected_layers"":60,""selected_tensors"":410,""staging_bytes"":96468992}",
1,2ea4f9e1-2cf1-4a6f-908e-9afc36c6c3b0,2026-08-12T09:36:22.134621+00:00,463fcfc4c106535f73c78b7f9d39765d0de0d6d2e370f92d4b86bfb98a1cc036,31,intertidal_dma,dense,31.0,31738.000,165120,15.8,1305,,ok,0,22.741,1305,1305,2736783360,2610.000,15.799089,96468992,92.000,2640314368,2518.000,15.242186,measured_vmm_layout,,31738.000,410,60,,,4249.456935,66.672718,17.743740,0.086512,0.994648,0.229628,match,"[{""label"":""prompt"",""checksum"":""2417196da4492390"",""nonfinite"":0},{""label"":""prompt"",""checksum"":""0453392d6142afd3"",""nonfinite"":0},{""label"":""prompt"",""checksum"":""8c39d6d410e92623"",""nonfinite"":0},{""label"":""prompt"",""checksum"":""ce38b3f3a7a05142"",""nonfinite"":0},{""label"":""prompt"",""checksum"":""556c3b871bf91e81"",""nonfinite"":0},{""label"":""prompt"",""checksum"":""c930f979f7f0aed4"",""nonfinite"":0},{""label"":""decode"",""checksum"":""0c8e93b3ecced1c6"",""nonfinite"":0},{""label"":""decode"",""checksum"":""319a6a234bb9ed88"",""nonfinite"":0},{""label"":""decode"",""checksum"":""1e95777bddcc71d5"",""nonfinite"":0},{""label"":""decode"",""checksum"":""fc3ff68058ffd54e"",""nonfinite"":0},{""label"":""decode"",""checksum"":""92560214e2ee8afd"",""nonfinite"":0},{""label"":""decode"",""checksum"":""ea317c3ff2b17152"",""nonfinite"":0}]",b5d2ea31b0f709c295ad59dfab37889028c6fe9857ea11908ff3ab4b717c9a5d,0,233,29220.000,29273.000,2894.918,2505.000,2962.000,50.129,61.000,199.766,472.620,87.236,100.000,"{""argv"":[""/home/wici/llama.cpp/build-cuda/bin/llama-bench"",""-m"",""/home/wici/voice-lab/models/gguf/gemma-4-31B-it-Q4_0.gguf"",""-p"",""512"",""-n"",""64"",""-r"",""5"",""-t"",""8"",""-b"",""512"",""-ub"",""512"",""-fa"",""on"",""-ctk"",""f16"",""-ctv"",""f16"",""-mmp"",""1"",""-o"",""csv"",""--ctx-size"",""165120"",""-ot"",""^blk[.][0-9]+[.](attn_(k|v|q|output)|ffn_(down|gate|up))[.]weight$=CUDA_Hybrid""],""env"":{""GGML_CUDA_HYBRID_MODE"":""staging"",""GGML_CUDA_HYBRID_PAGE_BUDGET"":""1305"",""LD_LIBRARY_PATH"":""/dev/shm/intertidal-capacity.mEP47j:/home/wici/llama.cpp/build-cuda/bin:/usr/local/cuda/lib64"",""LLAMA_BENCH_LOGIT_CHECKSUM"":""1""}}","{""buffers"":[{""buffer_bytes"":""16524435968"",""buffer_mib"":""15758.930"",""eligible_pages"":""7470"",""gross_bytes"":""2736783360"",""gross_mib"":""2610.000"",""gross_pages"":""1305"",""layers"":""60"",""local_physical_bytes"":""13788774400"",""local_physical_mib"":""13150.000"",""mode"":""staging"",""net_bytes"":""2640314368"",""net_mib"":""2518.000"",""net_saved_mib"":""2518.000"",""page_bytes"":""2097152"",""page_mib"":""2.000"",""remote_mib"":""2610.000"",""requested_bytes"":""2736783360"",""requested_mib"":""2610.000"",""requested_pages"":""1305"",""selected_tensors"":""410"",""selection"":""global_budget"",""staging_bytes"":""96468992"",""staging_mib"":""92.000""}],""gross_pages"":1305,""gross_remote_bytes"":2736783360,""mode"":""staging"",""net_saved_bytes"":2640314368,""requested_pages"":1305,""selected_layers"":60,""selected_tensors"":410,""staging_bytes"":96468992}",
1,2ea4f9e1-2cf1-4a6f-908e-9afc36c6c3b0,2026-08-12T09:36:44.711874+00:00,463fcfc4c106535f73c78b7f9d39765d0de0d6d2e370f92d4b86bfb98a1cc036,31,intertidal_dma,dense,31.0,31738.000,165120,15.9,1313,,ok,0,22.568,1313,1313,2753560576,2626.000,15.895942,96468992,92.000,2657091584,2534.000,15.339039,measured_vmm_layout,,31738.000,410,60,,,4248.151657,54.489076,17.720567,0.015051,0.994342,0.229328,match,"[{""label"":""prompt"",""checksum"":""2417196da4492390"",""nonfinite"":0},{""label"":""prompt"",""checksum"":""0453392d6142afd3"",""nonfinite"":0},{""label"":""prompt"",""checksum"":""8c39d6d410e92623"",""nonfinite"":0},{""label"":""prompt"",""checksum"":""ce38b3f3a7a05142"",""nonfinite"":0},{""label"":""prompt"",""checksum"":""556c3b871bf91e81"",""nonfinite"":0},{""label"":""prompt"",""checksum"":""c930f979f7f0aed4"",""nonfinite"":0},{""label"":""decode"",""checksum"":""0c8e93b3ecced1c6"",""nonfinite"":0},{""label"":""decode"",""checksum"":""319a6a234bb9ed88"",""nonfinite"":0},{""label"":""decode"",""checksum"":""1e95777bddcc71d5"",""nonfinite"":0},{""label"":""decode"",""checksum"":""fc3ff68058ffd54e"",""nonfinite"":0},{""label"":""decode"",""checksum"":""92560214e2ee8afd"",""nonfinite"":0},{""label"":""decode"",""checksum"":""ea317c3ff2b17152"",""nonfinite"":0}]",b5d2ea31b0f709c295ad59dfab37889028c6fe9857ea11908ff3ab4b717c9a5d,0,233,29204.000,29257.000,2904.747,2505.000,2962.000,50.120,61.000,203.458,471.980,83.966,100.000,"{""argv"":[""/home/wici/llama.cpp/build-cuda/bin/llama-bench"",""-m"",""/home/wici/voice-lab/models/gguf/gemma-4-31B-it-Q4_0.gguf"",""-p"",""512"",""-n"",""64"",""-r"",""5"",""-t"",""8"",""-b"",""512"",""-ub"",""512"",""-fa"",""on"",""-ctk"",""f16"",""-ctv"",""f16"",""-mmp"",""1"",""-o"",""csv"",""--ctx-size"",""165120"",""-ot"",""^blk[.][0-9]+[.](attn_(k|v|q|output)|ffn_(down|gate|up))[.]weight$=CUDA_Hybrid""],""env"":{""GGML_CUDA_HYBRID_MODE"":""staging"",""GGML_CUDA_HYBRID_PAGE_BUDGET"":""1313"",""LD_LIBRARY_PATH"":""/dev/shm/intertidal-capacity.mEP47j:/home/wici/llama.cpp/build-cuda/bin:/usr/local/cuda/lib64"",""LLAMA_BENCH_LOGIT_CHECKSUM"":""1""}}","{""buffers"":[{""buffer_bytes"":""16524435968"",""buffer_mib"":""15758.930"",""eligible_pages"":""7470"",""gross_bytes"":""2753560576"",""gross_mib"":""2626.000"",""gross_pages"":""1313"",""layers"":""60"",""local_physical_bytes"":""13771997184"",""local_physical_mib"":""13134.000"",""mode"":""staging"",""net_bytes"":""2657091584"",""net_mib"":""2534.000"",""net_saved_mib"":""2534.000"",""page_bytes"":""2097152"",""page_mib"":""2.000"",""remote_mib"":""2626.000"",""requested_bytes"":""2753560576"",""requested_mib"":""2626.000"",""requested_pages"":""1313"",""selected_tensors"":""410"",""selection"":""global_budget"",""staging_bytes"":""96468992"",""staging_mib"":""92.000""}],""gross_pages"":1313,""gross_remote_bytes"":2753560576,""mode"":""staging"",""net_saved_bytes"":2657091584,""requested_pages"":1313,""selected_layers"":60,""selected_tensors"":410,""staging_bytes"":96468992}",
1,2ea4f9e1-2cf1-4a6f-908e-9afc36c6c3b0,2026-08-12T09:37:07.720579+00:00,463fcfc4c106535f73c78b7f9d39765d0de0d6d2e370f92d4b86bfb98a1cc036,31,intertidal_dma,dense,31.0,31738.000,165120,16.1,1330,,ok,0,23.002,1330,1330,2789212160,2660.000,16.101754,96468992,92.000,2692743168,2568.000,15.544851,measured_vmm_layout,,31738.000,410,60,,,4243.335087,64.514568,17.485433,0.015596,0.993215,0.226286,match,"[{""label"":""prompt"",""checksum"":""2417196da4492390"",""nonfinite"":0},{""label"":""prompt"",""checksum"":""0453392d6142afd3"",""nonfinite"":0},{""label"":""prompt"",""checksum"":""8c39d6d410e92623"",""nonfinite"":0},{""label"":""prompt"",""checksum"":""ce38b3f3a7a05142"",""nonfinite"":0},{""label"":""prompt"",""checksum"":""556c3b871bf91e81"",""nonfinite"":0},{""label"":""prompt"",""checksum"":""c930f979f7f0aed4"",""nonfinite"":0},{""label"":""decode"",""checksum"":""0c8e93b3ecced1c6"",""nonfinite"":0},{""label"":""decode"",""checksum"":""319a6a234bb9ed88"",""nonfinite"":0},{""label"":""decode"",""checksum"":""1e95777bddcc71d5"",""nonfinite"":0},{""label"":""decode"",""checksum"":""fc3ff68058ffd54e"",""nonfinite"":0},{""label"":""decode"",""checksum"":""92560214e2ee8afd"",""nonfinite"":0},{""label"":""decode"",""checksum"":""ea317c3ff2b17152"",""nonfinite"":0}]",b5d2ea31b0f709c295ad59dfab37889028c6fe9857ea11908ff3ab4b717c9a5d,0,236,29170.000,29225.000,2927.297,2647.000,2962.000,49.962,61.000,200.043,451.930,86.475,100.000,"{""argv"":[""/home/wici/llama.cpp/build-cuda/bin/llama-bench"",""-m"",""/home/wici/voice-lab/models/gguf/gemma-4-31B-it-Q4_0.gguf"",""-p"",""512"",""-n"",""64"",""-r"",""5"",""-t"",""8"",""-b"",""512"",""-ub"",""512"",""-fa"",""on"",""-ctk"",""f16"",""-ctv"",""f16"",""-mmp"",""1"",""-o"",""csv"",""--ctx-size"",""165120"",""-ot"",""^blk[.][0-9]+[.](attn_(k|v|q|output)|ffn_(down|gate|up))[.]weight$=CUDA_Hybrid""],""env"":{""GGML_CUDA_HYBRID_MODE"":""staging"",""GGML_CUDA_HYBRID_PAGE_BUDGET"":""1330"",""LD_LIBRARY_PATH"":""/dev/shm/intertidal-capacity.mEP47j:/home/wici/llama.cpp/build-cuda/bin:/usr/local/cuda/lib64"",""LLAMA_BENCH_LOGIT_CHECKSUM"":""1""}}","{""buffers"":[{""buffer_bytes"":""16524435968"",""buffer_mib"":""15758.930"",""eligible_pages"":""7470"",""gross_bytes"":""2789212160"",""gross_mib"":""2660.000"",""gross_pages"":""1330"",""layers"":""60"",""local_physical_bytes"":""13736345600"",""local_physical_mib"":""13100.000"",""mode"":""staging"",""net_bytes"":""2692743168"",""net_mib"":""2568.000"",""net_saved_mib"":""2568.000"",""page_bytes"":""2097152"",""page_mib"":""2.000"",""remote_mib"":""2660.000"",""requested_bytes"":""2789212160"",""requested_mib"":""2660.000"",""requested_pages"":""1330"",""selected_tensors"":""410"",""selection"":""global_budget"",""staging_bytes"":""96468992"",""staging_mib"":""92.000""}],""gross_pages"":1330,""gross_remote_bytes"":2789212160,""mode"":""staging"",""net_saved_bytes"":2692743168,""requested_pages"":1330,""selected_layers"":60,""selected_tensors"":410,""staging_bytes"":96468992}",
1,2ea4f9e1-2cf1-4a6f-908e-9afc36c6c3b0,2026-08-12T09:37:30.804681+00:00,463fcfc4c106535f73c78b7f9d39765d0de0d6d2e370f92d4b86bfb98a1cc036,31,intertidal_dma,dense,31.0,31738.000,165120,16.2,1338,,ok,0,23.074,1338,1338,2805989376,2676.000,16.198606,96468992,92.000,2709520384,2584.000,15.641704,measured_vmm_layout,,31738.000,410,60,,,4246.294458,58.127005,17.327038,0.071329,0.993908,0.224236,match,"[{""label"":""prompt"",""checksum"":""2417196da4492390"",""nonfinite"":0},{""label"":""prompt"",""checksum"":""0453392d6142afd3"",""nonfinite"":0},{""label"":""prompt"",""checksum"":""8c39d6d410e92623"",""nonfinite"":0},{""label"":""prompt"",""checksum"":""ce38b3f3a7a05142"",""nonfinite"":0},{""label"":""prompt"",""checksum"":""556c3b871bf91e81"",""nonfinite"":0},{""label"":""prompt"",""checksum"":""c930f979f7f0aed4"",""nonfinite"":0},{""label"":""decode"",""checksum"":""0c8e93b3ecced1c6"",""nonfinite"":0},{""label"":""decode"",""checksum"":""319a6a234bb9ed88"",""nonfinite"":0},{""label"":""decode"",""checksum"":""1e95777bddcc71d5"",""nonfinite"":0},{""label"":""decode"",""checksum"":""fc3ff68058ffd54e"",""nonfinite"":0},{""label"":""decode"",""checksum"":""92560214e2ee8afd"",""nonfinite"":0},{""label"":""decode"",""checksum"":""ea317c3ff2b17152"",""nonfinite"":0}]",b5d2ea31b0f709c295ad59dfab37889028c6fe9857ea11908ff3ab4b717c9a5d,0,236,29154.000,29209.000,2905.445,2505.000,2962.000,49.864,61.000,201.077,469.910,84.589,100.000,"{""argv"":[""/home/wici/llama.cpp/build-cuda/bin/llama-bench"",""-m"",""/home/wici/voice-lab/models/gguf/gemma-4-31B-it-Q4_0.gguf"",""-p"",""512"",""-n"",""64"",""-r"",""5"",""-t"",""8"",""-b"",""512"",""-ub"",""512"",""-fa"",""on"",""-ctk"",""f16"",""-ctv"",""f16"",""-mmp"",""1"",""-o"",""csv"",""--ctx-size"",""165120"",""-ot"",""^blk[.][0-9]+[.](attn_(k|v|q|output)|ffn_(down|gate|up))[.]weight$=CUDA_Hybrid""],""env"":{""GGML_CUDA_HYBRID_MODE"":""staging"",""GGML_CUDA_HYBRID_PAGE_BUDGET"":""1338"",""LD_LIBRARY_PATH"":""/dev/shm/intertidal-capacity.mEP47j:/home/wici/llama.cpp/build-cuda/bin:/usr/local/cuda/lib64"",""LLAMA_BENCH_LOGIT_CHECKSUM"":""1""}}","{""buffers"":[{""buffer_bytes"":""16524435968"",""buffer_mib"":""15758.930"",""eligible_pages"":""7470"",""gross_bytes"":""2805989376"",""gross_mib"":""2676.000"",""gross_pages"":""1338"",""layers"":""60"",""local_physical_bytes"":""13719568384"",""local_physical_mib"":""13084.000"",""mode"":""staging"",""net_bytes"":""2709520384"",""net_mib"":""2584.000"",""net_saved_mib"":""2584.000"",""page_bytes"":""2097152"",""page_mib"":""2.000"",""remote_mib"":""2676.000"",""requested_bytes"":""2805989376"",""requested_mib"":""2676.000"",""requested_pages"":""1338"",""selected_tensors"":""410"",""selection"":""global_budget"",""staging_bytes"":""96468992"",""staging_mib"":""92.000""}],""gross_pages"":1338,""gross_remote_bytes"":2805989376,""mode"":""staging"",""net_saved_bytes"":2709520384,""requested_pages"":1338,""selected_layers"":60,""selected_tensors"":410,""staging_bytes"":96468992}",
1,2ea4f9e1-2cf1-4a6f-908e-9afc36c6c3b0,2026-08-12T09:37:54.243304+00:00,463fcfc4c106535f73c78b7f9d39765d0de0d6d2e370f92d4b86bfb98a1cc036,31,intertidal_dma,dense,31.0,31738.000,165120,16.3,1346,,ok,0,23.429,1346,1346,2822766592,2692.000,16.295459,100663296,96.000,2722103296,2596.000,15.714343,measured_vmm_layout,,31738.000,410,60,,,4250.781178,66.278820,17.045434,0.020365,0.994958,0.220591,match,"[{""label"":""prompt"",""checksum"":""2417196da4492390"",""nonfinite"":0},{""label"":""prompt"",""checksum"":""0453392d6142afd3"",""nonfinite"":0},{""label"":""prompt"",""checksum"":""8c39d6d410e92623"",""nonfinite"":0},{""label"":""prompt"",""checksum"":""ce38b3f3a7a05142"",""nonfinite"":0},{""label"":""prompt"",""checksum"":""556c3b871bf91e81"",""nonfinite"":0},{""label"":""prompt"",""checksum"":""c930f979f7f0aed4"",""nonfinite"":0},{""label"":""decode"",""checksum"":""0c8e93b3ecced1c6"",""nonfinite"":0},{""label"":""decode"",""checksum"":""319a6a234bb9ed88"",""nonfinite"":0},{""label"":""decode"",""checksum"":""1e95777bddcc71d5"",""nonfinite"":0},{""label"":""decode"",""checksum"":""fc3ff68058ffd54e"",""nonfinite"":0},{""label"":""decode"",""checksum"":""92560214e2ee8afd"",""nonfinite"":0},{""label"":""decode"",""checksum"":""ea317c3ff2b17152"",""nonfinite"":0}]",b5d2ea31b0f709c295ad59dfab37889028c6fe9857ea11908ff3ab4b717c9a5d,0,236,29142.000,29197.000,2904.013,2505.000,2962.000,49.873,61.000,197.809,476.060,81.081,100.000,"{""argv"":[""/home/wici/llama.cpp/build-cuda/bin/llama-bench"",""-m"",""/home/wici/voice-lab/models/gguf/gemma-4-31B-it-Q4_0.gguf"",""-p"",""512"",""-n"",""64"",""-r"",""5"",""-t"",""8"",""-b"",""512"",""-ub"",""512"",""-fa"",""on"",""-ctk"",""f16"",""-ctv"",""f16"",""-mmp"",""1"",""-o"",""csv"",""--ctx-size"",""165120"",""-ot"",""^blk[.][0-9]+[.](attn_(k|v|q|output)|ffn_(down|gate|up))[.]weight$=CUDA_Hybrid""],""env"":{""GGML_CUDA_HYBRID_MODE"":""staging"",""GGML_CUDA_HYBRID_PAGE_BUDGET"":""1346"",""LD_LIBRARY_PATH"":""/dev/shm/intertidal-capacity.mEP47j:/home/wici/llama.cpp/build-cuda/bin:/usr/local/cuda/lib64"",""LLAMA_BENCH_LOGIT_CHECKSUM"":""1""}}","{""buffers"":[{""buffer_bytes"":""16524435968"",""buffer_mib"":""15758.930"",""eligible_pages"":""7470"",""gross_bytes"":""2822766592"",""gross_mib"":""2692.000"",""gross_pages"":""1346"",""layers"":""60"",""local_physical_bytes"":""13702791168"",""local_physical_mib"":""13068.000"",""mode"":""staging"",""net_bytes"":""2722103296"",""net_mib"":""2596.000"",""net_saved_mib"":""2596.000"",""page_bytes"":""2097152"",""page_mib"":""2.000"",""remote_mib"":""2692.000"",""requested_bytes"":""2822766592"",""requested_mib"":""2692.000"",""requested_pages"":""1346"",""selected_tensors"":""410"",""selection"":""global_budget"",""staging_bytes"":""100663296"",""staging_mib"":""96.000""}],""gross_pages"":1346,""gross_remote_bytes"":2822766592,""mode"":""staging"",""net_saved_bytes"":2722103296,""requested_pages"":1346,""selected_layers"":60,""selected_tensors"":410,""staging_bytes"":100663296}",
1,2ea4f9e1-2cf1-4a6f-908e-9afc36c6c3b0,2026-08-12T09:38:18.007199+00:00,463fcfc4c106535f73c78b7f9d39765d0de0d6d2e370f92d4b86bfb98a1cc036,31,intertidal_dma,dense,31.0,31738.000,165120,16.4,1355,,ok,0,23.753,1355,1355,2841640960,2710.000,16.404418,100663296,96.000,2740977664,2614.000,15.823302,measured_vmm_layout,,31738.000,410,60,,,4243.705548,60.471529,16.769761,0.240951,0.993302,0.217024,match,"[{""label"":""prompt"",""checksum"":""2417196da4492390"",""nonfinite"":0},{""label"":""prompt"",""checksum"":""0453392d6142afd3"",""nonfinite"":0},{""label"":""prompt"",""checksum"":""8c39d6d410e92623"",""nonfinite"":0},{""label"":""prompt"",""checksum"":""ce38b3f3a7a05142"",""nonfinite"":0},{""label"":""prompt"",""checksum"":""556c3b871bf91e81"",""nonfinite"":0},{""label"":""prompt"",""checksum"":""c930f979f7f0aed4"",""nonfinite"":0},{""label"":""decode"",""checksum"":""0c8e93b3ecced1c6"",""nonfinite"":0},{""label"":""decode"",""checksum"":""319a6a234bb9ed88"",""nonfinite"":0},{""label"":""decode"",""checksum"":""1e95777bddcc71d5"",""nonfinite"":0},{""label"":""decode"",""checksum"":""fc3ff68058ffd54e"",""nonfinite"":0},{""label"":""decode"",""checksum"":""92560214e2ee8afd"",""nonfinite"":0},{""label"":""decode"",""checksum"":""ea317c3ff2b17152"",""nonfinite"":0}]",b5d2ea31b0f709c295ad59dfab37889028c6fe9857ea11908ff3ab4b717c9a5d,0,241,29124.000,29179.000,2908.008,2505.000,2962.000,50.012,60.000,197.187,474.260,85.909,100.000,"{""argv"":[""/home/wici/llama.cpp/build-cuda/bin/llama-bench"",""-m"",""/home/wici/voice-lab/models/gguf/gemma-4-31B-it-Q4_0.gguf"",""-p"",""512"",""-n"",""64"",""-r"",""5"",""-t"",""8"",""-b"",""512"",""-ub"",""512"",""-fa"",""on"",""-ctk"",""f16"",""-ctv"",""f16"",""-mmp"",""1"",""-o"",""csv"",""--ctx-size"",""165120"",""-ot"",""^blk[.][0-9]+[.](attn_(k|v|q|output)|ffn_(down|gate|up))[.]weight$=CUDA_Hybrid""],""env"":{""GGML_CUDA_HYBRID_MODE"":""staging"",""GGML_CUDA_HYBRID_PAGE_BUDGET"":""1355"",""LD_LIBRARY_PATH"":""/dev/shm/intertidal-capacity.mEP47j:/home/wici/llama.cpp/build-cuda/bin:/usr/local/cuda/lib64"",""LLAMA_BENCH_LOGIT_CHECKSUM"":""1""}}","{""buffers"":[{""buffer_bytes"":""16524435968"",""buffer_mib"":""15758.930"",""eligible_pages"":""7470"",""gross_bytes"":""2841640960"",""gross_mib"":""2710.000"",""gross_pages"":""1355"",""layers"":""60"",""local_physical_bytes"":""13683916800"",""local_physical_mib"":""13050.000"",""mode"":""staging"",""net_bytes"":""2740977664"",""net_mib"":""2614.000"",""net_saved_mib"":""2614.000"",""page_bytes"":""2097152"",""page_mib"":""2.000"",""remote_mib"":""2710.000"",""requested_bytes"":""2841640960"",""requested_mib"":""2710.000"",""requested_pages"":""1355"",""selected_tensors"":""410"",""selection"":""global_budget"",""staging_bytes"":""100663296"",""staging_mib"":""96.000""}],""gross_pages"":1355,""gross_remote_bytes"":2841640960,""mode"":""staging"",""net_saved_bytes"":2740977664,""requested_pages"":1355,""selected_layers"":60,""selected_tensors"":410,""staging_bytes"":100663296}",
1,2ea4f9e1-2cf1-4a6f-908e-9afc36c6c3b0,2026-08-12T09:38:41.754031+00:00,463fcfc4c106535f73c78b7f9d39765d0de0d6d2e370f92d4b86bfb98a1cc036,31,intertidal_dma,dense,31.0,31738.000,165120,16.5,1363,,ok,0,23.737,1363,1363,2858418176,2726.000,16.501271,100663296,96.000,2757754880,2630.000,15.920155,measured_vmm_layout,,31738.000,410,60,,,4241.551806,61.555761,16.763650,0.194031,0.992798,0.216945,match,"[{""label"":""prompt"",""checksum"":""2417196da4492390"",""nonfinite"":0},{""label"":""prompt"",""checksum"":""0453392d6142afd3"",""nonfinite"":0},{""label"":""prompt"",""checksum"":""8c39d6d410e92623"",""nonfinite"":0},{""label"":""prompt"",""checksum"":""ce38b3f3a7a05142"",""nonfinite"":0},{""label"":""prompt"",""checksum"":""556c3b871bf91e81"",""nonfinite"":0},{""label"":""prompt"",""checksum"":""c930f979f7f0aed4"",""nonfinite"":0},{""label"":""decode"",""checksum"":""0c8e93b3ecced1c6"",""nonfinite"":0},{""label"":""decode"",""checksum"":""319a6a234bb9ed88"",""nonfinite"":0},{""label"":""decode"",""checksum"":""1e95777bddcc71d5"",""nonfinite"":0},{""label"":""decode"",""checksum"":""fc3ff68058ffd54e"",""nonfinite"":0},{""label"":""decode"",""checksum"":""92560214e2ee8afd"",""nonfinite"":0},{""label"":""decode"",""checksum"":""ea317c3ff2b17152"",""nonfinite"":0}]",b5d2ea31b0f709c295ad59dfab37889028c6fe9857ea11908ff3ab4b717c9a5d,0,243,29108.000,29163.000,2929.029,2520.000,2962.000,50.111,61.000,196.431,465.010,84.893,100.000,"{""argv"":[""/home/wici/llama.cpp/build-cuda/bin/llama-bench"",""-m"",""/home/wici/voice-lab/models/gguf/gemma-4-31B-it-Q4_0.gguf"",""-p"",""512"",""-n"",""64"",""-r"",""5"",""-t"",""8"",""-b"",""512"",""-ub"",""512"",""-fa"",""on"",""-ctk"",""f16"",""-ctv"",""f16"",""-mmp"",""1"",""-o"",""csv"",""--ctx-size"",""165120"",""-ot"",""^blk[.][0-9]+[.](attn_(k|v|q|output)|ffn_(down|gate|up))[.]weight$=CUDA_Hybrid""],""env"":{""GGML_CUDA_HYBRID_MODE"":""staging"",""GGML_CUDA_HYBRID_PAGE_BUDGET"":""1363"",""LD_LIBRARY_PATH"":""/dev/shm/intertidal-capacity.mEP47j:/home/wici/llama.cpp/build-cuda/bin:/usr/local/cuda/lib64"",""LLAMA_BENCH_LOGIT_CHECKSUM"":""1""}}","{""buffers"":[{""buffer_bytes"":""16524435968"",""buffer_mib"":""15758.930"",""eligible_pages"":""7470"",""gross_bytes"":""2858418176"",""gross_mib"":""2726.000"",""gross_pages"":""1363"",""layers"":""60"",""local_physical_bytes"":""13667139584"",""local_physical_mib"":""13034.000"",""mode"":""staging"",""net_bytes"":""2757754880"",""net_mib"":""2630.000"",""net_saved_mib"":""2630.000"",""page_bytes"":""2097152"",""page_mib"":""2.000"",""remote_mib"":""2726.000"",""requested_bytes"":""2858418176"",""requested_mib"":""2726.000"",""requested_pages"":""1363"",""selected_tensors"":""410"",""selection"":""global_budget"",""staging_bytes"":""100663296"",""staging_mib"":""96.000""}],""gross_pages"":1363,""gross_remote_bytes"":2858418176,""mode"":""staging"",""net_saved_bytes"":2757754880,""requested_pages"":1363,""selected_layers"":60,""selected_tensors"":410,""staging_bytes"":100663296}",
1,2ea4f9e1-2cf1-4a6f-908e-9afc36c6c3b0,2026-08-12T09:39:05.228381+00:00,463fcfc4c106535f73c78b7f9d39765d0de0d6d2e370f92d4b86bfb98a1cc036,31,intertidal_dma,dense,31.0,31738.000,165120,16.6,1371,,ok,0,23.465,1371,1371,2875195392,2742.000,16.598124,100663296,96.000,2774532096,2646.000,16.017008,measured_vmm_layout,,31738.000,410,60,,,4247.921274,55.687381,16.935894,0.006088,0.994289,0.219174,match,"[{""label"":""prompt"",""checksum"":""2417196da4492390"",""nonfinite"":0},{""label"":""prompt"",""checksum"":""0453392d6142afd3"",""nonfinite"":0},{""label"":""prompt"",""checksum"":""8c39d6d410e92623"",""nonfinite"":0},{""label"":""prompt"",""checksum"":""ce38b3f3a7a05142"",""nonfinite"":0},{""label"":""prompt"",""checksum"":""556c3b871bf91e81"",""nonfinite"":0},{""label"":""prompt"",""checksum"":""c930f979f7f0aed4"",""nonfinite"":0},{""label"":""decode"",""checksum"":""0c8e93b3ecced1c6"",""nonfinite"":0},{""label"":""decode"",""checksum"":""319a6a234bb9ed88"",""nonfinite"":0},{""label"":""decode"",""checksum"":""1e95777bddcc71d5"",""nonfinite"":0},{""label"":""decode"",""checksum"":""fc3ff68058ffd54e"",""nonfinite"":0},{""label"":""decode"",""checksum"":""92560214e2ee8afd"",""nonfinite"":0},{""label"":""decode"",""checksum"":""ea317c3ff2b17152"",""nonfinite"":0}]",b5d2ea31b0f709c295ad59dfab37889028c6fe9857ea11908ff3ab4b717c9a5d,0,242,29092.000,29147.000,2903.459,2505.000,2962.000,50.070,61.000,198.014,465.930,84.707,100.000,"{""argv"":[""/home/wici/llama.cpp/build-cuda/bin/llama-bench"",""-m"",""/home/wici/voice-lab/models/gguf/gemma-4-31B-it-Q4_0.gguf"",""-p"",""512"",""-n"",""64"",""-r"",""5"",""-t"",""8"",""-b"",""512"",""-ub"",""512"",""-fa"",""on"",""-ctk"",""f16"",""-ctv"",""f16"",""-mmp"",""1"",""-o"",""csv"",""--ctx-size"",""165120"",""-ot"",""^blk[.][0-9]+[.](attn_(k|v|q|output)|ffn_(down|gate|up))[.]weight$=CUDA_Hybrid""],""env"":{""GGML_CUDA_HYBRID_MODE"":""staging"",""GGML_CUDA_HYBRID_PAGE_BUDGET"":""1371"",""LD_LIBRARY_PATH"":""/dev/shm/intertidal-capacity.mEP47j:/home/wici/llama.cpp/build-cuda/bin:/usr/local/cuda/lib64"",""LLAMA_BENCH_LOGIT_CHECKSUM"":""1""}}","{""buffers"":[{""buffer_bytes"":""16524435968"",""buffer_mib"":""15758.930"",""eligible_pages"":""7470"",""gross_bytes"":""2875195392"",""gross_mib"":""2742.000"",""gross_pages"":""1371"",""layers"":""60"",""local_physical_bytes"":""13650362368"",""local_physical_mib"":""13018.000"",""mode"":""staging"",""net_bytes"":""2774532096"",""net_mib"":""2646.000"",""net_saved_mib"":""2646.000"",""page_bytes"":""2097152"",""page_mib"":""2.000"",""remote_mib"":""2742.000"",""requested_bytes"":""2875195392"",""requested_mib"":""2742.000"",""requested_pages"":""1371"",""selected_tensors"":""410"",""selection"":""global_budget"",""staging_bytes"":""100663296"",""staging_mib"":""96.000""}],""gross_pages"":1371,""gross_remote_bytes"":2875195392,""mode"":""staging"",""net_saved_bytes"":2774532096,""requested_pages"":1371,""selected_layers"":60,""selected_tensors"":410,""staging_bytes"":100663296}",
1,2ea4f9e1-2cf1-4a6f-908e-9afc36c6c3b0,2026-08-12T09:39:29.051120+00:00,463fcfc4c106535f73c78b7f9d39765d0de0d6d2e370f92d4b86bfb98a1cc036,31,intertidal_dma,dense,31.0,31738.000,165120,16.7,1379,,ok,0,23.802,1379,1379,2891972608,2758.000,16.694976,100663296,96.000,2791309312,2662.000,16.113860,measured_vmm_layout,,31738.000,410,60,,,4219.886349,140.831592,16.660592,0.257677,0.987727,0.215611,match,"[{""label"":""prompt"",""checksum"":""2417196da4492390"",""nonfinite"":0},{""label"":""prompt"",""checksum"":""0453392d6142afd3"",""nonfinite"":0},{""label"":""prompt"",""checksum"":""8c39d6d410e92623"",""nonfinite"":0},{""label"":""prompt"",""checksum"":""ce38b3f3a7a05142"",""nonfinite"":0},{""label"":""prompt"",""checksum"":""556c3b871bf91e81"",""nonfinite"":0},{""label"":""prompt"",""checksum"":""c930f979f7f0aed4"",""nonfinite"":0},{""label"":""decode"",""checksum"":""0c8e93b3ecced1c6"",""nonfinite"":0},{""label"":""decode"",""checksum"":""319a6a234bb9ed88"",""nonfinite"":0},{""label"":""decode"",""checksum"":""1e95777bddcc71d5"",""nonfinite"":0},{""label"":""decode"",""checksum"":""fc3ff68058ffd54e"",""nonfinite"":0},{""label"":""decode"",""checksum"":""92560214e2ee8afd"",""nonfinite"":0},{""label"":""decode"",""checksum"":""ea317c3ff2b17152"",""nonfinite"":0}]",b5d2ea31b0f709c295ad59dfab37889028c6fe9857ea11908ff3ab4b717c9a5d,0,244,29076.000,29131.000,2908.529,2505.000,2962.000,50.107,61.000,197.974,471.120,84.828,100.000,"{""argv"":[""/home/wici/llama.cpp/build-cuda/bin/llama-bench"",""-m"",""/home/wici/voice-lab/models/gguf/gemma-4-31B-it-Q4_0.gguf"",""-p"",""512"",""-n"",""64"",""-r"",""5"",""-t"",""8"",""-b"",""512"",""-ub"",""512"",""-fa"",""on"",""-ctk"",""f16"",""-ctv"",""f16"",""-mmp"",""1"",""-o"",""csv"",""--ctx-size"",""165120"",""-ot"",""^blk[.][0-9]+[.](attn_(k|v|q|output)|ffn_(down|gate|up))[.]weight$=CUDA_Hybrid""],""env"":{""GGML_CUDA_HYBRID_MODE"":""staging"",""GGML_CUDA_HYBRID_PAGE_BUDGET"":""1379"",""LD_LIBRARY_PATH"":""/dev/shm/intertidal-capacity.mEP47j:/home/wici/llama.cpp/build-cuda/bin:/usr/local/cuda/lib64"",""LLAMA_BENCH_LOGIT_CHECKSUM"":""1""}}","{""buffers"":[{""buffer_bytes"":""16524435968"",""buffer_mib"":""15758.930"",""eligible_pages"":""7470"",""gross_bytes"":""2891972608"",""gross_mib"":""2758.000"",""gross_pages"":""1379"",""layers"":""60"",""local_physical_bytes"":""13633585152"",""local_physical_mib"":""13002.000"",""mode"":""staging"",""net_bytes"":""2791309312"",""net_mib"":""2662.000"",""net_saved_mib"":""2662.000"",""page_bytes"":""2097152"",""page_mib"":""2.000"",""remote_mib"":""2758.000"",""requested_bytes"":""2891972608"",""requested_mib"":""2758.000"",""requested_pages"":""1379"",""selected_tensors"":""410"",""selection"":""global_budget"",""staging_bytes"":""100663296"",""staging_mib"":""96.000""}],""gross_pages"":1379,""gross_remote_bytes"":2891972608,""mode"":""staging"",""net_saved_bytes"":2791309312,""requested_pages"":1379,""selected_layers"":60,""selected_tensors"":410,""staging_bytes"":100663296}",
1,2ea4f9e1-2cf1-4a6f-908e-9afc36c6c3b0,2026-08-12T09:39:52.824136+00:00,463fcfc4c106535f73c78b7f9d39765d0de0d6d2e370f92d4b86bfb98a1cc036,31,intertidal_dma,dense,31.0,31738.000,165120,16.8,1388,,ok,0,23.759,1388,1388,2910846976,2776.000,16.803935,100663296,96.000,2810183680,2680.000,16.222820,measured_vmm_layout,,31738.000,410,60,,,4247.902225,65.787286,16.721400,0.017770,0.994284,0.216398,match,"[{""label"":""prompt"",""checksum"":""2417196da4492390"",""nonfinite"":0},{""label"":""prompt"",""checksum"":""0453392d6142afd3"",""nonfinite"":0},{""label"":""prompt"",""checksum"":""8c39d6d410e92623"",""nonfinite"":0},{""label"":""prompt"",""checksum"":""ce38b3f3a7a05142"",""nonfinite"":0},{""label"":""prompt"",""checksum"":""556c3b871bf91e81"",""nonfinite"":0},{""label"":""prompt"",""checksum"":""c930f979f7f0aed4"",""nonfinite"":0},{""label"":""decode"",""checksum"":""0c8e93b3ecced1c6"",""nonfinite"":0},{""label"":""decode"",""checksum"":""319a6a234bb9ed88"",""nonfinite"":0},{""label"":""decode"",""checksum"":""1e95777bddcc71d5"",""nonfinite"":0},{""label"":""decode"",""checksum"":""fc3ff68058ffd54e"",""nonfinite"":0},{""label"":""decode"",""checksum"":""92560214e2ee8afd"",""nonfinite"":0},{""label"":""decode"",""checksum"":""ea317c3ff2b17152"",""nonfinite"":0}]",b5d2ea31b0f709c295ad59dfab37889028c6fe9857ea11908ff3ab4b717c9a5d,0,244,29058.000,29113.000,2905.762,2505.000,2962.000,49.959,61.000,198.386,462.050,87.201,100.000,"{""argv"":[""/home/wici/llama.cpp/build-cuda/bin/llama-bench"",""-m"",""/home/wici/voice-lab/models/gguf/gemma-4-31B-it-Q4_0.gguf"",""-p"",""512"",""-n"",""64"",""-r"",""5"",""-t"",""8"",""-b"",""512"",""-ub"",""512"",""-fa"",""on"",""-ctk"",""f16"",""-ctv"",""f16"",""-mmp"",""1"",""-o"",""csv"",""--ctx-size"",""165120"",""-ot"",""^blk[.][0-9]+[.](attn_(k|v|q|output)|ffn_(down|gate|up))[.]weight$=CUDA_Hybrid""],""env"":{""GGML_CUDA_HYBRID_MODE"":""staging"",""GGML_CUDA_HYBRID_PAGE_BUDGET"":""1388"",""LD_LIBRARY_PATH"":""/dev/shm/intertidal-capacity.mEP47j:/home/wici/llama.cpp/build-cuda/bin:/usr/local/cuda/lib64"",""LLAMA_BENCH_LOGIT_CHECKSUM"":""1""}}","{""buffers"":[{""buffer_bytes"":""16524435968"",""buffer_mib"":""15758.930"",""eligible_pages"":""7470"",""gross_bytes"":""2910846976"",""gross_mib"":""2776.000"",""gross_pages"":""1388"",""layers"":""60"",""local_physical_bytes"":""13614710784"",""local_physical_mib"":""12984.000"",""mode"":""staging"",""net_bytes"":""2810183680"",""net_mib"":""2680.000"",""net_saved_mib"":""2680.000"",""page_bytes"":""2097152"",""page_mib"":""2.000"",""remote_mib"":""2776.000"",""requested_bytes"":""2910846976"",""requested_mib"":""2776.000"",""requested_pages"":""1388"",""selected_tensors"":""410"",""selection"":""global_budget"",""staging_bytes"":""100663296"",""staging_mib"":""96.000""}],""gross_pages"":1388,""gross_remote_bytes"":2910846976,""mode"":""staging"",""net_saved_bytes"":2810183680,""requested_pages"":1388,""selected_layers"":60,""selected_tensors"":410,""staging_bytes"":100663296}",
1,2ea4f9e1-2cf1-4a6f-908e-9afc36c6c3b0,2026-08-12T09:40:16.678268+00:00,463fcfc4c106535f73c78b7f9d39765d0de0d6d2e370f92d4b86bfb98a1cc036,31,intertidal_dma,dense,31.0,31738.000,165120,16.9,1396,,ok,0,23.835,1396,1396,2927624192,2792.000,16.900788,100663296,96.000,2826960896,2696.000,16.319672,measured_vmm_layout,,31738.000,410,60,,,4245.789352,71.318181,16.611450,0.023333,0.993789,0.214975,match,"[{""label"":""prompt"",""checksum"":""2417196da4492390"",""nonfinite"":0},{""label"":""prompt"",""checksum"":""0453392d6142afd3"",""nonfinite"":0},{""label"":""prompt"",""checksum"":""8c39d6d410e92623"",""nonfinite"":0},{""label"":""prompt"",""checksum"":""ce38b3f3a7a05142"",""nonfinite"":0},{""label"":""prompt"",""checksum"":""556c3b871bf91e81"",""nonfinite"":0},{""label"":""prompt"",""checksum"":""c930f979f7f0aed4"",""nonfinite"":0},{""label"":""decode"",""checksum"":""0c8e93b3ecced1c6"",""nonfinite"":0},{""label"":""decode"",""checksum"":""319a6a234bb9ed88"",""nonfinite"":0},{""label"":""decode"",""checksum"":""1e95777bddcc71d5"",""nonfinite"":0},{""label"":""decode"",""checksum"":""fc3ff68058ffd54e"",""nonfinite"":0},{""label"":""decode"",""checksum"":""92560214e2ee8afd"",""nonfinite"":0},{""label"":""decode"",""checksum"":""ea317c3ff2b17152"",""nonfinite"":0}]",b5d2ea31b0f709c295ad59dfab37889028c6fe9857ea11908ff3ab4b717c9a5d,0,246,29042.000,29097.000,2948.585,2662.000,2962.000,49.878,61.000,197.815,462.940,87.329,100.000,"{""argv"":[""/home/wici/llama.cpp/build-cuda/bin/llama-bench"",""-m"",""/home/wici/voice-lab/models/gguf/gemma-4-31B-it-Q4_0.gguf"",""-p"",""512"",""-n"",""64"",""-r"",""5"",""-t"",""8"",""-b"",""512"",""-ub"",""512"",""-fa"",""on"",""-ctk"",""f16"",""-ctv"",""f16"",""-mmp"",""1"",""-o"",""csv"",""--ctx-size"",""165120"",""-ot"",""^blk[.][0-9]+[.](attn_(k|v|q|output)|ffn_(down|gate|up))[.]weight$=CUDA_Hybrid""],""env"":{""GGML_CUDA_HYBRID_MODE"":""staging"",""GGML_CUDA_HYBRID_PAGE_BUDGET"":""1396"",""LD_LIBRARY_PATH"":""/dev/shm/intertidal-capacity.mEP47j:/home/wici/llama.cpp/build-cuda/bin:/usr/local/cuda/lib64"",""LLAMA_BENCH_LOGIT_CHECKSUM"":""1""}}","{""buffers"":[{""buffer_bytes"":""16524435968"",""buffer_mib"":""15758.930"",""eligible_pages"":""7470"",""gross_bytes"":""2927624192"",""gross_mib"":""2792.000"",""gross_pages"":""1396"",""layers"":""60"",""local_physical_bytes"":""13597933568"",""local_physical_mib"":""12968.000"",""mode"":""staging"",""net_bytes"":""2826960896"",""net_mib"":""2696.000"",""net_saved_mib"":""2696.000"",""page_bytes"":""2097152"",""page_mib"":""2.000"",""remote_mib"":""2792.000"",""requested_bytes"":""2927624192"",""requested_mib"":""2792.000"",""requested_pages"":""1396"",""selected_tensors"":""410"",""selection"":""global_budget"",""staging_bytes"":""100663296"",""staging_mib"":""96.000""}],""gross_pages"":1396,""gross_remote_bytes"":2927624192,""mode"":""staging"",""net_saved_bytes"":2826960896,""requested_pages"":1396,""selected_layers"":60,""selected_tensors"":410,""staging_bytes"":100663296}",
1,2ea4f9e1-2cf1-4a6f-908e-9afc36c6c3b0,2026-08-12T09:40:40.756770+00:00,463fcfc4c106535f73c78b7f9d39765d0de0d6d2e370f92d4b86bfb98a1cc036,31,intertidal_dma,dense,31.0,31738.000,165120,17.1,1412,,ok,0,24.068,1412,1412,2961178624,2824.000,17.094493,104857600,100.000,2856321024,2724.000,16.489164,measured_vmm_layout,,31738.000,410,60,,,4246.240479,63.338489,16.437785,0.008417,0.993895,0.212728,match,"[{""label"":""prompt"",""checksum"":""2417196da4492390"",""nonfinite"":0},{""label"":""prompt"",""checksum"":""0453392d6142afd3"",""nonfinite"":0},{""label"":""prompt"",""checksum"":""8c39d6d410e92623"",""nonfinite"":0},{""label"":""prompt"",""checksum"":""ce38b3f3a7a05142"",""nonfinite"":0},{""label"":""prompt"",""checksum"":""556c3b871bf91e81"",""nonfinite"":0},{""label"":""prompt"",""checksum"":""c930f979f7f0aed4"",""nonfinite"":0},{""label"":""decode"",""checksum"":""0c8e93b3ecced1c6"",""nonfinite"":0},{""label"":""decode"",""checksum"":""319a6a234bb9ed88"",""nonfinite"":0},{""label"":""decode"",""checksum"":""1e95777bddcc71d5"",""nonfinite"":0},{""label"":""decode"",""checksum"":""fc3ff68058ffd54e"",""nonfinite"":0},{""label"":""decode"",""checksum"":""92560214e2ee8afd"",""nonfinite"":0},{""label"":""decode"",""checksum"":""ea317c3ff2b17152"",""nonfinite"":0}]",b5d2ea31b0f709c295ad59dfab37889028c6fe9857ea11908ff3ab4b717c9a5d,0,247,29014.000,29069.000,2904.927,2505.000,2962.000,50.138,61.000,195.636,466.080,85.126,100.000,"{""argv"":[""/home/wici/llama.cpp/build-cuda/bin/llama-bench"",""-m"",""/home/wici/voice-lab/models/gguf/gemma-4-31B-it-Q4_0.gguf"",""-p"",""512"",""-n"",""64"",""-r"",""5"",""-t"",""8"",""-b"",""512"",""-ub"",""512"",""-fa"",""on"",""-ctk"",""f16"",""-ctv"",""f16"",""-mmp"",""1"",""-o"",""csv"",""--ctx-size"",""165120"",""-ot"",""^blk[.][0-9]+[.](attn_(k|v|q|output)|ffn_(down|gate|up))[.]weight$=CUDA_Hybrid""],""env"":{""GGML_CUDA_HYBRID_MODE"":""staging"",""GGML_CUDA_HYBRID_PAGE_BUDGET"":""1412"",""LD_LIBRARY_PATH"":""/dev/shm/intertidal-capacity.mEP47j:/home/wici/llama.cpp/build-cuda/bin:/usr/local/cuda/lib64"",""LLAMA_BENCH_LOGIT_CHECKSUM"":""1""}}","{""buffers"":[{""buffer_bytes"":""16524435968"",""buffer_mib"":""15758.930"",""eligible_pages"":""7470"",""gross_bytes"":""2961178624"",""gross_mib"":""2824.000"",""gross_pages"":""1412"",""layers"":""60"",""local_physical_bytes"":""13564379136"",""local_physical_mib"":""12936.000"",""mode"":""staging"",""net_bytes"":""2856321024"",""net_mib"":""2724.000"",""net_saved_mib"":""2724.000"",""page_bytes"":""2097152"",""page_mib"":""2.000"",""remote_mib"":""2824.000"",""requested_bytes"":""2961178624"",""requested_mib"":""2824.000"",""requested_pages"":""1412"",""selected_tensors"":""410"",""selection"":""global_budget"",""staging_bytes"":""104857600"",""staging_mib"":""100.000""}],""gross_pages"":1412,""gross_remote_bytes"":2961178624,""mode"":""staging"",""net_saved_bytes"":2856321024,""requested_pages"":1412,""selected_layers"":60,""selected_tensors"":410,""staging_bytes"":104857600}",
1,2ea4f9e1-2cf1-4a6f-908e-9afc36c6c3b0,2026-08-12T09:41:04.951682+00:00,463fcfc4c106535f73c78b7f9d39765d0de0d6d2e370f92d4b86bfb98a1cc036,31,intertidal_dma,dense,31.0,31738.000,165120,17.2,1421,,ok,0,24.185,1421,1421,2980052992,2842.000,17.203453,104857600,100.000,2875195392,2742.000,16.598124,measured_vmm_layout,,31738.000,410,60,,,4246.093028,73.756797,16.329349,0.019297,0.993861,0.211324,match,"[{""label"":""prompt"",""checksum"":""2417196da4492390"",""nonfinite"":0},{""label"":""prompt"",""checksum"":""0453392d6142afd3"",""nonfinite"":0},{""label"":""prompt"",""checksum"":""8c39d6d410e92623"",""nonfinite"":0},{""label"":""prompt"",""checksum"":""ce38b3f3a7a05142"",""nonfinite"":0},{""label"":""prompt"",""checksum"":""556c3b871bf91e81"",""nonfinite"":0},{""label"":""prompt"",""checksum"":""c930f979f7f0aed4"",""nonfinite"":0},{""label"":""decode"",""checksum"":""0c8e93b3ecced1c6"",""nonfinite"":0},{""label"":""decode"",""checksum"":""319a6a234bb9ed88"",""nonfinite"":0},{""label"":""decode"",""checksum"":""1e95777bddcc71d5"",""nonfinite"":0},{""label"":""decode"",""checksum"":""fc3ff68058ffd54e"",""nonfinite"":0},{""label"":""decode"",""checksum"":""92560214e2ee8afd"",""nonfinite"":0},{""label"":""decode"",""checksum"":""ea317c3ff2b17152"",""nonfinite"":0}]",b5d2ea31b0f709c295ad59dfab37889028c6fe9857ea11908ff3ab4b717c9a5d,0,249,28996.000,29051.000,2918.398,2512.000,2962.000,50.040,61.000,195.887,475.310,84.462,100.000,"{""argv"":[""/home/wici/llama.cpp/build-cuda/bin/llama-bench"",""-m"",""/home/wici/voice-lab/models/gguf/gemma-4-31B-it-Q4_0.gguf"",""-p"",""512"",""-n"",""64"",""-r"",""5"",""-t"",""8"",""-b"",""512"",""-ub"",""512"",""-fa"",""on"",""-ctk"",""f16"",""-ctv"",""f16"",""-mmp"",""1"",""-o"",""csv"",""--ctx-size"",""165120"",""-ot"",""^blk[.][0-9]+[.](attn_(k|v|q|output)|ffn_(down|gate|up))[.]weight$=CUDA_Hybrid""],""env"":{""GGML_CUDA_HYBRID_MODE"":""staging"",""GGML_CUDA_HYBRID_PAGE_BUDGET"":""1421"",""LD_LIBRARY_PATH"":""/dev/shm/intertidal-capacity.mEP47j:/home/wici/llama.cpp/build-cuda/bin:/usr/local/cuda/lib64"",""LLAMA_BENCH_LOGIT_CHECKSUM"":""1""}}","{""buffers"":[{""buffer_bytes"":""16524435968"",""buffer_mib"":""15758.930"",""eligible_pages"":""7470"",""gross_bytes"":""2980052992"",""gross_mib"":""2842.000"",""gross_pages"":""1421"",""layers"":""60"",""local_physical_bytes"":""13545504768"",""local_physical_mib"":""12918.000"",""mode"":""staging"",""net_bytes"":""2875195392"",""net_mib"":""2742.000"",""net_saved_mib"":""2742.000"",""page_bytes"":""2097152"",""page_mib"":""2.000"",""remote_mib"":""2842.000"",""requested_bytes"":""2980052992"",""requested_mib"":""2842.000"",""requested_pages"":""1421"",""selected_tensors"":""410"",""selection"":""global_budget"",""staging_bytes"":""104857600"",""staging_mib"":""100.000""}],""gross_pages"":1421,""gross_remote_bytes"":2980052992,""mode"":""staging"",""net_saved_bytes"":2875195392,""requested_pages"":1421,""selected_layers"":60,""selected_tensors"":410,""staging_bytes"":104857600}",
1,2ea4f9e1-2cf1-4a6f-908e-9afc36c6c3b0,2026-08-12T09:41:29.247164+00:00,463fcfc4c106535f73c78b7f9d39765d0de0d6d2e370f92d4b86bfb98a1cc036,31,intertidal_dma,dense,31.0,31738.000,165120,17.3,1429,,ok,0,24.288,1429,1429,2996830208,2858.000,17.300305,104857600,100.000,2891972608,2758.000,16.694976,measured_vmm_layout,,31738.000,410,60,,,4247.225109,61.470017,16.249596,0.013356,0.994126,0.210292,match,"[{""label"":""prompt"",""checksum"":""2417196da4492390"",""nonfinite"":0},{""label"":""prompt"",""checksum"":""0453392d6142afd3"",""nonfinite"":0},{""label"":""prompt"",""checksum"":""8c39d6d410e92623"",""nonfinite"":0},{""label"":""prompt"",""checksum"":""ce38b3f3a7a05142"",""nonfinite"":0},{""label"":""prompt"",""checksum"":""556c3b871bf91e81"",""nonfinite"":0},{""label"":""prompt"",""checksum"":""c930f979f7f0aed4"",""nonfinite"":0},{""label"":""decode"",""checksum"":""0c8e93b3ecced1c6"",""nonfinite"":0},{""label"":""decode"",""checksum"":""319a6a234bb9ed88"",""nonfinite"":0},{""label"":""decode"",""checksum"":""1e95777bddcc71d5"",""nonfinite"":0},{""label"":""decode"",""checksum"":""fc3ff68058ffd54e"",""nonfinite"":0},{""label"":""decode"",""checksum"":""92560214e2ee8afd"",""nonfinite"":0},{""label"":""decode"",""checksum"":""ea317c3ff2b17152"",""nonfinite"":0}]",b5d2ea31b0f709c295ad59dfab37889028c6fe9857ea11908ff3ab4b717c9a5d,0,249,28980.000,29035.000,2889.655,2505.000,2962.000,49.900,61.000,195.425,458.520,89.012,100.000,"{""argv"":[""/home/wici/llama.cpp/build-cuda/bin/llama-bench"",""-m"",""/home/wici/voice-lab/models/gguf/gemma-4-31B-it-Q4_0.gguf"",""-p"",""512"",""-n"",""64"",""-r"",""5"",""-t"",""8"",""-b"",""512"",""-ub"",""512"",""-fa"",""on"",""-ctk"",""f16"",""-ctv"",""f16"",""-mmp"",""1"",""-o"",""csv"",""--ctx-size"",""165120"",""-ot"",""^blk[.][0-9]+[.](attn_(k|v|q|output)|ffn_(down|gate|up))[.]weight$=CUDA_Hybrid""],""env"":{""GGML_CUDA_HYBRID_MODE"":""staging"",""GGML_CUDA_HYBRID_PAGE_BUDGET"":""1429"",""LD_LIBRARY_PATH"":""/dev/shm/intertidal-capacity.mEP47j:/home/wici/llama.cpp/build-cuda/bin:/usr/local/cuda/lib64"",""LLAMA_BENCH_LOGIT_CHECKSUM"":""1""}}","{""buffers"":[{""buffer_bytes"":""16524435968"",""buffer_mib"":""15758.930"",""eligible_pages"":""7470"",""gross_bytes"":""2996830208"",""gross_mib"":""2858.000"",""gross_pages"":""1429"",""layers"":""60"",""local_physical_bytes"":""13528727552"",""local_physical_mib"":""12902.000"",""mode"":""staging"",""net_bytes"":""2891972608"",""net_mib"":""2758.000"",""net_saved_mib"":""2758.000"",""page_bytes"":""2097152"",""page_mib"":""2.000"",""remote_mib"":""2858.000"",""requested_bytes"":""2996830208"",""requested_mib"":""2858.000"",""requested_pages"":""1429"",""selected_tensors"":""410"",""selection"":""global_budget"",""staging_bytes"":""104857600"",""staging_mib"":""100.000""}],""gross_pages"":1429,""gross_remote_bytes"":2996830208,""mode"":""staging"",""net_saved_bytes"":2891972608,""requested_pages"":1429,""selected_layers"":60,""selected_tensors"":410,""staging_bytes"":104857600}",
1,2ea4f9e1-2cf1-4a6f-908e-9afc36c6c3b0,2026-08-12T09:41:53.621895+00:00,463fcfc4c106535f73c78b7f9d39765d0de0d6d2e370f92d4b86bfb98a1cc036,31,intertidal_dma,dense,31.0,31738.000,165120,17.4,1437,,ok,0,24.368,1437,1437,3013607424,2874.000,17.397158,104857600,100.000,2908749824,2774.000,16.791829,measured_vmm_layout,,31738.000,410,60,,,4247.080052,74.816318,16.151846,0.014481,0.994092,0.209027,match,"[{""label"":""prompt"",""checksum"":""2417196da4492390"",""nonfinite"":0},{""label"":""prompt"",""checksum"":""0453392d6142afd3"",""nonfinite"":0},{""label"":""prompt"",""checksum"":""8c39d6d410e92623"",""nonfinite"":0},{""label"":""prompt"",""checksum"":""ce38b3f3a7a05142"",""nonfinite"":0},{""label"":""prompt"",""checksum"":""556c3b871bf91e81"",""nonfinite"":0},{""label"":""prompt"",""checksum"":""c930f979f7f0aed4"",""nonfinite"":0},{""label"":""decode"",""checksum"":""0c8e93b3ecced1c6"",""nonfinite"":0},{""label"":""decode"",""checksum"":""319a6a234bb9ed88"",""nonfinite"":0},{""label"":""decode"",""checksum"":""1e95777bddcc71d5"",""nonfinite"":0},{""label"":""decode"",""checksum"":""fc3ff68058ffd54e"",""nonfinite"":0},{""label"":""decode"",""checksum"":""92560214e2ee8afd"",""nonfinite"":0},{""label"":""decode"",""checksum"":""ea317c3ff2b17152"",""nonfinite"":0}]",b5d2ea31b0f709c295ad59dfab37889028c6fe9857ea11908ff3ab4b717c9a5d,0,251,28964.000,29019.000,2922.940,2520.000,2962.000,50.056,61.000,195.544,468.360,87.805,100.000,"{""argv"":[""/home/wici/llama.cpp/build-cuda/bin/llama-bench"",""-m"",""/home/wici/voice-lab/models/gguf/gemma-4-31B-it-Q4_0.gguf"",""-p"",""512"",""-n"",""64"",""-r"",""5"",""-t"",""8"",""-b"",""512"",""-ub"",""512"",""-fa"",""on"",""-ctk"",""f16"",""-ctv"",""f16"",""-mmp"",""1"",""-o"",""csv"",""--ctx-size"",""165120"",""-ot"",""^blk[.][0-9]+[.](attn_(k|v|q|output)|ffn_(down|gate|up))[.]weight$=CUDA_Hybrid""],""env"":{""GGML_CUDA_HYBRID_MODE"":""staging"",""GGML_CUDA_HYBRID_PAGE_BUDGET"":""1437"",""LD_LIBRARY_PATH"":""/dev/shm/intertidal-capacity.mEP47j:/home/wici/llama.cpp/build-cuda/bin:/usr/local/cuda/lib64"",""LLAMA_BENCH_LOGIT_CHECKSUM"":""1""}}","{""buffers"":[{""buffer_bytes"":""16524435968"",""buffer_mib"":""15758.930"",""eligible_pages"":""7470"",""gross_bytes"":""3013607424"",""gross_mib"":""2874.000"",""gross_pages"":""1437"",""layers"":""60"",""local_physical_bytes"":""13511950336"",""local_physical_mib"":""12886.000"",""mode"":""staging"",""net_bytes"":""2908749824"",""net_mib"":""2774.000"",""net_saved_mib"":""2774.000"",""page_bytes"":""2097152"",""page_mib"":""2.000"",""remote_mib"":""2874.000"",""requested_bytes"":""3013607424"",""requested_mib"":""2874.000"",""requested_pages"":""1437"",""selected_tensors"":""410"",""selection"":""global_budget"",""staging_bytes"":""104857600"",""staging_mib"":""100.000""}],""gross_pages"":1437,""gross_remote_bytes"":3013607424,""mode"":""staging"",""net_saved_bytes"":2908749824,""requested_pages"":1437,""selected_layers"":60,""selected_tensors"":410,""staging_bytes"":104857600}",
1,2ea4f9e1-2cf1-4a6f-908e-9afc36c6c3b0,2026-08-12T09:42:18.143807+00:00,463fcfc4c106535f73c78b7f9d39765d0de0d6d2e370f92d4b86bfb98a1cc036,31,intertidal_dma,dense,31.0,31738.000,165120,17.5,1445,,ok,0,24.505,1445,1445,3030384640,2890.000,17.494011,104857600,100.000,2925527040,2790.000,16.888682,measured_vmm_layout,,31738.000,410,60,,,4250.656155,69.760905,16.066003,0.009339,0.994929,0.207916,match,"[{""label"":""prompt"",""checksum"":""2417196da4492390"",""nonfinite"":0},{""label"":""prompt"",""checksum"":""0453392d6142afd3"",""nonfinite"":0},{""label"":""prompt"",""checksum"":""8c39d6d410e92623"",""nonfinite"":0},{""label"":""prompt"",""checksum"":""ce38b3f3a7a05142"",""nonfinite"":0},{""label"":""prompt"",""checksum"":""556c3b871bf91e81"",""nonfinite"":0},{""label"":""prompt"",""checksum"":""c930f979f7f0aed4"",""nonfinite"":0},{""label"":""decode"",""checksum"":""0c8e93b3ecced1c6"",""nonfinite"":0},{""label"":""decode"",""checksum"":""319a6a234bb9ed88"",""nonfinite"":0},{""label"":""decode"",""checksum"":""1e95777bddcc71d5"",""nonfinite"":0},{""label"":""decode"",""checksum"":""fc3ff68058ffd54e"",""nonfinite"":0},{""label"":""decode"",""checksum"":""92560214e2ee8afd"",""nonfinite"":0},{""label"":""decode"",""checksum"":""ea317c3ff2b17152"",""nonfinite"":0}]",b5d2ea31b0f709c295ad59dfab37889028c6fe9857ea11908ff3ab4b717c9a5d,0,252,28948.000,29003.000,2928.429,2512.000,2962.000,50.091,61.000,195.638,462.280,88.460,100.000,"{""argv"":[""/home/wici/llama.cpp/build-cuda/bin/llama-bench"",""-m"",""/home/wici/voice-lab/models/gguf/gemma-4-31B-it-Q4_0.gguf"",""-p"",""512"",""-n"",""64"",""-r"",""5"",""-t"",""8"",""-b"",""512"",""-ub"",""512"",""-fa"",""on"",""-ctk"",""f16"",""-ctv"",""f16"",""-mmp"",""1"",""-o"",""csv"",""--ctx-size"",""165120"",""-ot"",""^blk[.][0-9]+[.](attn_(k|v|q|output)|ffn_(down|gate|up))[.]weight$=CUDA_Hybrid""],""env"":{""GGML_CUDA_HYBRID_MODE"":""staging"",""GGML_CUDA_HYBRID_PAGE_BUDGET"":""1445"",""LD_LIBRARY_PATH"":""/dev/shm/intertidal-capacity.mEP47j:/home/wici/llama.cpp/build-cuda/bin:/usr/local/cuda/lib64"",""LLAMA_BENCH_LOGIT_CHECKSUM"":""1""}}","{""buffers"":[{""buffer_bytes"":""16524435968"",""buffer_mib"":""15758.930"",""eligible_pages"":""7470"",""gross_bytes"":""3030384640"",""gross_mib"":""2890.000"",""gross_pages"":""1445"",""layers"":""60"",""local_physical_bytes"":""13495173120"",""local_physical_mib"":""12870.000"",""mode"":""staging"",""net_bytes"":""2925527040"",""net_mib"":""2790.000"",""net_saved_mib"":""2790.000"",""page_bytes"":""2097152"",""page_mib"":""2.000"",""remote_mib"":""2890.000"",""requested_bytes"":""3030384640"",""requested_mib"":""2890.000"",""requested_pages"":""1445"",""selected_tensors"":""410"",""selection"":""global_budget"",""staging_bytes"":""104857600"",""staging_mib"":""100.000""}],""gross_pages"":1445,""gross_remote_bytes"":3030384640,""mode"":""staging"",""net_saved_bytes"":2925527040,""requested_pages"":1445,""selected_layers"":60,""selected_tensors"":410,""staging_bytes"":104857600}",
1,2ea4f9e1-2cf1-4a6f-908e-9afc36c6c3b0,2026-08-12T09:42:42.754074+00:00,463fcfc4c106535f73c78b7f9d39765d0de0d6d2e370f92d4b86bfb98a1cc036,31,intertidal_dma,dense,31.0,31738.000,165120,17.6,1454,,ok,0,24.602,1454,1454,3049259008,2908.000,17.602970,104857600,100.000,2944401408,2808.000,16.997641,measured_vmm_layout,,31738.000,410,60,,,4249.665105,54.005228,15.966412,0.012321,0.994697,0.206627,match,"[{""label"":""prompt"",""checksum"":""2417196da4492390"",""nonfinite"":0},{""label"":""prompt"",""checksum"":""0453392d6142afd3"",""nonfinite"":0},{""label"":""prompt"",""checksum"":""8c39d6d410e92623"",""nonfinite"":0},{""label"":""prompt"",""checksum"":""ce38b3f3a7a05142"",""nonfinite"":0},{""label"":""prompt"",""checksum"":""556c3b871bf91e81"",""nonfinite"":0},{""label"":""prompt"",""checksum"":""c930f979f7f0aed4"",""nonfinite"":0},{""label"":""decode"",""checksum"":""0c8e93b3ecced1c6"",""nonfinite"":0},{""label"":""decode"",""checksum"":""319a6a234bb9ed88"",""nonfinite"":0},{""label"":""decode"",""checksum"":""1e95777bddcc71d5"",""nonfinite"":0},{""label"":""decode"",""checksum"":""fc3ff68058ffd54e"",""nonfinite"":0},{""label"":""decode"",""checksum"":""92560214e2ee8afd"",""nonfinite"":0},{""label"":""decode"",""checksum"":""ea317c3ff2b17152"",""nonfinite"":0}]",b5d2ea31b0f709c295ad59dfab37889028c6fe9857ea11908ff3ab4b717c9a5d,0,253,28930.000,28985.000,2919.186,2505.000,2962.000,50.028,61.000,195.002,467.870,89.490,100.000,"{""argv"":[""/home/wici/llama.cpp/build-cuda/bin/llama-bench"",""-m"",""/home/wici/voice-lab/models/gguf/gemma-4-31B-it-Q4_0.gguf"",""-p"",""512"",""-n"",""64"",""-r"",""5"",""-t"",""8"",""-b"",""512"",""-ub"",""512"",""-fa"",""on"",""-ctk"",""f16"",""-ctv"",""f16"",""-mmp"",""1"",""-o"",""csv"",""--ctx-size"",""165120"",""-ot"",""^blk[.][0-9]+[.](attn_(k|v|q|output)|ffn_(down|gate|up))[.]weight$=CUDA_Hybrid""],""env"":{""GGML_CUDA_HYBRID_MODE"":""staging"",""GGML_CUDA_HYBRID_PAGE_BUDGET"":""1454"",""LD_LIBRARY_PATH"":""/dev/shm/intertidal-capacity.mEP47j:/home/wici/llama.cpp/build-cuda/bin:/usr/local/cuda/lib64"",""LLAMA_BENCH_LOGIT_CHECKSUM"":""1""}}","{""buffers"":[{""buffer_bytes"":""16524435968"",""buffer_mib"":""15758.930"",""eligible_pages"":""7470"",""gross_bytes"":""3049259008"",""gross_mib"":""2908.000"",""gross_pages"":""1454"",""layers"":""60"",""local_physical_bytes"":""13476298752"",""local_physical_mib"":""12852.000"",""mode"":""staging"",""net_bytes"":""2944401408"",""net_mib"":""2808.000"",""net_saved_mib"":""2808.000"",""page_bytes"":""2097152"",""page_mib"":""2.000"",""remote_mib"":""2908.000"",""requested_bytes"":""3049259008"",""requested_mib"":""2908.000"",""requested_pages"":""1454"",""selected_tensors"":""410"",""selection"":""global_budget"",""staging_bytes"":""104857600"",""staging_mib"":""100.000""}],""gross_pages"":1454,""gross_remote_bytes"":3049259008,""mode"":""staging"",""net_saved_bytes"":2944401408,""requested_pages"":1454,""selected_layers"":60,""selected_tensors"":410,""staging_bytes"":104857600}",
1,2ea4f9e1-2cf1-4a6f-908e-9afc36c6c3b0,2026-08-12T09:43:07.625756+00:00,463fcfc4c106535f73c78b7f9d39765d0de0d6d2e370f92d4b86bfb98a1cc036,31,intertidal_dma,dense,31.0,31738.000,165120,17.7,1462,,ok,0,24.865,1462,1462,3066036224,2924.000,17.699822,109051904,104.000,2956984320,2820.000,17.070280,measured_vmm_layout,,31738.000,410,60,,,4256.125110,64.272185,15.868153,0.017930,0.996209,0.205356,match,"[{""label"":""prompt"",""checksum"":""2417196da4492390"",""nonfinite"":0},{""label"":""prompt"",""checksum"":""0453392d6142afd3"",""nonfinite"":0},{""label"":""prompt"",""checksum"":""8c39d6d410e92623"",""nonfinite"":0},{""label"":""prompt"",""checksum"":""ce38b3f3a7a05142"",""nonfinite"":0},{""label"":""prompt"",""checksum"":""556c3b871bf91e81"",""nonfinite"":0},{""label"":""prompt"",""checksum"":""c930f979f7f0aed4"",""nonfinite"":0},{""label"":""decode"",""checksum"":""0c8e93b3ecced1c6"",""nonfinite"":0},{""label"":""decode"",""checksum"":""319a6a234bb9ed88"",""nonfinite"":0},{""label"":""decode"",""checksum"":""1e95777bddcc71d5"",""nonfinite"":0},{""label"":""decode"",""checksum"":""fc3ff68058ffd54e"",""nonfinite"":0},{""label"":""decode"",""checksum"":""92560214e2ee8afd"",""nonfinite"":0},{""label"":""decode"",""checksum"":""ea317c3ff2b17152"",""nonfinite"":0}]",b5d2ea31b0f709c295ad59dfab37889028c6fe9857ea11908ff3ab4b717c9a5d,0,256,28918.000,28973.000,2918.055,2512.000,2962.000,49.855,61.000,192.739,443.460,89.230,100.000,"{""argv"":[""/home/wici/llama.cpp/build-cuda/bin/llama-bench"",""-m"",""/home/wici/voice-lab/models/gguf/gemma-4-31B-it-Q4_0.gguf"",""-p"",""512"",""-n"",""64"",""-r"",""5"",""-t"",""8"",""-b"",""512"",""-ub"",""512"",""-fa"",""on"",""-ctk"",""f16"",""-ctv"",""f16"",""-mmp"",""1"",""-o"",""csv"",""--ctx-size"",""165120"",""-ot"",""^blk[.][0-9]+[.](attn_(k|v|q|output)|ffn_(down|gate|up))[.]weight$=CUDA_Hybrid""],""env"":{""GGML_CUDA_HYBRID_MODE"":""staging"",""GGML_CUDA_HYBRID_PAGE_BUDGET"":""1462"",""LD_LIBRARY_PATH"":""/dev/shm/intertidal-capacity.mEP47j:/home/wici/llama.cpp/build-cuda/bin:/usr/local/cuda/lib64"",""LLAMA_BENCH_LOGIT_CHECKSUM"":""1""}}","{""buffers"":[{""buffer_bytes"":""16524435968"",""buffer_mib"":""15758.930"",""eligible_pages"":""7470"",""gross_bytes"":""3066036224"",""gross_mib"":""2924.000"",""gross_pages"":""1462"",""layers"":""60"",""local_physical_bytes"":""13459521536"",""local_physical_mib"":""12836.000"",""mode"":""staging"",""net_bytes"":""2956984320"",""net_mib"":""2820.000"",""net_saved_mib"":""2820.000"",""page_bytes"":""2097152"",""page_mib"":""2.000"",""remote_mib"":""2924.000"",""requested_bytes"":""3066036224"",""requested_mib"":""2924.000"",""requested_pages"":""1462"",""selected_tensors"":""410"",""selection"":""global_budget"",""staging_bytes"":""109051904"",""staging_mib"":""104.000""}],""gross_pages"":1462,""gross_remote_bytes"":3066036224,""mode"":""staging"",""net_saved_bytes"":2956984320,""requested_pages"":1462,""selected_layers"":60,""selected_tensors"":410,""staging_bytes"":109051904}",
1,2ea4f9e1-2cf1-4a6f-908e-9afc36c6c3b0,2026-08-12T09:43:32.511020+00:00,463fcfc4c106535f73c78b7f9d39765d0de0d6d2e370f92d4b86bfb98a1cc036,31,intertidal_dma,dense,31.0,31738.000,165120,17.8,1470,,ok,0,24.879,1470,1470,3082813440,2940.000,17.796675,109051904,104.000,2973761536,2836.000,17.167133,measured_vmm_layout,,31738.000,410,60,,,4252.289036,55.512074,15.780859,0.017087,0.995311,0.204226,match,"[{""label"":""prompt"",""checksum"":""2417196da4492390"",""nonfinite"":0},{""label"":""prompt"",""checksum"":""0453392d6142afd3"",""nonfinite"":0},{""label"":""prompt"",""checksum"":""8c39d6d410e92623"",""nonfinite"":0},{""label"":""prompt"",""checksum"":""ce38b3f3a7a05142"",""nonfinite"":0},{""label"":""prompt"",""checksum"":""556c3b871bf91e81"",""nonfinite"":0},{""label"":""prompt"",""checksum"":""c930f979f7f0aed4"",""nonfinite"":0},{""label"":""decode"",""checksum"":""0c8e93b3ecced1c6"",""nonfinite"":0},{""label"":""decode"",""checksum"":""319a6a234bb9ed88"",""nonfinite"":0},{""label"":""decode"",""checksum"":""1e95777bddcc71d5"",""nonfinite"":0},{""label"":""decode"",""checksum"":""fc3ff68058ffd54e"",""nonfinite"":0},{""label"":""decode"",""checksum"":""92560214e2ee8afd"",""nonfinite"":0},{""label"":""decode"",""checksum"":""ea317c3ff2b17152"",""nonfinite"":0}]",b5d2ea31b0f709c295ad59dfab37889028c6fe9857ea11908ff3ab4b717c9a5d,0,256,28902.000,28957.000,2926.914,2520.000,2962.000,50.062,61.000,193.631,469.650,87.516,100.000,"{""argv"":[""/home/wici/llama.cpp/build-cuda/bin/llama-bench"",""-m"",""/home/wici/voice-lab/models/gguf/gemma-4-31B-it-Q4_0.gguf"",""-p"",""512"",""-n"",""64"",""-r"",""5"",""-t"",""8"",""-b"",""512"",""-ub"",""512"",""-fa"",""on"",""-ctk"",""f16"",""-ctv"",""f16"",""-mmp"",""1"",""-o"",""csv"",""--ctx-size"",""165120"",""-ot"",""^blk[.][0-9]+[.](attn_(k|v|q|output)|ffn_(down|gate|up))[.]weight$=CUDA_Hybrid""],""env"":{""GGML_CUDA_HYBRID_MODE"":""staging"",""GGML_CUDA_HYBRID_PAGE_BUDGET"":""1470"",""LD_LIBRARY_PATH"":""/dev/shm/intertidal-capacity.mEP47j:/home/wici/llama.cpp/build-cuda/bin:/usr/local/cuda/lib64"",""LLAMA_BENCH_LOGIT_CHECKSUM"":""1""}}","{""buffers"":[{""buffer_bytes"":""16524435968"",""buffer_mib"":""15758.930"",""eligible_pages"":""7470"",""gross_bytes"":""3082813440"",""gross_mib"":""2940.000"",""gross_pages"":""1470"",""layers"":""60"",""local_physical_bytes"":""13442744320"",""local_physical_mib"":""12820.000"",""mode"":""staging"",""net_bytes"":""2973761536"",""net_mib"":""2836.000"",""net_saved_mib"":""2836.000"",""page_bytes"":""2097152"",""page_mib"":""2.000"",""remote_mib"":""2940.000"",""requested_bytes"":""3082813440"",""requested_mib"":""2940.000"",""requested_pages"":""1470"",""selected_tensors"":""410"",""selection"":""global_budget"",""staging_bytes"":""109051904"",""staging_mib"":""104.000""}],""gross_pages"":1470,""gross_remote_bytes"":3082813440,""mode"":""staging"",""net_saved_bytes"":2973761536,""requested_pages"":1470,""selected_layers"":60,""selected_tensors"":410,""staging_bytes"":109051904}",
1,2ea4f9e1-2cf1-4a6f-908e-9afc36c6c3b0,2026-08-12T09:43:57.492558+00:00,463fcfc4c106535f73c78b7f9d39765d0de0d6d2e370f92d4b86bfb98a1cc036,31,intertidal_dma,dense,31.0,31738.000,165120,17.9,1479,,ok,0,24.975,1479,1479,3101687808,2958.000,17.905634,109051904,104.000,2992635904,2854.000,17.276092,measured_vmm_layout,,31738.000,410,60,,,4246.169721,68.610412,15.703492,0.014979,0.993879,0.203225,match,"[{""label"":""prompt"",""checksum"":""2417196da4492390"",""nonfinite"":0},{""label"":""prompt"",""checksum"":""0453392d6142afd3"",""nonfinite"":0},{""label"":""prompt"",""checksum"":""8c39d6d410e92623"",""nonfinite"":0},{""label"":""prompt"",""checksum"":""ce38b3f3a7a05142"",""nonfinite"":0},{""label"":""prompt"",""checksum"":""556c3b871bf91e81"",""nonfinite"":0},{""label"":""prompt"",""checksum"":""c930f979f7f0aed4"",""nonfinite"":0},{""label"":""decode"",""checksum"":""0c8e93b3ecced1c6"",""nonfinite"":0},{""label"":""decode"",""checksum"":""319a6a234bb9ed88"",""nonfinite"":0},{""label"":""decode"",""checksum"":""1e95777bddcc71d5"",""nonfinite"":0},{""label"":""decode"",""checksum"":""fc3ff68058ffd54e"",""nonfinite"":0},{""label"":""decode"",""checksum"":""92560214e2ee8afd"",""nonfinite"":0},{""label"":""decode"",""checksum"":""ea317c3ff2b17152"",""nonfinite"":0}]",b5d2ea31b0f709c295ad59dfab37889028c6fe9857ea11908ff3ab4b717c9a5d,0,257,28884.000,28939.000,2925.230,2512.000,2962.000,50.121,61.000,194.000,476.310,86.759,100.000,"{""argv"":[""/home/wici/llama.cpp/build-cuda/bin/llama-bench"",""-m"",""/home/wici/voice-lab/models/gguf/gemma-4-31B-it-Q4_0.gguf"",""-p"",""512"",""-n"",""64"",""-r"",""5"",""-t"",""8"",""-b"",""512"",""-ub"",""512"",""-fa"",""on"",""-ctk"",""f16"",""-ctv"",""f16"",""-mmp"",""1"",""-o"",""csv"",""--ctx-size"",""165120"",""-ot"",""^blk[.][0-9]+[.](attn_(k|v|q|output)|ffn_(down|gate|up))[.]weight$=CUDA_Hybrid""],""env"":{""GGML_CUDA_HYBRID_MODE"":""staging"",""GGML_CUDA_HYBRID_PAGE_BUDGET"":""1479"",""LD_LIBRARY_PATH"":""/dev/shm/intertidal-capacity.mEP47j:/home/wici/llama.cpp/build-cuda/bin:/usr/local/cuda/lib64"",""LLAMA_BENCH_LOGIT_CHECKSUM"":""1""}}","{""buffers"":[{""buffer_bytes"":""16524435968"",""buffer_mib"":""15758.930"",""eligible_pages"":""7470"",""gross_bytes"":""3101687808"",""gross_mib"":""2958.000"",""gross_pages"":""1479"",""layers"":""60"",""local_physical_bytes"":""13423869952"",""local_physical_mib"":""12802.000"",""mode"":""staging"",""net_bytes"":""2992635904"",""net_mib"":""2854.000"",""net_saved_mib"":""2854.000"",""page_bytes"":""2097152"",""page_mib"":""2.000"",""remote_mib"":""2958.000"",""requested_bytes"":""3101687808"",""requested_mib"":""2958.000"",""requested_pages"":""1479"",""selected_tensors"":""410"",""selection"":""global_budget"",""staging_bytes"":""109051904"",""staging_mib"":""104.000""}],""gross_pages"":1479,""gross_remote_bytes"":3101687808,""mode"":""staging"",""net_saved_bytes"":2992635904,""requested_pages"":1479,""selected_layers"":60,""selected_tensors"":410,""staging_bytes"":109051904}",
1,2ea4f9e1-2cf1-4a6f-908e-9afc36c6c3b0,2026-08-12T09:44:22.695819+00:00,463fcfc4c106535f73c78b7f9d39765d0de0d6d2e370f92d4b86bfb98a1cc036,31,intertidal_dma,dense,31.0,31738.000,165120,18.1,1495,,ok,0,25.196,1495,1495,3135242240,2990.000,18.099340,109051904,104.000,3026190336,2886.000,17.469797,measured_vmm_layout,,31738.000,410,60,,,4245.976971,54.367390,15.539329,0.013458,0.993833,0.201100,match,"[{""label"":""prompt"",""checksum"":""2417196da4492390"",""nonfinite"":0},{""label"":""prompt"",""checksum"":""0453392d6142afd3"",""nonfinite"":0},{""label"":""prompt"",""checksum"":""8c39d6d410e92623"",""nonfinite"":0},{""label"":""prompt"",""checksum"":""ce38b3f3a7a05142"",""nonfinite"":0},{""label"":""prompt"",""checksum"":""556c3b871bf91e81"",""nonfinite"":0},{""label"":""prompt"",""checksum"":""c930f979f7f0aed4"",""nonfinite"":0},{""label"":""decode"",""checksum"":""0c8e93b3ecced1c6"",""nonfinite"":0},{""label"":""decode"",""checksum"":""319a6a234bb9ed88"",""nonfinite"":0},{""label"":""decode"",""checksum"":""1e95777bddcc71d5"",""nonfinite"":0},{""label"":""decode"",""checksum"":""fc3ff68058ffd54e"",""nonfinite"":0},{""label"":""decode"",""checksum"":""92560214e2ee8afd"",""nonfinite"":0},{""label"":""decode"",""checksum"":""ea317c3ff2b17152"",""nonfinite"":0}]",b5d2ea31b0f709c295ad59dfab37889028c6fe9857ea11908ff3ab4b717c9a5d,0,260,28852.000,28907.000,2910.385,2505.000,2962.000,49.904,60.000,192.422,474.890,89.400,100.000,"{""argv"":[""/home/wici/llama.cpp/build-cuda/bin/llama-bench"",""-m"",""/home/wici/voice-lab/models/gguf/gemma-4-31B-it-Q4_0.gguf"",""-p"",""512"",""-n"",""64"",""-r"",""5"",""-t"",""8"",""-b"",""512"",""-ub"",""512"",""-fa"",""on"",""-ctk"",""f16"",""-ctv"",""f16"",""-mmp"",""1"",""-o"",""csv"",""--ctx-size"",""165120"",""-ot"",""^blk[.][0-9]+[.](attn_(k|v|q|output)|ffn_(down|gate|up))[.]weight$=CUDA_Hybrid""],""env"":{""GGML_CUDA_HYBRID_MODE"":""staging"",""GGML_CUDA_HYBRID_PAGE_BUDGET"":""1495"",""LD_LIBRARY_PATH"":""/dev/shm/intertidal-capacity.mEP47j:/home/wici/llama.cpp/build-cuda/bin:/usr/local/cuda/lib64"",""LLAMA_BENCH_LOGIT_CHECKSUM"":""1""}}","{""buffers"":[{""buffer_bytes"":""16524435968"",""buffer_mib"":""15758.930"",""eligible_pages"":""7470"",""gross_bytes"":""3135242240"",""gross_mib"":""2990.000"",""gross_pages"":""1495"",""layers"":""60"",""local_physical_bytes"":""13390315520"",""local_physical_mib"":""12770.000"",""mode"":""staging"",""net_bytes"":""3026190336"",""net_mib"":""2886.000"",""net_saved_mib"":""2886.000"",""page_bytes"":""2097152"",""page_mib"":""2.000"",""remote_mib"":""2990.000"",""requested_bytes"":""3135242240"",""requested_mib"":""2990.000"",""requested_pages"":""1495"",""selected_tensors"":""410"",""selection"":""global_budget"",""staging_bytes"":""109051904"",""staging_mib"":""104.000""}],""gross_pages"":1495,""gross_remote_bytes"":3135242240,""mode"":""staging"",""net_saved_bytes"":3026190336,""requested_pages"":1495,""selected_layers"":60,""selected_tensors"":410,""staging_bytes"":109051904}",
1,2ea4f9e1-2cf1-4a6f-908e-9afc36c6c3b0,2026-08-12T09:44:48.062279+00:00,463fcfc4c106535f73c78b7f9d39765d0de0d6d2e370f92d4b86bfb98a1cc036,31,intertidal_dma,dense,31.0,31738.000,165120,18.2,1503,,ok,0,25.359,1503,1503,3152019456,3006.000,18.196192,109051904,104.000,3042967552,2902.000,17.566650,measured_vmm_layout,,31738.000,410,60,,,4247.101314,69.441501,15.439931,0.019833,0.994097,0.199814,match,"[{""label"":""prompt"",""checksum"":""2417196da4492390"",""nonfinite"":0},{""label"":""prompt"",""checksum"":""0453392d6142afd3"",""nonfinite"":0},{""label"":""prompt"",""checksum"":""8c39d6d410e92623"",""nonfinite"":0},{""label"":""prompt"",""checksum"":""ce38b3f3a7a05142"",""nonfinite"":0},{""label"":""prompt"",""checksum"":""556c3b871bf91e81"",""nonfinite"":0},{""label"":""prompt"",""checksum"":""c930f979f7f0aed4"",""nonfinite"":0},{""label"":""decode"",""checksum"":""0c8e93b3ecced1c6"",""nonfinite"":0},{""label"":""decode"",""checksum"":""319a6a234bb9ed88"",""nonfinite"":0},{""label"":""decode"",""checksum"":""1e95777bddcc71d5"",""nonfinite"":0},{""label"":""decode"",""checksum"":""fc3ff68058ffd54e"",""nonfinite"":0},{""label"":""decode"",""checksum"":""92560214e2ee8afd"",""nonfinite"":0},{""label"":""decode"",""checksum"":""ea317c3ff2b17152"",""nonfinite"":0}]",b5d2ea31b0f709c295ad59dfab37889028c6fe9857ea11908ff3ab4b717c9a5d,0,261,28836.000,28891.000,2898.831,2505.000,2962.000,49.862,60.000,192.221,471.900,89.602,100.000,"{""argv"":[""/home/wici/llama.cpp/build-cuda/bin/llama-bench"",""-m"",""/home/wici/voice-lab/models/gguf/gemma-4-31B-it-Q4_0.gguf"",""-p"",""512"",""-n"",""64"",""-r"",""5"",""-t"",""8"",""-b"",""512"",""-ub"",""512"",""-fa"",""on"",""-ctk"",""f16"",""-ctv"",""f16"",""-mmp"",""1"",""-o"",""csv"",""--ctx-size"",""165120"",""-ot"",""^blk[.][0-9]+[.](attn_(k|v|q|output)|ffn_(down|gate|up))[.]weight$=CUDA_Hybrid""],""env"":{""GGML_CUDA_HYBRID_MODE"":""staging"",""GGML_CUDA_HYBRID_PAGE_BUDGET"":""1503"",""LD_LIBRARY_PATH"":""/dev/shm/intertidal-capacity.mEP47j:/home/wici/llama.cpp/build-cuda/bin:/usr/local/cuda/lib64"",""LLAMA_BENCH_LOGIT_CHECKSUM"":""1""}}","{""buffers"":[{""buffer_bytes"":""16524435968"",""buffer_mib"":""15758.930"",""eligible_pages"":""7470"",""gross_bytes"":""3152019456"",""gross_mib"":""3006.000"",""gross_pages"":""1503"",""layers"":""60"",""local_physical_bytes"":""13373538304"",""local_physical_mib"":""12754.000"",""mode"":""staging"",""net_bytes"":""3042967552"",""net_mib"":""2902.000"",""net_saved_mib"":""2902.000"",""page_bytes"":""2097152"",""page_mib"":""2.000"",""remote_mib"":""3006.000"",""requested_bytes"":""3152019456"",""requested_mib"":""3006.000"",""requested_pages"":""1503"",""selected_tensors"":""410"",""selection"":""global_budget"",""staging_bytes"":""109051904"",""staging_mib"":""104.000""}],""gross_pages"":1503,""gross_remote_bytes"":3152019456,""mode"":""staging"",""net_saved_bytes"":3042967552,""requested_pages"":1503,""selected_layers"":60,""selected_tensors"":410,""staging_bytes"":109051904}",
1,2ea4f9e1-2cf1-4a6f-908e-9afc36c6c3b0,2026-08-12T09:45:13.510124+00:00,463fcfc4c106535f73c78b7f9d39765d0de0d6d2e370f92d4b86bfb98a1cc036,31,intertidal_dma,dense,31.0,31738.000,165120,18.3,1512,,ok,0,25.441,1512,1512,3170893824,3024.000,18.305152,109051904,104.000,3061841920,2920.000,17.675609,measured_vmm_layout,,31738.000,410,60,,,4250.161944,53.215940,15.342185,0.011551,0.994813,0.198549,match,"[{""label"":""prompt"",""checksum"":""2417196da4492390"",""nonfinite"":0},{""label"":""prompt"",""checksum"":""0453392d6142afd3"",""nonfinite"":0},{""label"":""prompt"",""checksum"":""8c39d6d410e92623"",""nonfinite"":0},{""label"":""prompt"",""checksum"":""ce38b3f3a7a05142"",""nonfinite"":0},{""label"":""prompt"",""checksum"":""556c3b871bf91e81"",""nonfinite"":0},{""label"":""prompt"",""checksum"":""c930f979f7f0aed4"",""nonfinite"":0},{""label"":""decode"",""checksum"":""0c8e93b3ecced1c6"",""nonfinite"":0},{""label"":""decode"",""checksum"":""319a6a234bb9ed88"",""nonfinite"":0},{""label"":""decode"",""checksum"":""1e95777bddcc71d5"",""nonfinite"":0},{""label"":""decode"",""checksum"":""fc3ff68058ffd54e"",""nonfinite"":0},{""label"":""decode"",""checksum"":""92560214e2ee8afd"",""nonfinite"":0},{""label"":""decode"",""checksum"":""ea317c3ff2b17152"",""nonfinite"":0}]",b5d2ea31b0f709c295ad59dfab37889028c6fe9857ea11908ff3ab4b717c9a5d,0,262,28818.000,28873.000,2911.057,2505.000,2962.000,50.053,61.000,191.819,474.560,89.095,100.000,"{""argv"":[""/home/wici/llama.cpp/build-cuda/bin/llama-bench"",""-m"",""/home/wici/voice-lab/models/gguf/gemma-4-31B-it-Q4_0.gguf"",""-p"",""512"",""-n"",""64"",""-r"",""5"",""-t"",""8"",""-b"",""512"",""-ub"",""512"",""-fa"",""on"",""-ctk"",""f16"",""-ctv"",""f16"",""-mmp"",""1"",""-o"",""csv"",""--ctx-size"",""165120"",""-ot"",""^blk[.][0-9]+[.](attn_(k|v|q|output)|ffn_(down|gate|up))[.]weight$=CUDA_Hybrid""],""env"":{""GGML_CUDA_HYBRID_MODE"":""staging"",""GGML_CUDA_HYBRID_PAGE_BUDGET"":""1512"",""LD_LIBRARY_PATH"":""/dev/shm/intertidal-capacity.mEP47j:/home/wici/llama.cpp/build-cuda/bin:/usr/local/cuda/lib64"",""LLAMA_BENCH_LOGIT_CHECKSUM"":""1""}}","{""buffers"":[{""buffer_bytes"":""16524435968"",""buffer_mib"":""15758.930"",""eligible_pages"":""7470"",""gross_bytes"":""3170893824"",""gross_mib"":""3024.000"",""gross_pages"":""1512"",""layers"":""60"",""local_physical_bytes"":""13354663936"",""local_physical_mib"":""12736.000"",""mode"":""staging"",""net_bytes"":""3061841920"",""net_mib"":""2920.000"",""net_saved_mib"":""2920.000"",""page_bytes"":""2097152"",""page_mib"":""2.000"",""remote_mib"":""3024.000"",""requested_bytes"":""3170893824"",""requested_mib"":""3024.000"",""requested_pages"":""1512"",""selected_tensors"":""410"",""selection"":""global_budget"",""staging_bytes"":""109051904"",""staging_mib"":""104.000""}],""gross_pages"":1512,""gross_remote_bytes"":3170893824,""mode"":""staging"",""net_saved_bytes"":3061841920,""requested_pages"":1512,""selected_layers"":60,""selected_tensors"":410,""staging_bytes"":109051904}",
1,2ea4f9e1-2cf1-4a6f-908e-9afc36c6c3b0,2026-08-12T09:45:39.334269+00:00,463fcfc4c106535f73c78b7f9d39765d0de0d6d2e370f92d4b86bfb98a1cc036,31,intertidal_dma,dense,31.0,31738.000,165120,18.4,1520,,ok,0,25.817,1520,1520,3187671040,3040.000,18.402004,109051904,104.000,3078619136,2936.000,17.772462,measured_vmm_layout,,31738.000,410,60,,,4246.728111,53.019646,15.264597,0.012552,0.994009,0.197545,match,"[{""label"":""prompt"",""checksum"":""2417196da4492390"",""nonfinite"":0},{""label"":""prompt"",""checksum"":""0453392d6142afd3"",""nonfinite"":0},{""label"":""prompt"",""checksum"":""8c39d6d410e92623"",""nonfinite"":0},{""label"":""prompt"",""checksum"":""ce38b3f3a7a05142"",""nonfinite"":0},{""label"":""prompt"",""checksum"":""556c3b871bf91e81"",""nonfinite"":0},{""label"":""prompt"",""checksum"":""c930f979f7f0aed4"",""nonfinite"":0},{""label"":""decode"",""checksum"":""0c8e93b3ecced1c6"",""nonfinite"":0},{""label"":""decode"",""checksum"":""319a6a234bb9ed88"",""nonfinite"":0},{""label"":""decode"",""checksum"":""1e95777bddcc71d5"",""nonfinite"":0},{""label"":""decode"",""checksum"":""fc3ff68058ffd54e"",""nonfinite"":0},{""label"":""decode"",""checksum"":""92560214e2ee8afd"",""nonfinite"":0},{""label"":""decode"",""checksum"":""ea317c3ff2b17152"",""nonfinite"":0}]",b5d2ea31b0f709c295ad59dfab37889028c6fe9857ea11908ff3ab4b717c9a5d,0,263,28802.000,28857.000,2914.814,2505.000,2962.000,49.681,60.000,190.491,448.860,86.722,100.000,"{""argv"":[""/home/wici/llama.cpp/build-cuda/bin/llama-bench"",""-m"",""/home/wici/voice-lab/models/gguf/gemma-4-31B-it-Q4_0.gguf"",""-p"",""512"",""-n"",""64"",""-r"",""5"",""-t"",""8"",""-b"",""512"",""-ub"",""512"",""-fa"",""on"",""-ctk"",""f16"",""-ctv"",""f16"",""-mmp"",""1"",""-o"",""csv"",""--ctx-size"",""165120"",""-ot"",""^blk[.][0-9]+[.](attn_(k|v|q|output)|ffn_(down|gate|up))[.]weight$=CUDA_Hybrid""],""env"":{""GGML_CUDA_HYBRID_MODE"":""staging"",""GGML_CUDA_HYBRID_PAGE_BUDGET"":""1520"",""LD_LIBRARY_PATH"":""/dev/shm/intertidal-capacity.mEP47j:/home/wici/llama.cpp/build-cuda/bin:/usr/local/cuda/lib64"",""LLAMA_BENCH_LOGIT_CHECKSUM"":""1""}}","{""buffers"":[{""buffer_bytes"":""16524435968"",""buffer_mib"":""15758.930"",""eligible_pages"":""7470"",""gross_bytes"":""3187671040"",""gross_mib"":""3040.000"",""gross_pages"":""1520"",""layers"":""60"",""local_physical_bytes"":""13337886720"",""local_physical_mib"":""12720.000"",""mode"":""staging"",""net_bytes"":""3078619136"",""net_mib"":""2936.000"",""net_saved_mib"":""2936.000"",""page_bytes"":""2097152"",""page_mib"":""2.000"",""remote_mib"":""3040.000"",""requested_bytes"":""3187671040"",""requested_mib"":""3040.000"",""requested_pages"":""1520"",""selected_tensors"":""410"",""selection"":""global_budget"",""staging_bytes"":""109051904"",""staging_mib"":""104.000""}],""gross_pages"":1520,""gross_remote_bytes"":3187671040,""mode"":""staging"",""net_saved_bytes"":3078619136,""requested_pages"":1520,""selected_layers"":60,""selected_tensors"":410,""staging_bytes"":109051904}",
1,2ea4f9e1-2cf1-4a6f-908e-9afc36c6c3b0,2026-08-12T09:46:05.070348+00:00,463fcfc4c106535f73c78b7f9d39765d0de0d6d2e370f92d4b86bfb98a1cc036,31,intertidal_dma,dense,31.0,31738.000,165120,18.5,1528,,ok,0,25.729,1528,1528,3204448256,3056.000,18.498857,113246208,108.000,3091202048,2948.000,17.845101,measured_vmm_layout,,31738.000,410,60,,,4251.289073,56.464070,15.181696,0.017228,0.995077,0.196472,match,"[{""label"":""prompt"",""checksum"":""2417196da4492390"",""nonfinite"":0},{""label"":""prompt"",""checksum"":""0453392d6142afd3"",""nonfinite"":0},{""label"":""prompt"",""checksum"":""8c39d6d410e92623"",""nonfinite"":0},{""label"":""prompt"",""checksum"":""ce38b3f3a7a05142"",""nonfinite"":0},{""label"":""prompt"",""checksum"":""556c3b871bf91e81"",""nonfinite"":0},{""label"":""prompt"",""checksum"":""c930f979f7f0aed4"",""nonfinite"":0},{""label"":""decode"",""checksum"":""0c8e93b3ecced1c6"",""nonfinite"":0},{""label"":""decode"",""checksum"":""319a6a234bb9ed88"",""nonfinite"":0},{""label"":""decode"",""checksum"":""1e95777bddcc71d5"",""nonfinite"":0},{""label"":""decode"",""checksum"":""fc3ff68058ffd54e"",""nonfinite"":0},{""label"":""decode"",""checksum"":""92560214e2ee8afd"",""nonfinite"":0},{""label"":""decode"",""checksum"":""ea317c3ff2b17152"",""nonfinite"":0}]",b5d2ea31b0f709c295ad59dfab37889028c6fe9857ea11908ff3ab4b717c9a5d,0,265,28790.000,28845.000,2905.774,2512.000,2962.000,49.630,60.000,191.208,471.260,89.766,100.000,"{""argv"":[""/home/wici/llama.cpp/build-cuda/bin/llama-bench"",""-m"",""/home/wici/voice-lab/models/gguf/gemma-4-31B-it-Q4_0.gguf"",""-p"",""512"",""-n"",""64"",""-r"",""5"",""-t"",""8"",""-b"",""512"",""-ub"",""512"",""-fa"",""on"",""-ctk"",""f16"",""-ctv"",""f16"",""-mmp"",""1"",""-o"",""csv"",""--ctx-size"",""165120"",""-ot"",""^blk[.][0-9]+[.](attn_(k|v|q|output)|ffn_(down|gate|up))[.]weight$=CUDA_Hybrid""],""env"":{""GGML_CUDA_HYBRID_MODE"":""staging"",""GGML_CUDA_HYBRID_PAGE_BUDGET"":""1528"",""LD_LIBRARY_PATH"":""/dev/shm/intertidal-capacity.mEP47j:/home/wici/llama.cpp/build-cuda/bin:/usr/local/cuda/lib64"",""LLAMA_BENCH_LOGIT_CHECKSUM"":""1""}}","{""buffers"":[{""buffer_bytes"":""16524435968"",""buffer_mib"":""15758.930"",""eligible_pages"":""7470"",""gross_bytes"":""3204448256"",""gross_mib"":""3056.000"",""gross_pages"":""1528"",""layers"":""60"",""local_physical_bytes"":""13321109504"",""local_physical_mib"":""12704.000"",""mode"":""staging"",""net_bytes"":""3091202048"",""net_mib"":""2948.000"",""net_saved_mib"":""2948.000"",""page_bytes"":""2097152"",""page_mib"":""2.000"",""remote_mib"":""3056.000"",""requested_bytes"":""3204448256"",""requested_mib"":""3056.000"",""requested_pages"":""1528"",""selected_tensors"":""410"",""selection"":""global_budget"",""staging_bytes"":""113246208"",""staging_mib"":""108.000""}],""gross_pages"":1528,""gross_remote_bytes"":3204448256,""mode"":""staging"",""net_saved_bytes"":3091202048,""requested_pages"":1528,""selected_layers"":60,""selected_tensors"":410,""staging_bytes"":113246208}",
1,2ea4f9e1-2cf1-4a6f-908e-9afc36c6c3b0,2026-08-12T09:46:30.948041+00:00,463fcfc4c106535f73c78b7f9d39765d0de0d6d2e370f92d4b86bfb98a1cc036,31,intertidal_dma,dense,31.0,31738.000,165120,18.6,1536,,ok,0,25.857,1536,1536,3221225472,3072.000,18.595710,113246208,108.000,3107979264,2964.000,17.941954,measured_vmm_layout,,31738.000,410,60,,,4237.425163,64.467257,15.106809,0.004602,0.991832,0.195503,match,"[{""label"":""prompt"",""checksum"":""2417196da4492390"",""nonfinite"":0},{""label"":""prompt"",""checksum"":""0453392d6142afd3"",""nonfinite"":0},{""label"":""prompt"",""checksum"":""8c39d6d410e92623"",""nonfinite"":0},{""label"":""prompt"",""checksum"":""ce38b3f3a7a05142"",""nonfinite"":0},{""label"":""prompt"",""checksum"":""556c3b871bf91e81"",""nonfinite"":0},{""label"":""prompt"",""checksum"":""c930f979f7f0aed4"",""nonfinite"":0},{""label"":""decode"",""checksum"":""0c8e93b3ecced1c6"",""nonfinite"":0},{""label"":""decode"",""checksum"":""319a6a234bb9ed88"",""nonfinite"":0},{""label"":""decode"",""checksum"":""1e95777bddcc71d5"",""nonfinite"":0},{""label"":""decode"",""checksum"":""fc3ff68058ffd54e"",""nonfinite"":0},{""label"":""decode"",""checksum"":""92560214e2ee8afd"",""nonfinite"":0},{""label"":""decode"",""checksum"":""ea317c3ff2b17152"",""nonfinite"":0}]",b5d2ea31b0f709c295ad59dfab37889028c6fe9857ea11908ff3ab4b717c9a5d,0,265,28774.000,28829.000,2926.974,2520.000,2962.000,49.408,61.000,190.791,470.270,86.275,100.000,"{""argv"":[""/home/wici/llama.cpp/build-cuda/bin/llama-bench"",""-m"",""/home/wici/voice-lab/models/gguf/gemma-4-31B-it-Q4_0.gguf"",""-p"",""512"",""-n"",""64"",""-r"",""5"",""-t"",""8"",""-b"",""512"",""-ub"",""512"",""-fa"",""on"",""-ctk"",""f16"",""-ctv"",""f16"",""-mmp"",""1"",""-o"",""csv"",""--ctx-size"",""165120"",""-ot"",""^blk[.][0-9]+[.](attn_(k|v|q|output)|ffn_(down|gate|up))[.]weight$=CUDA_Hybrid""],""env"":{""GGML_CUDA_HYBRID_MODE"":""staging"",""GGML_CUDA_HYBRID_PAGE_BUDGET"":""1536"",""LD_LIBRARY_PATH"":""/dev/shm/intertidal-capacity.mEP47j:/home/wici/llama.cpp/build-cuda/bin:/usr/local/cuda/lib64"",""LLAMA_BENCH_LOGIT_CHECKSUM"":""1""}}","{""buffers"":[{""buffer_bytes"":""16524435968"",""buffer_mib"":""15758.930"",""eligible_pages"":""7470"",""gross_bytes"":""3221225472"",""gross_mib"":""3072.000"",""gross_pages"":""1536"",""layers"":""60"",""local_physical_bytes"":""13304332288"",""local_physical_mib"":""12688.000"",""mode"":""staging"",""net_bytes"":""3107979264"",""net_mib"":""2964.000"",""net_saved_mib"":""2964.000"",""page_bytes"":""2097152"",""page_mib"":""2.000"",""remote_mib"":""3072.000"",""requested_bytes"":""3221225472"",""requested_mib"":""3072.000"",""requested_pages"":""1536"",""selected_tensors"":""410"",""selection"":""global_budget"",""staging_bytes"":""113246208"",""staging_mib"":""108.000""}],""gross_pages"":1536,""gross_remote_bytes"":3221225472,""mode"":""staging"",""net_saved_bytes"":3107979264,""requested_pages"":1536,""selected_layers"":60,""selected_tensors"":410,""staging_bytes"":113246208}",
1,2ea4f9e1-2cf1-4a6f-908e-9afc36c6c3b0,2026-08-12T09:46:57.000335+00:00,463fcfc4c106535f73c78b7f9d39765d0de0d6d2e370f92d4b86bfb98a1cc036,31,intertidal_dma,dense,31.0,31738.000,165120,18.7,1545,,ok,0,26.024,1545,1545,3240099840,3090.000,18.704669,113246208,108.000,3126853632,2982.000,18.050913,measured_vmm_layout,,31738.000,410,60,,,4244.848441,57.630443,15.015796,0.015254,0.993569,0.194325,match,"[{""label"":""prompt"",""checksum"":""2417196da4492390"",""nonfinite"":0},{""label"":""prompt"",""checksum"":""0453392d6142afd3"",""nonfinite"":0},{""label"":""prompt"",""checksum"":""8c39d6d410e92623"",""nonfinite"":0},{""label"":""prompt"",""checksum"":""ce38b3f3a7a05142"",""nonfinite"":0},{""label"":""prompt"",""checksum"":""556c3b871bf91e81"",""nonfinite"":0},{""label"":""prompt"",""checksum"":""c930f979f7f0aed4"",""nonfinite"":0},{""label"":""decode"",""checksum"":""0c8e93b3ecced1c6"",""nonfinite"":0},{""label"":""decode"",""checksum"":""319a6a234bb9ed88"",""nonfinite"":0},{""label"":""decode"",""checksum"":""1e95777bddcc71d5"",""nonfinite"":0},{""label"":""decode"",""checksum"":""fc3ff68058ffd54e"",""nonfinite"":0},{""label"":""decode"",""checksum"":""92560214e2ee8afd"",""nonfinite"":0},{""label"":""decode"",""checksum"":""ea317c3ff2b17152"",""nonfinite"":0}]",b5d2ea31b0f709c295ad59dfab37889028c6fe9857ea11908ff3ab4b717c9a5d,0,267,28756.000,28811.000,2922.816,2505.000,2962.000,49.266,61.000,190.132,473.960,88.217,100.000,"{""argv"":[""/home/wici/llama.cpp/build-cuda/bin/llama-bench"",""-m"",""/home/wici/voice-lab/models/gguf/gemma-4-31B-it-Q4_0.gguf"",""-p"",""512"",""-n"",""64"",""-r"",""5"",""-t"",""8"",""-b"",""512"",""-ub"",""512"",""-fa"",""on"",""-ctk"",""f16"",""-ctv"",""f16"",""-mmp"",""1"",""-o"",""csv"",""--ctx-size"",""165120"",""-ot"",""^blk[.][0-9]+[.](attn_(k|v|q|output)|ffn_(down|gate|up))[.]weight$=CUDA_Hybrid""],""env"":{""GGML_CUDA_HYBRID_MODE"":""staging"",""GGML_CUDA_HYBRID_PAGE_BUDGET"":""1545"",""LD_LIBRARY_PATH"":""/dev/shm/intertidal-capacity.mEP47j:/home/wici/llama.cpp/build-cuda/bin:/usr/local/cuda/lib64"",""LLAMA_BENCH_LOGIT_CHECKSUM"":""1""}}","{""buffers"":[{""buffer_bytes"":""16524435968"",""buffer_mib"":""15758.930"",""eligible_pages"":""7470"",""gross_bytes"":""3240099840"",""gross_mib"":""3090.000"",""gross_pages"":""1545"",""layers"":""60"",""local_physical_bytes"":""13285457920"",""local_physical_mib"":""12670.000"",""mode"":""staging"",""net_bytes"":""3126853632"",""net_mib"":""2982.000"",""net_saved_mib"":""2982.000"",""page_bytes"":""2097152"",""page_mib"":""2.000"",""remote_mib"":""3090.000"",""requested_bytes"":""3240099840"",""requested_mib"":""3090.000"",""requested_pages"":""1545"",""selected_tensors"":""410"",""selection"":""global_budget"",""staging_bytes"":""113246208"",""staging_mib"":""108.000""}],""gross_pages"":1545,""gross_remote_bytes"":3240099840,""mode"":""staging"",""net_saved_bytes"":3126853632,""requested_pages"":1545,""selected_layers"":60,""selected_tensors"":410,""staging_bytes"":113246208}",
1,2ea4f9e1-2cf1-4a6f-908e-9afc36c6c3b0,2026-08-12T09:47:23.265606+00:00,463fcfc4c106535f73c78b7f9d39765d0de0d6d2e370f92d4b86bfb98a1cc036,31,intertidal_dma,dense,31.0,31738.000,165120,18.8,1553,,ok,0,26.257,1553,1553,3256877056,3106.000,18.801521,113246208,108.000,3143630848,2998.000,18.147766,measured_vmm_layout,,31738.000,410,60,,,4245.990544,75.509652,14.940017,0.013789,0.993837,0.193344,match,"[{""label"":""prompt"",""checksum"":""2417196da4492390"",""nonfinite"":0},{""label"":""prompt"",""checksum"":""0453392d6142afd3"",""nonfinite"":0},{""label"":""prompt"",""checksum"":""8c39d6d410e92623"",""nonfinite"":0},{""label"":""prompt"",""checksum"":""ce38b3f3a7a05142"",""nonfinite"":0},{""label"":""prompt"",""checksum"":""556c3b871bf91e81"",""nonfinite"":0},{""label"":""prompt"",""checksum"":""c930f979f7f0aed4"",""nonfinite"":0},{""label"":""decode"",""checksum"":""0c8e93b3ecced1c6"",""nonfinite"":0},{""label"":""decode"",""checksum"":""319a6a234bb9ed88"",""nonfinite"":0},{""label"":""decode"",""checksum"":""1e95777bddcc71d5"",""nonfinite"":0},{""label"":""decode"",""checksum"":""fc3ff68058ffd54e"",""nonfinite"":0},{""label"":""decode"",""checksum"":""92560214e2ee8afd"",""nonfinite"":0},{""label"":""decode"",""checksum"":""ea317c3ff2b17152"",""nonfinite"":0}]",b5d2ea31b0f709c295ad59dfab37889028c6fe9857ea11908ff3ab4b717c9a5d,0,268,28740.000,28795.000,2915.433,2505.000,2962.000,49.235,61.000,191.152,466.400,89.951,100.000,"{""argv"":[""/home/wici/llama.cpp/build-cuda/bin/llama-bench"",""-m"",""/home/wici/voice-lab/models/gguf/gemma-4-31B-it-Q4_0.gguf"",""-p"",""512"",""-n"",""64"",""-r"",""5"",""-t"",""8"",""-b"",""512"",""-ub"",""512"",""-fa"",""on"",""-ctk"",""f16"",""-ctv"",""f16"",""-mmp"",""1"",""-o"",""csv"",""--ctx-size"",""165120"",""-ot"",""^blk[.][0-9]+[.](attn_(k|v|q|output)|ffn_(down|gate|up))[.]weight$=CUDA_Hybrid""],""env"":{""GGML_CUDA_HYBRID_MODE"":""staging"",""GGML_CUDA_HYBRID_PAGE_BUDGET"":""1553"",""LD_LIBRARY_PATH"":""/dev/shm/intertidal-capacity.mEP47j:/home/wici/llama.cpp/build-cuda/bin:/usr/local/cuda/lib64"",""LLAMA_BENCH_LOGIT_CHECKSUM"":""1""}}","{""buffers"":[{""buffer_bytes"":""16524435968"",""buffer_mib"":""15758.930"",""eligible_pages"":""7470"",""gross_bytes"":""3256877056"",""gross_mib"":""3106.000"",""gross_pages"":""1553"",""layers"":""60"",""local_physical_bytes"":""13268680704"",""local_physical_mib"":""12654.000"",""mode"":""staging"",""net_bytes"":""3143630848"",""net_mib"":""2998.000"",""net_saved_mib"":""2998.000"",""page_bytes"":""2097152"",""page_mib"":""2.000"",""remote_mib"":""3106.000"",""requested_bytes"":""3256877056"",""requested_mib"":""3106.000"",""requested_pages"":""1553"",""selected_tensors"":""410"",""selection"":""global_budget"",""staging_bytes"":""113246208"",""staging_mib"":""108.000""}],""gross_pages"":1553,""gross_remote_bytes"":3256877056,""mode"":""staging"",""net_saved_bytes"":3143630848,""requested_pages"":1553,""selected_layers"":60,""selected_tensors"":410,""staging_bytes"":113246208}",
1,2ea4f9e1-2cf1-4a6f-908e-9afc36c6c3b0,2026-08-12T09:47:49.370893+00:00,463fcfc4c106535f73c78b7f9d39765d0de0d6d2e370f92d4b86bfb98a1cc036,31,intertidal_dma,dense,31.0,31738.000,165120,18.9,1561,,ok,0,26.190,1561,1561,3273654272,3122.000,18.898374,113246208,108.000,3160408064,3014.000,18.244619,measured_vmm_layout,,31738.000,410,60,,,4244.747016,54.263161,14.864891,0.012945,0.993546,0.192372,match,"[{""label"":""prompt"",""checksum"":""2417196da4492390"",""nonfinite"":0},{""label"":""prompt"",""checksum"":""0453392d6142afd3"",""nonfinite"":0},{""label"":""prompt"",""checksum"":""8c39d6d410e92623"",""nonfinite"":0},{""label"":""prompt"",""checksum"":""ce38b3f3a7a05142"",""nonfinite"":0},{""label"":""prompt"",""checksum"":""556c3b871bf91e81"",""nonfinite"":0},{""label"":""prompt"",""checksum"":""c930f979f7f0aed4"",""nonfinite"":0},{""label"":""decode"",""checksum"":""0c8e93b3ecced1c6"",""nonfinite"":0},{""label"":""decode"",""checksum"":""319a6a234bb9ed88"",""nonfinite"":0},{""label"":""decode"",""checksum"":""1e95777bddcc71d5"",""nonfinite"":0},{""label"":""decode"",""checksum"":""fc3ff68058ffd54e"",""nonfinite"":0},{""label"":""decode"",""checksum"":""92560214e2ee8afd"",""nonfinite"":0},{""label"":""decode"",""checksum"":""ea317c3ff2b17152"",""nonfinite"":0}]",b5d2ea31b0f709c295ad59dfab37889028c6fe9857ea11908ff3ab4b717c9a5d,0,269,28724.000,28779.000,2908.301,2505.000,2962.000,48.974,60.000,189.069,464.610,85.171,100.000,"{""argv"":[""/home/wici/llama.cpp/build-cuda/bin/llama-bench"",""-m"",""/home/wici/voice-lab/models/gguf/gemma-4-31B-it-Q4_0.gguf"",""-p"",""512"",""-n"",""64"",""-r"",""5"",""-t"",""8"",""-b"",""512"",""-ub"",""512"",""-fa"",""on"",""-ctk"",""f16"",""-ctv"",""f16"",""-mmp"",""1"",""-o"",""csv"",""--ctx-size"",""165120"",""-ot"",""^blk[.][0-9]+[.](attn_(k|v|q|output)|ffn_(down|gate|up))[.]weight$=CUDA_Hybrid""],""env"":{""GGML_CUDA_HYBRID_MODE"":""staging"",""GGML_CUDA_HYBRID_PAGE_BUDGET"":""1561"",""LD_LIBRARY_PATH"":""/dev/shm/intertidal-capacity.mEP47j:/home/wici/llama.cpp/build-cuda/bin:/usr/local/cuda/lib64"",""LLAMA_BENCH_LOGIT_CHECKSUM"":""1""}}","{""buffers"":[{""buffer_bytes"":""16524435968"",""buffer_mib"":""15758.930"",""eligible_pages"":""7470"",""gross_bytes"":""3273654272"",""gross_mib"":""3122.000"",""gross_pages"":""1561"",""layers"":""60"",""local_physical_bytes"":""13251903488"",""local_physical_mib"":""12638.000"",""mode"":""staging"",""net_bytes"":""3160408064"",""net_mib"":""3014.000"",""net_saved_mib"":""3014.000"",""page_bytes"":""2097152"",""page_mib"":""2.000"",""remote_mib"":""3122.000"",""requested_bytes"":""3273654272"",""requested_mib"":""3122.000"",""requested_pages"":""1561"",""selected_tensors"":""410"",""selection"":""global_budget"",""staging_bytes"":""113246208"",""staging_mib"":""108.000""}],""gross_pages"":1561,""gross_remote_bytes"":3273654272,""mode"":""staging"",""net_saved_bytes"":3160408064,""requested_pages"":1561,""selected_layers"":60,""selected_tensors"":410,""staging_bytes"":113246208}",
1,2ea4f9e1-2cf1-4a6f-908e-9afc36c6c3b0,2026-08-12T09:48:15.856635+00:00,463fcfc4c106535f73c78b7f9d39765d0de0d6d2e370f92d4b86bfb98a1cc036,31,intertidal_dma,dense,31.0,31738.000,165120,19.1,1578,,ok,0,26.478,1578,1578,3309305856,3156.000,19.104186,117440512,112.000,3191865344,3044.000,18.426217,measured_vmm_layout,,31738.000,410,60,,,4245.092592,56.523440,14.689844,0.018168,0.993626,0.190107,match,"[{""label"":""prompt"",""checksum"":""2417196da4492390"",""nonfinite"":0},{""label"":""prompt"",""checksum"":""0453392d6142afd3"",""nonfinite"":0},{""label"":""prompt"",""checksum"":""8c39d6d410e92623"",""nonfinite"":0},{""label"":""prompt"",""checksum"":""ce38b3f3a7a05142"",""nonfinite"":0},{""label"":""prompt"",""checksum"":""556c3b871bf91e81"",""nonfinite"":0},{""label"":""prompt"",""checksum"":""c930f979f7f0aed4"",""nonfinite"":0},{""label"":""decode"",""checksum"":""0c8e93b3ecced1c6"",""nonfinite"":0},{""label"":""decode"",""checksum"":""319a6a234bb9ed88"",""nonfinite"":0},{""label"":""decode"",""checksum"":""1e95777bddcc71d5"",""nonfinite"":0},{""label"":""decode"",""checksum"":""fc3ff68058ffd54e"",""nonfinite"":0},{""label"":""decode"",""checksum"":""92560214e2ee8afd"",""nonfinite"":0},{""label"":""decode"",""checksum"":""ea317c3ff2b17152"",""nonfinite"":0}]",b5d2ea31b0f709c295ad59dfab37889028c6fe9857ea11908ff3ab4b717c9a5d,0,271,28694.000,28749.000,2933.229,2520.000,2962.000,49.214,61.000,189.142,474.110,90.026,100.000,"{""argv"":[""/home/wici/llama.cpp/build-cuda/bin/llama-bench"",""-m"",""/home/wici/voice-lab/models/gguf/gemma-4-31B-it-Q4_0.gguf"",""-p"",""512"",""-n"",""64"",""-r"",""5"",""-t"",""8"",""-b"",""512"",""-ub"",""512"",""-fa"",""on"",""-ctk"",""f16"",""-ctv"",""f16"",""-mmp"",""1"",""-o"",""csv"",""--ctx-size"",""165120"",""-ot"",""^blk[.][0-9]+[.](attn_(k|v|q|output)|ffn_(down|gate|up))[.]weight$=CUDA_Hybrid""],""env"":{""GGML_CUDA_HYBRID_MODE"":""staging"",""GGML_CUDA_HYBRID_PAGE_BUDGET"":""1578"",""LD_LIBRARY_PATH"":""/dev/shm/intertidal-capacity.mEP47j:/home/wici/llama.cpp/build-cuda/bin:/usr/local/cuda/lib64"",""LLAMA_BENCH_LOGIT_CHECKSUM"":""1""}}","{""buffers"":[{""buffer_bytes"":""16524435968"",""buffer_mib"":""15758.930"",""eligible_pages"":""7470"",""gross_bytes"":""3309305856"",""gross_mib"":""3156.000"",""gross_pages"":""1578"",""layers"":""60"",""local_physical_bytes"":""13216251904"",""local_physical_mib"":""12604.000"",""mode"":""staging"",""net_bytes"":""3191865344"",""net_mib"":""3044.000"",""net_saved_mib"":""3044.000"",""page_bytes"":""2097152"",""page_mib"":""2.000"",""remote_mib"":""3156.000"",""requested_bytes"":""3309305856"",""requested_mib"":""3156.000"",""requested_pages"":""1578"",""selected_tensors"":""410"",""selection"":""global_budget"",""staging_bytes"":""117440512"",""staging_mib"":""112.000""}],""gross_pages"":1578,""gross_remote_bytes"":3309305856,""mode"":""staging"",""net_saved_bytes"":3191865344,""requested_pages"":1578,""selected_layers"":60,""selected_tensors"":410,""staging_bytes"":117440512}",
1,2ea4f9e1-2cf1-4a6f-908e-9afc36c6c3b0,2026-08-12T09:48:42.444338+00:00,463fcfc4c106535f73c78b7f9d39765d0de0d6d2e370f92d4b86bfb98a1cc036,31,intertidal_dma,dense,31.0,31738.000,165120,19.2,1586,,ok,0,26.573,1586,1586,3326083072,3172.000,19.201039,117440512,112.000,3208642560,3060.000,18.523070,measured_vmm_layout,,31738.000,410,60,,,4243.141278,68.013383,14.638792,0.017926,0.993170,0.189446,match,"[{""label"":""prompt"",""checksum"":""2417196da4492390"",""nonfinite"":0},{""label"":""prompt"",""checksum"":""0453392d6142afd3"",""nonfinite"":0},{""label"":""prompt"",""checksum"":""8c39d6d410e92623"",""nonfinite"":0},{""label"":""prompt"",""checksum"":""ce38b3f3a7a05142"",""nonfinite"":0},{""label"":""prompt"",""checksum"":""556c3b871bf91e81"",""nonfinite"":0},{""label"":""prompt"",""checksum"":""c930f979f7f0aed4"",""nonfinite"":0},{""label"":""decode"",""checksum"":""0c8e93b3ecced1c6"",""nonfinite"":0},{""label"":""decode"",""checksum"":""319a6a234bb9ed88"",""nonfinite"":0},{""label"":""decode"",""checksum"":""1e95777bddcc71d5"",""nonfinite"":0},{""label"":""decode"",""checksum"":""fc3ff68058ffd54e"",""nonfinite"":0},{""label"":""decode"",""checksum"":""92560214e2ee8afd"",""nonfinite"":0},{""label"":""decode"",""checksum"":""ea317c3ff2b17152"",""nonfinite"":0}]",b5d2ea31b0f709c295ad59dfab37889028c6fe9857ea11908ff3ab4b717c9a5d,0,273,28678.000,28733.000,2925.106,2520.000,2962.000,49.179,61.000,188.593,459.320,88.502,100.000,"{""argv"":[""/home/wici/llama.cpp/build-cuda/bin/llama-bench"",""-m"",""/home/wici/voice-lab/models/gguf/gemma-4-31B-it-Q4_0.gguf"",""-p"",""512"",""-n"",""64"",""-r"",""5"",""-t"",""8"",""-b"",""512"",""-ub"",""512"",""-fa"",""on"",""-ctk"",""f16"",""-ctv"",""f16"",""-mmp"",""1"",""-o"",""csv"",""--ctx-size"",""165120"",""-ot"",""^blk[.][0-9]+[.](attn_(k|v|q|output)|ffn_(down|gate|up))[.]weight$=CUDA_Hybrid""],""env"":{""GGML_CUDA_HYBRID_MODE"":""staging"",""GGML_CUDA_HYBRID_PAGE_BUDGET"":""1586"",""LD_LIBRARY_PATH"":""/dev/shm/intertidal-capacity.mEP47j:/home/wici/llama.cpp/build-cuda/bin:/usr/local/cuda/lib64"",""LLAMA_BENCH_LOGIT_CHECKSUM"":""1""}}","{""buffers"":[{""buffer_bytes"":""16524435968"",""buffer_mib"":""15758.930"",""eligible_pages"":""7470"",""gross_bytes"":""3326083072"",""gross_mib"":""3172.000"",""gross_pages"":""1586"",""layers"":""60"",""local_physical_bytes"":""13199474688"",""local_physical_mib"":""12588.000"",""mode"":""staging"",""net_bytes"":""3208642560"",""net_mib"":""3060.000"",""net_saved_mib"":""3060.000"",""page_bytes"":""2097152"",""page_mib"":""2.000"",""remote_mib"":""3172.000"",""requested_bytes"":""3326083072"",""requested_mib"":""3172.000"",""requested_pages"":""1586"",""selected_tensors"":""410"",""selection"":""global_budget"",""staging_bytes"":""117440512"",""staging_mib"":""112.000""}],""gross_pages"":1586,""gross_remote_bytes"":3326083072,""mode"":""staging"",""net_saved_bytes"":3208642560,""requested_pages"":1586,""selected_layers"":60,""selected_tensors"":410,""staging_bytes"":117440512}",
1,2ea4f9e1-2cf1-4a6f-908e-9afc36c6c3b0,2026-08-12T09:49:09.603043+00:00,463fcfc4c106535f73c78b7f9d39765d0de0d6d2e370f92d4b86bfb98a1cc036,31,intertidal_dma,dense,31.0,31738.000,165120,19.3,1594,,ok,0,27.142,1594,1594,3342860288,3188.000,19.297891,117440512,112.000,3225419776,3076.000,18.619923,measured_vmm_layout,,31738.000,410,60,,,4243.499802,68.923780,14.549219,0.007877,0.993254,0.188287,match,"[{""label"":""prompt"",""checksum"":""2417196da4492390"",""nonfinite"":0},{""label"":""prompt"",""checksum"":""0453392d6142afd3"",""nonfinite"":0},{""label"":""prompt"",""checksum"":""8c39d6d410e92623"",""nonfinite"":0},{""label"":""prompt"",""checksum"":""ce38b3f3a7a05142"",""nonfinite"":0},{""label"":""prompt"",""checksum"":""556c3b871bf91e81"",""nonfinite"":0},{""label"":""prompt"",""checksum"":""c930f979f7f0aed4"",""nonfinite"":0},{""label"":""decode"",""checksum"":""0c8e93b3ecced1c6"",""nonfinite"":0},{""label"":""decode"",""checksum"":""319a6a234bb9ed88"",""nonfinite"":0},{""label"":""decode"",""checksum"":""1e95777bddcc71d5"",""nonfinite"":0},{""label"":""decode"",""checksum"":""fc3ff68058ffd54e"",""nonfinite"":0},{""label"":""decode"",""checksum"":""92560214e2ee8afd"",""nonfinite"":0},{""label"":""decode"",""checksum"":""ea317c3ff2b17152"",""nonfinite"":0}]",b5d2ea31b0f709c295ad59dfab37889028c6fe9857ea11908ff3ab4b717c9a5d,0,273,28662.000,28717.000,2913.136,2505.000,2962.000,49.172,60.000,188.406,474.290,91.048,100.000,"{""argv"":[""/home/wici/llama.cpp/build-cuda/bin/llama-bench"",""-m"",""/home/wici/voice-lab/models/gguf/gemma-4-31B-it-Q4_0.gguf"",""-p"",""512"",""-n"",""64"",""-r"",""5"",""-t"",""8"",""-b"",""512"",""-ub"",""512"",""-fa"",""on"",""-ctk"",""f16"",""-ctv"",""f16"",""-mmp"",""1"",""-o"",""csv"",""--ctx-size"",""165120"",""-ot"",""^blk[.][0-9]+[.](attn_(k|v|q|output)|ffn_(down|gate|up))[.]weight$=CUDA_Hybrid""],""env"":{""GGML_CUDA_HYBRID_MODE"":""staging"",""GGML_CUDA_HYBRID_PAGE_BUDGET"":""1594"",""LD_LIBRARY_PATH"":""/dev/shm/intertidal-capacity.mEP47j:/home/wici/llama.cpp/build-cuda/bin:/usr/local/cuda/lib64"",""LLAMA_BENCH_LOGIT_CHECKSUM"":""1""}}","{""buffers"":[{""buffer_bytes"":""16524435968"",""buffer_mib"":""15758.930"",""eligible_pages"":""7470"",""gross_bytes"":""3342860288"",""gross_mib"":""3188.000"",""gross_pages"":""1594"",""layers"":""60"",""local_physical_bytes"":""13182697472"",""local_physical_mib"":""12572.000"",""mode"":""staging"",""net_bytes"":""3225419776"",""net_mib"":""3076.000"",""net_saved_mib"":""3076.000"",""page_bytes"":""2097152"",""page_mib"":""2.000"",""remote_mib"":""3188.000"",""requested_bytes"":""3342860288"",""requested_mib"":""3188.000"",""requested_pages"":""1594"",""selected_tensors"":""410"",""selection"":""global_budget"",""staging_bytes"":""117440512"",""staging_mib"":""112.000""}],""gross_pages"":1594,""gross_remote_bytes"":3342860288,""mode"":""staging"",""net_saved_bytes"":3225419776,""requested_pages"":1594,""selected_layers"":60,""selected_tensors"":410,""staging_bytes"":117440512}",
1,2ea4f9e1-2cf1-4a6f-908e-9afc36c6c3b0,2026-08-12T09:49:36.394318+00:00,463fcfc4c106535f73c78b7f9d39765d0de0d6d2e370f92d4b86bfb98a1cc036,31,intertidal_dma,dense,31.0,31738.000,165120,19.4,1602,,ok,0,26.782,1602,1602,3359637504,3204.000,19.394744,117440512,112.000,3242196992,3092.000,18.716775,measured_vmm_layout,,31738.000,410,60,,,4246.883784,71.996717,14.471548,0.015189,0.994046,0.187282,match,"[{""label"":""prompt"",""checksum"":""2417196da4492390"",""nonfinite"":0},{""label"":""prompt"",""checksum"":""0453392d6142afd3"",""nonfinite"":0},{""label"":""prompt"",""checksum"":""8c39d6d410e92623"",""nonfinite"":0},{""label"":""prompt"",""checksum"":""ce38b3f3a7a05142"",""nonfinite"":0},{""label"":""prompt"",""checksum"":""556c3b871bf91e81"",""nonfinite"":0},{""label"":""prompt"",""checksum"":""c930f979f7f0aed4"",""nonfinite"":0},{""label"":""decode"",""checksum"":""0c8e93b3ecced1c6"",""nonfinite"":0},{""label"":""decode"",""checksum"":""319a6a234bb9ed88"",""nonfinite"":0},{""label"":""decode"",""checksum"":""1e95777bddcc71d5"",""nonfinite"":0},{""label"":""decode"",""checksum"":""fc3ff68058ffd54e"",""nonfinite"":0},{""label"":""decode"",""checksum"":""92560214e2ee8afd"",""nonfinite"":0},{""label"":""decode"",""checksum"":""ea317c3ff2b17152"",""nonfinite"":0}]",b5d2ea31b0f709c295ad59dfab37889028c6fe9857ea11908ff3ab4b717c9a5d,0,274,28646.000,28701.000,2916.325,2505.000,2962.000,48.850,60.000,186.537,449.470,86.803,100.000,"{""argv"":[""/home/wici/llama.cpp/build-cuda/bin/llama-bench"",""-m"",""/home/wici/voice-lab/models/gguf/gemma-4-31B-it-Q4_0.gguf"",""-p"",""512"",""-n"",""64"",""-r"",""5"",""-t"",""8"",""-b"",""512"",""-ub"",""512"",""-fa"",""on"",""-ctk"",""f16"",""-ctv"",""f16"",""-mmp"",""1"",""-o"",""csv"",""--ctx-size"",""165120"",""-ot"",""^blk[.][0-9]+[.](attn_(k|v|q|output)|ffn_(down|gate|up))[.]weight$=CUDA_Hybrid""],""env"":{""GGML_CUDA_HYBRID_MODE"":""staging"",""GGML_CUDA_HYBRID_PAGE_BUDGET"":""1602"",""LD_LIBRARY_PATH"":""/dev/shm/intertidal-capacity.mEP47j:/home/wici/llama.cpp/build-cuda/bin:/usr/local/cuda/lib64"",""LLAMA_BENCH_LOGIT_CHECKSUM"":""1""}}","{""buffers"":[{""buffer_bytes"":""16524435968"",""buffer_mib"":""15758.930"",""eligible_pages"":""7470"",""gross_bytes"":""3359637504"",""gross_mib"":""3204.000"",""gross_pages"":""1602"",""layers"":""60"",""local_physical_bytes"":""13165920256"",""local_physical_mib"":""12556.000"",""mode"":""staging"",""net_bytes"":""3242196992"",""net_mib"":""3092.000"",""net_saved_mib"":""3092.000"",""page_bytes"":""2097152"",""page_mib"":""2.000"",""remote_mib"":""3204.000"",""requested_bytes"":""3359637504"",""requested_mib"":""3204.000"",""requested_pages"":""1602"",""selected_tensors"":""410"",""selection"":""global_budget"",""staging_bytes"":""117440512"",""staging_mib"":""112.000""}],""gross_pages"":1602,""gross_remote_bytes"":3359637504,""mode"":""staging"",""net_saved_bytes"":3242196992,""requested_pages"":1602,""selected_layers"":60,""selected_tensors"":410,""staging_bytes"":117440512}",
1,2ea4f9e1-2cf1-4a6f-908e-9afc36c6c3b0,2026-08-12T09:50:03.352977+00:00,463fcfc4c106535f73c78b7f9d39765d0de0d6d2e370f92d4b86bfb98a1cc036,31,intertidal_dma,dense,31.0,31738.000,165120,19.5,1611,,ok,0,26.946,1611,1611,3378511872,3222.000,19.503703,117440512,112.000,3261071360,3110.000,18.825735,measured_vmm_layout,,31738.000,410,60,,,4249.443659,62.520359,14.395982,0.009893,0.994645,0.186304,match,"[{""label"":""prompt"",""checksum"":""2417196da4492390"",""nonfinite"":0},{""label"":""prompt"",""checksum"":""0453392d6142afd3"",""nonfinite"":0},{""label"":""prompt"",""checksum"":""8c39d6d410e92623"",""nonfinite"":0},{""label"":""prompt"",""checksum"":""ce38b3f3a7a05142"",""nonfinite"":0},{""label"":""prompt"",""checksum"":""556c3b871bf91e81"",""nonfinite"":0},{""label"":""prompt"",""checksum"":""c930f979f7f0aed4"",""nonfinite"":0},{""label"":""decode"",""checksum"":""0c8e93b3ecced1c6"",""nonfinite"":0},{""label"":""decode"",""checksum"":""319a6a234bb9ed88"",""nonfinite"":0},{""label"":""decode"",""checksum"":""1e95777bddcc71d5"",""nonfinite"":0},{""label"":""decode"",""checksum"":""fc3ff68058ffd54e"",""nonfinite"":0},{""label"":""decode"",""checksum"":""92560214e2ee8afd"",""nonfinite"":0},{""label"":""decode"",""checksum"":""ea317c3ff2b17152"",""nonfinite"":0}]",b5d2ea31b0f709c295ad59dfab37889028c6fe9857ea11908ff3ab4b717c9a5d,0,277,28628.000,28683.000,2911.386,2505.000,2962.000,49.144,60.000,187.746,469.500,89.617,100.000,"{""argv"":[""/home/wici/llama.cpp/build-cuda/bin/llama-bench"",""-m"",""/home/wici/voice-lab/models/gguf/gemma-4-31B-it-Q4_0.gguf"",""-p"",""512"",""-n"",""64"",""-r"",""5"",""-t"",""8"",""-b"",""512"",""-ub"",""512"",""-fa"",""on"",""-ctk"",""f16"",""-ctv"",""f16"",""-mmp"",""1"",""-o"",""csv"",""--ctx-size"",""165120"",""-ot"",""^blk[.][0-9]+[.](attn_(k|v|q|output)|ffn_(down|gate|up))[.]weight$=CUDA_Hybrid""],""env"":{""GGML_CUDA_HYBRID_MODE"":""staging"",""GGML_CUDA_HYBRID_PAGE_BUDGET"":""1611"",""LD_LIBRARY_PATH"":""/dev/shm/intertidal-capacity.mEP47j:/home/wici/llama.cpp/build-cuda/bin:/usr/local/cuda/lib64"",""LLAMA_BENCH_LOGIT_CHECKSUM"":""1""}}","{""buffers"":[{""buffer_bytes"":""16524435968"",""buffer_mib"":""15758.930"",""eligible_pages"":""7470"",""gross_bytes"":""3378511872"",""gross_mib"":""3222.000"",""gross_pages"":""1611"",""layers"":""60"",""local_physical_bytes"":""13147045888"",""local_physical_mib"":""12538.000"",""mode"":""staging"",""net_bytes"":""3261071360"",""net_mib"":""3110.000"",""net_saved_mib"":""3110.000"",""page_bytes"":""2097152"",""page_mib"":""2.000"",""remote_mib"":""3222.000"",""requested_bytes"":""3378511872"",""requested_mib"":""3222.000"",""requested_pages"":""1611"",""selected_tensors"":""410"",""selection"":""global_budget"",""staging_bytes"":""117440512"",""staging_mib"":""112.000""}],""gross_pages"":1611,""gross_remote_bytes"":3378511872,""mode"":""staging"",""net_saved_bytes"":3261071360,""requested_pages"":1611,""selected_layers"":60,""selected_tensors"":410,""staging_bytes"":117440512}",
1,2ea4f9e1-2cf1-4a6f-908e-9afc36c6c3b0,2026-08-12T09:50:30.440999+00:00,463fcfc4c106535f73c78b7f9d39765d0de0d6d2e370f92d4b86bfb98a1cc036,31,intertidal_dma,dense,31.0,31738.000,165120,19.6,1619,,ok,0,27.078,1619,1619,3395289088,3238.000,19.600556,117440512,112.000,3277848576,3126.000,18.922587,measured_vmm_layout,,31738.000,410,60,,,4246.736326,68.845164,14.334833,0.011751,0.994011,0.185512,match,"[{""label"":""prompt"",""checksum"":""2417196da4492390"",""nonfinite"":0},{""label"":""prompt"",""checksum"":""0453392d6142afd3"",""nonfinite"":0},{""label"":""prompt"",""checksum"":""8c39d6d410e92623"",""nonfinite"":0},{""label"":""prompt"",""checksum"":""ce38b3f3a7a05142"",""nonfinite"":0},{""label"":""prompt"",""checksum"":""556c3b871bf91e81"",""nonfinite"":0},{""label"":""prompt"",""checksum"":""c930f979f7f0aed4"",""nonfinite"":0},{""label"":""decode"",""checksum"":""0c8e93b3ecced1c6"",""nonfinite"":0},{""label"":""decode"",""checksum"":""319a6a234bb9ed88"",""nonfinite"":0},{""label"":""decode"",""checksum"":""1e95777bddcc71d5"",""nonfinite"":0},{""label"":""decode"",""checksum"":""fc3ff68058ffd54e"",""nonfinite"":0},{""label"":""decode"",""checksum"":""92560214e2ee8afd"",""nonfinite"":0},{""label"":""decode"",""checksum"":""ea317c3ff2b17152"",""nonfinite"":0}]",b5d2ea31b0f709c295ad59dfab37889028c6fe9857ea11908ff3ab4b717c9a5d,0,277,28612.000,28667.000,2933.365,2520.000,2962.000,49.123,60.000,187.576,467.560,91.841,100.000,"{""argv"":[""/home/wici/llama.cpp/build-cuda/bin/llama-bench"",""-m"",""/home/wici/voice-lab/models/gguf/gemma-4-31B-it-Q4_0.gguf"",""-p"",""512"",""-n"",""64"",""-r"",""5"",""-t"",""8"",""-b"",""512"",""-ub"",""512"",""-fa"",""on"",""-ctk"",""f16"",""-ctv"",""f16"",""-mmp"",""1"",""-o"",""csv"",""--ctx-size"",""165120"",""-ot"",""^blk[.][0-9]+[.](attn_(k|v|q|output)|ffn_(down|gate|up))[.]weight$=CUDA_Hybrid""],""env"":{""GGML_CUDA_HYBRID_MODE"":""staging"",""GGML_CUDA_HYBRID_PAGE_BUDGET"":""1619"",""LD_LIBRARY_PATH"":""/dev/shm/intertidal-capacity.mEP47j:/home/wici/llama.cpp/build-cuda/bin:/usr/local/cuda/lib64"",""LLAMA_BENCH_LOGIT_CHECKSUM"":""1""}}","{""buffers"":[{""buffer_bytes"":""16524435968"",""buffer_mib"":""15758.930"",""eligible_pages"":""7470"",""gross_bytes"":""3395289088"",""gross_mib"":""3238.000"",""gross_pages"":""1619"",""layers"":""60"",""local_physical_bytes"":""13130268672"",""local_physical_mib"":""12522.000"",""mode"":""staging"",""net_bytes"":""3277848576"",""net_mib"":""3126.000"",""net_saved_mib"":""3126.000"",""page_bytes"":""2097152"",""page_mib"":""2.000"",""remote_mib"":""3238.000"",""requested_bytes"":""3395289088"",""requested_mib"":""3238.000"",""requested_pages"":""1619"",""selected_tensors"":""410"",""selection"":""global_budget"",""staging_bytes"":""117440512"",""staging_mib"":""112.000""}],""gross_pages"":1619,""gross_remote_bytes"":3395289088,""mode"":""staging"",""net_saved_bytes"":3277848576,""requested_pages"":1619,""selected_layers"":60,""selected_tensors"":410,""staging_bytes"":117440512}",
1,2ea4f9e1-2cf1-4a6f-908e-9afc36c6c3b0,2026-08-12T09:50:57.752478+00:00,463fcfc4c106535f73c78b7f9d39765d0de0d6d2e370f92d4b86bfb98a1cc036,31,intertidal_dma,dense,31.0,31738.000,165120,19.7,1627,,ok,0,27.300,1627,1627,3412066304,3254.000,19.697408,121634816,116.000,3290431488,3138.000,18.995227,measured_vmm_layout,,31738.000,410,60,,,4247.944289,66.821627,14.261169,0.015889,0.994294,0.184559,match,"[{""label"":""prompt"",""checksum"":""2417196da4492390"",""nonfinite"":0},{""label"":""prompt"",""checksum"":""0453392d6142afd3"",""nonfinite"":0},{""label"":""prompt"",""checksum"":""8c39d6d410e92623"",""nonfinite"":0},{""label"":""prompt"",""checksum"":""ce38b3f3a7a05142"",""nonfinite"":0},{""label"":""prompt"",""checksum"":""556c3b871bf91e81"",""nonfinite"":0},{""label"":""prompt"",""checksum"":""c930f979f7f0aed4"",""nonfinite"":0},{""label"":""decode"",""checksum"":""0c8e93b3ecced1c6"",""nonfinite"":0},{""label"":""decode"",""checksum"":""319a6a234bb9ed88"",""nonfinite"":0},{""label"":""decode"",""checksum"":""1e95777bddcc71d5"",""nonfinite"":0},{""label"":""decode"",""checksum"":""fc3ff68058ffd54e"",""nonfinite"":0},{""label"":""decode"",""checksum"":""92560214e2ee8afd"",""nonfinite"":0},{""label"":""decode"",""checksum"":""ea317c3ff2b17152"",""nonfinite"":0}]",b5d2ea31b0f709c295ad59dfab37889028c6fe9857ea11908ff3ab4b717c9a5d,0,278,28600.000,28655.000,2916.550,2505.000,2962.000,48.820,58.000,186.457,471.860,86.647,100.000,"{""argv"":[""/home/wici/llama.cpp/build-cuda/bin/llama-bench"",""-m"",""/home/wici/voice-lab/models/gguf/gemma-4-31B-it-Q4_0.gguf"",""-p"",""512"",""-n"",""64"",""-r"",""5"",""-t"",""8"",""-b"",""512"",""-ub"",""512"",""-fa"",""on"",""-ctk"",""f16"",""-ctv"",""f16"",""-mmp"",""1"",""-o"",""csv"",""--ctx-size"",""165120"",""-ot"",""^blk[.][0-9]+[.](attn_(k|v|q|output)|ffn_(down|gate|up))[.]weight$=CUDA_Hybrid""],""env"":{""GGML_CUDA_HYBRID_MODE"":""staging"",""GGML_CUDA_HYBRID_PAGE_BUDGET"":""1627"",""LD_LIBRARY_PATH"":""/dev/shm/intertidal-capacity.mEP47j:/home/wici/llama.cpp/build-cuda/bin:/usr/local/cuda/lib64"",""LLAMA_BENCH_LOGIT_CHECKSUM"":""1""}}","{""buffers"":[{""buffer_bytes"":""16524435968"",""buffer_mib"":""15758.930"",""eligible_pages"":""7470"",""gross_bytes"":""3412066304"",""gross_mib"":""3254.000"",""gross_pages"":""1627"",""layers"":""60"",""local_physical_bytes"":""13113491456"",""local_physical_mib"":""12506.000"",""mode"":""staging"",""net_bytes"":""3290431488"",""net_mib"":""3138.000"",""net_saved_mib"":""3138.000"",""page_bytes"":""2097152"",""page_mib"":""2.000"",""remote_mib"":""3254.000"",""requested_bytes"":""3412066304"",""requested_mib"":""3254.000"",""requested_pages"":""1627"",""selected_tensors"":""410"",""selection"":""global_budget"",""staging_bytes"":""121634816"",""staging_mib"":""116.000""}],""gross_pages"":1627,""gross_remote_bytes"":3412066304,""mode"":""staging"",""net_saved_bytes"":3290431488,""requested_pages"":1627,""selected_layers"":60,""selected_tensors"":410,""staging_bytes"":121634816}",
1,2ea4f9e1-2cf1-4a6f-908e-9afc36c6c3b0,2026-08-12T09:51:25.718621+00:00,463fcfc4c106535f73c78b7f9d39765d0de0d6d2e370f92d4b86bfb98a1cc036,31,intertidal_dma,dense,31.0,31738.000,165120,19.8,1635,,ok,0,27.951,1635,1635,3428843520,3270.000,19.794261,121634816,116.000,3307208704,3154.000,19.092079,measured_vmm_layout,,31738.000,410,60,,,4251.293132,68.073707,14.189331,0.004591,0.995078,0.183629,match,"[{""label"":""prompt"",""checksum"":""2417196da4492390"",""nonfinite"":0},{""label"":""prompt"",""checksum"":""0453392d6142afd3"",""nonfinite"":0},{""label"":""prompt"",""checksum"":""8c39d6d410e92623"",""nonfinite"":0},{""label"":""prompt"",""checksum"":""ce38b3f3a7a05142"",""nonfinite"":0},{""label"":""prompt"",""checksum"":""556c3b871bf91e81"",""nonfinite"":0},{""label"":""prompt"",""checksum"":""c930f979f7f0aed4"",""nonfinite"":0},{""label"":""decode"",""checksum"":""0c8e93b3ecced1c6"",""nonfinite"":0},{""label"":""decode"",""checksum"":""319a6a234bb9ed88"",""nonfinite"":0},{""label"":""decode"",""checksum"":""1e95777bddcc71d5"",""nonfinite"":0},{""label"":""decode"",""checksum"":""fc3ff68058ffd54e"",""nonfinite"":0},{""label"":""decode"",""checksum"":""92560214e2ee8afd"",""nonfinite"":0},{""label"":""decode"",""checksum"":""ea317c3ff2b17152"",""nonfinite"":0}]",b5d2ea31b0f709c295ad59dfab37889028c6fe9857ea11908ff3ab4b717c9a5d,0,279,28584.000,28639.000,2905.971,2505.000,2962.000,48.932,60.000,186.503,463.950,83.953,100.000,"{""argv"":[""/home/wici/llama.cpp/build-cuda/bin/llama-bench"",""-m"",""/home/wici/voice-lab/models/gguf/gemma-4-31B-it-Q4_0.gguf"",""-p"",""512"",""-n"",""64"",""-r"",""5"",""-t"",""8"",""-b"",""512"",""-ub"",""512"",""-fa"",""on"",""-ctk"",""f16"",""-ctv"",""f16"",""-mmp"",""1"",""-o"",""csv"",""--ctx-size"",""165120"",""-ot"",""^blk[.][0-9]+[.](attn_(k|v|q|output)|ffn_(down|gate|up))[.]weight$=CUDA_Hybrid""],""env"":{""GGML_CUDA_HYBRID_MODE"":""staging"",""GGML_CUDA_HYBRID_PAGE_BUDGET"":""1635"",""LD_LIBRARY_PATH"":""/dev/shm/intertidal-capacity.mEP47j:/home/wici/llama.cpp/build-cuda/bin:/usr/local/cuda/lib64"",""LLAMA_BENCH_LOGIT_CHECKSUM"":""1""}}","{""buffers"":[{""buffer_bytes"":""16524435968"",""buffer_mib"":""15758.930"",""eligible_pages"":""7470"",""gross_bytes"":""3428843520"",""gross_mib"":""3270.000"",""gross_pages"":""1635"",""layers"":""60"",""local_physical_bytes"":""13096714240"",""local_physical_mib"":""12490.000"",""mode"":""staging"",""net_bytes"":""3307208704"",""net_mib"":""3154.000"",""net_saved_mib"":""3154.000"",""page_bytes"":""2097152"",""page_mib"":""2.000"",""remote_mib"":""3270.000"",""requested_bytes"":""3428843520"",""requested_mib"":""3270.000"",""requested_pages"":""1635"",""selected_tensors"":""410"",""selection"":""global_budget"",""staging_bytes"":""121634816"",""staging_mib"":""116.000""}],""gross_pages"":1635,""gross_remote_bytes"":3428843520,""mode"":""staging"",""net_saved_bytes"":3307208704,""requested_pages"":1635,""selected_layers"":60,""selected_tensors"":410,""staging_bytes"":121634816}",
1,2ea4f9e1-2cf1-4a6f-908e-9afc36c6c3b0,2026-08-12T09:51:53.245183+00:00,463fcfc4c106535f73c78b7f9d39765d0de0d6d2e370f92d4b86bfb98a1cc036,31,intertidal_dma,dense,31.0,31738.000,165120,19.9,1644,,ok,0,27.507,1644,1644,3447717888,3288.000,19.903220,121634816,116.000,3326083072,3172.000,19.201039,measured_vmm_layout,,31738.000,410,60,,,4248.981836,58.082368,14.115880,0.008186,0.994537,0.182679,match,"[{""label"":""prompt"",""checksum"":""2417196da4492390"",""nonfinite"":0},{""label"":""prompt"",""checksum"":""0453392d6142afd3"",""nonfinite"":0},{""label"":""prompt"",""checksum"":""8c39d6d410e92623"",""nonfinite"":0},{""label"":""prompt"",""checksum"":""ce38b3f3a7a05142"",""nonfinite"":0},{""label"":""prompt"",""checksum"":""556c3b871bf91e81"",""nonfinite"":0},{""label"":""prompt"",""checksum"":""c930f979f7f0aed4"",""nonfinite"":0},{""label"":""decode"",""checksum"":""0c8e93b3ecced1c6"",""nonfinite"":0},{""label"":""decode"",""checksum"":""319a6a234bb9ed88"",""nonfinite"":0},{""label"":""decode"",""checksum"":""1e95777bddcc71d5"",""nonfinite"":0},{""label"":""decode"",""checksum"":""fc3ff68058ffd54e"",""nonfinite"":0},{""label"":""decode"",""checksum"":""92560214e2ee8afd"",""nonfinite"":0},{""label"":""decode"",""checksum"":""ea317c3ff2b17152"",""nonfinite"":0}]",b5d2ea31b0f709c295ad59dfab37889028c6fe9857ea11908ff3ab4b717c9a5d,0,281,28566.000,28621.000,2913.968,2505.000,2962.000,49.021,60.000,185.706,471.910,86.110,100.000,"{""argv"":[""/home/wici/llama.cpp/build-cuda/bin/llama-bench"",""-m"",""/home/wici/voice-lab/models/gguf/gemma-4-31B-it-Q4_0.gguf"",""-p"",""512"",""-n"",""64"",""-r"",""5"",""-t"",""8"",""-b"",""512"",""-ub"",""512"",""-fa"",""on"",""-ctk"",""f16"",""-ctv"",""f16"",""-mmp"",""1"",""-o"",""csv"",""--ctx-size"",""165120"",""-ot"",""^blk[.][0-9]+[.](attn_(k|v|q|output)|ffn_(down|gate|up))[.]weight$=CUDA_Hybrid""],""env"":{""GGML_CUDA_HYBRID_MODE"":""staging"",""GGML_CUDA_HYBRID_PAGE_BUDGET"":""1644"",""LD_LIBRARY_PATH"":""/dev/shm/intertidal-capacity.mEP47j:/home/wici/llama.cpp/build-cuda/bin:/usr/local/cuda/lib64"",""LLAMA_BENCH_LOGIT_CHECKSUM"":""1""}}","{""buffers"":[{""buffer_bytes"":""16524435968"",""buffer_mib"":""15758.930"",""eligible_pages"":""7470"",""gross_bytes"":""3447717888"",""gross_mib"":""3288.000"",""gross_pages"":""1644"",""layers"":""60"",""local_physical_bytes"":""13077839872"",""local_physical_mib"":""12472.000"",""mode"":""staging"",""net_bytes"":""3326083072"",""net_mib"":""3172.000"",""net_saved_mib"":""3172.000"",""page_bytes"":""2097152"",""page_mib"":""2.000"",""remote_mib"":""3288.000"",""requested_bytes"":""3447717888"",""requested_mib"":""3288.000"",""requested_pages"":""1644"",""selected_tensors"":""410"",""selection"":""global_budget"",""staging_bytes"":""121634816"",""staging_mib"":""116.000""}],""gross_pages"":1644,""gross_remote_bytes"":3447717888,""mode"":""staging"",""net_saved_bytes"":3326083072,""requested_pages"":1644,""selected_layers"":60,""selected_tensors"":410,""staging_bytes"":121634816}",
1,2ea4f9e1-2cf1-4a6f-908e-9afc36c6c3b0,2026-08-12T09:52:20.844337+00:00,463fcfc4c106535f73c78b7f9d39765d0de0d6d2e370f92d4b86bfb98a1cc036,31,intertidal_dma,dense,31.0,31738.000,165120,20.1,1660,,ok,0,27.587,1660,1660,3481272320,3320.000,20.096926,121634816,116.000,3359637504,3204.000,19.394744,measured_vmm_layout,,31738.000,410,60,,,4246.255211,61.602078,13.983142,0.018954,0.993899,0.180961,match,"[{""label"":""prompt"",""checksum"":""2417196da4492390"",""nonfinite"":0},{""label"":""prompt"",""checksum"":""0453392d6142afd3"",""nonfinite"":0},{""label"":""prompt"",""checksum"":""8c39d6d410e92623"",""nonfinite"":0},{""label"":""prompt"",""checksum"":""ce38b3f3a7a05142"",""nonfinite"":0},{""label"":""prompt"",""checksum"":""556c3b871bf91e81"",""nonfinite"":0},{""label"":""prompt"",""checksum"":""c930f979f7f0aed4"",""nonfinite"":0},{""label"":""decode"",""checksum"":""0c8e93b3ecced1c6"",""nonfinite"":0},{""label"":""decode"",""checksum"":""319a6a234bb9ed88"",""nonfinite"":0},{""label"":""decode"",""checksum"":""1e95777bddcc71d5"",""nonfinite"":0},{""label"":""decode"",""checksum"":""fc3ff68058ffd54e"",""nonfinite"":0},{""label"":""decode"",""checksum"":""92560214e2ee8afd"",""nonfinite"":0},{""label"":""decode"",""checksum"":""ea317c3ff2b17152"",""nonfinite"":0}]",b5d2ea31b0f709c295ad59dfab37889028c6fe9857ea11908ff3ab4b717c9a5d,0,283,28534.000,28589.000,2909.678,2505.000,2962.000,48.919,60.000,186.754,474.320,83.399,100.000,"{""argv"":[""/home/wici/llama.cpp/build-cuda/bin/llama-bench"",""-m"",""/home/wici/voice-lab/models/gguf/gemma-4-31B-it-Q4_0.gguf"",""-p"",""512"",""-n"",""64"",""-r"",""5"",""-t"",""8"",""-b"",""512"",""-ub"",""512"",""-fa"",""on"",""-ctk"",""f16"",""-ctv"",""f16"",""-mmp"",""1"",""-o"",""csv"",""--ctx-size"",""165120"",""-ot"",""^blk[.][0-9]+[.](attn_(k|v|q|output)|ffn_(down|gate|up))[.]weight$=CUDA_Hybrid""],""env"":{""GGML_CUDA_HYBRID_MODE"":""staging"",""GGML_CUDA_HYBRID_PAGE_BUDGET"":""1660"",""LD_LIBRARY_PATH"":""/dev/shm/intertidal-capacity.mEP47j:/home/wici/llama.cpp/build-cuda/bin:/usr/local/cuda/lib64"",""LLAMA_BENCH_LOGIT_CHECKSUM"":""1""}}","{""buffers"":[{""buffer_bytes"":""16524435968"",""buffer_mib"":""15758.930"",""eligible_pages"":""7470"",""gross_bytes"":""3481272320"",""gross_mib"":""3320.000"",""gross_pages"":""1660"",""layers"":""60"",""local_physical_bytes"":""13044285440"",""local_physical_mib"":""12440.000"",""mode"":""staging"",""net_bytes"":""3359637504"",""net_mib"":""3204.000"",""net_saved_mib"":""3204.000"",""page_bytes"":""2097152"",""page_mib"":""2.000"",""remote_mib"":""3320.000"",""requested_bytes"":""3481272320"",""requested_mib"":""3320.000"",""requested_pages"":""1660"",""selected_tensors"":""410"",""selection"":""global_budget"",""staging_bytes"":""121634816"",""staging_mib"":""116.000""}],""gross_pages"":1660,""gross_remote_bytes"":3481272320,""mode"":""staging"",""net_saved_bytes"":3359637504,""requested_pages"":1660,""selected_layers"":60,""selected_tensors"":410,""staging_bytes"":121634816}",
1,2ea4f9e1-2cf1-4a6f-908e-9afc36c6c3b0,2026-08-12T09:52:48.725287+00:00,463fcfc4c106535f73c78b7f9d39765d0de0d6d2e370f92d4b86bfb98a1cc036,31,intertidal_dma,dense,31.0,31738.000,165120,20.2,1669,,ok,0,27.870,1669,1669,3500146688,3338.000,20.205885,121634816,116.000,3378511872,3222.000,19.503703,measured_vmm_layout,,31738.000,410,60,,,4245.869521,60.788886,13.910244,0.007613,0.993808,0.180018,match,"[{""label"":""prompt"",""checksum"":""2417196da4492390"",""nonfinite"":0},{""label"":""prompt"",""checksum"":""0453392d6142afd3"",""nonfinite"":0},{""label"":""prompt"",""checksum"":""8c39d6d410e92623"",""nonfinite"":0},{""label"":""prompt"",""checksum"":""ce38b3f3a7a05142"",""nonfinite"":0},{""label"":""prompt"",""checksum"":""556c3b871bf91e81"",""nonfinite"":0},{""label"":""prompt"",""checksum"":""c930f979f7f0aed4"",""nonfinite"":0},{""label"":""decode"",""checksum"":""0c8e93b3ecced1c6"",""nonfinite"":0},{""label"":""decode"",""checksum"":""319a6a234bb9ed88"",""nonfinite"":0},{""label"":""decode"",""checksum"":""1e95777bddcc71d5"",""nonfinite"":0},{""label"":""decode"",""checksum"":""fc3ff68058ffd54e"",""nonfinite"":0},{""label"":""decode"",""checksum"":""92560214e2ee8afd"",""nonfinite"":0},{""label"":""decode"",""checksum"":""ea317c3ff2b17152"",""nonfinite"":0}]",b5d2ea31b0f709c295ad59dfab37889028c6fe9857ea11908ff3ab4b717c9a5d,0,286,28516.000,28571.000,2919.825,2505.000,2962.000,49.003,60.000,184.842,463.530,89.783,100.000,"{""argv"":[""/home/wici/llama.cpp/build-cuda/bin/llama-bench"",""-m"",""/home/wici/voice-lab/models/gguf/gemma-4-31B-it-Q4_0.gguf"",""-p"",""512"",""-n"",""64"",""-r"",""5"",""-t"",""8"",""-b"",""512"",""-ub"",""512"",""-fa"",""on"",""-ctk"",""f16"",""-ctv"",""f16"",""-mmp"",""1"",""-o"",""csv"",""--ctx-size"",""165120"",""-ot"",""^blk[.][0-9]+[.](attn_(k|v|q|output)|ffn_(down|gate|up))[.]weight$=CUDA_Hybrid""],""env"":{""GGML_CUDA_HYBRID_MODE"":""staging"",""GGML_CUDA_HYBRID_PAGE_BUDGET"":""1669"",""LD_LIBRARY_PATH"":""/dev/shm/intertidal-capacity.mEP47j:/home/wici/llama.cpp/build-cuda/bin:/usr/local/cuda/lib64"",""LLAMA_BENCH_LOGIT_CHECKSUM"":""1""}}","{""buffers"":[{""buffer_bytes"":""16524435968"",""buffer_mib"":""15758.930"",""eligible_pages"":""7470"",""gross_bytes"":""3500146688"",""gross_mib"":""3338.000"",""gross_pages"":""1669"",""layers"":""60"",""local_physical_bytes"":""13025411072"",""local_physical_mib"":""12422.000"",""mode"":""staging"",""net_bytes"":""3378511872"",""net_mib"":""3222.000"",""net_saved_mib"":""3222.000"",""page_bytes"":""2097152"",""page_mib"":""2.000"",""remote_mib"":""3338.000"",""requested_bytes"":""3500146688"",""requested_mib"":""3338.000"",""requested_pages"":""1669"",""selected_tensors"":""410"",""selection"":""global_budget"",""staging_bytes"":""121634816"",""staging_mib"":""116.000""}],""gross_pages"":1669,""gross_remote_bytes"":3500146688,""mode"":""staging"",""net_saved_bytes"":3378511872,""requested_pages"":1669,""selected_layers"":60,""selected_tensors"":410,""staging_bytes"":121634816}",
1,2ea4f9e1-2cf1-4a6f-908e-9afc36c6c3b0,2026-08-12T09:53:16.754923+00:00,463fcfc4c106535f73c78b7f9d39765d0de0d6d2e370f92d4b86bfb98a1cc036,31,intertidal_dma,dense,31.0,31738.000,165120,20.3,1677,,ok,0,28.016,1677,1677,3516923904,3354.000,20.302738,121634816,116.000,3395289088,3238.000,19.600556,measured_vmm_layout,,31738.000,410,60,,,4246.193668,62.817971,13.828920,0.011200,0.993884,0.178965,match,"[{""label"":""prompt"",""checksum"":""2417196da4492390"",""nonfinite"":0},{""label"":""prompt"",""checksum"":""0453392d6142afd3"",""nonfinite"":0},{""label"":""prompt"",""checksum"":""8c39d6d410e92623"",""nonfinite"":0},{""label"":""prompt"",""checksum"":""ce38b3f3a7a05142"",""nonfinite"":0},{""label"":""prompt"",""checksum"":""556c3b871bf91e81"",""nonfinite"":0},{""label"":""prompt"",""checksum"":""c930f979f7f0aed4"",""nonfinite"":0},{""label"":""decode"",""checksum"":""0c8e93b3ecced1c6"",""nonfinite"":0},{""label"":""decode"",""checksum"":""319a6a234bb9ed88"",""nonfinite"":0},{""label"":""decode"",""checksum"":""1e95777bddcc71d5"",""nonfinite"":0},{""label"":""decode"",""checksum"":""fc3ff68058ffd54e"",""nonfinite"":0},{""label"":""decode"",""checksum"":""92560214e2ee8afd"",""nonfinite"":0},{""label"":""decode"",""checksum"":""ea317c3ff2b17152"",""nonfinite"":0}]",b5d2ea31b0f709c295ad59dfab37889028c6fe9857ea11908ff3ab4b717c9a5d,0,286,28500.000,28555.000,2907.437,2505.000,2962.000,49.070,60.000,184.395,445.050,87.668,100.000,"{""argv"":[""/home/wici/llama.cpp/build-cuda/bin/llama-bench"",""-m"",""/home/wici/voice-lab/models/gguf/gemma-4-31B-it-Q4_0.gguf"",""-p"",""512"",""-n"",""64"",""-r"",""5"",""-t"",""8"",""-b"",""512"",""-ub"",""512"",""-fa"",""on"",""-ctk"",""f16"",""-ctv"",""f16"",""-mmp"",""1"",""-o"",""csv"",""--ctx-size"",""165120"",""-ot"",""^blk[.][0-9]+[.](attn_(k|v|q|output)|ffn_(down|gate|up))[.]weight$=CUDA_Hybrid""],""env"":{""GGML_CUDA_HYBRID_MODE"":""staging"",""GGML_CUDA_HYBRID_PAGE_BUDGET"":""1677"",""LD_LIBRARY_PATH"":""/dev/shm/intertidal-capacity.mEP47j:/home/wici/llama.cpp/build-cuda/bin:/usr/local/cuda/lib64"",""LLAMA_BENCH_LOGIT_CHECKSUM"":""1""}}","{""buffers"":[{""buffer_bytes"":""16524435968"",""buffer_mib"":""15758.930"",""eligible_pages"":""7470"",""gross_bytes"":""3516923904"",""gross_mib"":""3354.000"",""gross_pages"":""1677"",""layers"":""60"",""local_physical_bytes"":""13008633856"",""local_physical_mib"":""12406.000"",""mode"":""staging"",""net_bytes"":""3395289088"",""net_mib"":""3238.000"",""net_saved_mib"":""3238.000"",""page_bytes"":""2097152"",""page_mib"":""2.000"",""remote_mib"":""3354.000"",""requested_bytes"":""3516923904"",""requested_mib"":""3354.000"",""requested_pages"":""1677"",""selected_tensors"":""410"",""selection"":""global_budget"",""staging_bytes"":""121634816"",""staging_mib"":""116.000""}],""gross_pages"":1677,""gross_remote_bytes"":3516923904,""mode"":""staging"",""net_saved_bytes"":3395289088,""requested_pages"":1677,""selected_layers"":60,""selected_tensors"":410,""staging_bytes"":121634816}",
1,2ea4f9e1-2cf1-4a6f-908e-9afc36c6c3b0,2026-08-12T09:53:44.888478+00:00,463fcfc4c106535f73c78b7f9d39765d0de0d6d2e370f92d4b86bfb98a1cc036,31,intertidal_dma,dense,31.0,31738.000,165120,20.4,1685,,ok,0,28.110,1685,1685,3533701120,3370.000,20.399590,125829120,120.000,3407872000,3250.000,19.673195,measured_vmm_layout,,31738.000,410,60,,,4248.652107,59.529031,13.781705,0.013394,0.994460,0.178354,match,"[{""label"":""prompt"",""checksum"":""2417196da4492390"",""nonfinite"":0},{""label"":""prompt"",""checksum"":""0453392d6142afd3"",""nonfinite"":0},{""label"":""prompt"",""checksum"":""8c39d6d410e92623"",""nonfinite"":0},{""label"":""prompt"",""checksum"":""ce38b3f3a7a05142"",""nonfinite"":0},{""label"":""prompt"",""checksum"":""556c3b871bf91e81"",""nonfinite"":0},{""label"":""prompt"",""checksum"":""c930f979f7f0aed4"",""nonfinite"":0},{""label"":""decode"",""checksum"":""0c8e93b3ecced1c6"",""nonfinite"":0},{""label"":""decode"",""checksum"":""319a6a234bb9ed88"",""nonfinite"":0},{""label"":""decode"",""checksum"":""1e95777bddcc71d5"",""nonfinite"":0},{""label"":""decode"",""checksum"":""fc3ff68058ffd54e"",""nonfinite"":0},{""label"":""decode"",""checksum"":""92560214e2ee8afd"",""nonfinite"":0},{""label"":""decode"",""checksum"":""ea317c3ff2b17152"",""nonfinite"":0}]",b5d2ea31b0f709c295ad59dfab37889028c6fe9857ea11908ff3ab4b717c9a5d,0,289,28488.000,28543.000,2907.484,2505.000,2962.000,49.042,60.000,184.908,470.120,90.062,100.000,"{""argv"":[""/home/wici/llama.cpp/build-cuda/bin/llama-bench"",""-m"",""/home/wici/voice-lab/models/gguf/gemma-4-31B-it-Q4_0.gguf"",""-p"",""512"",""-n"",""64"",""-r"",""5"",""-t"",""8"",""-b"",""512"",""-ub"",""512"",""-fa"",""on"",""-ctk"",""f16"",""-ctv"",""f16"",""-mmp"",""1"",""-o"",""csv"",""--ctx-size"",""165120"",""-ot"",""^blk[.][0-9]+[.](attn_(k|v|q|output)|ffn_(down|gate|up))[.]weight$=CUDA_Hybrid""],""env"":{""GGML_CUDA_HYBRID_MODE"":""staging"",""GGML_CUDA_HYBRID_PAGE_BUDGET"":""1685"",""LD_LIBRARY_PATH"":""/dev/shm/intertidal-capacity.mEP47j:/home/wici/llama.cpp/build-cuda/bin:/usr/local/cuda/lib64"",""LLAMA_BENCH_LOGIT_CHECKSUM"":""1""}}","{""buffers"":[{""buffer_bytes"":""16524435968"",""buffer_mib"":""15758.930"",""eligible_pages"":""7470"",""gross_bytes"":""3533701120"",""gross_mib"":""3370.000"",""gross_pages"":""1685"",""layers"":""60"",""local_physical_bytes"":""12991856640"",""local_physical_mib"":""12390.000"",""mode"":""staging"",""net_bytes"":""3407872000"",""net_mib"":""3250.000"",""net_saved_mib"":""3250.000"",""page_bytes"":""2097152"",""page_mib"":""2.000"",""remote_mib"":""3370.000"",""requested_bytes"":""3533701120"",""requested_mib"":""3370.000"",""requested_pages"":""1685"",""selected_tensors"":""410"",""selection"":""global_budget"",""staging_bytes"":""125829120"",""staging_mib"":""120.000""}],""gross_pages"":1685,""gross_remote_bytes"":3533701120,""mode"":""staging"",""net_saved_bytes"":3407872000,""requested_pages"":1685,""selected_layers"":60,""selected_tensors"":410,""staging_bytes"":125829120}",
1,2ea4f9e1-2cf1-4a6f-908e-9afc36c6c3b0,2026-08-12T09:54:13.072552+00:00,463fcfc4c106535f73c78b7f9d39765d0de0d6d2e370f92d4b86bfb98a1cc036,31,intertidal_dma,dense,31.0,31738.000,165120,20.5,1693,,ok,0,28.157,1693,1693,3550478336,3386.000,20.496443,125829120,120.000,3424649216,3266.000,19.770048,measured_vmm_layout,,31738.000,410,60,,,4246.909590,74.004937,13.698098,0.008531,0.994052,0.177272,match,"[{""label"":""prompt"",""checksum"":""2417196da4492390"",""nonfinite"":0},{""label"":""prompt"",""checksum"":""0453392d6142afd3"",""nonfinite"":0},{""label"":""prompt"",""checksum"":""8c39d6d410e92623"",""nonfinite"":0},{""label"":""prompt"",""checksum"":""ce38b3f3a7a05142"",""nonfinite"":0},{""label"":""prompt"",""checksum"":""556c3b871bf91e81"",""nonfinite"":0},{""label"":""prompt"",""checksum"":""c930f979f7f0aed4"",""nonfinite"":0},{""label"":""decode"",""checksum"":""0c8e93b3ecced1c6"",""nonfinite"":0},{""label"":""decode"",""checksum"":""319a6a234bb9ed88"",""nonfinite"":0},{""label"":""decode"",""checksum"":""1e95777bddcc71d5"",""nonfinite"":0},{""label"":""decode"",""checksum"":""fc3ff68058ffd54e"",""nonfinite"":0},{""label"":""decode"",""checksum"":""92560214e2ee8afd"",""nonfinite"":0},{""label"":""decode"",""checksum"":""ea317c3ff2b17152"",""nonfinite"":0}]",b5d2ea31b0f709c295ad59dfab37889028c6fe9857ea11908ff3ab4b717c9a5d,0,288,28472.000,28527.000,2913.000,2505.000,2962.000,49.073,60.000,183.181,463.880,89.753,100.000,"{""argv"":[""/home/wici/llama.cpp/build-cuda/bin/llama-bench"",""-m"",""/home/wici/voice-lab/models/gguf/gemma-4-31B-it-Q4_0.gguf"",""-p"",""512"",""-n"",""64"",""-r"",""5"",""-t"",""8"",""-b"",""512"",""-ub"",""512"",""-fa"",""on"",""-ctk"",""f16"",""-ctv"",""f16"",""-mmp"",""1"",""-o"",""csv"",""--ctx-size"",""165120"",""-ot"",""^blk[.][0-9]+[.](attn_(k|v|q|output)|ffn_(down|gate|up))[.]weight$=CUDA_Hybrid""],""env"":{""GGML_CUDA_HYBRID_MODE"":""staging"",""GGML_CUDA_HYBRID_PAGE_BUDGET"":""1693"",""LD_LIBRARY_PATH"":""/dev/shm/intertidal-capacity.mEP47j:/home/wici/llama.cpp/build-cuda/bin:/usr/local/cuda/lib64"",""LLAMA_BENCH_LOGIT_CHECKSUM"":""1""}}","{""buffers"":[{""buffer_bytes"":""16524435968"",""buffer_mib"":""15758.930"",""eligible_pages"":""7470"",""gross_bytes"":""3550478336"",""gross_mib"":""3386.000"",""gross_pages"":""1693"",""layers"":""60"",""local_physical_bytes"":""12975079424"",""local_physical_mib"":""12374.000"",""mode"":""staging"",""net_bytes"":""3424649216"",""net_mib"":""3266.000"",""net_saved_mib"":""3266.000"",""page_bytes"":""2097152"",""page_mib"":""2.000"",""remote_mib"":""3386.000"",""requested_bytes"":""3550478336"",""requested_mib"":""3386.000"",""requested_pages"":""1693"",""selected_tensors"":""410"",""selection"":""global_budget"",""staging_bytes"":""125829120"",""staging_mib"":""120.000""}],""gross_pages"":1693,""gross_remote_bytes"":3550478336,""mode"":""staging"",""net_saved_bytes"":3424649216,""requested_pages"":1693,""selected_layers"":60,""selected_tensors"":410,""staging_bytes"":125829120}",
1,2ea4f9e1-2cf1-4a6f-908e-9afc36c6c3b0,2026-08-12T09:54:41.414508+00:00,463fcfc4c106535f73c78b7f9d39765d0de0d6d2e370f92d4b86bfb98a1cc036,31,intertidal_dma,dense,31.0,31738.000,165120,20.6,1702,,ok,0,28.332,1702,1702,3569352704,3404.000,20.605402,125829120,120.000,3443523584,3284.000,19.879007,measured_vmm_layout,,31738.000,410,60,,,4248.592321,70.993200,13.627784,0.009280,0.994446,0.176362,match,"[{""label"":""prompt"",""checksum"":""2417196da4492390"",""nonfinite"":0},{""label"":""prompt"",""checksum"":""0453392d6142afd3"",""nonfinite"":0},{""label"":""prompt"",""checksum"":""8c39d6d410e92623"",""nonfinite"":0},{""label"":""prompt"",""checksum"":""ce38b3f3a7a05142"",""nonfinite"":0},{""label"":""prompt"",""checksum"":""556c3b871bf91e81"",""nonfinite"":0},{""label"":""prompt"",""checksum"":""c930f979f7f0aed4"",""nonfinite"":0},{""label"":""decode"",""checksum"":""0c8e93b3ecced1c6"",""nonfinite"":0},{""label"":""decode"",""checksum"":""319a6a234bb9ed88"",""nonfinite"":0},{""label"":""decode"",""checksum"":""1e95777bddcc71d5"",""nonfinite"":0},{""label"":""decode"",""checksum"":""fc3ff68058ffd54e"",""nonfinite"":0},{""label"":""decode"",""checksum"":""92560214e2ee8afd"",""nonfinite"":0},{""label"":""decode"",""checksum"":""ea317c3ff2b17152"",""nonfinite"":0}]",b5d2ea31b0f709c295ad59dfab37889028c6fe9857ea11908ff3ab4b717c9a5d,0,291,28454.000,28509.000,2918.976,2505.000,2962.000,48.639,58.000,183.978,471.220,86.162,100.000,"{""argv"":[""/home/wici/llama.cpp/build-cuda/bin/llama-bench"",""-m"",""/home/wici/voice-lab/models/gguf/gemma-4-31B-it-Q4_0.gguf"",""-p"",""512"",""-n"",""64"",""-r"",""5"",""-t"",""8"",""-b"",""512"",""-ub"",""512"",""-fa"",""on"",""-ctk"",""f16"",""-ctv"",""f16"",""-mmp"",""1"",""-o"",""csv"",""--ctx-size"",""165120"",""-ot"",""^blk[.][0-9]+[.](attn_(k|v|q|output)|ffn_(down|gate|up))[.]weight$=CUDA_Hybrid""],""env"":{""GGML_CUDA_HYBRID_MODE"":""staging"",""GGML_CUDA_HYBRID_PAGE_BUDGET"":""1702"",""LD_LIBRARY_PATH"":""/dev/shm/intertidal-capacity.mEP47j:/home/wici/llama.cpp/build-cuda/bin:/usr/local/cuda/lib64"",""LLAMA_BENCH_LOGIT_CHECKSUM"":""1""}}","{""buffers"":[{""buffer_bytes"":""16524435968"",""buffer_mib"":""15758.930"",""eligible_pages"":""7470"",""gross_bytes"":""3569352704"",""gross_mib"":""3404.000"",""gross_pages"":""1702"",""layers"":""60"",""local_physical_bytes"":""12956205056"",""local_physical_mib"":""12356.000"",""mode"":""staging"",""net_bytes"":""3443523584"",""net_mib"":""3284.000"",""net_saved_mib"":""3284.000"",""page_bytes"":""2097152"",""page_mib"":""2.000"",""remote_mib"":""3404.000"",""requested_bytes"":""3569352704"",""requested_mib"":""3404.000"",""requested_pages"":""1702"",""selected_tensors"":""410"",""selection"":""global_budget"",""staging_bytes"":""125829120"",""staging_mib"":""120.000""}],""gross_pages"":1702,""gross_remote_bytes"":3569352704,""mode"":""staging"",""net_saved_bytes"":3443523584,""requested_pages"":1702,""selected_layers"":60,""selected_tensors"":410,""staging_bytes"":125829120}",
1,2ea4f9e1-2cf1-4a6f-908e-9afc36c6c3b0,2026-08-12T09:55:10.088237+00:00,463fcfc4c106535f73c78b7f9d39765d0de0d6d2e370f92d4b86bfb98a1cc036,31,intertidal_dma,dense,31.0,31738.000,165120,20.7,1710,,ok,0,28.658,1710,1710,3586129920,3420.000,20.702255,125829120,120.000,3460300800,3300.000,19.975860,measured_vmm_layout,,31738.000,410,60,,,4242.088670,76.795147,13.583205,0.016263,0.992923,0.175785,match,"[{""label"":""prompt"",""checksum"":""2417196da4492390"",""nonfinite"":0},{""label"":""prompt"",""checksum"":""0453392d6142afd3"",""nonfinite"":0},{""label"":""prompt"",""checksum"":""8c39d6d410e92623"",""nonfinite"":0},{""label"":""prompt"",""checksum"":""ce38b3f3a7a05142"",""nonfinite"":0},{""label"":""prompt"",""checksum"":""556c3b871bf91e81"",""nonfinite"":0},{""label"":""prompt"",""checksum"":""c930f979f7f0aed4"",""nonfinite"":0},{""label"":""decode"",""checksum"":""0c8e93b3ecced1c6"",""nonfinite"":0},{""label"":""decode"",""checksum"":""319a6a234bb9ed88"",""nonfinite"":0},{""label"":""decode"",""checksum"":""1e95777bddcc71d5"",""nonfinite"":0},{""label"":""decode"",""checksum"":""fc3ff68058ffd54e"",""nonfinite"":0},{""label"":""decode"",""checksum"":""92560214e2ee8afd"",""nonfinite"":0},{""label"":""decode"",""checksum"":""ea317c3ff2b17152"",""nonfinite"":0}]",b5d2ea31b0f709c295ad59dfab37889028c6fe9857ea11908ff3ab4b717c9a5d,0,291,28438.000,28493.000,2932.371,2520.000,2962.000,48.766,60.000,183.550,473.040,88.072,100.000,"{""argv"":[""/home/wici/llama.cpp/build-cuda/bin/llama-bench"",""-m"",""/home/wici/voice-lab/models/gguf/gemma-4-31B-it-Q4_0.gguf"",""-p"",""512"",""-n"",""64"",""-r"",""5"",""-t"",""8"",""-b"",""512"",""-ub"",""512"",""-fa"",""on"",""-ctk"",""f16"",""-ctv"",""f16"",""-mmp"",""1"",""-o"",""csv"",""--ctx-size"",""165120"",""-ot"",""^blk[.][0-9]+[.](attn_(k|v|q|output)|ffn_(down|gate|up))[.]weight$=CUDA_Hybrid""],""env"":{""GGML_CUDA_HYBRID_MODE"":""staging"",""GGML_CUDA_HYBRID_PAGE_BUDGET"":""1710"",""LD_LIBRARY_PATH"":""/dev/shm/intertidal-capacity.mEP47j:/home/wici/llama.cpp/build-cuda/bin:/usr/local/cuda/lib64"",""LLAMA_BENCH_LOGIT_CHECKSUM"":""1""}}","{""buffers"":[{""buffer_bytes"":""16524435968"",""buffer_mib"":""15758.930"",""eligible_pages"":""7470"",""gross_bytes"":""3586129920"",""gross_mib"":""3420.000"",""gross_pages"":""1710"",""layers"":""60"",""local_physical_bytes"":""12939427840"",""local_physical_mib"":""12340.000"",""mode"":""staging"",""net_bytes"":""3460300800"",""net_mib"":""3300.000"",""net_saved_mib"":""3300.000"",""page_bytes"":""2097152"",""page_mib"":""2.000"",""remote_mib"":""3420.000"",""requested_bytes"":""3586129920"",""requested_mib"":""3420.000"",""requested_pages"":""1710"",""selected_tensors"":""410"",""selection"":""global_budget"",""staging_bytes"":""125829120"",""staging_mib"":""120.000""}],""gross_pages"":1710,""gross_remote_bytes"":3586129920,""mode"":""staging"",""net_saved_bytes"":3460300800,""requested_pages"":1710,""selected_layers"":60,""selected_tensors"":410,""staging_bytes"":125829120}",
1,2ea4f9e1-2cf1-4a6f-908e-9afc36c6c3b0,2026-08-12T09:55:38.720937+00:00,463fcfc4c106535f73c78b7f9d39765d0de0d6d2e370f92d4b86bfb98a1cc036,31,intertidal_dma,dense,31.0,31738.000,165120,20.8,1718,,ok,0,28.619,1718,1718,3602907136,3436.000,20.799107,125829120,120.000,3477078016,3316.000,20.072713,measured_vmm_layout,,31738.000,410,60,,,4248.526016,63.206321,13.504075,0.015805,0.994430,0.174761,match,"[{""label"":""prompt"",""checksum"":""2417196da4492390"",""nonfinite"":0},{""label"":""prompt"",""checksum"":""0453392d6142afd3"",""nonfinite"":0},{""label"":""prompt"",""checksum"":""8c39d6d410e92623"",""nonfinite"":0},{""label"":""prompt"",""checksum"":""ce38b3f3a7a05142"",""nonfinite"":0},{""label"":""prompt"",""checksum"":""556c3b871bf91e81"",""nonfinite"":0},{""label"":""prompt"",""checksum"":""c930f979f7f0aed4"",""nonfinite"":0},{""label"":""decode"",""checksum"":""0c8e93b3ecced1c6"",""nonfinite"":0},{""label"":""decode"",""checksum"":""319a6a234bb9ed88"",""nonfinite"":0},{""label"":""decode"",""checksum"":""1e95777bddcc71d5"",""nonfinite"":0},{""label"":""decode"",""checksum"":""fc3ff68058ffd54e"",""nonfinite"":0},{""label"":""decode"",""checksum"":""92560214e2ee8afd"",""nonfinite"":0},{""label"":""decode"",""checksum"":""ea317c3ff2b17152"",""nonfinite"":0}]",b5d2ea31b0f709c295ad59dfab37889028c6fe9857ea11908ff3ab4b717c9a5d,0,293,28422.000,28477.000,2913.235,2505.000,2962.000,48.225,60.000,182.174,469.530,87.717,100.000,"{""argv"":[""/home/wici/llama.cpp/build-cuda/bin/llama-bench"",""-m"",""/home/wici/voice-lab/models/gguf/gemma-4-31B-it-Q4_0.gguf"",""-p"",""512"",""-n"",""64"",""-r"",""5"",""-t"",""8"",""-b"",""512"",""-ub"",""512"",""-fa"",""on"",""-ctk"",""f16"",""-ctv"",""f16"",""-mmp"",""1"",""-o"",""csv"",""--ctx-size"",""165120"",""-ot"",""^blk[.][0-9]+[.](attn_(k|v|q|output)|ffn_(down|gate|up))[.]weight$=CUDA_Hybrid""],""env"":{""GGML_CUDA_HYBRID_MODE"":""staging"",""GGML_CUDA_HYBRID_PAGE_BUDGET"":""1718"",""LD_LIBRARY_PATH"":""/dev/shm/intertidal-capacity.mEP47j:/home/wici/llama.cpp/build-cuda/bin:/usr/local/cuda/lib64"",""LLAMA_BENCH_LOGIT_CHECKSUM"":""1""}}","{""buffers"":[{""buffer_bytes"":""16524435968"",""buffer_mib"":""15758.930"",""eligible_pages"":""7470"",""gross_bytes"":""3602907136"",""gross_mib"":""3436.000"",""gross_pages"":""1718"",""layers"":""60"",""local_physical_bytes"":""12922650624"",""local_physical_mib"":""12324.000"",""mode"":""staging"",""net_bytes"":""3477078016"",""net_mib"":""3316.000"",""net_saved_mib"":""3316.000"",""page_bytes"":""2097152"",""page_mib"":""2.000"",""remote_mib"":""3436.000"",""requested_bytes"":""3602907136"",""requested_mib"":""3436.000"",""requested_pages"":""1718"",""selected_tensors"":""410"",""selection"":""global_budget"",""staging_bytes"":""125829120"",""staging_mib"":""120.000""}],""gross_pages"":1718,""gross_remote_bytes"":3602907136,""mode"":""staging"",""net_saved_bytes"":3477078016,""requested_pages"":1718,""selected_layers"":60,""selected_tensors"":410,""staging_bytes"":125829120}",
1,2ea4f9e1-2cf1-4a6f-908e-9afc36c6c3b0,2026-08-12T09:56:07.267745+00:00,463fcfc4c106535f73c78b7f9d39765d0de0d6d2e370f92d4b86bfb98a1cc036,31,intertidal_dma,dense,31.0,31738.000,165120,20.9,1726,,ok,0,28.534,1726,1726,3619684352,3452.000,20.895960,125829120,120.000,3493855232,3332.000,20.169565,measured_vmm_layout,,31738.000,410,60,,,4243.141046,80.387514,13.447377,0.014742,0.993170,0.174028,match,"[{""label"":""prompt"",""checksum"":""2417196da4492390"",""nonfinite"":0},{""label"":""prompt"",""checksum"":""0453392d6142afd3"",""nonfinite"":0},{""label"":""prompt"",""checksum"":""8c39d6d410e92623"",""nonfinite"":0},{""label"":""prompt"",""checksum"":""ce38b3f3a7a05142"",""nonfinite"":0},{""label"":""prompt"",""checksum"":""556c3b871bf91e81"",""nonfinite"":0},{""label"":""prompt"",""checksum"":""c930f979f7f0aed4"",""nonfinite"":0},{""label"":""decode"",""checksum"":""0c8e93b3ecced1c6"",""nonfinite"":0},{""label"":""decode"",""checksum"":""319a6a234bb9ed88"",""nonfinite"":0},{""label"":""decode"",""checksum"":""1e95777bddcc71d5"",""nonfinite"":0},{""label"":""decode"",""checksum"":""fc3ff68058ffd54e"",""nonfinite"":0},{""label"":""decode"",""checksum"":""92560214e2ee8afd"",""nonfinite"":0},{""label"":""decode"",""checksum"":""ea317c3ff2b17152"",""nonfinite"":0}]",b5d2ea31b0f709c295ad59dfab37889028c6fe9857ea11908ff3ab4b717c9a5d,0,293,28406.000,28461.000,2914.150,2505.000,2962.000,48.287,60.000,183.267,464.750,89.737,100.000,"{""argv"":[""/home/wici/llama.cpp/build-cuda/bin/llama-bench"",""-m"",""/home/wici/voice-lab/models/gguf/gemma-4-31B-it-Q4_0.gguf"",""-p"",""512"",""-n"",""64"",""-r"",""5"",""-t"",""8"",""-b"",""512"",""-ub"",""512"",""-fa"",""on"",""-ctk"",""f16"",""-ctv"",""f16"",""-mmp"",""1"",""-o"",""csv"",""--ctx-size"",""165120"",""-ot"",""^blk[.][0-9]+[.](attn_(k|v|q|output)|ffn_(down|gate|up))[.]weight$=CUDA_Hybrid""],""env"":{""GGML_CUDA_HYBRID_MODE"":""staging"",""GGML_CUDA_HYBRID_PAGE_BUDGET"":""1726"",""LD_LIBRARY_PATH"":""/dev/shm/intertidal-capacity.mEP47j:/home/wici/llama.cpp/build-cuda/bin:/usr/local/cuda/lib64"",""LLAMA_BENCH_LOGIT_CHECKSUM"":""1""}}","{""buffers"":[{""buffer_bytes"":""16524435968"",""buffer_mib"":""15758.930"",""eligible_pages"":""7470"",""gross_bytes"":""3619684352"",""gross_mib"":""3452.000"",""gross_pages"":""1726"",""layers"":""60"",""local_physical_bytes"":""12905873408"",""local_physical_mib"":""12308.000"",""mode"":""staging"",""net_bytes"":""3493855232"",""net_mib"":""3332.000"",""net_saved_mib"":""3332.000"",""page_bytes"":""2097152"",""page_mib"":""2.000"",""remote_mib"":""3452.000"",""requested_bytes"":""3619684352"",""requested_mib"":""3452.000"",""requested_pages"":""1726"",""selected_tensors"":""410"",""selection"":""global_budget"",""staging_bytes"":""125829120"",""staging_mib"":""120.000""}],""gross_pages"":1726,""gross_remote_bytes"":3619684352,""mode"":""staging"",""net_saved_bytes"":3493855232,""requested_pages"":1726,""selected_layers"":60,""selected_tensors"":410,""staging_bytes"":125829120}",
1,2ea4f9e1-2cf1-4a6f-908e-9afc36c6c3b0,2026-08-12T09:56:36.223754+00:00,463fcfc4c106535f73c78b7f9d39765d0de0d6d2e370f92d4b86bfb98a1cc036,31,intertidal_dma,dense,31.0,31738.000,165120,21.1,1743,,ok,0,28.947,1743,1743,3655335936,3486.000,21.101772,130023424,124.000,3525312512,3362.000,20.351164,measured_vmm_layout,,31738.000,410,60,,,4244.091150,66.870774,13.334762,0.005227,0.993392,0.172570,match,"[{""label"":""prompt"",""checksum"":""2417196da4492390"",""nonfinite"":0},{""label"":""prompt"",""checksum"":""0453392d6142afd3"",""nonfinite"":0},{""label"":""prompt"",""checksum"":""8c39d6d410e92623"",""nonfinite"":0},{""label"":""prompt"",""checksum"":""ce38b3f3a7a05142"",""nonfinite"":0},{""label"":""prompt"",""checksum"":""556c3b871bf91e81"",""nonfinite"":0},{""label"":""prompt"",""checksum"":""c930f979f7f0aed4"",""nonfinite"":0},{""label"":""decode"",""checksum"":""0c8e93b3ecced1c6"",""nonfinite"":0},{""label"":""decode"",""checksum"":""319a6a234bb9ed88"",""nonfinite"":0},{""label"":""decode"",""checksum"":""1e95777bddcc71d5"",""nonfinite"":0},{""label"":""decode"",""checksum"":""fc3ff68058ffd54e"",""nonfinite"":0},{""label"":""decode"",""checksum"":""92560214e2ee8afd"",""nonfinite"":0},{""label"":""decode"",""checksum"":""ea317c3ff2b17152"",""nonfinite"":0}]",b5d2ea31b0f709c295ad59dfab37889028c6fe9857ea11908ff3ab4b717c9a5d,0,295,28376.000,28431.000,2918.027,2505.000,2962.000,48.241,60.000,181.837,466.260,89.810,100.000,"{""argv"":[""/home/wici/llama.cpp/build-cuda/bin/llama-bench"",""-m"",""/home/wici/voice-lab/models/gguf/gemma-4-31B-it-Q4_0.gguf"",""-p"",""512"",""-n"",""64"",""-r"",""5"",""-t"",""8"",""-b"",""512"",""-ub"",""512"",""-fa"",""on"",""-ctk"",""f16"",""-ctv"",""f16"",""-mmp"",""1"",""-o"",""csv"",""--ctx-size"",""165120"",""-ot"",""^blk[.][0-9]+[.](attn_(k|v|q|output)|ffn_(down|gate|up))[.]weight$=CUDA_Hybrid""],""env"":{""GGML_CUDA_HYBRID_MODE"":""staging"",""GGML_CUDA_HYBRID_PAGE_BUDGET"":""1743"",""LD_LIBRARY_PATH"":""/dev/shm/intertidal-capacity.mEP47j:/home/wici/llama.cpp/build-cuda/bin:/usr/local/cuda/lib64"",""LLAMA_BENCH_LOGIT_CHECKSUM"":""1""}}","{""buffers"":[{""buffer_bytes"":""16524435968"",""buffer_mib"":""15758.930"",""eligible_pages"":""7470"",""gross_bytes"":""3655335936"",""gross_mib"":""3486.000"",""gross_pages"":""1743"",""layers"":""60"",""local_physical_bytes"":""12870221824"",""local_physical_mib"":""12274.000"",""mode"":""staging"",""net_bytes"":""3525312512"",""net_mib"":""3362.000"",""net_saved_mib"":""3362.000"",""page_bytes"":""2097152"",""page_mib"":""2.000"",""remote_mib"":""3486.000"",""requested_bytes"":""3655335936"",""requested_mib"":""3486.000"",""requested_pages"":""1743"",""selected_tensors"":""410"",""selection"":""global_budget"",""staging_bytes"":""130023424"",""staging_mib"":""124.000""}],""gross_pages"":1743,""gross_remote_bytes"":3655335936,""mode"":""staging"",""net_saved_bytes"":3525312512,""requested_pages"":1743,""selected_layers"":60,""selected_tensors"":410,""staging_bytes"":130023424}",
1,2ea4f9e1-2cf1-4a6f-908e-9afc36c6c3b0,2026-08-12T09:57:05.327333+00:00,463fcfc4c106535f73c78b7f9d39765d0de0d6d2e370f92d4b86bfb98a1cc036,31,intertidal_dma,dense,31.0,31738.000,165120,21.2,1751,,ok,0,29.092,1751,1751,3672113152,3502.000,21.198625,130023424,124.000,3542089728,3378.000,20.448017,measured_vmm_layout,,31738.000,410,60,,,4245.754060,54.324894,13.146195,0.116541,0.993781,0.170130,match,"[{""label"":""prompt"",""checksum"":""2417196da4492390"",""nonfinite"":0},{""label"":""prompt"",""checksum"":""0453392d6142afd3"",""nonfinite"":0},{""label"":""prompt"",""checksum"":""8c39d6d410e92623"",""nonfinite"":0},{""label"":""prompt"",""checksum"":""ce38b3f3a7a05142"",""nonfinite"":0},{""label"":""prompt"",""checksum"":""556c3b871bf91e81"",""nonfinite"":0},{""label"":""prompt"",""checksum"":""c930f979f7f0aed4"",""nonfinite"":0},{""label"":""decode"",""checksum"":""0c8e93b3ecced1c6"",""nonfinite"":0},{""label"":""decode"",""checksum"":""319a6a234bb9ed88"",""nonfinite"":0},{""label"":""decode"",""checksum"":""1e95777bddcc71d5"",""nonfinite"":0},{""label"":""decode"",""checksum"":""fc3ff68058ffd54e"",""nonfinite"":0},{""label"":""decode"",""checksum"":""92560214e2ee8afd"",""nonfinite"":0},{""label"":""decode"",""checksum"":""ea317c3ff2b17152"",""nonfinite"":0}]",b5d2ea31b0f709c295ad59dfab37889028c6fe9857ea11908ff3ab4b717c9a5d,0,297,28360.000,28415.000,2933.256,2512.000,2962.000,48.162,60.000,181.629,453.040,83.077,100.000,"{""argv"":[""/home/wici/llama.cpp/build-cuda/bin/llama-bench"",""-m"",""/home/wici/voice-lab/models/gguf/gemma-4-31B-it-Q4_0.gguf"",""-p"",""512"",""-n"",""64"",""-r"",""5"",""-t"",""8"",""-b"",""512"",""-ub"",""512"",""-fa"",""on"",""-ctk"",""f16"",""-ctv"",""f16"",""-mmp"",""1"",""-o"",""csv"",""--ctx-size"",""165120"",""-ot"",""^blk[.][0-9]+[.](attn_(k|v|q|output)|ffn_(down|gate|up))[.]weight$=CUDA_Hybrid""],""env"":{""GGML_CUDA_HYBRID_MODE"":""staging"",""GGML_CUDA_HYBRID_PAGE_BUDGET"":""1751"",""LD_LIBRARY_PATH"":""/dev/shm/intertidal-capacity.mEP47j:/home/wici/llama.cpp/build-cuda/bin:/usr/local/cuda/lib64"",""LLAMA_BENCH_LOGIT_CHECKSUM"":""1""}}","{""buffers"":[{""buffer_bytes"":""16524435968"",""buffer_mib"":""15758.930"",""eligible_pages"":""7470"",""gross_bytes"":""3672113152"",""gross_mib"":""3502.000"",""gross_pages"":""1751"",""layers"":""60"",""local_physical_bytes"":""12853444608"",""local_physical_mib"":""12258.000"",""mode"":""staging"",""net_bytes"":""3542089728"",""net_mib"":""3378.000"",""net_saved_mib"":""3378.000"",""page_bytes"":""2097152"",""page_mib"":""2.000"",""remote_mib"":""3502.000"",""requested_bytes"":""3672113152"",""requested_mib"":""3502.000"",""requested_pages"":""1751"",""selected_tensors"":""410"",""selection"":""global_budget"",""staging_bytes"":""130023424"",""staging_mib"":""124.000""}],""gross_pages"":1751,""gross_remote_bytes"":3672113152,""mode"":""staging"",""net_saved_bytes"":3542089728,""requested_pages"":1751,""selected_layers"":60,""selected_tensors"":410,""staging_bytes"":130023424}",
1,2ea4f9e1-2cf1-4a6f-908e-9afc36c6c3b0,2026-08-12T09:57:35.692799+00:00,463fcfc4c106535f73c78b7f9d39765d0de0d6d2e370f92d4b86bfb98a1cc036,31,intertidal_dma,dense,31.0,31738.000,165120,21.3,1759,,ok,0,30.349,1759,1759,3688890368,3518.000,21.295477,130023424,124.000,3558866944,3394.000,20.544869,measured_vmm_layout,,31738.000,410,60,,,4246.239456,76.342020,12.997875,0.109166,0.993895,0.168210,match,"[{""label"":""prompt"",""checksum"":""2417196da4492390"",""nonfinite"":0},{""label"":""prompt"",""checksum"":""0453392d6142afd3"",""nonfinite"":0},{""label"":""prompt"",""checksum"":""8c39d6d410e92623"",""nonfinite"":0},{""label"":""prompt"",""checksum"":""ce38b3f3a7a05142"",""nonfinite"":0},{""label"":""prompt"",""checksum"":""556c3b871bf91e81"",""nonfinite"":0},{""label"":""prompt"",""checksum"":""c930f979f7f0aed4"",""nonfinite"":0},{""label"":""decode"",""checksum"":""0c8e93b3ecced1c6"",""nonfinite"":0},{""label"":""decode"",""checksum"":""319a6a234bb9ed88"",""nonfinite"":0},{""label"":""decode"",""checksum"":""1e95777bddcc71d5"",""nonfinite"":0},{""label"":""decode"",""checksum"":""fc3ff68058ffd54e"",""nonfinite"":0},{""label"":""decode"",""checksum"":""92560214e2ee8afd"",""nonfinite"":0},{""label"":""decode"",""checksum"":""ea317c3ff2b17152"",""nonfinite"":0}]",b5d2ea31b0f709c295ad59dfab37889028c6fe9857ea11908ff3ab4b717c9a5d,0,302,28344.000,28399.000,2910.245,2505.000,2962.000,48.142,59.000,180.156,468.310,90.834,100.000,"{""argv"":[""/home/wici/llama.cpp/build-cuda/bin/llama-bench"",""-m"",""/home/wici/voice-lab/models/gguf/gemma-4-31B-it-Q4_0.gguf"",""-p"",""512"",""-n"",""64"",""-r"",""5"",""-t"",""8"",""-b"",""512"",""-ub"",""512"",""-fa"",""on"",""-ctk"",""f16"",""-ctv"",""f16"",""-mmp"",""1"",""-o"",""csv"",""--ctx-size"",""165120"",""-ot"",""^blk[.][0-9]+[.](attn_(k|v|q|output)|ffn_(down|gate|up))[.]weight$=CUDA_Hybrid""],""env"":{""GGML_CUDA_HYBRID_MODE"":""staging"",""GGML_CUDA_HYBRID_PAGE_BUDGET"":""1759"",""LD_LIBRARY_PATH"":""/dev/shm/intertidal-capacity.mEP47j:/home/wici/llama.cpp/build-cuda/bin:/usr/local/cuda/lib64"",""LLAMA_BENCH_LOGIT_CHECKSUM"":""1""}}","{""buffers"":[{""buffer_bytes"":""16524435968"",""buffer_mib"":""15758.930"",""eligible_pages"":""7470"",""gross_bytes"":""3688890368"",""gross_mib"":""3518.000"",""gross_pages"":""1759"",""layers"":""60"",""local_physical_bytes"":""12836667392"",""local_physical_mib"":""12242.000"",""mode"":""staging"",""net_bytes"":""3558866944"",""net_mib"":""3394.000"",""net_saved_mib"":""3394.000"",""page_bytes"":""2097152"",""page_mib"":""2.000"",""remote_mib"":""3518.000"",""requested_bytes"":""3688890368"",""requested_mib"":""3518.000"",""requested_pages"":""1759"",""selected_tensors"":""410"",""selection"":""global_budget"",""staging_bytes"":""130023424"",""staging_mib"":""124.000""}],""gross_pages"":1759,""gross_remote_bytes"":3688890368,""mode"":""staging"",""net_saved_bytes"":3558866944,""requested_pages"":1759,""selected_layers"":60,""selected_tensors"":410,""staging_bytes"":130023424}",
1,2ea4f9e1-2cf1-4a6f-908e-9afc36c6c3b0,2026-08-12T09:58:06.077051+00:00,463fcfc4c106535f73c78b7f9d39765d0de0d6d2e370f92d4b86bfb98a1cc036,31,intertidal_dma,dense,31.0,31738.000,165120,21.4,1768,,ok,0,30.359,1768,1768,3707764736,3536.000,21.404437,130023424,124.000,3577741312,3412.000,20.653828,measured_vmm_layout,,31738.000,410,60,,,4249.276888,60.543283,13.136798,0.010501,0.994606,0.170008,match,"[{""label"":""prompt"",""checksum"":""2417196da4492390"",""nonfinite"":0},{""label"":""prompt"",""checksum"":""0453392d6142afd3"",""nonfinite"":0},{""label"":""prompt"",""checksum"":""8c39d6d410e92623"",""nonfinite"":0},{""label"":""prompt"",""checksum"":""ce38b3f3a7a05142"",""nonfinite"":0},{""label"":""prompt"",""checksum"":""556c3b871bf91e81"",""nonfinite"":0},{""label"":""prompt"",""checksum"":""c930f979f7f0aed4"",""nonfinite"":0},{""label"":""decode"",""checksum"":""0c8e93b3ecced1c6"",""nonfinite"":0},{""label"":""decode"",""checksum"":""319a6a234bb9ed88"",""nonfinite"":0},{""label"":""decode"",""checksum"":""1e95777bddcc71d5"",""nonfinite"":0},{""label"":""decode"",""checksum"":""fc3ff68058ffd54e"",""nonfinite"":0},{""label"":""decode"",""checksum"":""92560214e2ee8afd"",""nonfinite"":0},{""label"":""decode"",""checksum"":""ea317c3ff2b17152"",""nonfinite"":0}]",b5d2ea31b0f709c295ad59dfab37889028c6fe9857ea11908ff3ab4b717c9a5d,0,300,28326.000,28381.000,2865.067,1335.000,2962.000,48.063,60.000,177.655,457.640,88.433,100.000,"{""argv"":[""/home/wici/llama.cpp/build-cuda/bin/llama-bench"",""-m"",""/home/wici/voice-lab/models/gguf/gemma-4-31B-it-Q4_0.gguf"",""-p"",""512"",""-n"",""64"",""-r"",""5"",""-t"",""8"",""-b"",""512"",""-ub"",""512"",""-fa"",""on"",""-ctk"",""f16"",""-ctv"",""f16"",""-mmp"",""1"",""-o"",""csv"",""--ctx-size"",""165120"",""-ot"",""^blk[.][0-9]+[.](attn_(k|v|q|output)|ffn_(down|gate|up))[.]weight$=CUDA_Hybrid""],""env"":{""GGML_CUDA_HYBRID_MODE"":""staging"",""GGML_CUDA_HYBRID_PAGE_BUDGET"":""1768"",""LD_LIBRARY_PATH"":""/dev/shm/intertidal-capacity.mEP47j:/home/wici/llama.cpp/build-cuda/bin:/usr/local/cuda/lib64"",""LLAMA_BENCH_LOGIT_CHECKSUM"":""1""}}","{""buffers"":[{""buffer_bytes"":""16524435968"",""buffer_mib"":""15758.930"",""eligible_pages"":""7470"",""gross_bytes"":""3707764736"",""gross_mib"":""3536.000"",""gross_pages"":""1768"",""layers"":""60"",""local_physical_bytes"":""12817793024"",""local_physical_mib"":""12224.000"",""mode"":""staging"",""net_bytes"":""3577741312"",""net_mib"":""3412.000"",""net_saved_mib"":""3412.000"",""page_bytes"":""2097152"",""page_mib"":""2.000"",""remote_mib"":""3536.000"",""requested_bytes"":""3707764736"",""requested_mib"":""3536.000"",""requested_pages"":""1768"",""selected_tensors"":""410"",""selection"":""global_budget"",""staging_bytes"":""130023424"",""staging_mib"":""124.000""}],""gross_pages"":1768,""gross_remote_bytes"":3707764736,""mode"":""staging"",""net_saved_bytes"":3577741312,""requested_pages"":1768,""selected_layers"":60,""selected_tensors"":410,""staging_bytes"":130023424}",
1,2ea4f9e1-2cf1-4a6f-908e-9afc36c6c3b0,2026-08-12T09:58:35.654182+00:00,463fcfc4c106535f73c78b7f9d39765d0de0d6d2e370f92d4b86bfb98a1cc036,31,intertidal_dma,dense,31.0,31738.000,165120,21.5,1776,,ok,0,29.545,1776,1776,3724541952,3552.000,21.501289,130023424,124.000,3594518528,3428.000,20.750681,measured_vmm_layout,,31738.000,410,60,,,4251.670260,60.546113,12.940466,0.156845,0.995166,0.167467,match,"[{""label"":""prompt"",""checksum"":""2417196da4492390"",""nonfinite"":0},{""label"":""prompt"",""checksum"":""0453392d6142afd3"",""nonfinite"":0},{""label"":""prompt"",""checksum"":""8c39d6d410e92623"",""nonfinite"":0},{""label"":""prompt"",""checksum"":""ce38b3f3a7a05142"",""nonfinite"":0},{""label"":""prompt"",""checksum"":""556c3b871bf91e81"",""nonfinite"":0},{""label"":""prompt"",""checksum"":""c930f979f7f0aed4"",""nonfinite"":0},{""label"":""decode"",""checksum"":""0c8e93b3ecced1c6"",""nonfinite"":0},{""label"":""decode"",""checksum"":""319a6a234bb9ed88"",""nonfinite"":0},{""label"":""decode"",""checksum"":""1e95777bddcc71d5"",""nonfinite"":0},{""label"":""decode"",""checksum"":""fc3ff68058ffd54e"",""nonfinite"":0},{""label"":""decode"",""checksum"":""92560214e2ee8afd"",""nonfinite"":0},{""label"":""decode"",""checksum"":""ea317c3ff2b17152"",""nonfinite"":0}]",b5d2ea31b0f709c295ad59dfab37889028c6fe9857ea11908ff3ab4b717c9a5d,0,303,28310.000,28365.000,2915.119,2505.000,2962.000,47.967,59.000,179.844,470.060,91.195,100.000,"{""argv"":[""/home/wici/llama.cpp/build-cuda/bin/llama-bench"",""-m"",""/home/wici/voice-lab/models/gguf/gemma-4-31B-it-Q4_0.gguf"",""-p"",""512"",""-n"",""64"",""-r"",""5"",""-t"",""8"",""-b"",""512"",""-ub"",""512"",""-fa"",""on"",""-ctk"",""f16"",""-ctv"",""f16"",""-mmp"",""1"",""-o"",""csv"",""--ctx-size"",""165120"",""-ot"",""^blk[.][0-9]+[.](attn_(k|v|q|output)|ffn_(down|gate|up))[.]weight$=CUDA_Hybrid""],""env"":{""GGML_CUDA_HYBRID_MODE"":""staging"",""GGML_CUDA_HYBRID_PAGE_BUDGET"":""1776"",""LD_LIBRARY_PATH"":""/dev/shm/intertidal-capacity.mEP47j:/home/wici/llama.cpp/build-cuda/bin:/usr/local/cuda/lib64"",""LLAMA_BENCH_LOGIT_CHECKSUM"":""1""}}","{""buffers"":[{""buffer_bytes"":""16524435968"",""buffer_mib"":""15758.930"",""eligible_pages"":""7470"",""gross_bytes"":""3724541952"",""gross_mib"":""3552.000"",""gross_pages"":""1776"",""layers"":""60"",""local_physical_bytes"":""12801015808"",""local_physical_mib"":""12208.000"",""mode"":""staging"",""net_bytes"":""3594518528"",""net_mib"":""3428.000"",""net_saved_mib"":""3428.000"",""page_bytes"":""2097152"",""page_mib"":""2.000"",""remote_mib"":""3552.000"",""requested_bytes"":""3724541952"",""requested_mib"":""3552.000"",""requested_pages"":""1776"",""selected_tensors"":""410"",""selection"":""global_budget"",""staging_bytes"":""130023424"",""staging_mib"":""124.000""}],""gross_pages"":1776,""gross_remote_bytes"":3724541952,""mode"":""staging"",""net_saved_bytes"":3594518528,""requested_pages"":1776,""selected_layers"":60,""selected_tensors"":410,""staging_bytes"":130023424}",
1,2ea4f9e1-2cf1-4a6f-908e-9afc36c6c3b0,2026-08-12T09:59:05.292014+00:00,463fcfc4c106535f73c78b7f9d39765d0de0d6d2e370f92d4b86bfb98a1cc036,31,intertidal_dma,dense,31.0,31738.000,165120,21.6,1784,,ok,0,29.620,1784,1784,3741319168,3568.000,21.598142,130023424,124.000,3611295744,3444.000,20.847534,measured_vmm_layout,,31738.000,410,60,,,4246.872027,70.834510,12.883178,0.139209,0.994043,0.166726,match,"[{""label"":""prompt"",""checksum"":""2417196da4492390"",""nonfinite"":0},{""label"":""prompt"",""checksum"":""0453392d6142afd3"",""nonfinite"":0},{""label"":""prompt"",""checksum"":""8c39d6d410e92623"",""nonfinite"":0},{""label"":""prompt"",""checksum"":""ce38b3f3a7a05142"",""nonfinite"":0},{""label"":""prompt"",""checksum"":""556c3b871bf91e81"",""nonfinite"":0},{""label"":""prompt"",""checksum"":""c930f979f7f0aed4"",""nonfinite"":0},{""label"":""decode"",""checksum"":""0c8e93b3ecced1c6"",""nonfinite"":0},{""label"":""decode"",""checksum"":""319a6a234bb9ed88"",""nonfinite"":0},{""label"":""decode"",""checksum"":""1e95777bddcc71d5"",""nonfinite"":0},{""label"":""decode"",""checksum"":""fc3ff68058ffd54e"",""nonfinite"":0},{""label"":""decode"",""checksum"":""92560214e2ee8afd"",""nonfinite"":0},{""label"":""decode"",""checksum"":""ea317c3ff2b17152"",""nonfinite"":0}]",b5d2ea31b0f709c295ad59dfab37889028c6fe9857ea11908ff3ab4b717c9a5d,0,305,28294.000,28349.000,2913.672,2505.000,2962.000,47.902,60.000,180.693,459.590,87.075,100.000,"{""argv"":[""/home/wici/llama.cpp/build-cuda/bin/llama-bench"",""-m"",""/home/wici/voice-lab/models/gguf/gemma-4-31B-it-Q4_0.gguf"",""-p"",""512"",""-n"",""64"",""-r"",""5"",""-t"",""8"",""-b"",""512"",""-ub"",""512"",""-fa"",""on"",""-ctk"",""f16"",""-ctv"",""f16"",""-mmp"",""1"",""-o"",""csv"",""--ctx-size"",""165120"",""-ot"",""^blk[.][0-9]+[.](attn_(k|v|q|output)|ffn_(down|gate|up))[.]weight$=CUDA_Hybrid""],""env"":{""GGML_CUDA_HYBRID_MODE"":""staging"",""GGML_CUDA_HYBRID_PAGE_BUDGET"":""1784"",""LD_LIBRARY_PATH"":""/dev/shm/intertidal-capacity.mEP47j:/home/wici/llama.cpp/build-cuda/bin:/usr/local/cuda/lib64"",""LLAMA_BENCH_LOGIT_CHECKSUM"":""1""}}","{""buffers"":[{""buffer_bytes"":""16524435968"",""buffer_mib"":""15758.930"",""eligible_pages"":""7470"",""gross_bytes"":""3741319168"",""gross_mib"":""3568.000"",""gross_pages"":""1784"",""layers"":""60"",""local_physical_bytes"":""12784238592"",""local_physical_mib"":""12192.000"",""mode"":""staging"",""net_bytes"":""3611295744"",""net_mib"":""3444.000"",""net_saved_mib"":""3444.000"",""page_bytes"":""2097152"",""page_mib"":""2.000"",""remote_mib"":""3568.000"",""requested_bytes"":""3741319168"",""requested_mib"":""3568.000"",""requested_pages"":""1784"",""selected_tensors"":""410"",""selection"":""global_budget"",""staging_bytes"":""130023424"",""staging_mib"":""124.000""}],""gross_pages"":1784,""gross_remote_bytes"":3741319168,""mode"":""staging"",""net_saved_bytes"":3611295744,""requested_pages"":1784,""selected_layers"":60,""selected_tensors"":410,""staging_bytes"":130023424}",
1,2ea4f9e1-2cf1-4a6f-908e-9afc36c6c3b0,2026-08-12T09:59:34.785316+00:00,463fcfc4c106535f73c78b7f9d39765d0de0d6d2e370f92d4b86bfb98a1cc036,31,intertidal_dma,dense,31.0,31738.000,165120,21.7,1792,,ok,0,29.480,1792,1792,3758096384,3584.000,21.694994,130023424,124.000,3628072960,3460.000,20.944386,measured_vmm_layout,,31738.000,410,60,,,4245.956724,71.390624,12.964510,0.005399,0.993829,0.167779,match,"[{""label"":""prompt"",""checksum"":""2417196da4492390"",""nonfinite"":0},{""label"":""prompt"",""checksum"":""0453392d6142afd3"",""nonfinite"":0},{""label"":""prompt"",""checksum"":""8c39d6d410e92623"",""nonfinite"":0},{""label"":""prompt"",""checksum"":""ce38b3f3a7a05142"",""nonfinite"":0},{""label"":""prompt"",""checksum"":""556c3b871bf91e81"",""nonfinite"":0},{""label"":""prompt"",""checksum"":""c930f979f7f0aed4"",""nonfinite"":0},{""label"":""decode"",""checksum"":""0c8e93b3ecced1c6"",""nonfinite"":0},{""label"":""decode"",""checksum"":""319a6a234bb9ed88"",""nonfinite"":0},{""label"":""decode"",""checksum"":""1e95777bddcc71d5"",""nonfinite"":0},{""label"":""decode"",""checksum"":""fc3ff68058ffd54e"",""nonfinite"":0},{""label"":""decode"",""checksum"":""92560214e2ee8afd"",""nonfinite"":0},{""label"":""decode"",""checksum"":""ea317c3ff2b17152"",""nonfinite"":0}]",b5d2ea31b0f709c295ad59dfab37889028c6fe9857ea11908ff3ab4b717c9a5d,0,305,28278.000,28333.000,2913.223,2505.000,2962.000,47.980,59.000,180.446,463.810,88.980,100.000,"{""argv"":[""/home/wici/llama.cpp/build-cuda/bin/llama-bench"",""-m"",""/home/wici/voice-lab/models/gguf/gemma-4-31B-it-Q4_0.gguf"",""-p"",""512"",""-n"",""64"",""-r"",""5"",""-t"",""8"",""-b"",""512"",""-ub"",""512"",""-fa"",""on"",""-ctk"",""f16"",""-ctv"",""f16"",""-mmp"",""1"",""-o"",""csv"",""--ctx-size"",""165120"",""-ot"",""^blk[.][0-9]+[.](attn_(k|v|q|output)|ffn_(down|gate|up))[.]weight$=CUDA_Hybrid""],""env"":{""GGML_CUDA_HYBRID_MODE"":""staging"",""GGML_CUDA_HYBRID_PAGE_BUDGET"":""1792"",""LD_LIBRARY_PATH"":""/dev/shm/intertidal-capacity.mEP47j:/home/wici/llama.cpp/build-cuda/bin:/usr/local/cuda/lib64"",""LLAMA_BENCH_LOGIT_CHECKSUM"":""1""}}","{""buffers"":[{""buffer_bytes"":""16524435968"",""buffer_mib"":""15758.930"",""eligible_pages"":""7470"",""gross_bytes"":""3758096384"",""gross_mib"":""3584.000"",""gross_pages"":""1792"",""layers"":""60"",""local_physical_bytes"":""12767461376"",""local_physical_mib"":""12176.000"",""mode"":""staging"",""net_bytes"":""3628072960"",""net_mib"":""3460.000"",""net_saved_mib"":""3460.000"",""page_bytes"":""2097152"",""page_mib"":""2.000"",""remote_mib"":""3584.000"",""requested_bytes"":""3758096384"",""requested_mib"":""3584.000"",""requested_pages"":""1792"",""selected_tensors"":""410"",""selection"":""global_budget"",""staging_bytes"":""130023424"",""staging_mib"":""124.000""}],""gross_pages"":1792,""gross_remote_bytes"":3758096384,""mode"":""staging"",""net_saved_bytes"":3628072960,""requested_pages"":1792,""selected_layers"":60,""selected_tensors"":410,""staging_bytes"":130023424}",
1,2ea4f9e1-2cf1-4a6f-908e-9afc36c6c3b0,2026-08-12T10:00:05.070456+00:00,463fcfc4c106535f73c78b7f9d39765d0de0d6d2e370f92d4b86bfb98a1cc036,31,intertidal_dma,dense,31.0,31738.000,165120,21.8,1801,,ok,0,30.276,1801,1801,3776970752,3602.000,21.803954,132120576,126.000,3644850176,3476.000,21.041239,measured_vmm_layout,,31738.000,410,60,,,4249.805738,68.040124,12.873299,0.028360,0.994730,0.166598,match,"[{""label"":""prompt"",""checksum"":""2417196da4492390"",""nonfinite"":0},{""label"":""prompt"",""checksum"":""0453392d6142afd3"",""nonfinite"":0},{""label"":""prompt"",""checksum"":""8c39d6d410e92623"",""nonfinite"":0},{""label"":""prompt"",""checksum"":""ce38b3f3a7a05142"",""nonfinite"":0},{""label"":""prompt"",""checksum"":""556c3b871bf91e81"",""nonfinite"":0},{""label"":""prompt"",""checksum"":""c930f979f7f0aed4"",""nonfinite"":0},{""label"":""decode"",""checksum"":""0c8e93b3ecced1c6"",""nonfinite"":0},{""label"":""decode"",""checksum"":""319a6a234bb9ed88"",""nonfinite"":0},{""label"":""decode"",""checksum"":""1e95777bddcc71d5"",""nonfinite"":0},{""label"":""decode"",""checksum"":""fc3ff68058ffd54e"",""nonfinite"":0},{""label"":""decode"",""checksum"":""92560214e2ee8afd"",""nonfinite"":0},{""label"":""decode"",""checksum"":""ea317c3ff2b17152"",""nonfinite"":0}]",b5d2ea31b0f709c295ad59dfab37889028c6fe9857ea11908ff3ab4b717c9a5d,0,305,28262.000,28317.000,2931.567,2520.000,2962.000,48.007,58.000,181.049,462.800,89.252,100.000,"{""argv"":[""/home/wici/llama.cpp/build-cuda/bin/llama-bench"",""-m"",""/home/wici/voice-lab/models/gguf/gemma-4-31B-it-Q4_0.gguf"",""-p"",""512"",""-n"",""64"",""-r"",""5"",""-t"",""8"",""-b"",""512"",""-ub"",""512"",""-fa"",""on"",""-ctk"",""f16"",""-ctv"",""f16"",""-mmp"",""1"",""-o"",""csv"",""--ctx-size"",""165120"",""-ot"",""^blk[.][0-9]+[.](attn_(k|v|q|output)|ffn_(down|gate|up))[.]weight$=CUDA_Hybrid""],""env"":{""GGML_CUDA_HYBRID_MODE"":""staging"",""GGML_CUDA_HYBRID_PAGE_BUDGET"":""1801"",""LD_LIBRARY_PATH"":""/dev/shm/intertidal-capacity.mEP47j:/home/wici/llama.cpp/build-cuda/bin:/usr/local/cuda/lib64"",""LLAMA_BENCH_LOGIT_CHECKSUM"":""1""}}","{""buffers"":[{""buffer_bytes"":""16524435968"",""buffer_mib"":""15758.930"",""eligible_pages"":""7470"",""gross_bytes"":""3776970752"",""gross_mib"":""3602.000"",""gross_pages"":""1801"",""layers"":""60"",""local_physical_bytes"":""12748587008"",""local_physical_mib"":""12158.000"",""mode"":""staging"",""net_bytes"":""3644850176"",""net_mib"":""3476.000"",""net_saved_mib"":""3476.000"",""page_bytes"":""2097152"",""page_mib"":""2.000"",""remote_mib"":""3602.000"",""requested_bytes"":""3776970752"",""requested_mib"":""3602.000"",""requested_pages"":""1801"",""selected_tensors"":""410"",""selection"":""global_budget"",""staging_bytes"":""132120576"",""staging_mib"":""126.000""}],""gross_pages"":1801,""gross_remote_bytes"":3776970752,""mode"":""staging"",""net_saved_bytes"":3644850176,""requested_pages"":1801,""selected_layers"":60,""selected_tensors"":410,""staging_bytes"":132120576}",
1,2ea4f9e1-2cf1-4a6f-908e-9afc36c6c3b0,2026-08-12T10:00:34.874125+00:00,463fcfc4c106535f73c78b7f9d39765d0de0d6d2e370f92d4b86bfb98a1cc036,31,intertidal_dma,dense,31.0,31738.000,165120,21.9,1809,,ok,0,29.790,1809,1809,3793747968,3618.000,21.900806,134217728,128.000,3659530240,3490.000,21.125985,measured_vmm_layout,,31738.000,410,60,,,4245.911292,62.463373,12.818106,0.016977,0.993818,0.165884,match,"[{""label"":""prompt"",""checksum"":""2417196da4492390"",""nonfinite"":0},{""label"":""prompt"",""checksum"":""0453392d6142afd3"",""nonfinite"":0},{""label"":""prompt"",""checksum"":""8c39d6d410e92623"",""nonfinite"":0},{""label"":""prompt"",""checksum"":""ce38b3f3a7a05142"",""nonfinite"":0},{""label"":""prompt"",""checksum"":""556c3b871bf91e81"",""nonfinite"":0},{""label"":""prompt"",""checksum"":""c930f979f7f0aed4"",""nonfinite"":0},{""label"":""decode"",""checksum"":""0c8e93b3ecced1c6"",""nonfinite"":0},{""label"":""decode"",""checksum"":""319a6a234bb9ed88"",""nonfinite"":0},{""label"":""decode"",""checksum"":""1e95777bddcc71d5"",""nonfinite"":0},{""label"":""decode"",""checksum"":""fc3ff68058ffd54e"",""nonfinite"":0},{""label"":""decode"",""checksum"":""92560214e2ee8afd"",""nonfinite"":0},{""label"":""decode"",""checksum"":""ea317c3ff2b17152"",""nonfinite"":0}]",b5d2ea31b0f709c295ad59dfab37889028c6fe9857ea11908ff3ab4b717c9a5d,0,305,28248.000,28303.000,2914.420,2505.000,2962.000,47.957,59.000,179.384,473.330,87.695,100.000,"{""argv"":[""/home/wici/llama.cpp/build-cuda/bin/llama-bench"",""-m"",""/home/wici/voice-lab/models/gguf/gemma-4-31B-it-Q4_0.gguf"",""-p"",""512"",""-n"",""64"",""-r"",""5"",""-t"",""8"",""-b"",""512"",""-ub"",""512"",""-fa"",""on"",""-ctk"",""f16"",""-ctv"",""f16"",""-mmp"",""1"",""-o"",""csv"",""--ctx-size"",""165120"",""-ot"",""^blk[.][0-9]+[.](attn_(k|v|q|output)|ffn_(down|gate|up))[.]weight$=CUDA_Hybrid""],""env"":{""GGML_CUDA_HYBRID_MODE"":""staging"",""GGML_CUDA_HYBRID_PAGE_BUDGET"":""1809"",""LD_LIBRARY_PATH"":""/dev/shm/intertidal-capacity.mEP47j:/home/wici/llama.cpp/build-cuda/bin:/usr/local/cuda/lib64"",""LLAMA_BENCH_LOGIT_CHECKSUM"":""1""}}","{""buffers"":[{""buffer_bytes"":""16524435968"",""buffer_mib"":""15758.930"",""eligible_pages"":""7470"",""gross_bytes"":""3793747968"",""gross_mib"":""3618.000"",""gross_pages"":""1809"",""layers"":""60"",""local_physical_bytes"":""12731809792"",""local_physical_mib"":""12142.000"",""mode"":""staging"",""net_bytes"":""3659530240"",""net_mib"":""3490.000"",""net_saved_mib"":""3490.000"",""page_bytes"":""2097152"",""page_mib"":""2.000"",""remote_mib"":""3618.000"",""requested_bytes"":""3793747968"",""requested_mib"":""3618.000"",""requested_pages"":""1809"",""selected_tensors"":""410"",""selection"":""global_budget"",""staging_bytes"":""134217728"",""staging_mib"":""128.000""}],""gross_pages"":1809,""gross_remote_bytes"":3793747968,""mode"":""staging"",""net_saved_bytes"":3659530240,""requested_pages"":1809,""selected_layers"":60,""selected_tensors"":410,""staging_bytes"":134217728}",
1,2ea4f9e1-2cf1-4a6f-908e-9afc36c6c3b0,2026-08-12T10:01:04.846086+00:00,463fcfc4c106535f73c78b7f9d39765d0de0d6d2e370f92d4b86bfb98a1cc036,31,intertidal_dma,dense,31.0,31738.000,165120,22.1,1825,,ok,0,29.963,1825,1825,3827302400,3650.000,22.094512,134217728,128.000,3693084672,3522.000,21.319690,measured_vmm_layout,,31738.000,410,60,,,4249.902459,58.733527,12.725690,0.003953,0.994752,0.164688,match,"[{""label"":""prompt"",""checksum"":""2417196da4492390"",""nonfinite"":0},{""label"":""prompt"",""checksum"":""0453392d6142afd3"",""nonfinite"":0},{""label"":""prompt"",""checksum"":""8c39d6d410e92623"",""nonfinite"":0},{""label"":""prompt"",""checksum"":""ce38b3f3a7a05142"",""nonfinite"":0},{""label"":""prompt"",""checksum"":""556c3b871bf91e81"",""nonfinite"":0},{""label"":""prompt"",""checksum"":""c930f979f7f0aed4"",""nonfinite"":0},{""label"":""decode"",""checksum"":""0c8e93b3ecced1c6"",""nonfinite"":0},{""label"":""decode"",""checksum"":""319a6a234bb9ed88"",""nonfinite"":0},{""label"":""decode"",""checksum"":""1e95777bddcc71d5"",""nonfinite"":0},{""label"":""decode"",""checksum"":""fc3ff68058ffd54e"",""nonfinite"":0},{""label"":""decode"",""checksum"":""92560214e2ee8afd"",""nonfinite"":0},{""label"":""decode"",""checksum"":""ea317c3ff2b17152"",""nonfinite"":0}]",b5d2ea31b0f709c295ad59dfab37889028c6fe9857ea11908ff3ab4b717c9a5d,0,307,28216.000,28271.000,2932.971,2520.000,2962.000,48.111,60.000,179.152,454.520,89.629,100.000,"{""argv"":[""/home/wici/llama.cpp/build-cuda/bin/llama-bench"",""-m"",""/home/wici/voice-lab/models/gguf/gemma-4-31B-it-Q4_0.gguf"",""-p"",""512"",""-n"",""64"",""-r"",""5"",""-t"",""8"",""-b"",""512"",""-ub"",""512"",""-fa"",""on"",""-ctk"",""f16"",""-ctv"",""f16"",""-mmp"",""1"",""-o"",""csv"",""--ctx-size"",""165120"",""-ot"",""^blk[.][0-9]+[.](attn_(k|v|q|output)|ffn_(down|gate|up))[.]weight$=CUDA_Hybrid""],""env"":{""GGML_CUDA_HYBRID_MODE"":""staging"",""GGML_CUDA_HYBRID_PAGE_BUDGET"":""1825"",""LD_LIBRARY_PATH"":""/dev/shm/intertidal-capacity.mEP47j:/home/wici/llama.cpp/build-cuda/bin:/usr/local/cuda/lib64"",""LLAMA_BENCH_LOGIT_CHECKSUM"":""1""}}","{""buffers"":[{""buffer_bytes"":""16524435968"",""buffer_mib"":""15758.930"",""eligible_pages"":""7470"",""gross_bytes"":""3827302400"",""gross_mib"":""3650.000"",""gross_pages"":""1825"",""layers"":""60"",""local_physical_bytes"":""12698255360"",""local_physical_mib"":""12110.000"",""mode"":""staging"",""net_bytes"":""3693084672"",""net_mib"":""3522.000"",""net_saved_mib"":""3522.000"",""page_bytes"":""2097152"",""page_mib"":""2.000"",""remote_mib"":""3650.000"",""requested_bytes"":""3827302400"",""requested_mib"":""3650.000"",""requested_pages"":""1825"",""selected_tensors"":""410"",""selection"":""global_budget"",""staging_bytes"":""134217728"",""staging_mib"":""128.000""}],""gross_pages"":1825,""gross_remote_bytes"":3827302400,""mode"":""staging"",""net_saved_bytes"":3693084672,""requested_pages"":1825,""selected_layers"":60,""selected_tensors"":410,""staging_bytes"":134217728}",
1,2ea4f9e1-2cf1-4a6f-908e-9afc36c6c3b0,2026-08-12T10:01:34.969118+00:00,463fcfc4c106535f73c78b7f9d39765d0de0d6d2e370f92d4b86bfb98a1cc036,31,intertidal_dma,dense,31.0,31738.000,165120,22.2,1834,,ok,0,30.109,1834,1834,3846176768,3668.000,22.203471,134217728,128.000,3711959040,3540.000,21.428650,measured_vmm_layout,,31738.000,410,60,,,4248.073983,63.642035,12.672964,0.006021,0.994324,0.164006,match,"[{""label"":""prompt"",""checksum"":""2417196da4492390"",""nonfinite"":0},{""label"":""prompt"",""checksum"":""0453392d6142afd3"",""nonfinite"":0},{""label"":""prompt"",""checksum"":""8c39d6d410e92623"",""nonfinite"":0},{""label"":""prompt"",""checksum"":""ce38b3f3a7a05142"",""nonfinite"":0},{""label"":""prompt"",""checksum"":""556c3b871bf91e81"",""nonfinite"":0},{""label"":""prompt"",""checksum"":""c930f979f7f0aed4"",""nonfinite"":0},{""label"":""decode"",""checksum"":""0c8e93b3ecced1c6"",""nonfinite"":0},{""label"":""decode"",""checksum"":""319a6a234bb9ed88"",""nonfinite"":0},{""label"":""decode"",""checksum"":""1e95777bddcc71d5"",""nonfinite"":0},{""label"":""decode"",""checksum"":""fc3ff68058ffd54e"",""nonfinite"":0},{""label"":""decode"",""checksum"":""92560214e2ee8afd"",""nonfinite"":0},{""label"":""decode"",""checksum"":""ea317c3ff2b17152"",""nonfinite"":0}]",b5d2ea31b0f709c295ad59dfab37889028c6fe9857ea11908ff3ab4b717c9a5d,0,309,28198.000,28255.000,2939.476,2550.000,2962.000,48.139,60.000,179.216,469.140,90.016,100.000,"{""argv"":[""/home/wici/llama.cpp/build-cuda/bin/llama-bench"",""-m"",""/home/wici/voice-lab/models/gguf/gemma-4-31B-it-Q4_0.gguf"",""-p"",""512"",""-n"",""64"",""-r"",""5"",""-t"",""8"",""-b"",""512"",""-ub"",""512"",""-fa"",""on"",""-ctk"",""f16"",""-ctv"",""f16"",""-mmp"",""1"",""-o"",""csv"",""--ctx-size"",""165120"",""-ot"",""^blk[.][0-9]+[.](attn_(k|v|q|output)|ffn_(down|gate|up))[.]weight$=CUDA_Hybrid""],""env"":{""GGML_CUDA_HYBRID_MODE"":""staging"",""GGML_CUDA_HYBRID_PAGE_BUDGET"":""1834"",""LD_LIBRARY_PATH"":""/dev/shm/intertidal-capacity.mEP47j:/home/wici/llama.cpp/build-cuda/bin:/usr/local/cuda/lib64"",""LLAMA_BENCH_LOGIT_CHECKSUM"":""1""}}","{""buffers"":[{""buffer_bytes"":""16524435968"",""buffer_mib"":""15758.930"",""eligible_pages"":""7470"",""gross_bytes"":""3846176768"",""gross_mib"":""3668.000"",""gross_pages"":""1834"",""layers"":""60"",""local_physical_bytes"":""12679380992"",""local_physical_mib"":""12092.000"",""mode"":""staging"",""net_bytes"":""3711959040"",""net_mib"":""3540.000"",""net_saved_mib"":""3540.000"",""page_bytes"":""2097152"",""page_mib"":""2.000"",""remote_mib"":""3668.000"",""requested_bytes"":""3846176768"",""requested_mib"":""3668.000"",""requested_pages"":""1834"",""selected_tensors"":""410"",""selection"":""global_budget"",""staging_bytes"":""134217728"",""staging_mib"":""128.000""}],""gross_pages"":1834,""gross_remote_bytes"":3846176768,""mode"":""staging"",""net_saved_bytes"":3711959040,""requested_pages"":1834,""selected_layers"":60,""selected_tensors"":410,""staging_bytes"":134217728}",
1,2ea4f9e1-2cf1-4a6f-908e-9afc36c6c3b0,2026-08-12T10:02:05.165330+00:00,463fcfc4c106535f73c78b7f9d39765d0de0d6d2e370f92d4b86bfb98a1cc036,31,intertidal_dma,dense,31.0,31738.000,165120,22.3,1842,,ok,0,30.183,1842,1842,3862953984,3684.000,22.300324,134217728,128.000,3728736256,3556.000,21.525502,measured_vmm_layout,,31738.000,410,60,,,4248.248305,54.505578,12.625890,0.018324,0.994365,0.163396,match,"[{""label"":""prompt"",""checksum"":""2417196da4492390"",""nonfinite"":0},{""label"":""prompt"",""checksum"":""0453392d6142afd3"",""nonfinite"":0},{""label"":""prompt"",""checksum"":""8c39d6d410e92623"",""nonfinite"":0},{""label"":""prompt"",""checksum"":""ce38b3f3a7a05142"",""nonfinite"":0},{""label"":""prompt"",""checksum"":""556c3b871bf91e81"",""nonfinite"":0},{""label"":""prompt"",""checksum"":""c930f979f7f0aed4"",""nonfinite"":0},{""label"":""decode"",""checksum"":""0c8e93b3ecced1c6"",""nonfinite"":0},{""label"":""decode"",""checksum"":""319a6a234bb9ed88"",""nonfinite"":0},{""label"":""decode"",""checksum"":""1e95777bddcc71d5"",""nonfinite"":0},{""label"":""decode"",""checksum"":""fc3ff68058ffd54e"",""nonfinite"":0},{""label"":""decode"",""checksum"":""92560214e2ee8afd"",""nonfinite"":0},{""label"":""decode"",""checksum"":""ea317c3ff2b17152"",""nonfinite"":0}]",b5d2ea31b0f709c295ad59dfab37889028c6fe9857ea11908ff3ab4b717c9a5d,0,312,28182.000,28239.000,2920.808,2505.000,2962.000,48.138,60.000,179.706,470.840,90.740,100.000,"{""argv"":[""/home/wici/llama.cpp/build-cuda/bin/llama-bench"",""-m"",""/home/wici/voice-lab/models/gguf/gemma-4-31B-it-Q4_0.gguf"",""-p"",""512"",""-n"",""64"",""-r"",""5"",""-t"",""8"",""-b"",""512"",""-ub"",""512"",""-fa"",""on"",""-ctk"",""f16"",""-ctv"",""f16"",""-mmp"",""1"",""-o"",""csv"",""--ctx-size"",""165120"",""-ot"",""^blk[.][0-9]+[.](attn_(k|v|q|output)|ffn_(down|gate|up))[.]weight$=CUDA_Hybrid""],""env"":{""GGML_CUDA_HYBRID_MODE"":""staging"",""GGML_CUDA_HYBRID_PAGE_BUDGET"":""1842"",""LD_LIBRARY_PATH"":""/dev/shm/intertidal-capacity.mEP47j:/home/wici/llama.cpp/build-cuda/bin:/usr/local/cuda/lib64"",""LLAMA_BENCH_LOGIT_CHECKSUM"":""1""}}","{""buffers"":[{""buffer_bytes"":""16524435968"",""buffer_mib"":""15758.930"",""eligible_pages"":""7470"",""gross_bytes"":""3862953984"",""gross_mib"":""3684.000"",""gross_pages"":""1842"",""layers"":""60"",""local_physical_bytes"":""12662603776"",""local_physical_mib"":""12076.000"",""mode"":""staging"",""net_bytes"":""3728736256"",""net_mib"":""3556.000"",""net_saved_mib"":""3556.000"",""page_bytes"":""2097152"",""page_mib"":""2.000"",""remote_mib"":""3684.000"",""requested_bytes"":""3862953984"",""requested_mib"":""3684.000"",""requested_pages"":""1842"",""selected_tensors"":""410"",""selection"":""global_budget"",""staging_bytes"":""134217728"",""staging_mib"":""128.000""}],""gross_pages"":1842,""gross_remote_bytes"":3862953984,""mode"":""staging"",""net_saved_bytes"":3728736256,""requested_pages"":1842,""selected_layers"":60,""selected_tensors"":410,""staging_bytes"":134217728}",
1,2ea4f9e1-2cf1-4a6f-908e-9afc36c6c3b0,2026-08-12T10:02:35.495109+00:00,463fcfc4c106535f73c78b7f9d39765d0de0d6d2e370f92d4b86bfb98a1cc036,31,intertidal_dma,dense,31.0,31738.000,165120,22.4,1850,,ok,0,30.322,1850,1850,3879731200,3700.000,22.397176,134217728,128.000,3745513472,3572.000,21.622355,measured_vmm_layout,,31738.000,410,60,,,4251.898943,71.548220,12.583874,0.009730,0.995220,0.162853,match,"[{""label"":""prompt"",""checksum"":""2417196da4492390"",""nonfinite"":0},{""label"":""prompt"",""checksum"":""0453392d6142afd3"",""nonfinite"":0},{""label"":""prompt"",""checksum"":""8c39d6d410e92623"",""nonfinite"":0},{""label"":""prompt"",""checksum"":""ce38b3f3a7a05142"",""nonfinite"":0},{""label"":""prompt"",""checksum"":""556c3b871bf91e81"",""nonfinite"":0},{""label"":""prompt"",""checksum"":""c930f979f7f0aed4"",""nonfinite"":0},{""label"":""decode"",""checksum"":""0c8e93b3ecced1c6"",""nonfinite"":0},{""label"":""decode"",""checksum"":""319a6a234bb9ed88"",""nonfinite"":0},{""label"":""decode"",""checksum"":""1e95777bddcc71d5"",""nonfinite"":0},{""label"":""decode"",""checksum"":""fc3ff68058ffd54e"",""nonfinite"":0},{""label"":""decode"",""checksum"":""92560214e2ee8afd"",""nonfinite"":0},{""label"":""decode"",""checksum"":""ea317c3ff2b17152"",""nonfinite"":0}]",b5d2ea31b0f709c295ad59dfab37889028c6fe9857ea11908ff3ab4b717c9a5d,0,313,28166.000,28223.000,2932.703,2625.000,2962.000,47.907,59.000,178.589,475.930,89.550,100.000,"{""argv"":[""/home/wici/llama.cpp/build-cuda/bin/llama-bench"",""-m"",""/home/wici/voice-lab/models/gguf/gemma-4-31B-it-Q4_0.gguf"",""-p"",""512"",""-n"",""64"",""-r"",""5"",""-t"",""8"",""-b"",""512"",""-ub"",""512"",""-fa"",""on"",""-ctk"",""f16"",""-ctv"",""f16"",""-mmp"",""1"",""-o"",""csv"",""--ctx-size"",""165120"",""-ot"",""^blk[.][0-9]+[.](attn_(k|v|q|output)|ffn_(down|gate|up))[.]weight$=CUDA_Hybrid""],""env"":{""GGML_CUDA_HYBRID_MODE"":""staging"",""GGML_CUDA_HYBRID_PAGE_BUDGET"":""1850"",""LD_LIBRARY_PATH"":""/dev/shm/intertidal-capacity.mEP47j:/home/wici/llama.cpp/build-cuda/bin:/usr/local/cuda/lib64"",""LLAMA_BENCH_LOGIT_CHECKSUM"":""1""}}","{""buffers"":[{""buffer_bytes"":""16524435968"",""buffer_mib"":""15758.930"",""eligible_pages"":""7470"",""gross_bytes"":""3879731200"",""gross_mib"":""3700.000"",""gross_pages"":""1850"",""layers"":""60"",""local_physical_bytes"":""12645826560"",""local_physical_mib"":""12060.000"",""mode"":""staging"",""net_bytes"":""3745513472"",""net_mib"":""3572.000"",""net_saved_mib"":""3572.000"",""page_bytes"":""2097152"",""page_mib"":""2.000"",""remote_mib"":""3700.000"",""requested_bytes"":""3879731200"",""requested_mib"":""3700.000"",""requested_pages"":""1850"",""selected_tensors"":""410"",""selection"":""global_budget"",""staging_bytes"":""134217728"",""staging_mib"":""128.000""}],""gross_pages"":1850,""gross_remote_bytes"":3879731200,""mode"":""staging"",""net_saved_bytes"":3745513472,""requested_pages"":1850,""selected_layers"":60,""selected_tensors"":410,""staging_bytes"":134217728}",
