{
  "capacity_frontier": [
    {
      "calibrated_peak_mib": 31738.0,
      "context_tokens": 165120,
      "hybrid_conditional_candidates": 951,
      "hybrid_start_pp": 0.0,
      "required_net_saved_mib": 0.0,
      "target_gib": 31.0
    },
    {
      "calibrated_peak_mib": 31838.0,
      "context_tokens": 166400,
      "hybrid_conditional_candidates": 951,
      "hybrid_start_pp": 0.0,
      "required_net_saved_mib": 0.0,
      "target_gib": 31.1
    },
    {
      "calibrated_peak_mib": 31958.0,
      "context_tokens": 167936,
      "hybrid_conditional_candidates": 951,
      "hybrid_start_pp": 0.0,
      "required_net_saved_mib": 0.0,
      "target_gib": 31.2
    },
    {
      "calibrated_peak_mib": 32058.0,
      "context_tokens": 169216,
      "hybrid_conditional_candidates": 949,
      "hybrid_start_pp": 0.2,
      "required_net_saved_mib": 20.0,
      "target_gib": 31.3
    },
    {
      "calibrated_peak_mib": 32158.0,
      "context_tokens": 170496,
      "hybrid_conditional_candidates": 943,
      "hybrid_start_pp": 0.8,
      "required_net_saved_mib": 120.0,
      "target_gib": 31.4
    },
    {
      "calibrated_peak_mib": 32258.0,
      "context_tokens": 171776,
      "hybrid_conditional_candidates": 937,
      "hybrid_start_pp": 1.4,
      "required_net_saved_mib": 220.0,
      "target_gib": 31.5
    },
    {
      "calibrated_peak_mib": 32358.0,
      "context_tokens": 173056,
      "hybrid_conditional_candidates": 931,
      "hybrid_start_pp": 2.0,
      "required_net_saved_mib": 320.0,
      "target_gib": 31.6
    },
    {
      "calibrated_peak_mib": 32458.0,
      "context_tokens": 174336,
      "hybrid_conditional_candidates": 925,
      "hybrid_start_pp": 2.6,
      "required_net_saved_mib": 420.0,
      "target_gib": 31.7
    },
    {
      "calibrated_peak_mib": 32558.0,
      "context_tokens": 175616,
      "hybrid_conditional_candidates": 919,
      "hybrid_start_pp": 3.2,
      "required_net_saved_mib": 520.0,
      "target_gib": 31.8
    },
    {
      "calibrated_peak_mib": 32658.0,
      "context_tokens": 176896,
      "hybrid_conditional_candidates": 913,
      "hybrid_start_pp": 3.8,
      "required_net_saved_mib": 620.0,
      "target_gib": 31.9
    },
    {
      "calibrated_peak_mib": 32768.0,
      "context_tokens": 178304,
      "hybrid_conditional_candidates": 906,
      "hybrid_start_pp": 4.5,
      "required_net_saved_mib": 730.0,
      "target_gib": 32.0
    },
    {
      "calibrated_peak_mib": 32878.0,
      "context_tokens": 179712,
      "hybrid_conditional_candidates": 900,
      "hybrid_start_pp": 5.1,
      "required_net_saved_mib": 840.0,
      "target_gib": 32.1
    },
    {
      "calibrated_peak_mib": 32978.0,
      "context_tokens": 180992,
      "hybrid_conditional_candidates": 894,
      "hybrid_start_pp": 5.7,
      "required_net_saved_mib": 940.0,
      "target_gib": 32.2
    },
    {
      "calibrated_peak_mib": 33078.0,
      "context_tokens": 182272,
      "hybrid_conditional_candidates": 888,
      "hybrid_start_pp": 6.3,
      "required_net_saved_mib": 1040.0,
      "target_gib": 32.3
    },
    {
      "calibrated_peak_mib": 33178.0,
      "context_tokens": 183552,
      "hybrid_conditional_candidates": 881,
      "hybrid_start_pp": 7.0,
      "required_net_saved_mib": 1140.0,
      "target_gib": 32.4
    },
    {
      "calibrated_peak_mib": 33278.0,
      "context_tokens": 184832,
      "hybrid_conditional_candidates": 875,
      "hybrid_start_pp": 7.6,
      "required_net_saved_mib": 1240.0,
      "target_gib": 32.5
    },
    {
      "calibrated_peak_mib": 33378.0,
      "context_tokens": 186112,
      "hybrid_conditional_candidates": 869,
      "hybrid_start_pp": 8.2,
      "required_net_saved_mib": 1340.0,
      "target_gib": 32.6
    },
    {
      "calibrated_peak_mib": 33478.0,
      "context_tokens": 187392,
      "hybrid_conditional_candidates": 863,
      "hybrid_start_pp": 8.8,
      "required_net_saved_mib": 1440.0,
      "target_gib": 32.7
    },
    {
      "calibrated_peak_mib": 33578.0,
      "context_tokens": 188672,
      "hybrid_conditional_candidates": 857,
      "hybrid_start_pp": 9.4,
      "required_net_saved_mib": 1540.0,
      "target_gib": 32.8
    },
    {
      "calibrated_peak_mib": 33698.0,
      "context_tokens": 190208,
      "hybrid_conditional_candidates": 850,
      "hybrid_start_pp": 10.1,
      "required_net_saved_mib": 1660.0,
      "target_gib": 32.9
    },
    {
      "calibrated_peak_mib": 33798.0,
      "context_tokens": 191488,
      "hybrid_conditional_candidates": 844,
      "hybrid_start_pp": 10.7,
      "required_net_saved_mib": 1760.0,
      "target_gib": 33.0
    },
    {
      "calibrated_peak_mib": 33898.0,
      "context_tokens": 192768,
      "hybrid_conditional_candidates": 838,
      "hybrid_start_pp": 11.3,
      "required_net_saved_mib": 1860.0,
      "target_gib": 33.1
    },
    {
      "calibrated_peak_mib": 33998.0,
      "context_tokens": 194048,
      "hybrid_conditional_candidates": 832,
      "hybrid_start_pp": 11.9,
      "required_net_saved_mib": 1960.0,
      "target_gib": 33.2
    },
    {
      "calibrated_peak_mib": 34098.0,
      "context_tokens": 195328,
      "hybrid_conditional_candidates": 826,
      "hybrid_start_pp": 12.5,
      "required_net_saved_mib": 2060.0,
      "target_gib": 33.3
    },
    {
      "calibrated_peak_mib": 34198.0,
      "context_tokens": 196608,
      "hybrid_conditional_candidates": 820,
      "hybrid_start_pp": 13.1,
      "required_net_saved_mib": 2160.0,
      "target_gib": 33.4
    },
    {
      "calibrated_peak_mib": 34298.0,
      "context_tokens": 197888,
      "hybrid_conditional_candidates": 814,
      "hybrid_start_pp": 13.7,
      "required_net_saved_mib": 2260.0,
      "target_gib": 33.5
    },
    {
      "calibrated_peak_mib": 34398.0,
      "context_tokens": 199168,
      "hybrid_conditional_candidates": 808,
      "hybrid_start_pp": 14.3,
      "required_net_saved_mib": 2360.0,
      "target_gib": 33.6
    },
    {
      "calibrated_peak_mib": 34518.0,
      "context_tokens": 200704,
      "hybrid_conditional_candidates": 800,
      "hybrid_start_pp": 15.1,
      "required_net_saved_mib": 2480.0,
      "target_gib": 33.7
    },
    {
      "calibrated_peak_mib": 34618.0,
      "context_tokens": 201984,
      "hybrid_conditional_candidates": 794,
      "hybrid_start_pp": 15.7,
      "required_net_saved_mib": 2580.0,
      "target_gib": 33.8
    },
    {
      "calibrated_peak_mib": 34718.0,
      "context_tokens": 203264,
      "hybrid_conditional_candidates": 788,
      "hybrid_start_pp": 16.3,
      "required_net_saved_mib": 2680.0,
      "target_gib": 33.9
    },
    {
      "calibrated_peak_mib": 34818.0,
      "context_tokens": 204544,
      "hybrid_conditional_candidates": 782,
      "hybrid_start_pp": 16.9,
      "required_net_saved_mib": 2780.0,
      "target_gib": 34.0
    }
  ],
  "coarse_points_per_hybrid_curve": 96,
  "correctness_gate": {
    "baseline_source": "first_successful_all_local_control",
    "enabled": true,
    "expected_sequence_labels": [
      "prompt",
      "prompt",
      "prompt",
      "prompt",
      "prompt",
      "prompt",
      "decode",
      "decode",
      "decode",
      "decode",
      "decode",
      "decode"
    ],
    "failure_action": "append correctness_fail row, then abort sweep",
    "require_nonfinite_field": true,
    "strict_checksum_schemes": [
      "intertidal_dma",
      "cuda_zero_copy"
    ]
  },
  "dense_points_per_hybrid_curve_before_early_stop": 951,
  "frontier_rule": {
    "confirm_steps_after_first_fit": 1,
    "default_fit_mib": 32038.0,
    "dense_step_pp": 0.1,
    "later_points_are_conditional": true,
    "probe_all_local_at_each_over_capacity_workset": true
  },
  "maximum_unique_points_per_full_hybrid_curve": 951,
  "native_points_per_curve": 62,
  "phases": [
    "pure_curve",
    "capacity_frontier"
  ],
  "pure_curve_workset_gib": 31.0,
  "remote_files_created": false,
  "schema_version": 1,
  "schemes": [
    "intertidal_dma",
    "cuda_zero_copy",
    "native_cpu_layers"
  ],
  "stop_rule": {
    "consecutive": 2,
    "retention": 0.1
  },
  "target": "wici@192.168.1.182",
  "transport": "ssh"
}
skip intertidal_dma ws=31.0 control=pp:0 status=ok
skip intertidal_dma ws=31.0 control=pp:1 status=ok
skip intertidal_dma ws=31.0 control=pp:2 status=ok
skip intertidal_dma ws=31.0 control=pp:3 status=ok
skip intertidal_dma ws=31.0 control=pp:4 status=ok
skip intertidal_dma ws=31.0 control=pp:5 status=ok
skip intertidal_dma ws=31.0 control=pp:6 status=ok
skip intertidal_dma ws=31.0 control=pp:7 status=ok
skip intertidal_dma ws=31.0 control=pp:8 status=ok
skip intertidal_dma ws=31.0 control=pp:9 status=ok
skip intertidal_dma ws=31.0 control=pp:10 status=ok
skip intertidal_dma ws=31.0 control=pp:11 status=ok
skip intertidal_dma ws=31.0 control=pp:12 status=ok
skip intertidal_dma ws=31.0 control=pp:13 status=ok
skip intertidal_dma ws=31.0 control=pp:14 status=ok
skip intertidal_dma ws=31.0 control=pp:15 status=ok
skip intertidal_dma ws=31.0 control=pp:16 status=ok
skip intertidal_dma ws=31.0 control=pp:17 status=ok
case scheme=intertidal_dma phase=coarse ws=31.0GiB ctx=165120 control=pp:18
remote command: env -u LD_PRELOAD GGML_CUDA_HYBRID_MODE=staging GGML_CUDA_HYBRID_PAGE_BUDGET=1487 LD_LIBRARY_PATH=/dev/shm/intertidal-capacity.mEP47j:/home/wici/llama.cpp/build-cuda/bin:/usr/local/cuda/lib64 LLAMA_BENCH_LOGIT_CHECKSUM=1 /home/wici/llama.cpp/build-cuda/bin/llama-bench -m /home/wici/voice-lab/models/gguf/gemma-4-31B-it-Q4_0.gguf -p 512 -n 64 -r 5 -t 8 -b 512 -ub 512 -fa on -ctk f16 -ctv f16 -mmp 1 -o csv --ctx-size 165120 -ot '^blk[.][0-9]+[.](attn_(k|v|q|output)|ffn_(down|gate|up))[.]weight$=CUDA_Hybrid'
ggml_cuda_init: found 1 CUDA devices (Total VRAM: 32109 MiB):
  Device 0: NVIDIA GeForce RTX 5090, compute capability 12.0, VMM: yes, VRAM: 32109 MiB
hybrid_vmm,mode=staging,selection=global_budget,requested_pages=1487,requested_bytes=3118465024,requested_mib=2974.000,gross_pages=1487,gross_bytes=3118465024,gross_mib=2974.000,staging_bytes=109051904,staging_mib=104.000,net_bytes=3009413120,net_mib=2870.000,eligible_pages=7470,selected_tensors=410,layers=60,buffer_bytes=16524435968,local_physical_bytes=13407092736,page_bytes=2097152,buffer_mib=15758.930,remote_mib=2974.000,local_physical_mib=12786.000,net_saved_mib=2870.000,page_mib=2.000
logit_checksum,prompt,2417196da4492390,nonfinite=0
logit_checksum,prompt,0453392d6142afd3,nonfinite=0
logit_checksum,prompt,8c39d6d410e92623,nonfinite=0
logit_checksum,prompt,ce38b3f3a7a05142,nonfinite=0
logit_checksum,prompt,556c3b871bf91e81,nonfinite=0
logit_checksum,prompt,c930f979f7f0aed4,nonfinite=0
build_commit,build_number,cpu_info,gpu_info,backends,model_filename,model_type,model_size,model_n_params,n_batch,n_ubatch,n_threads,cpu_mask,cpu_strict,poll,type_k,type_v,n_gpu_layers,n_cpu_moe,split_mode,main_gpu,no_kv_offload,flash_attn,devices,tensor_split,tensor_buft_overrides,use_mmap,use_direct_io,embeddings,no_op_offload,no_host,fit_target,fit_min_ctx,n_ctx,n_prompt,n_gen,n_depth,test_time,avg_ns,stddev_ns,avg_ts,stddev_ts
"b820cc8","1","Intel(R) Core(TM) Ultra 5 230F","NVIDIA GeForce RTX 5090","CUDA","/home/wici/voice-lab/models/gguf/gemma-4-31B-it-Q4_0.gguf","gemma4 31B Q4_0","17322412272","30697345596","512","512","8","0x0","0","50","f16","f16","-1","0","layer","0","0","1","auto","0.00","^blk[.][0-9]+[.](attn_(k|v|q|output)|ffn_(down|gate|up))[.]weight$=CUDA_Hybrid","1","0","0","0","0","0","0","165120","512","0","0","2026-08-12T08:33:01Z","120273181","2050808","4257.948517","71.326405"
logit_checksum,decode,0c8e93b3ecced1c6,nonfinite=0
logit_checksum,decode,319a6a234bb9ed88,nonfinite=0
logit_checksum,decode,1e95777bddcc71d5,nonfinite=0
logit_checksum,decode,fc3ff68058ffd54e,nonfinite=0
logit_checksum,decode,92560214e2ee8afd,nonfinite=0
"b820cc8","1","Intel(R) Core(TM) Ultra 5 230F","NVIDIA GeForce RTX 5090","CUDA","/home/wici/voice-lab/models/gguf/gemma-4-31B-it-Q4_0.gguf","gemma4 31B Q4_0","17322412272","30697345596","512","512","8","0x0","0","50","f16","f16","-1","0","layer","0","0","1","auto","0.00","^blk[.][0-9]+[.](attn_(k|v|q|output)|ffn_(down|gate|up))[.]weight$=CUDA_Hybrid","1","0","0","0","0","0","0","165120","0","64","0","2026-08-12T08:33:01Z","4077821649","1866873","15.694657","0.007182"
logit_checksum,decode,ea317c3ff2b17152,nonfinite=0
result status=ok pp=4257.948517 tg=15.694657 peak=28868.000MiB
case scheme=intertidal_dma phase=coarse ws=31.0GiB ctx=165120 control=pp:19
remote command: env -u LD_PRELOAD GGML_CUDA_HYBRID_MODE=staging GGML_CUDA_HYBRID_PAGE_BUDGET=1569 LD_LIBRARY_PATH=/dev/shm/intertidal-capacity.mEP47j:/home/wici/llama.cpp/build-cuda/bin:/usr/local/cuda/lib64 LLAMA_BENCH_LOGIT_CHECKSUM=1 /home/wici/llama.cpp/build-cuda/bin/llama-bench -m /home/wici/voice-lab/models/gguf/gemma-4-31B-it-Q4_0.gguf -p 512 -n 64 -r 5 -t 8 -b 512 -ub 512 -fa on -ctk f16 -ctv f16 -mmp 1 -o csv --ctx-size 165120 -ot '^blk[.][0-9]+[.](attn_(k|v|q|output)|ffn_(down|gate|up))[.]weight$=CUDA_Hybrid'
ggml_cuda_init: found 1 CUDA devices (Total VRAM: 32109 MiB):
  Device 0: NVIDIA GeForce RTX 5090, compute capability 12.0, VMM: yes, VRAM: 32109 MiB
hybrid_vmm,mode=staging,selection=global_budget,requested_pages=1569,requested_bytes=3290431488,requested_mib=3138.000,gross_pages=1569,gross_bytes=3290431488,gross_mib=3138.000,staging_bytes=113246208,staging_mib=108.000,net_bytes=3177185280,net_mib=3030.000,eligible_pages=7470,selected_tensors=410,layers=60,buffer_bytes=16524435968,local_physical_bytes=13235126272,page_bytes=2097152,buffer_mib=15758.930,remote_mib=3138.000,local_physical_mib=12622.000,net_saved_mib=3030.000,page_mib=2.000
logit_checksum,prompt,2417196da4492390,nonfinite=0
logit_checksum,prompt,0453392d6142afd3,nonfinite=0
logit_checksum,prompt,8c39d6d410e92623,nonfinite=0
logit_checksum,prompt,ce38b3f3a7a05142,nonfinite=0
logit_checksum,prompt,556c3b871bf91e81,nonfinite=0
build_commit,build_number,cpu_info,gpu_info,backends,model_filename,model_type,model_size,model_n_params,n_batch,n_ubatch,n_threads,cpu_mask,cpu_strict,poll,type_k,type_v,n_gpu_layers,n_cpu_moe,split_mode,main_gpu,no_kv_offload,flash_attn,devices,tensor_split,tensor_buft_overrides,use_mmap,use_direct_io,embeddings,no_op_offload,no_host,fit_target,fit_min_ctx,n_ctx,n_prompt,n_gen,n_depth,test_time,avg_ns,stddev_ns,avg_ts,stddev_ts
"b820cc8","1","Intel(R) Core(TM) Ultra 5 230F","NVIDIA GeForce RTX 5090","CUDA","/home/wici/voice-lab/models/gguf/gemma-4-31B-it-Q4_0.gguf","gemma4 31B Q4_0","17322412272","30697345596","512","512","8","0x0","0","50","f16","f16","-1","0","layer","0","0","1","auto","0.00","^blk[.][0-9]+[.](attn_(k|v|q|output)|ffn_(down|gate|up))[.]weight$=CUDA_Hybrid","1","0","0","0","0","0","0","165120","512","0","0","2026-08-12T08:33:26Z","120418028","1600183","4252.446673","55.653199"
logit_checksum,prompt,c930f979f7f0aed4,nonfinite=0
logit_checksum,decode,0c8e93b3ecced1c6,nonfinite=0
logit_checksum,decode,319a6a234bb9ed88,nonfinite=0
logit_checksum,decode,1e95777bddcc71d5,nonfinite=0
logit_checksum,decode,fc3ff68058ffd54e,nonfinite=0
logit_checksum,decode,92560214e2ee8afd,nonfinite=0
"b820cc8","1","Intel(R) Core(TM) Ultra 5 230F","NVIDIA GeForce RTX 5090","CUDA","/home/wici/voice-lab/models/gguf/gemma-4-31B-it-Q4_0.gguf","gemma4 31B Q4_0","17322412272","30697345596","512","512","8","0x0","0","50","f16","f16","-1","0","layer","0","0","1","auto","0.00","^blk[.][0-9]+[.](attn_(k|v|q|output)|ffn_(down|gate|up))[.]weight$=CUDA_Hybrid","1","0","0","0","0","0","0","165120","0","64","0","2026-08-12T08:33:26Z","4298738860","2244642","14.888091","0.007772"
logit_checksum,decode,ea317c3ff2b17152,nonfinite=0
result status=ok pp=4252.446673 tg=14.888091 peak=28708.000MiB
case scheme=intertidal_dma phase=coarse ws=31.0GiB ctx=165120 control=pp:20
remote command: env -u LD_PRELOAD GGML_CUDA_HYBRID_MODE=staging GGML_CUDA_HYBRID_PAGE_BUDGET=1652 LD_LIBRARY_PATH=/dev/shm/intertidal-capacity.mEP47j:/home/wici/llama.cpp/build-cuda/bin:/usr/local/cuda/lib64 LLAMA_BENCH_LOGIT_CHECKSUM=1 /home/wici/llama.cpp/build-cuda/bin/llama-bench -m /home/wici/voice-lab/models/gguf/gemma-4-31B-it-Q4_0.gguf -p 512 -n 64 -r 5 -t 8 -b 512 -ub 512 -fa on -ctk f16 -ctv f16 -mmp 1 -o csv --ctx-size 165120 -ot '^blk[.][0-9]+[.](attn_(k|v|q|output)|ffn_(down|gate|up))[.]weight$=CUDA_Hybrid'
ggml_cuda_init: found 1 CUDA devices (Total VRAM: 32109 MiB):
  Device 0: NVIDIA GeForce RTX 5090, compute capability 12.0, VMM: yes, VRAM: 32109 MiB
hybrid_vmm,mode=staging,selection=global_budget,requested_pages=1652,requested_bytes=3464495104,requested_mib=3304.000,gross_pages=1652,gross_bytes=3464495104,gross_mib=3304.000,staging_bytes=121634816,staging_mib=116.000,net_bytes=3342860288,net_mib=3188.000,eligible_pages=7470,selected_tensors=410,layers=60,buffer_bytes=16524435968,local_physical_bytes=13061062656,page_bytes=2097152,buffer_mib=15758.930,remote_mib=3304.000,local_physical_mib=12456.000,net_saved_mib=3188.000,page_mib=2.000
logit_checksum,prompt,2417196da4492390,nonfinite=0
logit_checksum,prompt,0453392d6142afd3,nonfinite=0
logit_checksum,prompt,8c39d6d410e92623,nonfinite=0
logit_checksum,prompt,ce38b3f3a7a05142,nonfinite=0
logit_checksum,prompt,556c3b871bf91e81,nonfinite=0
build_commit,build_number,cpu_info,gpu_info,backends,model_filename,model_type,model_size,model_n_params,n_batch,n_ubatch,n_threads,cpu_mask,cpu_strict,poll,type_k,type_v,n_gpu_layers,n_cpu_moe,split_mode,main_gpu,no_kv_offload,flash_attn,devices,tensor_split,tensor_buft_overrides,use_mmap,use_direct_io,embeddings,no_op_offload,no_host,fit_target,fit_min_ctx,n_ctx,n_prompt,n_gen,n_depth,test_time,avg_ns,stddev_ns,avg_ts,stddev_ts
logit_checksum,prompt,c930f979f7f0aed4,nonfinite=0
"b820cc8","1","Intel(R) Core(TM) Ultra 5 230F","NVIDIA GeForce RTX 5090","CUDA","/home/wici/voice-lab/models/gguf/gemma-4-31B-it-Q4_0.gguf","gemma4 31B Q4_0","17322412272","30697345596","512","512","8","0x0","0","50","f16","f16","-1","0","layer","0","0","1","auto","0.00","^blk[.][0-9]+[.](attn_(k|v|q|output)|ffn_(down|gate|up))[.]weight$=CUDA_Hybrid","1","0","0","0","0","0","0","165120","512","0","0","2026-08-12T08:33:52Z","120465245","1635842","4250.806451","56.889640"
logit_checksum,decode,0c8e93b3ecced1c6,nonfinite=0
logit_checksum,decode,319a6a234bb9ed88,nonfinite=0
logit_checksum,decode,1e95777bddcc71d5,nonfinite=0
logit_checksum,decode,fc3ff68058ffd54e,nonfinite=0
logit_checksum,decode,92560214e2ee8afd,nonfinite=0
"b820cc8","1","Intel(R) Core(TM) Ultra 5 230F","NVIDIA GeForce RTX 5090","CUDA","/home/wici/voice-lab/models/gguf/gemma-4-31B-it-Q4_0.gguf","gemma4 31B Q4_0","17322412272","30697345596","512","512","8","0x0","0","50","f16","f16","-1","0","layer","0","0","1","auto","0.00","^blk[.][0-9]+[.](attn_(k|v|q|output)|ffn_(down|gate|up))[.]weight$=CUDA_Hybrid","1","0","0","0","0","0","0","165120","0","64","0","2026-08-12T08:33:53Z","4526523011","1553842","14.138889","0.004847"
logit_checksum,decode,ea317c3ff2b17152,nonfinite=0
result status=ok pp=4250.806451 tg=14.138889 peak=28550.000MiB
case scheme=intertidal_dma phase=coarse ws=31.0GiB ctx=165120 control=pp:21
remote command: env -u LD_PRELOAD GGML_CUDA_HYBRID_MODE=staging GGML_CUDA_HYBRID_PAGE_BUDGET=1735 LD_LIBRARY_PATH=/dev/shm/intertidal-capacity.mEP47j:/home/wici/llama.cpp/build-cuda/bin:/usr/local/cuda/lib64 LLAMA_BENCH_LOGIT_CHECKSUM=1 /home/wici/llama.cpp/build-cuda/bin/llama-bench -m /home/wici/voice-lab/models/gguf/gemma-4-31B-it-Q4_0.gguf -p 512 -n 64 -r 5 -t 8 -b 512 -ub 512 -fa on -ctk f16 -ctv f16 -mmp 1 -o csv --ctx-size 165120 -ot '^blk[.][0-9]+[.](attn_(k|v|q|output)|ffn_(down|gate|up))[.]weight$=CUDA_Hybrid'
ggml_cuda_init: found 1 CUDA devices (Total VRAM: 32109 MiB):
  Device 0: NVIDIA GeForce RTX 5090, compute capability 12.0, VMM: yes, VRAM: 32109 MiB
hybrid_vmm,mode=staging,selection=global_budget,requested_pages=1735,requested_bytes=3638558720,requested_mib=3470.000,gross_pages=1735,gross_bytes=3638558720,gross_mib=3470.000,staging_bytes=125829120,staging_mib=120.000,net_bytes=3512729600,net_mib=3350.000,eligible_pages=7470,selected_tensors=410,layers=60,buffer_bytes=16524435968,local_physical_bytes=12886999040,page_bytes=2097152,buffer_mib=15758.930,remote_mib=3470.000,local_physical_mib=12290.000,net_saved_mib=3350.000,page_mib=2.000
logit_checksum,prompt,2417196da4492390,nonfinite=0
logit_checksum,prompt,0453392d6142afd3,nonfinite=0
logit_checksum,prompt,8c39d6d410e92623,nonfinite=0
logit_checksum,prompt,ce38b3f3a7a05142,nonfinite=0
logit_checksum,prompt,556c3b871bf91e81,nonfinite=0
logit_checksum,prompt,c930f979f7f0aed4,nonfinite=0
build_commit,build_number,cpu_info,gpu_info,backends,model_filename,model_type,model_size,model_n_params,n_batch,n_ubatch,n_threads,cpu_mask,cpu_strict,poll,type_k,type_v,n_gpu_layers,n_cpu_moe,split_mode,main_gpu,no_kv_offload,flash_attn,devices,tensor_split,tensor_buft_overrides,use_mmap,use_direct_io,embeddings,no_op_offload,no_host,fit_target,fit_min_ctx,n_ctx,n_prompt,n_gen,n_depth,test_time,avg_ns,stddev_ns,avg_ts,stddev_ts
"b820cc8","1","Intel(R) Core(TM) Ultra 5 230F","NVIDIA GeForce RTX 5090","CUDA","/home/wici/voice-lab/models/gguf/gemma-4-31B-it-Q4_0.gguf","gemma4 31B Q4_0","17322412272","30697345596","512","512","8","0x0","0","50","f16","f16","-1","0","layer","0","0","1","auto","0.00","^blk[.][0-9]+[.](attn_(k|v|q|output)|ffn_(down|gate|up))[.]weight$=CUDA_Hybrid","1","0","0","0","0","0","0","165120","512","0","0","2026-08-12T08:34:19Z","120568461","1828475","4247.318067","63.308063"
logit_checksum,decode,0c8e93b3ecced1c6,nonfinite=0
logit_checksum,decode,319a6a234bb9ed88,nonfinite=0
logit_checksum,decode,1e95777bddcc71d5,nonfinite=0
logit_checksum,decode,fc3ff68058ffd54e,nonfinite=0
logit_checksum,decode,92560214e2ee8afd,nonfinite=0
"b820cc8","1","Intel(R) Core(TM) Ultra 5 230F","NVIDIA GeForce RTX 5090","CUDA","/home/wici/voice-lab/models/gguf/gemma-4-31B-it-Q4_0.gguf","gemma4 31B Q4_0","17322412272","30697345596","512","512","8","0x0","0","50","f16","f16","-1","0","layer","0","0","1","auto","0.00","^blk[.][0-9]+[.](attn_(k|v|q|output)|ffn_(down|gate|up))[.]weight$=CUDA_Hybrid","1","0","0","0","0","0","0","165120","0","64","0","2026-08-12T08:34:20Z","4759577640","3389802","13.446577","0.009570"
logit_checksum,decode,ea317c3ff2b17152,nonfinite=0
result status=ok pp=4247.318067 tg=13.446577 peak=28388.000MiB
case scheme=intertidal_dma phase=coarse ws=31.0GiB ctx=165120 control=pp:22
remote command: env -u LD_PRELOAD GGML_CUDA_HYBRID_MODE=staging GGML_CUDA_HYBRID_PAGE_BUDGET=1817 LD_LIBRARY_PATH=/dev/shm/intertidal-capacity.mEP47j:/home/wici/llama.cpp/build-cuda/bin:/usr/local/cuda/lib64 LLAMA_BENCH_LOGIT_CHECKSUM=1 /home/wici/llama.cpp/build-cuda/bin/llama-bench -m /home/wici/voice-lab/models/gguf/gemma-4-31B-it-Q4_0.gguf -p 512 -n 64 -r 5 -t 8 -b 512 -ub 512 -fa on -ctk f16 -ctv f16 -mmp 1 -o csv --ctx-size 165120 -ot '^blk[.][0-9]+[.](attn_(k|v|q|output)|ffn_(down|gate|up))[.]weight$=CUDA_Hybrid'
ggml_cuda_init: found 1 CUDA devices (Total VRAM: 32109 MiB):
  Device 0: NVIDIA GeForce RTX 5090, compute capability 12.0, VMM: yes, VRAM: 32109 MiB
hybrid_vmm,mode=staging,selection=global_budget,requested_pages=1817,requested_bytes=3810525184,requested_mib=3634.000,gross_pages=1817,gross_bytes=3810525184,gross_mib=3634.000,staging_bytes=134217728,staging_mib=128.000,net_bytes=3676307456,net_mib=3506.000,eligible_pages=7470,selected_tensors=410,layers=60,buffer_bytes=16524435968,local_physical_bytes=12715032576,page_bytes=2097152,buffer_mib=15758.930,remote_mib=3634.000,local_physical_mib=12126.000,net_saved_mib=3506.000,page_mib=2.000
logit_checksum,prompt,2417196da4492390,nonfinite=0
logit_checksum,prompt,0453392d6142afd3,nonfinite=0
logit_checksum,prompt,8c39d6d410e92623,nonfinite=0
logit_checksum,prompt,ce38b3f3a7a05142,nonfinite=0
logit_checksum,prompt,556c3b871bf91e81,nonfinite=0
build_commit,build_number,cpu_info,gpu_info,backends,model_filename,model_type,model_size,model_n_params,n_batch,n_ubatch,n_threads,cpu_mask,cpu_strict,poll,type_k,type_v,n_gpu_layers,n_cpu_moe,split_mode,main_gpu,no_kv_offload,flash_attn,devices,tensor_split,tensor_buft_overrides,use_mmap,use_direct_io,embeddings,no_op_offload,no_host,fit_target,fit_min_ctx,n_ctx,n_prompt,n_gen,n_depth,test_time,avg_ns,stddev_ns,avg_ts,stddev_ts
logit_checksum,prompt,c930f979f7f0aed4,nonfinite=0
"b820cc8","1","Intel(R) Core(TM) Ultra 5 230F","NVIDIA GeForce RTX 5090","CUDA","/home/wici/voice-lab/models/gguf/gemma-4-31B-it-Q4_0.gguf","gemma4 31B Q4_0","17322412272","30697345596","512","512","8","0x0","0","50","f16","f16","-1","0","layer","0","0","1","auto","0.00","^blk[.][0-9]+[.](attn_(k|v|q|output)|ffn_(down|gate|up))[.]weight$=CUDA_Hybrid","1","0","0","0","0","0","0","165120","512","0","0","2026-08-12T08:34:48Z","120603318","1785679","4246.055998","61.914680"
logit_checksum,decode,0c8e93b3ecced1c6,nonfinite=0
logit_checksum,decode,319a6a234bb9ed88,nonfinite=0
logit_checksum,decode,1e95777bddcc71d5,nonfinite=0
logit_checksum,decode,fc3ff68058ffd54e,nonfinite=0
logit_checksum,decode,92560214e2ee8afd,nonfinite=0
"b820cc8","1","Intel(R) Core(TM) Ultra 5 230F","NVIDIA GeForce RTX 5090","CUDA","/home/wici/voice-lab/models/gguf/gemma-4-31B-it-Q4_0.gguf","gemma4 31B Q4_0","17322412272","30697345596","512","512","8","0x0","0","50","f16","f16","-1","0","layer","0","0","1","auto","0.00","^blk[.][0-9]+[.](attn_(k|v|q|output)|ffn_(down|gate|up))[.]weight$=CUDA_Hybrid","1","0","0","0","0","0","0","165120","0","64","0","2026-08-12T08:34:48Z","4977747771","2298043","12.857223","0.005935"
logit_checksum,decode,ea317c3ff2b17152,nonfinite=0
result status=ok pp=4246.055998 tg=12.857223 peak=28232.000MiB
case scheme=intertidal_dma phase=coarse ws=31.0GiB ctx=165120 control=pp:23
remote command: env -u LD_PRELOAD GGML_CUDA_HYBRID_MODE=staging GGML_CUDA_HYBRID_PAGE_BUDGET=1900 LD_LIBRARY_PATH=/dev/shm/intertidal-capacity.mEP47j:/home/wici/llama.cpp/build-cuda/bin:/usr/local/cuda/lib64 LLAMA_BENCH_LOGIT_CHECKSUM=1 /home/wici/llama.cpp/build-cuda/bin/llama-bench -m /home/wici/voice-lab/models/gguf/gemma-4-31B-it-Q4_0.gguf -p 512 -n 64 -r 5 -t 8 -b 512 -ub 512 -fa on -ctk f16 -ctv f16 -mmp 1 -o csv --ctx-size 165120 -ot '^blk[.][0-9]+[.](attn_(k|v|q|output)|ffn_(down|gate|up))[.]weight$=CUDA_Hybrid'
ggml_cuda_init: found 1 CUDA devices (Total VRAM: 32109 MiB):
  Device 0: NVIDIA GeForce RTX 5090, compute capability 12.0, VMM: yes, VRAM: 32109 MiB
hybrid_vmm,mode=staging,selection=global_budget,requested_pages=1900,requested_bytes=3984588800,requested_mib=3800.000,gross_pages=1900,gross_bytes=3984588800,gross_mib=3800.000,staging_bytes=138412032,staging_mib=132.000,net_bytes=3846176768,net_mib=3668.000,eligible_pages=7470,selected_tensors=410,layers=60,buffer_bytes=16524435968,local_physical_bytes=12540968960,page_bytes=2097152,buffer_mib=15758.930,remote_mib=3800.000,local_physical_mib=11960.000,net_saved_mib=3668.000,page_mib=2.000
logit_checksum,prompt,2417196da4492390,nonfinite=0
logit_checksum,prompt,0453392d6142afd3,nonfinite=0
logit_checksum,prompt,8c39d6d410e92623,nonfinite=0
logit_checksum,prompt,ce38b3f3a7a05142,nonfinite=0
logit_checksum,prompt,556c3b871bf91e81,nonfinite=0
build_commit,build_number,cpu_info,gpu_info,backends,model_filename,model_type,model_size,model_n_params,n_batch,n_ubatch,n_threads,cpu_mask,cpu_strict,poll,type_k,type_v,n_gpu_layers,n_cpu_moe,split_mode,main_gpu,no_kv_offload,flash_attn,devices,tensor_split,tensor_buft_overrides,use_mmap,use_direct_io,embeddings,no_op_offload,no_host,fit_target,fit_min_ctx,n_ctx,n_prompt,n_gen,n_depth,test_time,avg_ns,stddev_ns,avg_ts,stddev_ts
logit_checksum,prompt,c930f979f7f0aed4,nonfinite=0
"b820cc8","1","Intel(R) Core(TM) Ultra 5 230F","NVIDIA GeForce RTX 5090","CUDA","/home/wici/voice-lab/models/gguf/gemma-4-31B-it-Q4_0.gguf","gemma4 31B Q4_0","17322412272","30697345596","512","512","8","0x0","0","50","f16","f16","-1","0","layer","0","0","1","auto","0.00","^blk[.][0-9]+[.](attn_(k|v|q|output)|ffn_(down|gate|up))[.]weight$=CUDA_Hybrid","1","0","0","0","0","0","0","165120","512","0","0","2026-08-12T08:35:17Z","120520360","1785495","4248.978528","61.904888"
logit_checksum,decode,0c8e93b3ecced1c6,nonfinite=0
logit_checksum,decode,319a6a234bb9ed88,nonfinite=0
logit_checksum,decode,1e95777bddcc71d5,nonfinite=0
logit_checksum,decode,fc3ff68058ffd54e,nonfinite=0
logit_checksum,decode,92560214e2ee8afd,nonfinite=0
"b820cc8","1","Intel(R) Core(TM) Ultra 5 230F","NVIDIA GeForce RTX 5090","CUDA","/home/wici/voice-lab/models/gguf/gemma-4-31B-it-Q4_0.gguf","gemma4 31B Q4_0","17322412272","30697345596","512","512","8","0x0","0","50","f16","f16","-1","0","layer","0","0","1","auto","0.00","^blk[.][0-9]+[.](attn_(k|v|q|output)|ffn_(down|gate|up))[.]weight$=CUDA_Hybrid","1","0","0","0","0","0","0","165120","0","64","0","2026-08-12T08:35:18Z","5208843544","2118056","12.286798","0.004994"
logit_checksum,decode,ea317c3ff2b17152,nonfinite=0
result status=ok pp=4248.978528 tg=12.286798 peak=28070.000MiB
case scheme=intertidal_dma phase=coarse ws=31.0GiB ctx=165120 control=pp:24
remote command: env -u LD_PRELOAD GGML_CUDA_HYBRID_MODE=staging GGML_CUDA_HYBRID_PAGE_BUDGET=1982 LD_LIBRARY_PATH=/dev/shm/intertidal-capacity.mEP47j:/home/wici/llama.cpp/build-cuda/bin:/usr/local/cuda/lib64 LLAMA_BENCH_LOGIT_CHECKSUM=1 /home/wici/llama.cpp/build-cuda/bin/llama-bench -m /home/wici/voice-lab/models/gguf/gemma-4-31B-it-Q4_0.gguf -p 512 -n 64 -r 5 -t 8 -b 512 -ub 512 -fa on -ctk f16 -ctv f16 -mmp 1 -o csv --ctx-size 165120 -ot '^blk[.][0-9]+[.](attn_(k|v|q|output)|ffn_(down|gate|up))[.]weight$=CUDA_Hybrid'
ggml_cuda_init: found 1 CUDA devices (Total VRAM: 32109 MiB):
  Device 0: NVIDIA GeForce RTX 5090, compute capability 12.0, VMM: yes, VRAM: 32109 MiB
hybrid_vmm,mode=staging,selection=global_budget,requested_pages=1982,requested_bytes=4156555264,requested_mib=3964.000,gross_pages=1982,gross_bytes=4156555264,gross_mib=3964.000,staging_bytes=146800640,staging_mib=140.000,net_bytes=4009754624,net_mib=3824.000,eligible_pages=7470,selected_tensors=410,layers=60,buffer_bytes=16524435968,local_physical_bytes=12369002496,page_bytes=2097152,buffer_mib=15758.930,remote_mib=3964.000,local_physical_mib=11796.000,net_saved_mib=3824.000,page_mib=2.000
logit_checksum,prompt,2417196da4492390,nonfinite=0
logit_checksum,prompt,0453392d6142afd3,nonfinite=0
logit_checksum,prompt,8c39d6d410e92623,nonfinite=0
logit_checksum,prompt,ce38b3f3a7a05142,nonfinite=0
logit_checksum,prompt,556c3b871bf91e81,nonfinite=0
build_commit,build_number,cpu_info,gpu_info,backends,model_filename,model_type,model_size,model_n_params,n_batch,n_ubatch,n_threads,cpu_mask,cpu_strict,poll,type_k,type_v,n_gpu_layers,n_cpu_moe,split_mode,main_gpu,no_kv_offload,flash_attn,devices,tensor_split,tensor_buft_overrides,use_mmap,use_direct_io,embeddings,no_op_offload,no_host,fit_target,fit_min_ctx,n_ctx,n_prompt,n_gen,n_depth,test_time,avg_ns,stddev_ns,avg_ts,stddev_ts
logit_checksum,prompt,c930f979f7f0aed4,nonfinite=0
"b820cc8","1","Intel(R) Core(TM) Ultra 5 230F","NVIDIA GeForce RTX 5090","CUDA","/home/wici/voice-lab/models/gguf/gemma-4-31B-it-Q4_0.gguf","gemma4 31B Q4_0","17322412272","30697345596","512","512","8","0x0","0","50","f16","f16","-1","0","layer","0","0","1","auto","0.00","^blk[.][0-9]+[.](attn_(k|v|q|output)|ffn_(down|gate|up))[.]weight$=CUDA_Hybrid","1","0","0","0","0","0","0","165120","512","0","0","2026-08-12T08:35:48Z","120550581","1596967","4247.766905","55.393826"
logit_checksum,decode,0c8e93b3ecced1c6,nonfinite=0
logit_checksum,decode,319a6a234bb9ed88,nonfinite=0
logit_checksum,decode,1e95777bddcc71d5,nonfinite=0
logit_checksum,decode,fc3ff68058ffd54e,nonfinite=0
logit_checksum,decode,92560214e2ee8afd,nonfinite=0
"b820cc8","1","Intel(R) Core(TM) Ultra 5 230F","NVIDIA GeForce RTX 5090","CUDA","/home/wici/voice-lab/models/gguf/gemma-4-31B-it-Q4_0.gguf","gemma4 31B Q4_0","17322412272","30697345596","512","512","8","0x0","0","50","f16","f16","-1","0","layer","0","0","1","auto","0.00","^blk[.][0-9]+[.](attn_(k|v|q|output)|ffn_(down|gate|up))[.]weight$=CUDA_Hybrid","1","0","0","0","0","0","0","165120","0","64","0","2026-08-12T08:35:49Z","5434508891","2847053","11.776596","0.006165"
logit_checksum,decode,ea317c3ff2b17152,nonfinite=0
result status=ok pp=4247.766905 tg=11.776596 peak=27914.000MiB
case scheme=intertidal_dma phase=coarse ws=31.0GiB ctx=165120 control=pp:25
remote command: env -u LD_PRELOAD GGML_CUDA_HYBRID_MODE=staging GGML_CUDA_HYBRID_PAGE_BUDGET=2065 LD_LIBRARY_PATH=/dev/shm/intertidal-capacity.mEP47j:/home/wici/llama.cpp/build-cuda/bin:/usr/local/cuda/lib64 LLAMA_BENCH_LOGIT_CHECKSUM=1 /home/wici/llama.cpp/build-cuda/bin/llama-bench -m /home/wici/voice-lab/models/gguf/gemma-4-31B-it-Q4_0.gguf -p 512 -n 64 -r 5 -t 8 -b 512 -ub 512 -fa on -ctk f16 -ctv f16 -mmp 1 -o csv --ctx-size 165120 -ot '^blk[.][0-9]+[.](attn_(k|v|q|output)|ffn_(down|gate|up))[.]weight$=CUDA_Hybrid'
ggml_cuda_init: found 1 CUDA devices (Total VRAM: 32109 MiB):
  Device 0: NVIDIA GeForce RTX 5090, compute capability 12.0, VMM: yes, VRAM: 32109 MiB
hybrid_vmm,mode=staging,selection=global_budget,requested_pages=2065,requested_bytes=4330618880,requested_mib=4130.000,gross_pages=2065,gross_bytes=4330618880,gross_mib=4130.000,staging_bytes=150994944,staging_mib=144.000,net_bytes=4179623936,net_mib=3986.000,eligible_pages=7470,selected_tensors=410,layers=60,buffer_bytes=16524435968,local_physical_bytes=12194938880,page_bytes=2097152,buffer_mib=15758.930,remote_mib=4130.000,local_physical_mib=11630.000,net_saved_mib=3986.000,page_mib=2.000
logit_checksum,prompt,2417196da4492390,nonfinite=0
logit_checksum,prompt,0453392d6142afd3,nonfinite=0
logit_checksum,prompt,8c39d6d410e92623,nonfinite=0
logit_checksum,prompt,ce38b3f3a7a05142,nonfinite=0
logit_checksum,prompt,556c3b871bf91e81,nonfinite=0
build_commit,build_number,cpu_info,gpu_info,backends,model_filename,model_type,model_size,model_n_params,n_batch,n_ubatch,n_threads,cpu_mask,cpu_strict,poll,type_k,type_v,n_gpu_layers,n_cpu_moe,split_mode,main_gpu,no_kv_offload,flash_attn,devices,tensor_split,tensor_buft_overrides,use_mmap,use_direct_io,embeddings,no_op_offload,no_host,fit_target,fit_min_ctx,n_ctx,n_prompt,n_gen,n_depth,test_time,avg_ns,stddev_ns,avg_ts,stddev_ts
logit_checksum,prompt,c930f979f7f0aed4,nonfinite=0
"b820cc8","1","Intel(R) Core(TM) Ultra 5 230F","NVIDIA GeForce RTX 5090","CUDA","/home/wici/voice-lab/models/gguf/gemma-4-31B-it-Q4_0.gguf","gemma4 31B Q4_0","17322412272","30697345596","512","512","8","0x0","0","50","f16","f16","-1","0","layer","0","0","1","auto","0.00","^blk[.][0-9]+[.](attn_(k|v|q|output)|ffn_(down|gate|up))[.]weight$=CUDA_Hybrid","1","0","0","0","0","0","0","165120","512","0","0","2026-08-12T08:36:21Z","120627630","1938083","4245.329452","67.101179"
logit_checksum,decode,0c8e93b3ecced1c6,nonfinite=0
logit_checksum,decode,319a6a234bb9ed88,nonfinite=0
logit_checksum,decode,1e95777bddcc71d5,nonfinite=0
logit_checksum,decode,fc3ff68058ffd54e,nonfinite=0
logit_checksum,decode,92560214e2ee8afd,nonfinite=0
"b820cc8","1","Intel(R) Core(TM) Ultra 5 230F","NVIDIA GeForce RTX 5090","CUDA","/home/wici/voice-lab/models/gguf/gemma-4-31B-it-Q4_0.gguf","gemma4 31B Q4_0","17322412272","30697345596","512","512","8","0x0","0","50","f16","f16","-1","0","layer","0","0","1","auto","0.00","^blk[.][0-9]+[.](attn_(k|v|q|output)|ffn_(down|gate|up))[.]weight$=CUDA_Hybrid","1","0","0","0","0","0","0","165120","0","64","0","2026-08-12T08:36:21Z","5658494401","1654255","11.310430","0.003304"
logit_checksum,decode,ea317c3ff2b17152,nonfinite=0
result status=ok pp=4245.329452 tg=11.310430 peak=27752.000MiB
case scheme=intertidal_dma phase=coarse ws=31.0GiB ctx=165120 control=pp:26
remote command: env -u LD_PRELOAD GGML_CUDA_HYBRID_MODE=staging GGML_CUDA_HYBRID_PAGE_BUDGET=2148 LD_LIBRARY_PATH=/dev/shm/intertidal-capacity.mEP47j:/home/wici/llama.cpp/build-cuda/bin:/usr/local/cuda/lib64 LLAMA_BENCH_LOGIT_CHECKSUM=1 /home/wici/llama.cpp/build-cuda/bin/llama-bench -m /home/wici/voice-lab/models/gguf/gemma-4-31B-it-Q4_0.gguf -p 512 -n 64 -r 5 -t 8 -b 512 -ub 512 -fa on -ctk f16 -ctv f16 -mmp 1 -o csv --ctx-size 165120 -ot '^blk[.][0-9]+[.](attn_(k|v|q|output)|ffn_(down|gate|up))[.]weight$=CUDA_Hybrid'
ggml_cuda_init: found 1 CUDA devices (Total VRAM: 32109 MiB):
  Device 0: NVIDIA GeForce RTX 5090, compute capability 12.0, VMM: yes, VRAM: 32109 MiB
hybrid_vmm,mode=staging,selection=global_budget,requested_pages=2148,requested_bytes=4504682496,requested_mib=4296.000,gross_pages=2148,gross_bytes=4504682496,gross_mib=4296.000,staging_bytes=159383552,staging_mib=152.000,net_bytes=4345298944,net_mib=4144.000,eligible_pages=7470,selected_tensors=410,layers=60,buffer_bytes=16524435968,local_physical_bytes=12020875264,page_bytes=2097152,buffer_mib=15758.930,remote_mib=4296.000,local_physical_mib=11464.000,net_saved_mib=4144.000,page_mib=2.000
logit_checksum,prompt,2417196da4492390,nonfinite=0
logit_checksum,prompt,0453392d6142afd3,nonfinite=0
logit_checksum,prompt,8c39d6d410e92623,nonfinite=0
logit_checksum,prompt,ce38b3f3a7a05142,nonfinite=0
logit_checksum,prompt,556c3b871bf91e81,nonfinite=0
build_commit,build_number,cpu_info,gpu_info,backends,model_filename,model_type,model_size,model_n_params,n_batch,n_ubatch,n_threads,cpu_mask,cpu_strict,poll,type_k,type_v,n_gpu_layers,n_cpu_moe,split_mode,main_gpu,no_kv_offload,flash_attn,devices,tensor_split,tensor_buft_overrides,use_mmap,use_direct_io,embeddings,no_op_offload,no_host,fit_target,fit_min_ctx,n_ctx,n_prompt,n_gen,n_depth,test_time,avg_ns,stddev_ns,avg_ts,stddev_ts
"b820cc8","1","Intel(R) Core(TM) Ultra 5 230F","NVIDIA GeForce RTX 5090","CUDA","/home/wici/voice-lab/models/gguf/gemma-4-31B-it-Q4_0.gguf","gemma4 31B Q4_0","17322412272","30697345596","512","512","8","0x0","0","50","f16","f16","-1","0","layer","0","0","1","auto","0.00","^blk[.][0-9]+[.](attn_(k|v|q|output)|ffn_(down|gate|up))[.]weight$=CUDA_Hybrid","1","0","0","0","0","0","0","165120","512","0","0","2026-08-12T08:36:54Z","120742229","1755905","4241.144399","60.676917"
logit_checksum,prompt,c930f979f7f0aed4,nonfinite=0
logit_checksum,decode,0c8e93b3ecced1c6,nonfinite=0
logit_checksum,decode,319a6a234bb9ed88,nonfinite=0
logit_checksum,decode,1e95777bddcc71d5,nonfinite=0
logit_checksum,decode,fc3ff68058ffd54e,nonfinite=0
logit_checksum,decode,92560214e2ee8afd,nonfinite=0
"b820cc8","1","Intel(R) Core(TM) Ultra 5 230F","NVIDIA GeForce RTX 5090","CUDA","/home/wici/voice-lab/models/gguf/gemma-4-31B-it-Q4_0.gguf","gemma4 31B Q4_0","17322412272","30697345596","512","512","8","0x0","0","50","f16","f16","-1","0","layer","0","0","1","auto","0.00","^blk[.][0-9]+[.](attn_(k|v|q|output)|ffn_(down|gate|up))[.]weight$=CUDA_Hybrid","1","0","0","0","0","0","0","165120","0","64","0","2026-08-12T08:36:55Z","5889831748","2050621","10.866186","0.003777"
logit_checksum,decode,ea317c3ff2b17152,nonfinite=0
result status=ok pp=4241.144399 tg=10.866186 peak=27594.000MiB
case scheme=intertidal_dma phase=coarse ws=31.0GiB ctx=165120 control=pp:27
remote command: env -u LD_PRELOAD GGML_CUDA_HYBRID_MODE=staging GGML_CUDA_HYBRID_PAGE_BUDGET=2230 LD_LIBRARY_PATH=/dev/shm/intertidal-capacity.mEP47j:/home/wici/llama.cpp/build-cuda/bin:/usr/local/cuda/lib64 LLAMA_BENCH_LOGIT_CHECKSUM=1 /home/wici/llama.cpp/build-cuda/bin/llama-bench -m /home/wici/voice-lab/models/gguf/gemma-4-31B-it-Q4_0.gguf -p 512 -n 64 -r 5 -t 8 -b 512 -ub 512 -fa on -ctk f16 -ctv f16 -mmp 1 -o csv --ctx-size 165120 -ot '^blk[.][0-9]+[.](attn_(k|v|q|output)|ffn_(down|gate|up))[.]weight$=CUDA_Hybrid'
ggml_cuda_init: found 1 CUDA devices (Total VRAM: 32109 MiB):
  Device 0: NVIDIA GeForce RTX 5090, compute capability 12.0, VMM: yes, VRAM: 32109 MiB
hybrid_vmm,mode=staging,selection=global_budget,requested_pages=2230,requested_bytes=4676648960,requested_mib=4460.000,gross_pages=2230,gross_bytes=4676648960,gross_mib=4460.000,staging_bytes=163577856,staging_mib=156.000,net_bytes=4513071104,net_mib=4304.000,eligible_pages=7470,selected_tensors=410,layers=60,buffer_bytes=16524435968,local_physical_bytes=11848908800,page_bytes=2097152,buffer_mib=15758.930,remote_mib=4460.000,local_physical_mib=11300.000,net_saved_mib=4304.000,page_mib=2.000
build_commit,build_number,cpu_info,gpu_info,backends,model_filename,model_type,model_size,model_n_params,n_batch,n_ubatch,n_threads,cpu_mask,cpu_strict,poll,type_k,type_v,n_gpu_layers,n_cpu_moe,split_mode,main_gpu,no_kv_offload,flash_attn,devices,tensor_split,tensor_buft_overrides,use_mmap,use_direct_io,embeddings,no_op_offload,no_host,fit_target,fit_min_ctx,n_ctx,n_prompt,n_gen,n_depth,test_time,avg_ns,stddev_ns,avg_ts,stddev_ts
"b820cc8","1","Intel(R) Core(TM) Ultra 5 230F","NVIDIA GeForce RTX 5090","CUDA","/home/wici/voice-lab/models/gguf/gemma-4-31B-it-Q4_0.gguf","gemma4 31B Q4_0","17322412272","30697345596","512","512","8","0x0","0","50","f16","f16","-1","0","layer","0","0","1","auto","0.00","^blk[.][0-9]+[.](attn_(k|v|q|output)|ffn_(down|gate|up))[.]weight$=CUDA_Hybrid","1","0","0","0","0","0","0","165120","512","0","0","2026-08-12T08:37:29Z","120779471","2015106","4240.058758","69.515850"
logit_checksum,prompt,2417196da4492390,nonfinite=0
logit_checksum,prompt,0453392d6142afd3,nonfinite=0
logit_checksum,prompt,8c39d6d410e92623,nonfinite=0
logit_checksum,prompt,ce38b3f3a7a05142,nonfinite=0
logit_checksum,prompt,556c3b871bf91e81,nonfinite=0
logit_checksum,prompt,c930f979f7f0aed4,nonfinite=0
logit_checksum,decode,0c8e93b3ecced1c6,nonfinite=0
logit_checksum,decode,319a6a234bb9ed88,nonfinite=0
logit_checksum,decode,1e95777bddcc71d5,nonfinite=0
logit_checksum,decode,fc3ff68058ffd54e,nonfinite=0
logit_checksum,decode,92560214e2ee8afd,nonfinite=0
"b820cc8","1","Intel(R) Core(TM) Ultra 5 230F","NVIDIA GeForce RTX 5090","CUDA","/home/wici/voice-lab/models/gguf/gemma-4-31B-it-Q4_0.gguf","gemma4 31B Q4_0","17322412272","30697345596","512","512","8","0x0","0","50","f16","f16","-1","0","layer","0","0","1","auto","0.00","^blk[.][0-9]+[.](attn_(k|v|q|output)|ffn_(down|gate|up))[.]weight$=CUDA_Hybrid","1","0","0","0","0","0","0","165120","0","64","0","2026-08-12T08:37:30Z","6110908395","2037279","10.473076","0.003486"
logit_checksum,decode,ea317c3ff2b17152,nonfinite=0
result status=ok pp=4240.058758 tg=10.473076 peak=27434.000MiB
case scheme=intertidal_dma phase=coarse ws=31.0GiB ctx=165120 control=pp:28
remote command: env -u LD_PRELOAD GGML_CUDA_HYBRID_MODE=staging GGML_CUDA_HYBRID_PAGE_BUDGET=2313 LD_LIBRARY_PATH=/dev/shm/intertidal-capacity.mEP47j:/home/wici/llama.cpp/build-cuda/bin:/usr/local/cuda/lib64 LLAMA_BENCH_LOGIT_CHECKSUM=1 /home/wici/llama.cpp/build-cuda/bin/llama-bench -m /home/wici/voice-lab/models/gguf/gemma-4-31B-it-Q4_0.gguf -p 512 -n 64 -r 5 -t 8 -b 512 -ub 512 -fa on -ctk f16 -ctv f16 -mmp 1 -o csv --ctx-size 165120 -ot '^blk[.][0-9]+[.](attn_(k|v|q|output)|ffn_(down|gate|up))[.]weight$=CUDA_Hybrid'
ggml_cuda_init: found 1 CUDA devices (Total VRAM: 32109 MiB):
  Device 0: NVIDIA GeForce RTX 5090, compute capability 12.0, VMM: yes, VRAM: 32109 MiB
hybrid_vmm,mode=staging,selection=global_budget,requested_pages=2313,requested_bytes=4850712576,requested_mib=4626.000,gross_pages=2313,gross_bytes=4850712576,gross_mib=4626.000,staging_bytes=171966464,staging_mib=164.000,net_bytes=4678746112,net_mib=4462.000,eligible_pages=7470,selected_tensors=410,layers=60,buffer_bytes=16524435968,local_physical_bytes=11674845184,page_bytes=2097152,buffer_mib=15758.930,remote_mib=4626.000,local_physical_mib=11134.000,net_saved_mib=4462.000,page_mib=2.000
logit_checksum,prompt,2417196da4492390,nonfinite=0
logit_checksum,prompt,0453392d6142afd3,nonfinite=0
logit_checksum,prompt,8c39d6d410e92623,nonfinite=0
logit_checksum,prompt,ce38b3f3a7a05142,nonfinite=0
logit_checksum,prompt,556c3b871bf91e81,nonfinite=0
logit_checksum,prompt,c930f979f7f0aed4,nonfinite=0
build_commit,build_number,cpu_info,gpu_info,backends,model_filename,model_type,model_size,model_n_params,n_batch,n_ubatch,n_threads,cpu_mask,cpu_strict,poll,type_k,type_v,n_gpu_layers,n_cpu_moe,split_mode,main_gpu,no_kv_offload,flash_attn,devices,tensor_split,tensor_buft_overrides,use_mmap,use_direct_io,embeddings,no_op_offload,no_host,fit_target,fit_min_ctx,n_ctx,n_prompt,n_gen,n_depth,test_time,avg_ns,stddev_ns,avg_ts,stddev_ts
"b820cc8","1","Intel(R) Core(TM) Ultra 5 230F","NVIDIA GeForce RTX 5090","CUDA","/home/wici/voice-lab/models/gguf/gemma-4-31B-it-Q4_0.gguf","gemma4 31B Q4_0","17322412272","30697345596","512","512","8","0x0","0","50","f16","f16","-1","0","layer","0","0","1","auto","0.00","^blk[.][0-9]+[.](attn_(k|v|q|output)|ffn_(down|gate|up))[.]weight$=CUDA_Hybrid","1","0","0","0","0","0","0","165120","512","0","0","2026-08-12T08:38:05Z","120661117","1829227","4244.055984","63.240743"
logit_checksum,decode,0c8e93b3ecced1c6,nonfinite=0
logit_checksum,decode,319a6a234bb9ed88,nonfinite=0
logit_checksum,decode,1e95777bddcc71d5,nonfinite=0
logit_checksum,decode,fc3ff68058ffd54e,nonfinite=0
logit_checksum,decode,92560214e2ee8afd,nonfinite=0
"b820cc8","1","Intel(R) Core(TM) Ultra 5 230F","NVIDIA GeForce RTX 5090","CUDA","/home/wici/voice-lab/models/gguf/gemma-4-31B-it-Q4_0.gguf","gemma4 31B Q4_0","17322412272","30697345596","512","512","8","0x0","0","50","f16","f16","-1","0","layer","0","0","1","auto","0.00","^blk[.][0-9]+[.](attn_(k|v|q|output)|ffn_(down|gate|up))[.]weight$=CUDA_Hybrid","1","0","0","0","0","0","0","165120","0","64","0","2026-08-12T08:38:06Z","6334924217","4512638","10.102730","0.007190"
logit_checksum,decode,ea317c3ff2b17152,nonfinite=0
result status=ok pp=4244.055984 tg=10.102730 peak=27276.000MiB
case scheme=intertidal_dma phase=coarse ws=31.0GiB ctx=165120 control=pp:29
remote command: env -u LD_PRELOAD GGML_CUDA_HYBRID_MODE=staging GGML_CUDA_HYBRID_PAGE_BUDGET=2395 LD_LIBRARY_PATH=/dev/shm/intertidal-capacity.mEP47j:/home/wici/llama.cpp/build-cuda/bin:/usr/local/cuda/lib64 LLAMA_BENCH_LOGIT_CHECKSUM=1 /home/wici/llama.cpp/build-cuda/bin/llama-bench -m /home/wici/voice-lab/models/gguf/gemma-4-31B-it-Q4_0.gguf -p 512 -n 64 -r 5 -t 8 -b 512 -ub 512 -fa on -ctk f16 -ctv f16 -mmp 1 -o csv --ctx-size 165120 -ot '^blk[.][0-9]+[.](attn_(k|v|q|output)|ffn_(down|gate|up))[.]weight$=CUDA_Hybrid'
ggml_cuda_init: found 1 CUDA devices (Total VRAM: 32109 MiB):
  Device 0: NVIDIA GeForce RTX 5090, compute capability 12.0, VMM: yes, VRAM: 32109 MiB
hybrid_vmm,mode=staging,selection=global_budget,requested_pages=2395,requested_bytes=5022679040,requested_mib=4790.000,gross_pages=2395,gross_bytes=5022679040,gross_mib=4790.000,staging_bytes=176160768,staging_mib=168.000,net_bytes=4846518272,net_mib=4622.000,eligible_pages=7470,selected_tensors=410,layers=60,buffer_bytes=16524435968,local_physical_bytes=11502878720,page_bytes=2097152,buffer_mib=15758.930,remote_mib=4790.000,local_physical_mib=10970.000,net_saved_mib=4622.000,page_mib=2.000
logit_checksum,prompt,2417196da4492390,nonfinite=0
logit_checksum,prompt,0453392d6142afd3,nonfinite=0
logit_checksum,prompt,8c39d6d410e92623,nonfinite=0
logit_checksum,prompt,ce38b3f3a7a05142,nonfinite=0
logit_checksum,prompt,556c3b871bf91e81,nonfinite=0
build_commit,build_number,cpu_info,gpu_info,backends,model_filename,model_type,model_size,model_n_params,n_batch,n_ubatch,n_threads,cpu_mask,cpu_strict,poll,type_k,type_v,n_gpu_layers,n_cpu_moe,split_mode,main_gpu,no_kv_offload,flash_attn,devices,tensor_split,tensor_buft_overrides,use_mmap,use_direct_io,embeddings,no_op_offload,no_host,fit_target,fit_min_ctx,n_ctx,n_prompt,n_gen,n_depth,test_time,avg_ns,stddev_ns,avg_ts,stddev_ts
"b820cc8","1","Intel(R) Core(TM) Ultra 5 230F","NVIDIA GeForce RTX 5090","CUDA","/home/wici/voice-lab/models/gguf/gemma-4-31B-it-Q4_0.gguf","gemma4 31B Q4_0","17322412272","30697345596","512","512","8","0x0","0","50","f16","f16","-1","0","layer","0","0","1","auto","0.00","^blk[.][0-9]+[.](attn_(k|v|q|output)|ffn_(down|gate|up))[.]weight$=CUDA_Hybrid","1","0","0","0","0","0","0","165120","512","0","0","2026-08-12T08:38:44Z","120826648","1664513","4238.108683","57.428576"
logit_checksum,prompt,c930f979f7f0aed4,nonfinite=0
logit_checksum,decode,0c8e93b3ecced1c6,nonfinite=0
logit_checksum,decode,319a6a234bb9ed88,nonfinite=0
logit_checksum,decode,1e95777bddcc71d5,nonfinite=0
logit_checksum,decode,fc3ff68058ffd54e,nonfinite=0
logit_checksum,decode,92560214e2ee8afd,nonfinite=0
"b820cc8","1","Intel(R) Core(TM) Ultra 5 230F","NVIDIA GeForce RTX 5090","CUDA","/home/wici/voice-lab/models/gguf/gemma-4-31B-it-Q4_0.gguf","gemma4 31B Q4_0","17322412272","30697345596","512","512","8","0x0","0","50","f16","f16","-1","0","layer","0","0","1","auto","0.00","^blk[.][0-9]+[.](attn_(k|v|q|output)|ffn_(down|gate|up))[.]weight$=CUDA_Hybrid","1","0","0","0","0","0","0","165120","0","64","0","2026-08-12T08:38:45Z","6564692040","3386962","9.749127","0.005027"
logit_checksum,decode,ea317c3ff2b17152,nonfinite=0
result status=ok pp=4238.108683 tg=9.749127 peak=27116.000MiB
case scheme=intertidal_dma phase=coarse ws=31.0GiB ctx=165120 control=pp:30
remote command: env -u LD_PRELOAD GGML_CUDA_HYBRID_MODE=staging GGML_CUDA_HYBRID_PAGE_BUDGET=2478 LD_LIBRARY_PATH=/dev/shm/intertidal-capacity.mEP47j:/home/wici/llama.cpp/build-cuda/bin:/usr/local/cuda/lib64 LLAMA_BENCH_LOGIT_CHECKSUM=1 /home/wici/llama.cpp/build-cuda/bin/llama-bench -m /home/wici/voice-lab/models/gguf/gemma-4-31B-it-Q4_0.gguf -p 512 -n 64 -r 5 -t 8 -b 512 -ub 512 -fa on -ctk f16 -ctv f16 -mmp 1 -o csv --ctx-size 165120 -ot '^blk[.][0-9]+[.](attn_(k|v|q|output)|ffn_(down|gate|up))[.]weight$=CUDA_Hybrid'
ggml_cuda_init: found 1 CUDA devices (Total VRAM: 32109 MiB):
  Device 0: NVIDIA GeForce RTX 5090, compute capability 12.0, VMM: yes, VRAM: 32109 MiB
hybrid_vmm,mode=staging,selection=global_budget,requested_pages=2478,requested_bytes=5196742656,requested_mib=4956.000,gross_pages=2478,gross_bytes=5196742656,gross_mib=4956.000,staging_bytes=180355072,staging_mib=172.000,net_bytes=5016387584,net_mib=4784.000,eligible_pages=7470,selected_tensors=410,layers=60,buffer_bytes=16524435968,local_physical_bytes=11328815104,page_bytes=2097152,buffer_mib=15758.930,remote_mib=4956.000,local_physical_mib=10804.000,net_saved_mib=4784.000,page_mib=2.000
logit_checksum,prompt,2417196da4492390,nonfinite=0
logit_checksum,prompt,0453392d6142afd3,nonfinite=0
logit_checksum,prompt,8c39d6d410e92623,nonfinite=0
logit_checksum,prompt,ce38b3f3a7a05142,nonfinite=0
logit_checksum,prompt,556c3b871bf91e81,nonfinite=0
build_commit,build_number,cpu_info,gpu_info,backends,model_filename,model_type,model_size,model_n_params,n_batch,n_ubatch,n_threads,cpu_mask,cpu_strict,poll,type_k,type_v,n_gpu_layers,n_cpu_moe,split_mode,main_gpu,no_kv_offload,flash_attn,devices,tensor_split,tensor_buft_overrides,use_mmap,use_direct_io,embeddings,no_op_offload,no_host,fit_target,fit_min_ctx,n_ctx,n_prompt,n_gen,n_depth,test_time,avg_ns,stddev_ns,avg_ts,stddev_ts
"b820cc8","1","Intel(R) Core(TM) Ultra 5 230F","NVIDIA GeForce RTX 5090","CUDA","/home/wici/voice-lab/models/gguf/gemma-4-31B-it-Q4_0.gguf","gemma4 31B Q4_0","17322412272","30697345596","512","512","8","0x0","0","50","f16","f16","-1","0","layer","0","0","1","auto","0.00","^blk[.][0-9]+[.](attn_(k|v|q|output)|ffn_(down|gate|up))[.]weight$=CUDA_Hybrid","1","0","0","0","0","0","0","165120","512","0","0","2026-08-12T08:39:23Z","121088869","2186486","4229.379418","74.766187"
logit_checksum,prompt,c930f979f7f0aed4,nonfinite=0
logit_checksum,decode,0c8e93b3ecced1c6,nonfinite=0
logit_checksum,decode,319a6a234bb9ed88,nonfinite=0
logit_checksum,decode,1e95777bddcc71d5,nonfinite=0
logit_checksum,decode,fc3ff68058ffd54e,nonfinite=0
logit_checksum,decode,92560214e2ee8afd,nonfinite=0
"b820cc8","1","Intel(R) Core(TM) Ultra 5 230F","NVIDIA GeForce RTX 5090","CUDA","/home/wici/voice-lab/models/gguf/gemma-4-31B-it-Q4_0.gguf","gemma4 31B Q4_0","17322412272","30697345596","512","512","8","0x0","0","50","f16","f16","-1","0","layer","0","0","1","auto","0.00","^blk[.][0-9]+[.](attn_(k|v|q|output)|ffn_(down|gate|up))[.]weight$=CUDA_Hybrid","1","0","0","0","0","0","0","165120","0","64","0","2026-08-12T08:39:24Z","6787412040","2582248","9.429221","0.003584"
logit_checksum,decode,ea317c3ff2b17152,nonfinite=0
result status=ok pp=4229.379418 tg=9.429221 peak=26954.000MiB
case scheme=intertidal_dma phase=coarse ws=31.0GiB ctx=165120 control=pp:31
remote command: env -u LD_PRELOAD GGML_CUDA_HYBRID_MODE=staging GGML_CUDA_HYBRID_PAGE_BUDGET=2561 LD_LIBRARY_PATH=/dev/shm/intertidal-capacity.mEP47j:/home/wici/llama.cpp/build-cuda/bin:/usr/local/cuda/lib64 LLAMA_BENCH_LOGIT_CHECKSUM=1 /home/wici/llama.cpp/build-cuda/bin/llama-bench -m /home/wici/voice-lab/models/gguf/gemma-4-31B-it-Q4_0.gguf -p 512 -n 64 -r 5 -t 8 -b 512 -ub 512 -fa on -ctk f16 -ctv f16 -mmp 1 -o csv --ctx-size 165120 -ot '^blk[.][0-9]+[.](attn_(k|v|q|output)|ffn_(down|gate|up))[.]weight$=CUDA_Hybrid'
ggml_cuda_init: found 1 CUDA devices (Total VRAM: 32109 MiB):
  Device 0: NVIDIA GeForce RTX 5090, compute capability 12.0, VMM: yes, VRAM: 32109 MiB
hybrid_vmm,mode=staging,selection=global_budget,requested_pages=2561,requested_bytes=5370806272,requested_mib=5122.000,gross_pages=2561,gross_bytes=5370806272,gross_mib=5122.000,staging_bytes=188743680,staging_mib=180.000,net_bytes=5182062592,net_mib=4942.000,eligible_pages=7470,selected_tensors=410,layers=60,buffer_bytes=16524435968,local_physical_bytes=11154751488,page_bytes=2097152,buffer_mib=15758.930,remote_mib=5122.000,local_physical_mib=10638.000,net_saved_mib=4942.000,page_mib=2.000
logit_checksum,prompt,2417196da4492390,nonfinite=0
logit_checksum,prompt,0453392d6142afd3,nonfinite=0
logit_checksum,prompt,8c39d6d410e92623,nonfinite=0
logit_checksum,prompt,ce38b3f3a7a05142,nonfinite=0
logit_checksum,prompt,556c3b871bf91e81,nonfinite=0
build_commit,build_number,cpu_info,gpu_info,backends,model_filename,model_type,model_size,model_n_params,n_batch,n_ubatch,n_threads,cpu_mask,cpu_strict,poll,type_k,type_v,n_gpu_layers,n_cpu_moe,split_mode,main_gpu,no_kv_offload,flash_attn,devices,tensor_split,tensor_buft_overrides,use_mmap,use_direct_io,embeddings,no_op_offload,no_host,fit_target,fit_min_ctx,n_ctx,n_prompt,n_gen,n_depth,test_time,avg_ns,stddev_ns,avg_ts,stddev_ts
logit_checksum,prompt,c930f979f7f0aed4,nonfinite=0
"b820cc8","1","Intel(R) Core(TM) Ultra 5 230F","NVIDIA GeForce RTX 5090","CUDA","/home/wici/voice-lab/models/gguf/gemma-4-31B-it-Q4_0.gguf","gemma4 31B Q4_0","17322412272","30697345596","512","512","8","0x0","0","50","f16","f16","-1","0","layer","0","0","1","auto","0.00","^blk[.][0-9]+[.](attn_(k|v|q|output)|ffn_(down|gate|up))[.]weight$=CUDA_Hybrid","1","0","0","0","0","0","0","165120","512","0","0","2026-08-12T08:40:02Z","121475353","2417037","4216.155201","82.205900"
logit_checksum,decode,0c8e93b3ecced1c6,nonfinite=0
logit_checksum,decode,319a6a234bb9ed88,nonfinite=0
logit_checksum,decode,1e95777bddcc71d5,nonfinite=0
logit_checksum,decode,fc3ff68058ffd54e,nonfinite=0
logit_checksum,decode,92560214e2ee8afd,nonfinite=0
"b820cc8","1","Intel(R) Core(TM) Ultra 5 230F","NVIDIA GeForce RTX 5090","CUDA","/home/wici/voice-lab/models/gguf/gemma-4-31B-it-Q4_0.gguf","gemma4 31B Q4_0","17322412272","30697345596","512","512","8","0x0","0","50","f16","f16","-1","0","layer","0","0","1","auto","0.00","^blk[.][0-9]+[.](attn_(k|v|q|output)|ffn_(down|gate|up))[.]weight$=CUDA_Hybrid","1","0","0","0","0","0","0","165120","0","64","0","2026-08-12T08:40:03Z","7007436364","2850189","9.133156","0.003711"
logit_checksum,decode,ea317c3ff2b17152,nonfinite=0
result status=ok pp=4216.155201 tg=9.133156 peak=26796.000MiB
case scheme=intertidal_dma phase=coarse ws=31.0GiB ctx=165120 control=pp:32
remote command: env -u LD_PRELOAD GGML_CUDA_HYBRID_MODE=staging GGML_CUDA_HYBRID_PAGE_BUDGET=2643 LD_LIBRARY_PATH=/dev/shm/intertidal-capacity.mEP47j:/home/wici/llama.cpp/build-cuda/bin:/usr/local/cuda/lib64 LLAMA_BENCH_LOGIT_CHECKSUM=1 /home/wici/llama.cpp/build-cuda/bin/llama-bench -m /home/wici/voice-lab/models/gguf/gemma-4-31B-it-Q4_0.gguf -p 512 -n 64 -r 5 -t 8 -b 512 -ub 512 -fa on -ctk f16 -ctv f16 -mmp 1 -o csv --ctx-size 165120 -ot '^blk[.][0-9]+[.](attn_(k|v|q|output)|ffn_(down|gate|up))[.]weight$=CUDA_Hybrid'
ggml_cuda_init: found 1 CUDA devices (Total VRAM: 32109 MiB):
  Device 0: NVIDIA GeForce RTX 5090, compute capability 12.0, VMM: yes, VRAM: 32109 MiB
hybrid_vmm,mode=staging,selection=global_budget,requested_pages=2643,requested_bytes=5542772736,requested_mib=5286.000,gross_pages=2643,gross_bytes=5542772736,gross_mib=5286.000,staging_bytes=192937984,staging_mib=184.000,net_bytes=5349834752,net_mib=5102.000,eligible_pages=7470,selected_tensors=410,layers=60,buffer_bytes=16524435968,local_physical_bytes=10982785024,page_bytes=2097152,buffer_mib=15758.930,remote_mib=5286.000,local_physical_mib=10474.000,net_saved_mib=5102.000,page_mib=2.000
logit_checksum,prompt,2417196da4492390,nonfinite=0
logit_checksum,prompt,0453392d6142afd3,nonfinite=0
logit_checksum,prompt,8c39d6d410e92623,nonfinite=0
logit_checksum,prompt,ce38b3f3a7a05142,nonfinite=0
logit_checksum,prompt,556c3b871bf91e81,nonfinite=0
logit_checksum,prompt,c930f979f7f0aed4,nonfinite=0
build_commit,build_number,cpu_info,gpu_info,backends,model_filename,model_type,model_size,model_n_params,n_batch,n_ubatch,n_threads,cpu_mask,cpu_strict,poll,type_k,type_v,n_gpu_layers,n_cpu_moe,split_mode,main_gpu,no_kv_offload,flash_attn,devices,tensor_split,tensor_buft_overrides,use_mmap,use_direct_io,embeddings,no_op_offload,no_host,fit_target,fit_min_ctx,n_ctx,n_prompt,n_gen,n_depth,test_time,avg_ns,stddev_ns,avg_ts,stddev_ts
logit_checksum,decode,0c8e93b3ecced1c6,nonfinite=0
"b820cc8","1","Intel(R) Core(TM) Ultra 5 230F","NVIDIA GeForce RTX 5090","CUDA","/home/wici/voice-lab/models/gguf/gemma-4-31B-it-Q4_0.gguf","gemma4 31B Q4_0","17322412272","30697345596","512","512","8","0x0","0","50","f16","f16","-1","0","layer","0","0","1","auto","0.00","^blk[.][0-9]+[.](attn_(k|v|q|output)|ffn_(down|gate|up))[.]weight$=CUDA_Hybrid","1","0","0","0","0","0","0","165120","512","0","0","2026-08-12T08:40:43Z","123020400","3291917","4164.214822","107.602477"
logit_checksum,decode,319a6a234bb9ed88,nonfinite=0
logit_checksum,decode,1e95777bddcc71d5,nonfinite=0
logit_checksum,decode,fc3ff68058ffd54e,nonfinite=0
logit_checksum,decode,92560214e2ee8afd,nonfinite=0
"b820cc8","1","Intel(R) Core(TM) Ultra 5 230F","NVIDIA GeForce RTX 5090","CUDA","/home/wici/voice-lab/models/gguf/gemma-4-31B-it-Q4_0.gguf","gemma4 31B Q4_0","17322412272","30697345596","512","512","8","0x0","0","50","f16","f16","-1","0","layer","0","0","1","auto","0.00","^blk[.][0-9]+[.](attn_(k|v|q|output)|ffn_(down|gate|up))[.]weight$=CUDA_Hybrid","1","0","0","0","0","0","0","165120","0","64","0","2026-08-12T08:40:44Z","7241559132","2151464","8.837876","0.002622"
logit_checksum,decode,ea317c3ff2b17152,nonfinite=0
result status=ok pp=4164.214822 tg=8.837876 peak=26636.000MiB
case scheme=intertidal_dma phase=coarse ws=31.0GiB ctx=165120 control=pp:33
remote command: env -u LD_PRELOAD GGML_CUDA_HYBRID_MODE=staging GGML_CUDA_HYBRID_PAGE_BUDGET=2726 LD_LIBRARY_PATH=/dev/shm/intertidal-capacity.mEP47j:/home/wici/llama.cpp/build-cuda/bin:/usr/local/cuda/lib64 LLAMA_BENCH_LOGIT_CHECKSUM=1 /home/wici/llama.cpp/build-cuda/bin/llama-bench -m /home/wici/voice-lab/models/gguf/gemma-4-31B-it-Q4_0.gguf -p 512 -n 64 -r 5 -t 8 -b 512 -ub 512 -fa on -ctk f16 -ctv f16 -mmp 1 -o csv --ctx-size 165120 -ot '^blk[.][0-9]+[.](attn_(k|v|q|output)|ffn_(down|gate|up))[.]weight$=CUDA_Hybrid'
ggml_cuda_init: found 1 CUDA devices (Total VRAM: 32109 MiB):
  Device 0: NVIDIA GeForce RTX 5090, compute capability 12.0, VMM: yes, VRAM: 32109 MiB
hybrid_vmm,mode=staging,selection=global_budget,requested_pages=2726,requested_bytes=5716836352,requested_mib=5452.000,gross_pages=2726,gross_bytes=5716836352,gross_mib=5452.000,staging_bytes=197132288,staging_mib=188.000,net_bytes=5519704064,net_mib=5264.000,eligible_pages=7470,selected_tensors=410,layers=60,buffer_bytes=16524435968,local_physical_bytes=10808721408,page_bytes=2097152,buffer_mib=15758.930,remote_mib=5452.000,local_physical_mib=10308.000,net_saved_mib=5264.000,page_mib=2.000
logit_checksum,prompt,2417196da4492390,nonfinite=0
logit_checksum,prompt,0453392d6142afd3,nonfinite=0
logit_checksum,prompt,8c39d6d410e92623,nonfinite=0
build_commit,build_number,cpu_info,gpu_info,backends,model_filename,model_type,model_size,model_n_params,n_batch,n_ubatch,n_threads,cpu_mask,cpu_strict,poll,type_k,type_v,n_gpu_layers,n_cpu_moe,split_mode,main_gpu,no_kv_offload,flash_attn,devices,tensor_split,tensor_buft_overrides,use_mmap,use_direct_io,embeddings,no_op_offload,no_host,fit_target,fit_min_ctx,n_ctx,n_prompt,n_gen,n_depth,test_time,avg_ns,stddev_ns,avg_ts,stddev_ts
"b820cc8","1","Intel(R) Core(TM) Ultra 5 230F","NVIDIA GeForce RTX 5090","CUDA","/home/wici/voice-lab/models/gguf/gemma-4-31B-it-Q4_0.gguf","gemma4 31B Q4_0","17322412272","30697345596","512","512","8","0x0","0","50","f16","f16","-1","0","layer","0","0","1","auto","0.00","^blk[.][0-9]+[.](attn_(k|v|q|output)|ffn_(down|gate|up))[.]weight$=CUDA_Hybrid","1","0","0","0","0","0","0","165120","512","0","0","2026-08-12T08:41:26Z","125024230","3597810","4097.822555","113.652223"
logit_checksum,prompt,ce38b3f3a7a05142,nonfinite=0
logit_checksum,prompt,556c3b871bf91e81,nonfinite=0
logit_checksum,prompt,c930f979f7f0aed4,nonfinite=0
logit_checksum,decode,0c8e93b3ecced1c6,nonfinite=0
logit_checksum,decode,319a6a234bb9ed88,nonfinite=0
logit_checksum,decode,1e95777bddcc71d5,nonfinite=0
logit_checksum,decode,fc3ff68058ffd54e,nonfinite=0
logit_checksum,decode,92560214e2ee8afd,nonfinite=0
logit_checksum,decode,ea317c3ff2b17152,nonfinite=0
"b820cc8","1","Intel(R) Core(TM) Ultra 5 230F","NVIDIA GeForce RTX 5090","CUDA","/home/wici/voice-lab/models/gguf/gemma-4-31B-it-Q4_0.gguf","gemma4 31B Q4_0","17322412272","30697345596","512","512","8","0x0","0","50","f16","f16","-1","0","layer","0","0","1","auto","0.00","^blk[.][0-9]+[.](attn_(k|v|q|output)|ffn_(down|gate|up))[.]weight$=CUDA_Hybrid","1","0","0","0","0","0","0","165120","0","64","0","2026-08-12T08:41:27Z","7466329070","3559332","8.571818","0.004083"
result status=ok pp=4097.822555 tg=8.571818 peak=26474.000MiB
case scheme=intertidal_dma phase=coarse ws=31.0GiB ctx=165120 control=pp:34
remote command: env -u LD_PRELOAD GGML_CUDA_HYBRID_MODE=staging GGML_CUDA_HYBRID_PAGE_BUDGET=2808 LD_LIBRARY_PATH=/dev/shm/intertidal-capacity.mEP47j:/home/wici/llama.cpp/build-cuda/bin:/usr/local/cuda/lib64 LLAMA_BENCH_LOGIT_CHECKSUM=1 /home/wici/llama.cpp/build-cuda/bin/llama-bench -m /home/wici/voice-lab/models/gguf/gemma-4-31B-it-Q4_0.gguf -p 512 -n 64 -r 5 -t 8 -b 512 -ub 512 -fa on -ctk f16 -ctv f16 -mmp 1 -o csv --ctx-size 165120 -ot '^blk[.][0-9]+[.](attn_(k|v|q|output)|ffn_(down|gate|up))[.]weight$=CUDA_Hybrid'
ggml_cuda_init: found 1 CUDA devices (Total VRAM: 32109 MiB):
  Device 0: NVIDIA GeForce RTX 5090, compute capability 12.0, VMM: yes, VRAM: 32109 MiB
hybrid_vmm,mode=staging,selection=global_budget,requested_pages=2808,requested_bytes=5888802816,requested_mib=5616.000,gross_pages=2808,gross_bytes=5888802816,gross_mib=5616.000,staging_bytes=205520896,staging_mib=196.000,net_bytes=5683281920,net_mib=5420.000,eligible_pages=7470,selected_tensors=410,layers=60,buffer_bytes=16524435968,local_physical_bytes=10636754944,page_bytes=2097152,buffer_mib=15758.930,remote_mib=5616.000,local_physical_mib=10144.000,net_saved_mib=5420.000,page_mib=2.000
logit_checksum,prompt,2417196da4492390,nonfinite=0
logit_checksum,prompt,0453392d6142afd3,nonfinite=0
logit_checksum,prompt,8c39d6d410e92623,nonfinite=0
logit_checksum,prompt,ce38b3f3a7a05142,nonfinite=0
build_commit,build_number,cpu_info,gpu_info,backends,model_filename,model_type,model_size,model_n_params,n_batch,n_ubatch,n_threads,cpu_mask,cpu_strict,poll,type_k,type_v,n_gpu_layers,n_cpu_moe,split_mode,main_gpu,no_kv_offload,flash_attn,devices,tensor_split,tensor_buft_overrides,use_mmap,use_direct_io,embeddings,no_op_offload,no_host,fit_target,fit_min_ctx,n_ctx,n_prompt,n_gen,n_depth,test_time,avg_ns,stddev_ns,avg_ts,stddev_ts
"b820cc8","1","Intel(R) Core(TM) Ultra 5 230F","NVIDIA GeForce RTX 5090","CUDA","/home/wici/voice-lab/models/gguf/gemma-4-31B-it-Q4_0.gguf","gemma4 31B Q4_0","17322412272","30697345596","512","512","8","0x0","0","50","f16","f16","-1","0","layer","0","0","1","auto","0.00","^blk[.][0-9]+[.](attn_(k|v|q|output)|ffn_(down|gate|up))[.]weight$=CUDA_Hybrid","1","0","0","0","0","0","0","165120","512","0","0","2026-08-12T08:42:10Z","128740147","4237141","3980.410462","129.411996"
logit_checksum,prompt,556c3b871bf91e81,nonfinite=0
logit_checksum,prompt,c930f979f7f0aed4,nonfinite=0
logit_checksum,decode,0c8e93b3ecced1c6,nonfinite=0
logit_checksum,decode,319a6a234bb9ed88,nonfinite=0
logit_checksum,decode,1e95777bddcc71d5,nonfinite=0
logit_checksum,decode,fc3ff68058ffd54e,nonfinite=0
logit_checksum,decode,92560214e2ee8afd,nonfinite=0
"b820cc8","1","Intel(R) Core(TM) Ultra 5 230F","NVIDIA GeForce RTX 5090","CUDA","/home/wici/voice-lab/models/gguf/gemma-4-31B-it-Q4_0.gguf","gemma4 31B Q4_0","17322412272","30697345596","512","512","8","0x0","0","50","f16","f16","-1","0","layer","0","0","1","auto","0.00","^blk[.][0-9]+[.](attn_(k|v|q|output)|ffn_(down|gate|up))[.]weight$=CUDA_Hybrid","1","0","0","0","0","0","0","165120","0","64","0","2026-08-12T08:42:11Z","7693023558","2412147","8.319226","0.002606"
logit_checksum,decode,ea317c3ff2b17152,nonfinite=0
result status=ok pp=3980.410462 tg=8.319226 peak=26318.000MiB
case scheme=intertidal_dma phase=coarse ws=31.0GiB ctx=165120 control=pp:35
remote command: env -u LD_PRELOAD GGML_CUDA_HYBRID_MODE=staging GGML_CUDA_HYBRID_PAGE_BUDGET=2891 LD_LIBRARY_PATH=/dev/shm/intertidal-capacity.mEP47j:/home/wici/llama.cpp/build-cuda/bin:/usr/local/cuda/lib64 LLAMA_BENCH_LOGIT_CHECKSUM=1 /home/wici/llama.cpp/build-cuda/bin/llama-bench -m /home/wici/voice-lab/models/gguf/gemma-4-31B-it-Q4_0.gguf -p 512 -n 64 -r 5 -t 8 -b 512 -ub 512 -fa on -ctk f16 -ctv f16 -mmp 1 -o csv --ctx-size 165120 -ot '^blk[.][0-9]+[.](attn_(k|v|q|output)|ffn_(down|gate|up))[.]weight$=CUDA_Hybrid'
ggml_cuda_init: found 1 CUDA devices (Total VRAM: 32109 MiB):
  Device 0: NVIDIA GeForce RTX 5090, compute capability 12.0, VMM: yes, VRAM: 32109 MiB
hybrid_vmm,mode=staging,selection=global_budget,requested_pages=2891,requested_bytes=6062866432,requested_mib=5782.000,gross_pages=2891,gross_bytes=6062866432,gross_mib=5782.000,staging_bytes=209715200,staging_mib=200.000,net_bytes=5853151232,net_mib=5582.000,eligible_pages=7470,selected_tensors=410,layers=60,buffer_bytes=16524435968,local_physical_bytes=10462691328,page_bytes=2097152,buffer_mib=15758.930,remote_mib=5782.000,local_physical_mib=9978.000,net_saved_mib=5582.000,page_mib=2.000
logit_checksum,prompt,2417196da4492390,nonfinite=0
logit_checksum,prompt,0453392d6142afd3,nonfinite=0
logit_checksum,prompt,8c39d6d410e92623,nonfinite=0
logit_checksum,prompt,ce38b3f3a7a05142,nonfinite=0
logit_checksum,prompt,556c3b871bf91e81,nonfinite=0
build_commit,build_number,cpu_info,gpu_info,backends,model_filename,model_type,model_size,model_n_params,n_batch,n_ubatch,n_threads,cpu_mask,cpu_strict,poll,type_k,type_v,n_gpu_layers,n_cpu_moe,split_mode,main_gpu,no_kv_offload,flash_attn,devices,tensor_split,tensor_buft_overrides,use_mmap,use_direct_io,embeddings,no_op_offload,no_host,fit_target,fit_min_ctx,n_ctx,n_prompt,n_gen,n_depth,test_time,avg_ns,stddev_ns,avg_ts,stddev_ts
"b820cc8","1","Intel(R) Core(TM) Ultra 5 230F","NVIDIA GeForce RTX 5090","CUDA","/home/wici/voice-lab/models/gguf/gemma-4-31B-it-Q4_0.gguf","gemma4 31B Q4_0","17322412272","30697345596","512","512","8","0x0","0","50","f16","f16","-1","0","layer","0","0","1","auto","0.00","^blk[.][0-9]+[.](attn_(k|v|q|output)|ffn_(down|gate|up))[.]weight$=CUDA_Hybrid","1","0","0","0","0","0","0","165120","512","0","0","2026-08-12T08:43:24Z","129978053","3182304","3940.975411","94.403844"
logit_checksum,prompt,c930f979f7f0aed4,nonfinite=0
logit_checksum,decode,0c8e93b3ecced1c6,nonfinite=0
logit_checksum,decode,319a6a234bb9ed88,nonfinite=0
logit_checksum,decode,1e95777bddcc71d5,nonfinite=0
logit_checksum,decode,fc3ff68058ffd54e,nonfinite=0
logit_checksum,decode,92560214e2ee8afd,nonfinite=0
logit_checksum,decode,ea317c3ff2b17152,nonfinite=0
"b820cc8","1","Intel(R) Core(TM) Ultra 5 230F","NVIDIA GeForce RTX 5090","CUDA","/home/wici/voice-lab/models/gguf/gemma-4-31B-it-Q4_0.gguf","gemma4 31B Q4_0","17322412272","30697345596","512","512","8","0x0","0","50","f16","f16","-1","0","layer","0","0","1","auto","0.00","^blk[.][0-9]+[.](attn_(k|v|q|output)|ffn_(down|gate|up))[.]weight$=CUDA_Hybrid","1","0","0","0","0","0","0","165120","0","64","0","2026-08-12T08:43:25Z","7927424696","3816626","8.073241","0.003886"
result status=ok pp=3940.975411 tg=8.073241 peak=26156.000MiB
case scheme=intertidal_dma phase=coarse ws=31.0GiB ctx=165120 control=pp:36
remote command: env -u LD_PRELOAD GGML_CUDA_HYBRID_MODE=staging GGML_CUDA_HYBRID_PAGE_BUDGET=2974 LD_LIBRARY_PATH=/dev/shm/intertidal-capacity.mEP47j:/home/wici/llama.cpp/build-cuda/bin:/usr/local/cuda/lib64 LLAMA_BENCH_LOGIT_CHECKSUM=1 /home/wici/llama.cpp/build-cuda/bin/llama-bench -m /home/wici/voice-lab/models/gguf/gemma-4-31B-it-Q4_0.gguf -p 512 -n 64 -r 5 -t 8 -b 512 -ub 512 -fa on -ctk f16 -ctv f16 -mmp 1 -o csv --ctx-size 165120 -ot '^blk[.][0-9]+[.](attn_(k|v|q|output)|ffn_(down|gate|up))[.]weight$=CUDA_Hybrid'
ggml_cuda_init: found 1 CUDA devices (Total VRAM: 32109 MiB):
  Device 0: NVIDIA GeForce RTX 5090, compute capability 12.0, VMM: yes, VRAM: 32109 MiB
build_commit,build_number,cpu_info,gpu_info,backends,model_filename,model_type,model_size,model_n_params,n_batch,n_ubatch,n_threads,cpu_mask,cpu_strict,poll,type_k,type_v,n_gpu_layers,n_cpu_moe,split_mode,main_gpu,no_kv_offload,flash_attn,devices,tensor_split,tensor_buft_overrides,use_mmap,use_direct_io,embeddings,no_op_offload,no_host,fit_target,fit_min_ctx,n_ctx,n_prompt,n_gen,n_depth,test_time,avg_ns,stddev_ns,avg_ts,stddev_ts
"b820cc8","1","Intel(R) Core(TM) Ultra 5 230F","NVIDIA GeForce RTX 5090","CUDA","/home/wici/voice-lab/models/gguf/gemma-4-31B-it-Q4_0.gguf","gemma4 31B Q4_0","17322412272","30697345596","512","512","8","0x0","0","50","f16","f16","-1","0","layer","0","0","1","auto","0.00","^blk[.][0-9]+[.](attn_(k|v|q|output)|ffn_(down|gate|up))[.]weight$=CUDA_Hybrid","1","0","0","0","0","0","0","165120","512","0","0","2026-08-12T08:44:16Z","132547588","3366680","3864.704282","95.516203"
hybrid_vmm,mode=staging,selection=global_budget,requested_pages=2974,requested_bytes=6236930048,requested_mib=5948.000,gross_pages=2974,gross_bytes=6236930048,gross_mib=5948.000,staging_bytes=218103808,staging_mib=208.000,net_bytes=6018826240,net_mib=5740.000,eligible_pages=7470,selected_tensors=410,layers=60,buffer_bytes=16524435968,local_physical_bytes=10288627712,page_bytes=2097152,buffer_mib=15758.930,remote_mib=5948.000,local_physical_mib=9812.000,net_saved_mib=5740.000,page_mib=2.000
logit_checksum,prompt,2417196da4492390,nonfinite=0
logit_checksum,prompt,0453392d6142afd3,nonfinite=0
logit_checksum,prompt,8c39d6d410e92623,nonfinite=0
logit_checksum,prompt,ce38b3f3a7a05142,nonfinite=0
logit_checksum,prompt,556c3b871bf91e81,nonfinite=0
logit_checksum,prompt,c930f979f7f0aed4,nonfinite=0
logit_checksum,decode,0c8e93b3ecced1c6,nonfinite=0
logit_checksum,decode,319a6a234bb9ed88,nonfinite=0
logit_checksum,decode,1e95777bddcc71d5,nonfinite=0
logit_checksum,decode,fc3ff68058ffd54e,nonfinite=0
logit_checksum,decode,92560214e2ee8afd,nonfinite=0
logit_checksum,decode,ea317c3ff2b17152,nonfinite=0
"b820cc8","1","Intel(R) Core(TM) Ultra 5 230F","NVIDIA GeForce RTX 5090","CUDA","/home/wici/voice-lab/models/gguf/gemma-4-31B-it-Q4_0.gguf","gemma4 31B Q4_0","17322412272","30697345596","512","512","8","0x0","0","50","f16","f16","-1","0","layer","0","0","1","auto","0.00","^blk[.][0-9]+[.](attn_(k|v|q|output)|ffn_(down|gate|up))[.]weight$=CUDA_Hybrid","1","0","0","0","0","0","0","165120","0","64","0","2026-08-12T08:44:17Z","8150190553","3455778","7.852578","0.003328"
result status=ok pp=3864.704282 tg=7.852578 peak=25998.000MiB
case scheme=intertidal_dma phase=coarse ws=31.0GiB ctx=165120 control=pp:37
remote command: env -u LD_PRELOAD GGML_CUDA_HYBRID_MODE=staging GGML_CUDA_HYBRID_PAGE_BUDGET=3056 LD_LIBRARY_PATH=/dev/shm/intertidal-capacity.mEP47j:/home/wici/llama.cpp/build-cuda/bin:/usr/local/cuda/lib64 LLAMA_BENCH_LOGIT_CHECKSUM=1 /home/wici/llama.cpp/build-cuda/bin/llama-bench -m /home/wici/voice-lab/models/gguf/gemma-4-31B-it-Q4_0.gguf -p 512 -n 64 -r 5 -t 8 -b 512 -ub 512 -fa on -ctk f16 -ctv f16 -mmp 1 -o csv --ctx-size 165120 -ot '^blk[.][0-9]+[.](attn_(k|v|q|output)|ffn_(down|gate|up))[.]weight$=CUDA_Hybrid'
ggml_cuda_init: found 1 CUDA devices (Total VRAM: 32109 MiB):
  Device 0: NVIDIA GeForce RTX 5090, compute capability 12.0, VMM: yes, VRAM: 32109 MiB
hybrid_vmm,mode=staging,selection=global_budget,requested_pages=3056,requested_bytes=6408896512,requested_mib=6112.000,gross_pages=3056,gross_bytes=6408896512,gross_mib=6112.000,staging_bytes=222298112,staging_mib=212.000,net_bytes=6186598400,net_mib=5900.000,eligible_pages=7470,selected_tensors=410,layers=60,buffer_bytes=16524435968,local_physical_bytes=10116661248,page_bytes=2097152,buffer_mib=15758.930,remote_mib=6112.000,local_physical_mib=9648.000,net_saved_mib=5900.000,page_mib=2.000
logit_checksum,prompt,2417196da4492390,nonfinite=0
logit_checksum,prompt,0453392d6142afd3,nonfinite=0
build_commit,build_number,cpu_info,gpu_info,backends,model_filename,model_type,model_size,model_n_params,n_batch,n_ubatch,n_threads,cpu_mask,cpu_strict,poll,type_k,type_v,n_gpu_layers,n_cpu_moe,split_mode,main_gpu,no_kv_offload,flash_attn,devices,tensor_split,tensor_buft_overrides,use_mmap,use_direct_io,embeddings,no_op_offload,no_host,fit_target,fit_min_ctx,n_ctx,n_prompt,n_gen,n_depth,test_time,avg_ns,stddev_ns,avg_ts,stddev_ts
logit_checksum,prompt,8c39d6d410e92623,nonfinite=0
logit_checksum,prompt,ce38b3f3a7a05142,nonfinite=0
logit_checksum,prompt,556c3b871bf91e81,nonfinite=0
logit_checksum,prompt,c930f979f7f0aed4,nonfinite=0
logit_checksum,decode,0c8e93b3ecced1c6,nonfinite=0
"b820cc8","1","Intel(R) Core(TM) Ultra 5 230F","NVIDIA GeForce RTX 5090","CUDA","/home/wici/voice-lab/models/gguf/gemma-4-31B-it-Q4_0.gguf","gemma4 31B Q4_0","17322412272","30697345596","512","512","8","0x0","0","50","f16","f16","-1","0","layer","0","0","1","auto","0.00","^blk[.][0-9]+[.](attn_(k|v|q|output)|ffn_(down|gate|up))[.]weight$=CUDA_Hybrid","1","0","0","0","0","0","0","165120","512","0","0","2026-08-12T08:45:23Z","135942768","3283025","3768.003813","88.674008"
logit_checksum,decode,319a6a234bb9ed88,nonfinite=0
logit_checksum,decode,1e95777bddcc71d5,nonfinite=0
logit_checksum,decode,fc3ff68058ffd54e,nonfinite=0
logit_checksum,decode,92560214e2ee8afd,nonfinite=0
"b820cc8","1","Intel(R) Core(TM) Ultra 5 230F","NVIDIA GeForce RTX 5090","CUDA","/home/wici/voice-lab/models/gguf/gemma-4-31B-it-Q4_0.gguf","gemma4 31B Q4_0","17322412272","30697345596","512","512","8","0x0","0","50","f16","f16","-1","0","layer","0","0","1","auto","0.00","^blk[.][0-9]+[.](attn_(k|v|q|output)|ffn_(down|gate|up))[.]weight$=CUDA_Hybrid","1","0","0","0","0","0","0","165120","0","64","0","2026-08-12T08:45:23Z","8376346194","974984","7.640563","0.000883"
logit_checksum,decode,ea317c3ff2b17152,nonfinite=0
result status=ok pp=3768.003813 tg=7.640563 peak=25838.000MiB
case scheme=intertidal_dma phase=coarse ws=31.0GiB ctx=165120 control=pp:38
remote command: env -u LD_PRELOAD GGML_CUDA_HYBRID_MODE=staging GGML_CUDA_HYBRID_PAGE_BUDGET=3139 LD_LIBRARY_PATH=/dev/shm/intertidal-capacity.mEP47j:/home/wici/llama.cpp/build-cuda/bin:/usr/local/cuda/lib64 LLAMA_BENCH_LOGIT_CHECKSUM=1 /home/wici/llama.cpp/build-cuda/bin/llama-bench -m /home/wici/voice-lab/models/gguf/gemma-4-31B-it-Q4_0.gguf -p 512 -n 64 -r 5 -t 8 -b 512 -ub 512 -fa on -ctk f16 -ctv f16 -mmp 1 -o csv --ctx-size 165120 -ot '^blk[.][0-9]+[.](attn_(k|v|q|output)|ffn_(down|gate|up))[.]weight$=CUDA_Hybrid'
ggml_cuda_init: found 1 CUDA devices (Total VRAM: 32109 MiB):
  Device 0: NVIDIA GeForce RTX 5090, compute capability 12.0, VMM: yes, VRAM: 32109 MiB
hybrid_vmm,mode=staging,selection=global_budget,requested_pages=3139,requested_bytes=6582960128,requested_mib=6278.000,gross_pages=3139,gross_bytes=6582960128,gross_mib=6278.000,staging_bytes=226492416,staging_mib=216.000,net_bytes=6356467712,net_mib=6062.000,eligible_pages=7470,selected_tensors=410,layers=60,buffer_bytes=16524435968,local_physical_bytes=9942597632,page_bytes=2097152,buffer_mib=15758.930,remote_mib=6278.000,local_physical_mib=9482.000,net_saved_mib=6062.000,page_mib=2.000
logit_checksum,prompt,2417196da4492390,nonfinite=0
logit_checksum,prompt,0453392d6142afd3,nonfinite=0
logit_checksum,prompt,8c39d6d410e92623,nonfinite=0
logit_checksum,prompt,ce38b3f3a7a05142,nonfinite=0
logit_checksum,prompt,556c3b871bf91e81,nonfinite=0
build_commit,build_number,cpu_info,gpu_info,backends,model_filename,model_type,model_size,model_n_params,n_batch,n_ubatch,n_threads,cpu_mask,cpu_strict,poll,type_k,type_v,n_gpu_layers,n_cpu_moe,split_mode,main_gpu,no_kv_offload,flash_attn,devices,tensor_split,tensor_buft_overrides,use_mmap,use_direct_io,embeddings,no_op_offload,no_host,fit_target,fit_min_ctx,n_ctx,n_prompt,n_gen,n_depth,test_time,avg_ns,stddev_ns,avg_ts,stddev_ts
"b820cc8","1","Intel(R) Core(TM) Ultra 5 230F","NVIDIA GeForce RTX 5090","CUDA","/home/wici/voice-lab/models/gguf/gemma-4-31B-it-Q4_0.gguf","gemma4 31B Q4_0","17322412272","30697345596","512","512","8","0x0","0","50","f16","f16","-1","0","layer","0","0","1","auto","0.00","^blk[.][0-9]+[.](attn_(k|v|q|output)|ffn_(down|gate|up))[.]weight$=CUDA_Hybrid","1","0","0","0","0","0","0","165120","512","0","0","2026-08-12T08:46:10Z","139645745","3692648","3668.417429","94.419592"
logit_checksum,prompt,c930f979f7f0aed4,nonfinite=0
logit_checksum,decode,0c8e93b3ecced1c6,nonfinite=0
logit_checksum,decode,319a6a234bb9ed88,nonfinite=0
logit_checksum,decode,1e95777bddcc71d5,nonfinite=0
logit_checksum,decode,fc3ff68058ffd54e,nonfinite=0
logit_checksum,decode,92560214e2ee8afd,nonfinite=0
"b820cc8","1","Intel(R) Core(TM) Ultra 5 230F","NVIDIA GeForce RTX 5090","CUDA","/home/wici/voice-lab/models/gguf/gemma-4-31B-it-Q4_0.gguf","gemma4 31B Q4_0","17322412272","30697345596","512","512","8","0x0","0","50","f16","f16","-1","0","layer","0","0","1","auto","0.00","^blk[.][0-9]+[.](attn_(k|v|q|output)|ffn_(down|gate|up))[.]weight$=CUDA_Hybrid","1","0","0","0","0","0","0","165120","0","64","0","2026-08-12T08:46:11Z","8602449258","5706020","7.439744","0.004931"
logit_checksum,decode,ea317c3ff2b17152,nonfinite=0
result status=ok pp=3668.417429 tg=7.439744 peak=25676.000MiB
skip intertidal_dma ws=31.0 control=pp:0 status=ok
case scheme=intertidal_dma phase=dense ws=31.0GiB ctx=165120 control=pp:0.1
remote command: env -u LD_PRELOAD GGML_CUDA_HYBRID_MODE=staging GGML_CUDA_HYBRID_PAGE_BUDGET=8 LD_LIBRARY_PATH=/dev/shm/intertidal-capacity.mEP47j:/home/wici/llama.cpp/build-cuda/bin:/usr/local/cuda/lib64 LLAMA_BENCH_LOGIT_CHECKSUM=1 /home/wici/llama.cpp/build-cuda/bin/llama-bench -m /home/wici/voice-lab/models/gguf/gemma-4-31B-it-Q4_0.gguf -p 512 -n 64 -r 5 -t 8 -b 512 -ub 512 -fa on -ctk f16 -ctv f16 -mmp 1 -o csv --ctx-size 165120 -ot '^blk[.][0-9]+[.](attn_(k|v|q|output)|ffn_(down|gate|up))[.]weight$=CUDA_Hybrid'
ggml_cuda_init: found 1 CUDA devices (Total VRAM: 32109 MiB):
  Device 0: NVIDIA GeForce RTX 5090, compute capability 12.0, VMM: yes, VRAM: 32109 MiB
hybrid_vmm,mode=staging,selection=global_budget,requested_pages=8,requested_bytes=16777216,requested_mib=16.000,gross_pages=8,gross_bytes=16777216,gross_mib=16.000,staging_bytes=4194304,staging_mib=4.000,net_bytes=12582912,net_mib=12.000,eligible_pages=7470,selected_tensors=8,layers=8,buffer_bytes=16524435968,local_physical_bytes=16508780544,page_bytes=2097152,buffer_mib=15758.930,remote_mib=16.000,local_physical_mib=15744.000,net_saved_mib=12.000,page_mib=2.000
logit_checksum,prompt,2417196da4492390,nonfinite=0
logit_checksum,prompt,0453392d6142afd3,nonfinite=0
logit_checksum,prompt,8c39d6d410e92623,nonfinite=0
logit_checksum,prompt,ce38b3f3a7a05142,nonfinite=0
logit_checksum,prompt,556c3b871bf91e81,nonfinite=0
build_commit,build_number,cpu_info,gpu_info,backends,model_filename,model_type,model_size,model_n_params,n_batch,n_ubatch,n_threads,cpu_mask,cpu_strict,poll,type_k,type_v,n_gpu_layers,n_cpu_moe,split_mode,main_gpu,no_kv_offload,flash_attn,devices,tensor_split,tensor_buft_overrides,use_mmap,use_direct_io,embeddings,no_op_offload,no_host,fit_target,fit_min_ctx,n_ctx,n_prompt,n_gen,n_depth,test_time,avg_ns,stddev_ns,avg_ts,stddev_ts
"b820cc8","1","Intel(R) Core(TM) Ultra 5 230F","NVIDIA GeForce RTX 5090","CUDA","/home/wici/voice-lab/models/gguf/gemma-4-31B-it-Q4_0.gguf","gemma4 31B Q4_0","17322412272","30697345596","512","512","8","0x0","0","50","f16","f16","-1","0","layer","0","0","1","auto","0.00","^blk[.][0-9]+[.](attn_(k|v|q|output)|ffn_(down|gate|up))[.]weight$=CUDA_Hybrid","1","0","0","0","0","0","0","165120","512","0","0","2026-08-12T08:46:57Z","119772359","1650963","4275.414305","57.888450"
logit_checksum,prompt,c930f979f7f0aed4,nonfinite=0
logit_checksum,decode,0c8e93b3ecced1c6,nonfinite=0
logit_checksum,decode,319a6a234bb9ed88,nonfinite=0
logit_checksum,decode,1e95777bddcc71d5,nonfinite=0
logit_checksum,decode,fc3ff68058ffd54e,nonfinite=0
logit_checksum,decode,92560214e2ee8afd,nonfinite=0
"b820cc8","1","Intel(R) Core(TM) Ultra 5 230F","NVIDIA GeForce RTX 5090","CUDA","/home/wici/voice-lab/models/gguf/gemma-4-31B-it-Q4_0.gguf","gemma4 31B Q4_0","17322412272","30697345596","512","512","8","0x0","0","50","f16","f16","-1","0","layer","0","0","1","auto","0.00","^blk[.][0-9]+[.](attn_(k|v|q|output)|ffn_(down|gate|up))[.]weight$=CUDA_Hybrid","1","0","0","0","0","0","0","165120","0","64","0","2026-08-12T08:46:58Z","828465046","1793451","77.251587","0.166750"
logit_checksum,decode,ea317c3ff2b17152,nonfinite=0
result status=ok pp=4275.414305 tg=77.251587 peak=31726.000MiB
case scheme=intertidal_dma phase=dense ws=31.0GiB ctx=165120 control=pp:0.2
remote command: env -u LD_PRELOAD GGML_CUDA_HYBRID_MODE=staging GGML_CUDA_HYBRID_PAGE_BUDGET=17 LD_LIBRARY_PATH=/dev/shm/intertidal-capacity.mEP47j:/home/wici/llama.cpp/build-cuda/bin:/usr/local/cuda/lib64 LLAMA_BENCH_LOGIT_CHECKSUM=1 /home/wici/llama.cpp/build-cuda/bin/llama-bench -m /home/wici/voice-lab/models/gguf/gemma-4-31B-it-Q4_0.gguf -p 512 -n 64 -r 5 -t 8 -b 512 -ub 512 -fa on -ctk f16 -ctv f16 -mmp 1 -o csv --ctx-size 165120 -ot '^blk[.][0-9]+[.](attn_(k|v|q|output)|ffn_(down|gate|up))[.]weight$=CUDA_Hybrid'
ggml_cuda_init: found 1 CUDA devices (Total VRAM: 32109 MiB):
  Device 0: NVIDIA GeForce RTX 5090, compute capability 12.0, VMM: yes, VRAM: 32109 MiB
hybrid_vmm,mode=staging,selection=global_budget,requested_pages=17,requested_bytes=35651584,requested_mib=34.000,gross_pages=17,gross_bytes=35651584,gross_mib=34.000,staging_bytes=4194304,staging_mib=4.000,net_bytes=31457280,net_mib=30.000,eligible_pages=7470,selected_tensors=17,layers=17,buffer_bytes=16524435968,local_physical_bytes=16489906176,page_bytes=2097152,buffer_mib=15758.930,remote_mib=34.000,local_physical_mib=15726.000,net_saved_mib=30.000,page_mib=2.000
logit_checksum,prompt,2417196da4492390,nonfinite=0
logit_checksum,prompt,0453392d6142afd3,nonfinite=0
logit_checksum,prompt,8c39d6d410e92623,nonfinite=0
build_commit,build_number,cpu_info,gpu_info,backends,model_filename,model_type,model_size,model_n_params,n_batch,n_ubatch,n_threads,cpu_mask,cpu_strict,poll,type_k,type_v,n_gpu_layers,n_cpu_moe,split_mode,main_gpu,no_kv_offload,flash_attn,devices,tensor_split,tensor_buft_overrides,use_mmap,use_direct_io,embeddings,no_op_offload,no_host,fit_target,fit_min_ctx,n_ctx,n_prompt,n_gen,n_depth,test_time,avg_ns,stddev_ns,avg_ts,stddev_ts
"b820cc8","1","Intel(R) Core(TM) Ultra 5 230F","NVIDIA GeForce RTX 5090","CUDA","/home/wici/voice-lab/models/gguf/gemma-4-31B-it-Q4_0.gguf","gemma4 31B Q4_0","17322412272","30697345596","512","512","8","0x0","0","50","f16","f16","-1","0","layer","0","0","1","auto","0.00","^blk[.][0-9]+[.](attn_(k|v|q|output)|ffn_(down|gate|up))[.]weight$=CUDA_Hybrid","1","0","0","0","0","0","0","165120","512","0","0","2026-08-12T08:47:05Z","119869186","1750043","4272.037728","61.206024"
logit_checksum,prompt,ce38b3f3a7a05142,nonfinite=0
logit_checksum,prompt,556c3b871bf91e81,nonfinite=0
logit_checksum,prompt,c930f979f7f0aed4,nonfinite=0
logit_checksum,decode,0c8e93b3ecced1c6,nonfinite=0
logit_checksum,decode,319a6a234bb9ed88,nonfinite=0
logit_checksum,decode,1e95777bddcc71d5,nonfinite=0
logit_checksum,decode,fc3ff68058ffd54e,nonfinite=0
logit_checksum,decode,92560214e2ee8afd,nonfinite=0
"b820cc8","1","Intel(R) Core(TM) Ultra 5 230F","NVIDIA GeForce RTX 5090","CUDA","/home/wici/voice-lab/models/gguf/gemma-4-31B-it-Q4_0.gguf","gemma4 31B Q4_0","17322412272","30697345596","512","512","8","0x0","0","50","f16","f16","-1","0","layer","0","0","1","auto","0.00","^blk[.][0-9]+[.](attn_(k|v|q|output)|ffn_(down|gate|up))[.]weight$=CUDA_Hybrid","1","0","0","0","0","0","0","165120","0","64","0","2026-08-12T08:47:06Z","833409703","1667554","76.793208","0.153250"
logit_checksum,decode,ea317c3ff2b17152,nonfinite=0
result status=ok pp=4272.037728 tg=76.793208 peak=31708.000MiB
case scheme=intertidal_dma phase=dense ws=31.0GiB ctx=165120 control=pp:0.3
remote command: env -u LD_PRELOAD GGML_CUDA_HYBRID_MODE=staging GGML_CUDA_HYBRID_PAGE_BUDGET=25 LD_LIBRARY_PATH=/dev/shm/intertidal-capacity.mEP47j:/home/wici/llama.cpp/build-cuda/bin:/usr/local/cuda/lib64 LLAMA_BENCH_LOGIT_CHECKSUM=1 /home/wici/llama.cpp/build-cuda/bin/llama-bench -m /home/wici/voice-lab/models/gguf/gemma-4-31B-it-Q4_0.gguf -p 512 -n 64 -r 5 -t 8 -b 512 -ub 512 -fa on -ctk f16 -ctv f16 -mmp 1 -o csv --ctx-size 165120 -ot '^blk[.][0-9]+[.](attn_(k|v|q|output)|ffn_(down|gate|up))[.]weight$=CUDA_Hybrid'
ggml_cuda_init: found 1 CUDA devices (Total VRAM: 32109 MiB):
  Device 0: NVIDIA GeForce RTX 5090, compute capability 12.0, VMM: yes, VRAM: 32109 MiB
hybrid_vmm,mode=staging,selection=global_budget,requested_pages=25,requested_bytes=52428800,requested_mib=50.000,gross_pages=25,gross_bytes=52428800,gross_mib=50.000,staging_bytes=4194304,staging_mib=4.000,net_bytes=48234496,net_mib=46.000,eligible_pages=7470,selected_tensors=25,layers=25,buffer_bytes=16524435968,local_physical_bytes=16473128960,page_bytes=2097152,buffer_mib=15758.930,remote_mib=50.000,local_physical_mib=15710.000,net_saved_mib=46.000,page_mib=2.000
logit_checksum,prompt,2417196da4492390,nonfinite=0
logit_checksum,prompt,0453392d6142afd3,nonfinite=0
logit_checksum,prompt,8c39d6d410e92623,nonfinite=0
logit_checksum,prompt,ce38b3f3a7a05142,nonfinite=0
build_commit,build_number,cpu_info,gpu_info,backends,model_filename,model_type,model_size,model_n_params,n_batch,n_ubatch,n_threads,cpu_mask,cpu_strict,poll,type_k,type_v,n_gpu_layers,n_cpu_moe,split_mode,main_gpu,no_kv_offload,flash_attn,devices,tensor_split,tensor_buft_overrides,use_mmap,use_direct_io,embeddings,no_op_offload,no_host,fit_target,fit_min_ctx,n_ctx,n_prompt,n_gen,n_depth,test_time,avg_ns,stddev_ns,avg_ts,stddev_ts
logit_checksum,prompt,556c3b871bf91e81,nonfinite=0
"b820cc8","1","Intel(R) Core(TM) Ultra 5 230F","NVIDIA GeForce RTX 5090","CUDA","/home/wici/voice-lab/models/gguf/gemma-4-31B-it-Q4_0.gguf","gemma4 31B Q4_0","17322412272","30697345596","512","512","8","0x0","0","50","f16","f16","-1","0","layer","0","0","1","auto","0.00","^blk[.][0-9]+[.](attn_(k|v|q|output)|ffn_(down|gate|up))[.]weight$=CUDA_Hybrid","1","0","0","0","0","0","0","165120","512","0","0","2026-08-12T08:47:13Z","120055942","1825357","4265.451895","63.581690"
logit_checksum,prompt,c930f979f7f0aed4,nonfinite=0
logit_checksum,decode,0c8e93b3ecced1c6,nonfinite=0
logit_checksum,decode,319a6a234bb9ed88,nonfinite=0
logit_checksum,decode,1e95777bddcc71d5,nonfinite=0
logit_checksum,decode,fc3ff68058ffd54e,nonfinite=0
logit_checksum,decode,92560214e2ee8afd,nonfinite=0
"b820cc8","1","Intel(R) Core(TM) Ultra 5 230F","NVIDIA GeForce RTX 5090","CUDA","/home/wici/voice-lab/models/gguf/gemma-4-31B-it-Q4_0.gguf","gemma4 31B Q4_0","17322412272","30697345596","512","512","8","0x0","0","50","f16","f16","-1","0","layer","0","0","1","auto","0.00","^blk[.][0-9]+[.](attn_(k|v|q|output)|ffn_(down|gate|up))[.]weight$=CUDA_Hybrid","1","0","0","0","0","0","0","165120","0","64","0","2026-08-12T08:47:13Z","835113875","1689805","76.636505","0.154657"
logit_checksum,decode,ea317c3ff2b17152,nonfinite=0
result status=ok pp=4265.451895 tg=76.636505 peak=31692.000MiB
case scheme=intertidal_dma phase=dense ws=31.0GiB ctx=165120 control=pp:0.4
remote command: env -u LD_PRELOAD GGML_CUDA_HYBRID_MODE=staging GGML_CUDA_HYBRID_PAGE_BUDGET=33 LD_LIBRARY_PATH=/dev/shm/intertidal-capacity.mEP47j:/home/wici/llama.cpp/build-cuda/bin:/usr/local/cuda/lib64 LLAMA_BENCH_LOGIT_CHECKSUM=1 /home/wici/llama.cpp/build-cuda/bin/llama-bench -m /home/wici/voice-lab/models/gguf/gemma-4-31B-it-Q4_0.gguf -p 512 -n 64 -r 5 -t 8 -b 512 -ub 512 -fa on -ctk f16 -ctv f16 -mmp 1 -o csv --ctx-size 165120 -ot '^blk[.][0-9]+[.](attn_(k|v|q|output)|ffn_(down|gate|up))[.]weight$=CUDA_Hybrid'
ggml_cuda_init: found 1 CUDA devices (Total VRAM: 32109 MiB):
  Device 0: NVIDIA GeForce RTX 5090, compute capability 12.0, VMM: yes, VRAM: 32109 MiB
hybrid_vmm,mode=staging,selection=global_budget,requested_pages=33,requested_bytes=69206016,requested_mib=66.000,gross_pages=33,gross_bytes=69206016,gross_mib=66.000,staging_bytes=4194304,staging_mib=4.000,net_bytes=65011712,net_mib=62.000,eligible_pages=7470,selected_tensors=33,layers=33,buffer_bytes=16524435968,local_physical_bytes=16456351744,page_bytes=2097152,buffer_mib=15758.930,remote_mib=66.000,local_physical_mib=15694.000,net_saved_mib=62.000,page_mib=2.000
logit_checksum,prompt,2417196da4492390,nonfinite=0
logit_checksum,prompt,0453392d6142afd3,nonfinite=0
logit_checksum,prompt,8c39d6d410e92623,nonfinite=0
logit_checksum,prompt,ce38b3f3a7a05142,nonfinite=0
logit_checksum,prompt,556c3b871bf91e81,nonfinite=0
logit_checksum,prompt,c930f979f7f0aed4,nonfinite=0
build_commit,build_number,cpu_info,gpu_info,backends,model_filename,model_type,model_size,model_n_params,n_batch,n_ubatch,n_threads,cpu_mask,cpu_strict,poll,type_k,type_v,n_gpu_layers,n_cpu_moe,split_mode,main_gpu,no_kv_offload,flash_attn,devices,tensor_split,tensor_buft_overrides,use_mmap,use_direct_io,embeddings,no_op_offload,no_host,fit_target,fit_min_ctx,n_ctx,n_prompt,n_gen,n_depth,test_time,avg_ns,stddev_ns,avg_ts,stddev_ts
"b820cc8","1","Intel(R) Core(TM) Ultra 5 230F","NVIDIA GeForce RTX 5090","CUDA","/home/wici/voice-lab/models/gguf/gemma-4-31B-it-Q4_0.gguf","gemma4 31B Q4_0","17322412272","30697345596","512","512","8","0x0","0","50","f16","f16","-1","0","layer","0","0","1","auto","0.00","^blk[.][0-9]+[.](attn_(k|v|q|output)|ffn_(down|gate|up))[.]weight$=CUDA_Hybrid","1","0","0","0","0","0","0","165120","512","0","0","2026-08-12T08:47:20Z","120129478","1612918","4262.671981","56.238902"
logit_checksum,decode,0c8e93b3ecced1c6,nonfinite=0
logit_checksum,decode,319a6a234bb9ed88,nonfinite=0
logit_checksum,decode,1e95777bddcc71d5,nonfinite=0
logit_checksum,decode,fc3ff68058ffd54e,nonfinite=0
logit_checksum,decode,92560214e2ee8afd,nonfinite=0
"b820cc8","1","Intel(R) Core(TM) Ultra 5 230F","NVIDIA GeForce RTX 5090","CUDA","/home/wici/voice-lab/models/gguf/gemma-4-31B-it-Q4_0.gguf","gemma4 31B Q4_0","17322412272","30697345596","512","512","8","0x0","0","50","f16","f16","-1","0","layer","0","0","1","auto","0.00","^blk[.][0-9]+[.](attn_(k|v|q|output)|ffn_(down|gate|up))[.]weight$=CUDA_Hybrid","1","0","0","0","0","0","0","165120","0","64","0","2026-08-12T08:47:21Z","837322503","1623740","76.434339","0.147814"
logit_checksum,decode,ea317c3ff2b17152,nonfinite=0
result status=ok pp=4262.671981 tg=76.434339 peak=31676.000MiB
case scheme=intertidal_dma phase=dense ws=31.0GiB ctx=165120 control=pp:0.5
remote command: env -u LD_PRELOAD GGML_CUDA_HYBRID_MODE=staging GGML_CUDA_HYBRID_PAGE_BUDGET=41 LD_LIBRARY_PATH=/dev/shm/intertidal-capacity.mEP47j:/home/wici/llama.cpp/build-cuda/bin:/usr/local/cuda/lib64 LLAMA_BENCH_LOGIT_CHECKSUM=1 /home/wici/llama.cpp/build-cuda/bin/llama-bench -m /home/wici/voice-lab/models/gguf/gemma-4-31B-it-Q4_0.gguf -p 512 -n 64 -r 5 -t 8 -b 512 -ub 512 -fa on -ctk f16 -ctv f16 -mmp 1 -o csv --ctx-size 165120 -ot '^blk[.][0-9]+[.](attn_(k|v|q|output)|ffn_(down|gate|up))[.]weight$=CUDA_Hybrid'
ggml_cuda_init: found 1 CUDA devices (Total VRAM: 32109 MiB):
  Device 0: NVIDIA GeForce RTX 5090, compute capability 12.0, VMM: yes, VRAM: 32109 MiB
hybrid_vmm,mode=staging,selection=global_budget,requested_pages=41,requested_bytes=85983232,requested_mib=82.000,gross_pages=41,gross_bytes=85983232,gross_mib=82.000,staging_bytes=4194304,staging_mib=4.000,net_bytes=81788928,net_mib=78.000,eligible_pages=7470,selected_tensors=41,layers=41,buffer_bytes=16524435968,local_physical_bytes=16439574528,page_bytes=2097152,buffer_mib=15758.930,remote_mib=82.000,local_physical_mib=15678.000,net_saved_mib=78.000,page_mib=2.000
logit_checksum,prompt,2417196da4492390,nonfinite=0
logit_checksum,prompt,0453392d6142afd3,nonfinite=0
logit_checksum,prompt,8c39d6d410e92623,nonfinite=0
logit_checksum,prompt,ce38b3f3a7a05142,nonfinite=0
logit_checksum,prompt,556c3b871bf91e81,nonfinite=0
logit_checksum,prompt,c930f979f7f0aed4,nonfinite=0
build_commit,build_number,cpu_info,gpu_info,backends,model_filename,model_type,model_size,model_n_params,n_batch,n_ubatch,n_threads,cpu_mask,cpu_strict,poll,type_k,type_v,n_gpu_layers,n_cpu_moe,split_mode,main_gpu,no_kv_offload,flash_attn,devices,tensor_split,tensor_buft_overrides,use_mmap,use_direct_io,embeddings,no_op_offload,no_host,fit_target,fit_min_ctx,n_ctx,n_prompt,n_gen,n_depth,test_time,avg_ns,stddev_ns,avg_ts,stddev_ts
"b820cc8","1","Intel(R) Core(TM) Ultra 5 230F","NVIDIA GeForce RTX 5090","CUDA","/home/wici/voice-lab/models/gguf/gemma-4-31B-it-Q4_0.gguf","gemma4 31B Q4_0","17322412272","30697345596","512","512","8","0x0","0","50","f16","f16","-1","0","layer","0","0","1","auto","0.00","^blk[.][0-9]+[.](attn_(k|v|q|output)|ffn_(down|gate|up))[.]weight$=CUDA_Hybrid","1","0","0","0","0","0","0","165120","512","0","0","2026-08-12T08:47:28Z","120136151","1679153","4262.485628","58.524742"
logit_checksum,decode,0c8e93b3ecced1c6,nonfinite=0
logit_checksum,decode,319a6a234bb9ed88,nonfinite=0
logit_checksum,decode,1e95777bddcc71d5,nonfinite=0
logit_checksum,decode,fc3ff68058ffd54e,nonfinite=0
logit_checksum,decode,92560214e2ee8afd,nonfinite=0
"b820cc8","1","Intel(R) Core(TM) Ultra 5 230F","NVIDIA GeForce RTX 5090","CUDA","/home/wici/voice-lab/models/gguf/gemma-4-31B-it-Q4_0.gguf","gemma4 31B Q4_0","17322412272","30697345596","512","512","8","0x0","0","50","f16","f16","-1","0","layer","0","0","1","auto","0.00","^blk[.][0-9]+[.](attn_(k|v|q|output)|ffn_(down|gate|up))[.]weight$=CUDA_Hybrid","1","0","0","0","0","0","0","165120","0","64","0","2026-08-12T08:47:29Z","838835275","1989881","76.296609","0.180407"
logit_checksum,decode,ea317c3ff2b17152,nonfinite=0
result status=ok pp=4262.485628 tg=76.296609 peak=31660.000MiB
case scheme=intertidal_dma phase=dense ws=31.0GiB ctx=165120 control=pp:0.6
remote command: env -u LD_PRELOAD GGML_CUDA_HYBRID_MODE=staging GGML_CUDA_HYBRID_PAGE_BUDGET=50 LD_LIBRARY_PATH=/dev/shm/intertidal-capacity.mEP47j:/home/wici/llama.cpp/build-cuda/bin:/usr/local/cuda/lib64 LLAMA_BENCH_LOGIT_CHECKSUM=1 /home/wici/llama.cpp/build-cuda/bin/llama-bench -m /home/wici/voice-lab/models/gguf/gemma-4-31B-it-Q4_0.gguf -p 512 -n 64 -r 5 -t 8 -b 512 -ub 512 -fa on -ctk f16 -ctv f16 -mmp 1 -o csv --ctx-size 165120 -ot '^blk[.][0-9]+[.](attn_(k|v|q|output)|ffn_(down|gate|up))[.]weight$=CUDA_Hybrid'
ggml_cuda_init: found 1 CUDA devices (Total VRAM: 32109 MiB):
  Device 0: NVIDIA GeForce RTX 5090, compute capability 12.0, VMM: yes, VRAM: 32109 MiB
hybrid_vmm,mode=staging,selection=global_budget,requested_pages=50,requested_bytes=104857600,requested_mib=100.000,gross_pages=50,gross_bytes=104857600,gross_mib=100.000,staging_bytes=4194304,staging_mib=4.000,net_bytes=100663296,net_mib=96.000,eligible_pages=7470,selected_tensors=50,layers=50,buffer_bytes=16524435968,local_physical_bytes=16420700160,page_bytes=2097152,buffer_mib=15758.930,remote_mib=100.000,local_physical_mib=15660.000,net_saved_mib=96.000,page_mib=2.000
logit_checksum,prompt,2417196da4492390,nonfinite=0
logit_checksum,prompt,0453392d6142afd3,nonfinite=0
logit_checksum,prompt,8c39d6d410e92623,nonfinite=0
logit_checksum,prompt,ce38b3f3a7a05142,nonfinite=0
logit_checksum,prompt,556c3b871bf91e81,nonfinite=0
build_commit,build_number,cpu_info,gpu_info,backends,model_filename,model_type,model_size,model_n_params,n_batch,n_ubatch,n_threads,cpu_mask,cpu_strict,poll,type_k,type_v,n_gpu_layers,n_cpu_moe,split_mode,main_gpu,no_kv_offload,flash_attn,devices,tensor_split,tensor_buft_overrides,use_mmap,use_direct_io,embeddings,no_op_offload,no_host,fit_target,fit_min_ctx,n_ctx,n_prompt,n_gen,n_depth,test_time,avg_ns,stddev_ns,avg_ts,stddev_ts
logit_checksum,prompt,c930f979f7f0aed4,nonfinite=0
"b820cc8","1","Intel(R) Core(TM) Ultra 5 230F","NVIDIA GeForce RTX 5090","CUDA","/home/wici/voice-lab/models/gguf/gemma-4-31B-it-Q4_0.gguf","gemma4 31B Q4_0","17322412272","30697345596","512","512","8","0x0","0","50","f16","f16","-1","0","layer","0","0","1","auto","0.00","^blk[.][0-9]+[.](attn_(k|v|q|output)|ffn_(down|gate|up))[.]weight$=CUDA_Hybrid","1","0","0","0","0","0","0","165120","512","0","0","2026-08-12T08:47:36Z","120260904","1459809","4257.904372","50.893655"
logit_checksum,decode,0c8e93b3ecced1c6,nonfinite=0
logit_checksum,decode,319a6a234bb9ed88,nonfinite=0
logit_checksum,decode,1e95777bddcc71d5,nonfinite=0
logit_checksum,decode,fc3ff68058ffd54e,nonfinite=0
logit_checksum,decode,92560214e2ee8afd,nonfinite=0
"b820cc8","1","Intel(R) Core(TM) Ultra 5 230F","NVIDIA GeForce RTX 5090","CUDA","/home/wici/voice-lab/models/gguf/gemma-4-31B-it-Q4_0.gguf","gemma4 31B Q4_0","17322412272","30697345596","512","512","8","0x0","0","50","f16","f16","-1","0","layer","0","0","1","auto","0.00","^blk[.][0-9]+[.](attn_(k|v|q|output)|ffn_(down|gate|up))[.]weight$=CUDA_Hybrid","1","0","0","0","0","0","0","165120","0","64","0","2026-08-12T08:47:37Z","837595005","1859833","76.409543","0.169120"
logit_checksum,decode,ea317c3ff2b17152,nonfinite=0
result status=ok pp=4257.904372 tg=76.409543 peak=31642.000MiB
case scheme=intertidal_dma phase=dense ws=31.0GiB ctx=165120 control=pp:0.7
remote command: env -u LD_PRELOAD GGML_CUDA_HYBRID_MODE=staging GGML_CUDA_HYBRID_PAGE_BUDGET=58 LD_LIBRARY_PATH=/dev/shm/intertidal-capacity.mEP47j:/home/wici/llama.cpp/build-cuda/bin:/usr/local/cuda/lib64 LLAMA_BENCH_LOGIT_CHECKSUM=1 /home/wici/llama.cpp/build-cuda/bin/llama-bench -m /home/wici/voice-lab/models/gguf/gemma-4-31B-it-Q4_0.gguf -p 512 -n 64 -r 5 -t 8 -b 512 -ub 512 -fa on -ctk f16 -ctv f16 -mmp 1 -o csv --ctx-size 165120 -ot '^blk[.][0-9]+[.](attn_(k|v|q|output)|ffn_(down|gate|up))[.]weight$=CUDA_Hybrid'
ggml_cuda_init: found 1 CUDA devices (Total VRAM: 32109 MiB):
  Device 0: NVIDIA GeForce RTX 5090, compute capability 12.0, VMM: yes, VRAM: 32109 MiB
hybrid_vmm,mode=staging,selection=global_budget,requested_pages=58,requested_bytes=121634816,requested_mib=116.000,gross_pages=58,gross_bytes=121634816,gross_mib=116.000,staging_bytes=4194304,staging_mib=4.000,net_bytes=117440512,net_mib=112.000,eligible_pages=7470,selected_tensors=58,layers=58,buffer_bytes=16524435968,local_physical_bytes=16403922944,page_bytes=2097152,buffer_mib=15758.930,remote_mib=116.000,local_physical_mib=15644.000,net_saved_mib=112.000,page_mib=2.000
logit_checksum,prompt,2417196da4492390,nonfinite=0
logit_checksum,prompt,0453392d6142afd3,nonfinite=0
logit_checksum,prompt,8c39d6d410e92623,nonfinite=0
logit_checksum,prompt,ce38b3f3a7a05142,nonfinite=0
logit_checksum,prompt,556c3b871bf91e81,nonfinite=0
build_commit,build_number,cpu_info,gpu_info,backends,model_filename,model_type,model_size,model_n_params,n_batch,n_ubatch,n_threads,cpu_mask,cpu_strict,poll,type_k,type_v,n_gpu_layers,n_cpu_moe,split_mode,main_gpu,no_kv_offload,flash_attn,devices,tensor_split,tensor_buft_overrides,use_mmap,use_direct_io,embeddings,no_op_offload,no_host,fit_target,fit_min_ctx,n_ctx,n_prompt,n_gen,n_depth,test_time,avg_ns,stddev_ns,avg_ts,stddev_ts
"b820cc8","1","Intel(R) Core(TM) Ultra 5 230F","NVIDIA GeForce RTX 5090","CUDA","/home/wici/voice-lab/models/gguf/gemma-4-31B-it-Q4_0.gguf","gemma4 31B Q4_0","17322412272","30697345596","512","512","8","0x0","0","50","f16","f16","-1","0","layer","0","0","1","auto","0.00","^blk[.][0-9]+[.](attn_(k|v|q|output)|ffn_(down|gate|up))[.]weight$=CUDA_Hybrid","1","0","0","0","0","0","0","165120","512","0","0","2026-08-12T08:47:44Z","120381100","1455520","4253.649071","50.631420"
logit_checksum,prompt,c930f979f7f0aed4,nonfinite=0
logit_checksum,decode,0c8e93b3ecced1c6,nonfinite=0
logit_checksum,decode,319a6a234bb9ed88,nonfinite=0
logit_checksum,decode,1e95777bddcc71d5,nonfinite=0
logit_checksum,decode,fc3ff68058ffd54e,nonfinite=0
logit_checksum,decode,92560214e2ee8afd,nonfinite=0
logit_checksum,decode,ea317c3ff2b17152,nonfinite=0
"b820cc8","1","Intel(R) Core(TM) Ultra 5 230F","NVIDIA GeForce RTX 5090","CUDA","/home/wici/voice-lab/models/gguf/gemma-4-31B-it-Q4_0.gguf","gemma4 31B Q4_0","17322412272","30697345596","512","512","8","0x0","0","50","f16","f16","-1","0","layer","0","0","1","auto","0.00","^blk[.][0-9]+[.](attn_(k|v|q|output)|ffn_(down|gate|up))[.]weight$=CUDA_Hybrid","1","0","0","0","0","0","0","165120","0","64","0","2026-08-12T08:47:45Z","839443517","1918013","76.241302","0.173634"
result status=ok pp=4253.649071 tg=76.241302 peak=31626.000MiB
case scheme=intertidal_dma phase=dense ws=31.0GiB ctx=165120 control=pp:0.8
remote command: env -u LD_PRELOAD GGML_CUDA_HYBRID_MODE=staging GGML_CUDA_HYBRID_PAGE_BUDGET=66 LD_LIBRARY_PATH=/dev/shm/intertidal-capacity.mEP47j:/home/wici/llama.cpp/build-cuda/bin:/usr/local/cuda/lib64 LLAMA_BENCH_LOGIT_CHECKSUM=1 /home/wici/llama.cpp/build-cuda/bin/llama-bench -m /home/wici/voice-lab/models/gguf/gemma-4-31B-it-Q4_0.gguf -p 512 -n 64 -r 5 -t 8 -b 512 -ub 512 -fa on -ctk f16 -ctv f16 -mmp 1 -o csv --ctx-size 165120 -ot '^blk[.][0-9]+[.](attn_(k|v|q|output)|ffn_(down|gate|up))[.]weight$=CUDA_Hybrid'
ggml_cuda_init: found 1 CUDA devices (Total VRAM: 32109 MiB):
  Device 0: NVIDIA GeForce RTX 5090, compute capability 12.0, VMM: yes, VRAM: 32109 MiB
hybrid_vmm,mode=staging,selection=global_budget,requested_pages=66,requested_bytes=138412032,requested_mib=132.000,gross_pages=66,gross_bytes=138412032,gross_mib=132.000,staging_bytes=8388608,staging_mib=8.000,net_bytes=130023424,net_mib=124.000,eligible_pages=7470,selected_tensors=66,layers=60,buffer_bytes=16524435968,local_physical_bytes=16387145728,page_bytes=2097152,buffer_mib=15758.930,remote_mib=132.000,local_physical_mib=15628.000,net_saved_mib=124.000,page_mib=2.000
logit_checksum,prompt,2417196da4492390,nonfinite=0
logit_checksum,prompt,0453392d6142afd3,nonfinite=0
logit_checksum,prompt,8c39d6d410e92623,nonfinite=0
logit_checksum,prompt,ce38b3f3a7a05142,nonfinite=0
logit_checksum,prompt,556c3b871bf91e81,nonfinite=0
build_commit,build_number,cpu_info,gpu_info,backends,model_filename,model_type,model_size,model_n_params,n_batch,n_ubatch,n_threads,cpu_mask,cpu_strict,poll,type_k,type_v,n_gpu_layers,n_cpu_moe,split_mode,main_gpu,no_kv_offload,flash_attn,devices,tensor_split,tensor_buft_overrides,use_mmap,use_direct_io,embeddings,no_op_offload,no_host,fit_target,fit_min_ctx,n_ctx,n_prompt,n_gen,n_depth,test_time,avg_ns,stddev_ns,avg_ts,stddev_ts
"b820cc8","1","Intel(R) Core(TM) Ultra 5 230F","NVIDIA GeForce RTX 5090","CUDA","/home/wici/voice-lab/models/gguf/gemma-4-31B-it-Q4_0.gguf","gemma4 31B Q4_0","17322412272","30697345596","512","512","8","0x0","0","50","f16","f16","-1","0","layer","0","0","1","auto","0.00","^blk[.][0-9]+[.](attn_(k|v|q|output)|ffn_(down|gate|up))[.]weight$=CUDA_Hybrid","1","0","0","0","0","0","0","165120","512","0","0","2026-08-12T08:47:52Z","120413102","1421202","4252.495622","49.423481"
logit_checksum,prompt,c930f979f7f0aed4,nonfinite=0
logit_checksum,decode,0c8e93b3ecced1c6,nonfinite=0
logit_checksum,decode,319a6a234bb9ed88,nonfinite=0
logit_checksum,decode,1e95777bddcc71d5,nonfinite=0
logit_checksum,decode,fc3ff68058ffd54e,nonfinite=0
logit_checksum,decode,92560214e2ee8afd,nonfinite=0
"b820cc8","1","Intel(R) Core(TM) Ultra 5 230F","NVIDIA GeForce RTX 5090","CUDA","/home/wici/voice-lab/models/gguf/gemma-4-31B-it-Q4_0.gguf","gemma4 31B Q4_0","17322412272","30697345596","512","512","8","0x0","0","50","f16","f16","-1","0","layer","0","0","1","auto","0.00","^blk[.][0-9]+[.](attn_(k|v|q|output)|ffn_(down|gate|up))[.]weight$=CUDA_Hybrid","1","0","0","0","0","0","0","165120","0","64","0","2026-08-12T08:47:53Z","840612785","1846921","76.135228","0.166777"
logit_checksum,decode,ea317c3ff2b17152,nonfinite=0
result status=ok pp=4252.495622 tg=76.135228 peak=31614.000MiB
case scheme=intertidal_dma phase=dense ws=31.0GiB ctx=165120 control=pp:0.9
remote command: env -u LD_PRELOAD GGML_CUDA_HYBRID_MODE=staging GGML_CUDA_HYBRID_PAGE_BUDGET=74 LD_LIBRARY_PATH=/dev/shm/intertidal-capacity.mEP47j:/home/wici/llama.cpp/build-cuda/bin:/usr/local/cuda/lib64 LLAMA_BENCH_LOGIT_CHECKSUM=1 /home/wici/llama.cpp/build-cuda/bin/llama-bench -m /home/wici/voice-lab/models/gguf/gemma-4-31B-it-Q4_0.gguf -p 512 -n 64 -r 5 -t 8 -b 512 -ub 512 -fa on -ctk f16 -ctv f16 -mmp 1 -o csv --ctx-size 165120 -ot '^blk[.][0-9]+[.](attn_(k|v|q|output)|ffn_(down|gate|up))[.]weight$=CUDA_Hybrid'
ggml_cuda_init: found 1 CUDA devices (Total VRAM: 32109 MiB):
  Device 0: NVIDIA GeForce RTX 5090, compute capability 12.0, VMM: yes, VRAM: 32109 MiB
hybrid_vmm,mode=staging,selection=global_budget,requested_pages=74,requested_bytes=155189248,requested_mib=148.000,gross_pages=74,gross_bytes=155189248,gross_mib=148.000,staging_bytes=8388608,staging_mib=8.000,net_bytes=146800640,net_mib=140.000,eligible_pages=7470,selected_tensors=74,layers=60,buffer_bytes=16524435968,local_physical_bytes=16370368512,page_bytes=2097152,buffer_mib=15758.930,remote_mib=148.000,local_physical_mib=15612.000,net_saved_mib=140.000,page_mib=2.000
logit_checksum,prompt,2417196da4492390,nonfinite=0
logit_checksum,prompt,0453392d6142afd3,nonfinite=0
logit_checksum,prompt,8c39d6d410e92623,nonfinite=0
logit_checksum,prompt,ce38b3f3a7a05142,nonfinite=0
logit_checksum,prompt,556c3b871bf91e81,nonfinite=0
build_commit,build_number,cpu_info,gpu_info,backends,model_filename,model_type,model_size,model_n_params,n_batch,n_ubatch,n_threads,cpu_mask,cpu_strict,poll,type_k,type_v,n_gpu_layers,n_cpu_moe,split_mode,main_gpu,no_kv_offload,flash_attn,devices,tensor_split,tensor_buft_overrides,use_mmap,use_direct_io,embeddings,no_op_offload,no_host,fit_target,fit_min_ctx,n_ctx,n_prompt,n_gen,n_depth,test_time,avg_ns,stddev_ns,avg_ts,stddev_ts
"b820cc8","1","Intel(R) Core(TM) Ultra 5 230F","NVIDIA GeForce RTX 5090","CUDA","/home/wici/voice-lab/models/gguf/gemma-4-31B-it-Q4_0.gguf","gemma4 31B Q4_0","17322412272","30697345596","512","512","8","0x0","0","50","f16","f16","-1","0","layer","0","0","1","auto","0.00","^blk[.][0-9]+[.](attn_(k|v|q|output)|ffn_(down|gate|up))[.]weight$=CUDA_Hybrid","1","0","0","0","0","0","0","165120","512","0","0","2026-08-12T08:48:00Z","120592357","1650890","4246.334135","57.125157"
logit_checksum,prompt,c930f979f7f0aed4,nonfinite=0
logit_checksum,decode,0c8e93b3ecced1c6,nonfinite=0
logit_checksum,decode,319a6a234bb9ed88,nonfinite=0
logit_checksum,decode,1e95777bddcc71d5,nonfinite=0
logit_checksum,decode,fc3ff68058ffd54e,nonfinite=0
logit_checksum,decode,92560214e2ee8afd,nonfinite=0
logit_checksum,decode,ea317c3ff2b17152,nonfinite=0
"b820cc8","1","Intel(R) Core(TM) Ultra 5 230F","NVIDIA GeForce RTX 5090","CUDA","/home/wici/voice-lab/models/gguf/gemma-4-31B-it-Q4_0.gguf","gemma4 31B Q4_0","17322412272","30697345596","512","512","8","0x0","0","50","f16","f16","-1","0","layer","0","0","1","auto","0.00","^blk[.][0-9]+[.](attn_(k|v|q|output)|ffn_(down|gate|up))[.]weight$=CUDA_Hybrid","1","0","0","0","0","0","0","165120","0","64","0","2026-08-12T08:48:01Z","840758516","1915654","76.122054","0.172916"
result status=ok pp=4246.334135 tg=76.122054 peak=31598.000MiB
skip intertidal_dma ws=31.0 control=pp:1 status=ok
case scheme=intertidal_dma phase=dense ws=31.0GiB ctx=165120 control=pp:1.1
remote command: env -u LD_PRELOAD GGML_CUDA_HYBRID_MODE=staging GGML_CUDA_HYBRID_PAGE_BUDGET=91 LD_LIBRARY_PATH=/dev/shm/intertidal-capacity.mEP47j:/home/wici/llama.cpp/build-cuda/bin:/usr/local/cuda/lib64 LLAMA_BENCH_LOGIT_CHECKSUM=1 /home/wici/llama.cpp/build-cuda/bin/llama-bench -m /home/wici/voice-lab/models/gguf/gemma-4-31B-it-Q4_0.gguf -p 512 -n 64 -r 5 -t 8 -b 512 -ub 512 -fa on -ctk f16 -ctv f16 -mmp 1 -o csv --ctx-size 165120 -ot '^blk[.][0-9]+[.](attn_(k|v|q|output)|ffn_(down|gate|up))[.]weight$=CUDA_Hybrid'
ggml_cuda_init: found 1 CUDA devices (Total VRAM: 32109 MiB):
  Device 0: NVIDIA GeForce RTX 5090, compute capability 12.0, VMM: yes, VRAM: 32109 MiB
hybrid_vmm,mode=staging,selection=global_budget,requested_pages=91,requested_bytes=190840832,requested_mib=182.000,gross_pages=91,gross_bytes=190840832,gross_mib=182.000,staging_bytes=8388608,staging_mib=8.000,net_bytes=182452224,net_mib=174.000,eligible_pages=7470,selected_tensors=91,layers=60,buffer_bytes=16524435968,local_physical_bytes=16334716928,page_bytes=2097152,buffer_mib=15758.930,remote_mib=182.000,local_physical_mib=15578.000,net_saved_mib=174.000,page_mib=2.000
logit_checksum,prompt,2417196da4492390,nonfinite=0
logit_checksum,prompt,0453392d6142afd3,nonfinite=0
logit_checksum,prompt,8c39d6d410e92623,nonfinite=0
logit_checksum,prompt,ce38b3f3a7a05142,nonfinite=0
logit_checksum,prompt,556c3b871bf91e81,nonfinite=0
build_commit,build_number,cpu_info,gpu_info,backends,model_filename,model_type,model_size,model_n_params,n_batch,n_ubatch,n_threads,cpu_mask,cpu_strict,poll,type_k,type_v,n_gpu_layers,n_cpu_moe,split_mode,main_gpu,no_kv_offload,flash_attn,devices,tensor_split,tensor_buft_overrides,use_mmap,use_direct_io,embeddings,no_op_offload,no_host,fit_target,fit_min_ctx,n_ctx,n_prompt,n_gen,n_depth,test_time,avg_ns,stddev_ns,avg_ts,stddev_ts
"b820cc8","1","Intel(R) Core(TM) Ultra 5 230F","NVIDIA GeForce RTX 5090","CUDA","/home/wici/voice-lab/models/gguf/gemma-4-31B-it-Q4_0.gguf","gemma4 31B Q4_0","17322412272","30697345596","512","512","8","0x0","0","50","f16","f16","-1","0","layer","0","0","1","auto","0.00","^blk[.][0-9]+[.](attn_(k|v|q|output)|ffn_(down|gate|up))[.]weight$=CUDA_Hybrid","1","0","0","0","0","0","0","165120","512","0","0","2026-08-12T08:48:08Z","120811733","1868631","4238.794591","64.300582"
logit_checksum,prompt,c930f979f7f0aed4,nonfinite=0
logit_checksum,decode,0c8e93b3ecced1c6,nonfinite=0
logit_checksum,decode,319a6a234bb9ed88,nonfinite=0
logit_checksum,decode,1e95777bddcc71d5,nonfinite=0
logit_checksum,decode,fc3ff68058ffd54e,nonfinite=0
logit_checksum,decode,92560214e2ee8afd,nonfinite=0
logit_checksum,decode,ea317c3ff2b17152,nonfinite=0
"b820cc8","1","Intel(R) Core(TM) Ultra 5 230F","NVIDIA GeForce RTX 5090","CUDA","/home/wici/voice-lab/models/gguf/gemma-4-31B-it-Q4_0.gguf","gemma4 31B Q4_0","17322412272","30697345596","512","512","8","0x0","0","50","f16","f16","-1","0","layer","0","0","1","auto","0.00","^blk[.][0-9]+[.](attn_(k|v|q|output)|ffn_(down|gate|up))[.]weight$=CUDA_Hybrid","1","0","0","0","0","0","0","165120","0","64","0","2026-08-12T08:48:09Z","842429203","1831872","75.971062","0.164702"
result status=ok pp=4238.794591 tg=75.971062 peak=31564.000MiB
case scheme=intertidal_dma phase=dense ws=31.0GiB ctx=165120 control=pp:1.2
remote command: env -u LD_PRELOAD GGML_CUDA_HYBRID_MODE=staging GGML_CUDA_HYBRID_PAGE_BUDGET=99 LD_LIBRARY_PATH=/dev/shm/intertidal-capacity.mEP47j:/home/wici/llama.cpp/build-cuda/bin:/usr/local/cuda/lib64 LLAMA_BENCH_LOGIT_CHECKSUM=1 /home/wici/llama.cpp/build-cuda/bin/llama-bench -m /home/wici/voice-lab/models/gguf/gemma-4-31B-it-Q4_0.gguf -p 512 -n 64 -r 5 -t 8 -b 512 -ub 512 -fa on -ctk f16 -ctv f16 -mmp 1 -o csv --ctx-size 165120 -ot '^blk[.][0-9]+[.](attn_(k|v|q|output)|ffn_(down|gate|up))[.]weight$=CUDA_Hybrid'
ggml_cuda_init: found 1 CUDA devices (Total VRAM: 32109 MiB):
  Device 0: NVIDIA GeForce RTX 5090, compute capability 12.0, VMM: yes, VRAM: 32109 MiB
hybrid_vmm,mode=staging,selection=global_budget,requested_pages=99,requested_bytes=207618048,requested_mib=198.000,gross_pages=99,gross_bytes=207618048,gross_mib=198.000,staging_bytes=8388608,staging_mib=8.000,net_bytes=199229440,net_mib=190.000,eligible_pages=7470,selected_tensors=99,layers=60,buffer_bytes=16524435968,local_physical_bytes=16317939712,page_bytes=2097152,buffer_mib=15758.930,remote_mib=198.000,local_physical_mib=15562.000,net_saved_mib=190.000,page_mib=2.000
logit_checksum,prompt,2417196da4492390,nonfinite=0
logit_checksum,prompt,0453392d6142afd3,nonfinite=0
logit_checksum,prompt,8c39d6d410e92623,nonfinite=0
logit_checksum,prompt,ce38b3f3a7a05142,nonfinite=0
logit_checksum,prompt,556c3b871bf91e81,nonfinite=0
build_commit,build_number,cpu_info,gpu_info,backends,model_filename,model_type,model_size,model_n_params,n_batch,n_ubatch,n_threads,cpu_mask,cpu_strict,poll,type_k,type_v,n_gpu_layers,n_cpu_moe,split_mode,main_gpu,no_kv_offload,flash_attn,devices,tensor_split,tensor_buft_overrides,use_mmap,use_direct_io,embeddings,no_op_offload,no_host,fit_target,fit_min_ctx,n_ctx,n_prompt,n_gen,n_depth,test_time,avg_ns,stddev_ns,avg_ts,stddev_ts
logit_checksum,prompt,c930f979f7f0aed4,nonfinite=0
"b820cc8","1","Intel(R) Core(TM) Ultra 5 230F","NVIDIA GeForce RTX 5090","CUDA","/home/wici/voice-lab/models/gguf/gemma-4-31B-it-Q4_0.gguf","gemma4 31B Q4_0","17322412272","30697345596","512","512","8","0x0","0","50","f16","f16","-1","0","layer","0","0","1","auto","0.00","^blk[.][0-9]+[.](attn_(k|v|q|output)|ffn_(down|gate|up))[.]weight$=CUDA_Hybrid","1","0","0","0","0","0","0","165120","512","0","0","2026-08-12T08:48:16Z","120811487","1637139","4238.619332","56.433267"
logit_checksum,decode,0c8e93b3ecced1c6,nonfinite=0
logit_checksum,decode,319a6a234bb9ed88,nonfinite=0
logit_checksum,decode,1e95777bddcc71d5,nonfinite=0
logit_checksum,decode,fc3ff68058ffd54e,nonfinite=0
logit_checksum,decode,92560214e2ee8afd,nonfinite=0
"b820cc8","1","Intel(R) Core(TM) Ultra 5 230F","NVIDIA GeForce RTX 5090","CUDA","/home/wici/voice-lab/models/gguf/gemma-4-31B-it-Q4_0.gguf","gemma4 31B Q4_0","17322412272","30697345596","512","512","8","0x0","0","50","f16","f16","-1","0","layer","0","0","1","auto","0.00","^blk[.][0-9]+[.](attn_(k|v|q|output)|ffn_(down|gate|up))[.]weight$=CUDA_Hybrid","1","0","0","0","0","0","0","165120","0","64","0","2026-08-12T08:48:17Z","843449355","1743078","75.879148","0.156382"
logit_checksum,decode,ea317c3ff2b17152,nonfinite=0
result status=ok pp=4238.619332 tg=75.879148 peak=31548.000MiB
case scheme=intertidal_dma phase=dense ws=31.0GiB ctx=165120 control=pp:1.3
remote command: env -u LD_PRELOAD GGML_CUDA_HYBRID_MODE=staging GGML_CUDA_HYBRID_PAGE_BUDGET=107 LD_LIBRARY_PATH=/dev/shm/intertidal-capacity.mEP47j:/home/wici/llama.cpp/build-cuda/bin:/usr/local/cuda/lib64 LLAMA_BENCH_LOGIT_CHECKSUM=1 /home/wici/llama.cpp/build-cuda/bin/llama-bench -m /home/wici/voice-lab/models/gguf/gemma-4-31B-it-Q4_0.gguf -p 512 -n 64 -r 5 -t 8 -b 512 -ub 512 -fa on -ctk f16 -ctv f16 -mmp 1 -o csv --ctx-size 165120 -ot '^blk[.][0-9]+[.](attn_(k|v|q|output)|ffn_(down|gate|up))[.]weight$=CUDA_Hybrid'
ggml_cuda_init: found 1 CUDA devices (Total VRAM: 32109 MiB):
  Device 0: NVIDIA GeForce RTX 5090, compute capability 12.0, VMM: yes, VRAM: 32109 MiB
hybrid_vmm,mode=staging,selection=global_budget,requested_pages=107,requested_bytes=224395264,requested_mib=214.000,gross_pages=107,gross_bytes=224395264,gross_mib=214.000,staging_bytes=8388608,staging_mib=8.000,net_bytes=216006656,net_mib=206.000,eligible_pages=7470,selected_tensors=107,layers=60,buffer_bytes=16524435968,local_physical_bytes=16301162496,page_bytes=2097152,buffer_mib=15758.930,remote_mib=214.000,local_physical_mib=15546.000,net_saved_mib=206.000,page_mib=2.000
logit_checksum,prompt,2417196da4492390,nonfinite=0
logit_checksum,prompt,0453392d6142afd3,nonfinite=0
logit_checksum,prompt,8c39d6d410e92623,nonfinite=0
logit_checksum,prompt,ce38b3f3a7a05142,nonfinite=0
logit_checksum,prompt,556c3b871bf91e81,nonfinite=0
build_commit,build_number,cpu_info,gpu_info,backends,model_filename,model_type,model_size,model_n_params,n_batch,n_ubatch,n_threads,cpu_mask,cpu_strict,poll,type_k,type_v,n_gpu_layers,n_cpu_moe,split_mode,main_gpu,no_kv_offload,flash_attn,devices,tensor_split,tensor_buft_overrides,use_mmap,use_direct_io,embeddings,no_op_offload,no_host,fit_target,fit_min_ctx,n_ctx,n_prompt,n_gen,n_depth,test_time,avg_ns,stddev_ns,avg_ts,stddev_ts
logit_checksum,prompt,c930f979f7f0aed4,nonfinite=0
"b820cc8","1","Intel(R) Core(TM) Ultra 5 230F","NVIDIA GeForce RTX 5090","CUDA","/home/wici/voice-lab/models/gguf/gemma-4-31B-it-Q4_0.gguf","gemma4 31B Q4_0","17322412272","30697345596","512","512","8","0x0","0","50","f16","f16","-1","0","layer","0","0","1","auto","0.00","^blk[.][0-9]+[.](attn_(k|v|q|output)|ffn_(down|gate|up))[.]weight$=CUDA_Hybrid","1","0","0","0","0","0","0","165120","512","0","0","2026-08-12T08:48:24Z","120926425","1699868","4234.636893","58.463783"
logit_checksum,decode,0c8e93b3ecced1c6,nonfinite=0
logit_checksum,decode,319a6a234bb9ed88,nonfinite=0
logit_checksum,decode,1e95777bddcc71d5,nonfinite=0
logit_checksum,decode,fc3ff68058ffd54e,nonfinite=0
logit_checksum,decode,92560214e2ee8afd,nonfinite=0
"b820cc8","1","Intel(R) Core(TM) Ultra 5 230F","NVIDIA GeForce RTX 5090","CUDA","/home/wici/voice-lab/models/gguf/gemma-4-31B-it-Q4_0.gguf","gemma4 31B Q4_0","17322412272","30697345596","512","512","8","0x0","0","50","f16","f16","-1","0","layer","0","0","1","auto","0.00","^blk[.][0-9]+[.](attn_(k|v|q|output)|ffn_(down|gate|up))[.]weight$=CUDA_Hybrid","1","0","0","0","0","0","0","165120","0","64","0","2026-08-12T08:48:24Z","843464807","1728119","75.877753","0.155025"
logit_checksum,decode,ea317c3ff2b17152,nonfinite=0
result status=ok pp=4234.636893 tg=75.877753 peak=31532.000MiB
case scheme=intertidal_dma phase=dense ws=31.0GiB ctx=165120 control=pp:1.4
remote command: env -u LD_PRELOAD GGML_CUDA_HYBRID_MODE=staging GGML_CUDA_HYBRID_PAGE_BUDGET=116 LD_LIBRARY_PATH=/dev/shm/intertidal-capacity.mEP47j:/home/wici/llama.cpp/build-cuda/bin:/usr/local/cuda/lib64 LLAMA_BENCH_LOGIT_CHECKSUM=1 /home/wici/llama.cpp/build-cuda/bin/llama-bench -m /home/wici/voice-lab/models/gguf/gemma-4-31B-it-Q4_0.gguf -p 512 -n 64 -r 5 -t 8 -b 512 -ub 512 -fa on -ctk f16 -ctv f16 -mmp 1 -o csv --ctx-size 165120 -ot '^blk[.][0-9]+[.](attn_(k|v|q|output)|ffn_(down|gate|up))[.]weight$=CUDA_Hybrid'
ggml_cuda_init: found 1 CUDA devices (Total VRAM: 32109 MiB):
  Device 0: NVIDIA GeForce RTX 5090, compute capability 12.0, VMM: yes, VRAM: 32109 MiB
hybrid_vmm,mode=staging,selection=global_budget,requested_pages=116,requested_bytes=243269632,requested_mib=232.000,gross_pages=116,gross_bytes=243269632,gross_mib=232.000,staging_bytes=8388608,staging_mib=8.000,net_bytes=234881024,net_mib=224.000,eligible_pages=7470,selected_tensors=116,layers=60,buffer_bytes=16524435968,local_physical_bytes=16282288128,page_bytes=2097152,buffer_mib=15758.930,remote_mib=232.000,local_physical_mib=15528.000,net_saved_mib=224.000,page_mib=2.000
logit_checksum,prompt,2417196da4492390,nonfinite=0
logit_checksum,prompt,0453392d6142afd3,nonfinite=0
logit_checksum,prompt,8c39d6d410e92623,nonfinite=0
logit_checksum,prompt,ce38b3f3a7a05142,nonfinite=0
logit_checksum,prompt,556c3b871bf91e81,nonfinite=0
logit_checksum,prompt,c930f979f7f0aed4,nonfinite=0
build_commit,build_number,cpu_info,gpu_info,backends,model_filename,model_type,model_size,model_n_params,n_batch,n_ubatch,n_threads,cpu_mask,cpu_strict,poll,type_k,type_v,n_gpu_layers,n_cpu_moe,split_mode,main_gpu,no_kv_offload,flash_attn,devices,tensor_split,tensor_buft_overrides,use_mmap,use_direct_io,embeddings,no_op_offload,no_host,fit_target,fit_min_ctx,n_ctx,n_prompt,n_gen,n_depth,test_time,avg_ns,stddev_ns,avg_ts,stddev_ts
"b820cc8","1","Intel(R) Core(TM) Ultra 5 230F","NVIDIA GeForce RTX 5090","CUDA","/home/wici/voice-lab/models/gguf/gemma-4-31B-it-Q4_0.gguf","gemma4 31B Q4_0","17322412272","30697345596","512","512","8","0x0","0","50","f16","f16","-1","0","layer","0","0","1","auto","0.00","^blk[.][0-9]+[.](attn_(k|v|q|output)|ffn_(down|gate|up))[.]weight$=CUDA_Hybrid","1","0","0","0","0","0","0","165120","512","0","0","2026-08-12T08:48:31Z","120953781","1538965","4233.561023","52.972267"
logit_checksum,decode,0c8e93b3ecced1c6,nonfinite=0
logit_checksum,decode,319a6a234bb9ed88,nonfinite=0
logit_checksum,decode,1e95777bddcc71d5,nonfinite=0
logit_checksum,decode,fc3ff68058ffd54e,nonfinite=0
logit_checksum,decode,92560214e2ee8afd,nonfinite=0
"b820cc8","1","Intel(R) Core(TM) Ultra 5 230F","NVIDIA GeForce RTX 5090","CUDA","/home/wici/voice-lab/models/gguf/gemma-4-31B-it-Q4_0.gguf","gemma4 31B Q4_0","17322412272","30697345596","512","512","8","0x0","0","50","f16","f16","-1","0","layer","0","0","1","auto","0.00","^blk[.][0-9]+[.](attn_(k|v|q|output)|ffn_(down|gate|up))[.]weight$=CUDA_Hybrid","1","0","0","0","0","0","0","165120","0","64","0","2026-08-12T08:48:32Z","844002404","1804224","75.829444","0.161600"
logit_checksum,decode,ea317c3ff2b17152,nonfinite=0
result status=ok pp=4233.561023 tg=75.829444 peak=31514.000MiB
case scheme=intertidal_dma phase=dense ws=31.0GiB ctx=165120 control=pp:1.5
remote command: env -u LD_PRELOAD GGML_CUDA_HYBRID_MODE=staging GGML_CUDA_HYBRID_PAGE_BUDGET=124 LD_LIBRARY_PATH=/dev/shm/intertidal-capacity.mEP47j:/home/wici/llama.cpp/build-cuda/bin:/usr/local/cuda/lib64 LLAMA_BENCH_LOGIT_CHECKSUM=1 /home/wici/llama.cpp/build-cuda/bin/llama-bench -m /home/wici/voice-lab/models/gguf/gemma-4-31B-it-Q4_0.gguf -p 512 -n 64 -r 5 -t 8 -b 512 -ub 512 -fa on -ctk f16 -ctv f16 -mmp 1 -o csv --ctx-size 165120 -ot '^blk[.][0-9]+[.](attn_(k|v|q|output)|ffn_(down|gate|up))[.]weight$=CUDA_Hybrid'
ggml_cuda_init: found 1 CUDA devices (Total VRAM: 32109 MiB):
  Device 0: NVIDIA GeForce RTX 5090, compute capability 12.0, VMM: yes, VRAM: 32109 MiB
hybrid_vmm,mode=staging,selection=global_budget,requested_pages=124,requested_bytes=260046848,requested_mib=248.000,gross_pages=124,gross_bytes=260046848,gross_mib=248.000,staging_bytes=12582912,staging_mib=12.000,net_bytes=247463936,net_mib=236.000,eligible_pages=7470,selected_tensors=124,layers=60,buffer_bytes=16524435968,local_physical_bytes=16265510912,page_bytes=2097152,buffer_mib=15758.930,remote_mib=248.000,local_physical_mib=15512.000,net_saved_mib=236.000,page_mib=2.000
logit_checksum,prompt,2417196da4492390,nonfinite=0
logit_checksum,prompt,0453392d6142afd3,nonfinite=0
logit_checksum,prompt,8c39d6d410e92623,nonfinite=0
logit_checksum,prompt,ce38b3f3a7a05142,nonfinite=0
logit_checksum,prompt,556c3b871bf91e81,nonfinite=0
build_commit,build_number,cpu_info,gpu_info,backends,model_filename,model_type,model_size,model_n_params,n_batch,n_ubatch,n_threads,cpu_mask,cpu_strict,poll,type_k,type_v,n_gpu_layers,n_cpu_moe,split_mode,main_gpu,no_kv_offload,flash_attn,devices,tensor_split,tensor_buft_overrides,use_mmap,use_direct_io,embeddings,no_op_offload,no_host,fit_target,fit_min_ctx,n_ctx,n_prompt,n_gen,n_depth,test_time,avg_ns,stddev_ns,avg_ts,stddev_ts
logit_checksum,prompt,c930f979f7f0aed4,nonfinite=0
"b820cc8","1","Intel(R) Core(TM) Ultra 5 230F","NVIDIA GeForce RTX 5090","CUDA","/home/wici/voice-lab/models/gguf/gemma-4-31B-it-Q4_0.gguf","gemma4 31B Q4_0","17322412272","30697345596","512","512","8","0x0","0","50","f16","f16","-1","0","layer","0","0","1","auto","0.00","^blk[.][0-9]+[.](attn_(k|v|q|output)|ffn_(down|gate|up))[.]weight$=CUDA_Hybrid","1","0","0","0","0","0","0","165120","512","0","0","2026-08-12T08:48:39Z","120985096","1442553","4232.400133","49.683228"
logit_checksum,decode,0c8e93b3ecced1c6,nonfinite=0
logit_checksum,decode,319a6a234bb9ed88,nonfinite=0
logit_checksum,decode,1e95777bddcc71d5,nonfinite=0
logit_checksum,decode,fc3ff68058ffd54e,nonfinite=0
logit_checksum,decode,92560214e2ee8afd,nonfinite=0
"b820cc8","1","Intel(R) Core(TM) Ultra 5 230F","NVIDIA GeForce RTX 5090","CUDA","/home/wici/voice-lab/models/gguf/gemma-4-31B-it-Q4_0.gguf","gemma4 31B Q4_0","17322412272","30697345596","512","512","8","0x0","0","50","f16","f16","-1","0","layer","0","0","1","auto","0.00","^blk[.][0-9]+[.](attn_(k|v|q|output)|ffn_(down|gate|up))[.]weight$=CUDA_Hybrid","1","0","0","0","0","0","0","165120","0","64","0","2026-08-12T08:48:40Z","844549135","1692859","75.780322","0.151497"
logit_checksum,decode,ea317c3ff2b17152,nonfinite=0
result status=ok pp=4232.400133 tg=75.780322 peak=31502.000MiB
case scheme=intertidal_dma phase=dense ws=31.0GiB ctx=165120 control=pp:1.6
remote command: env -u LD_PRELOAD GGML_CUDA_HYBRID_MODE=staging GGML_CUDA_HYBRID_PAGE_BUDGET=132 LD_LIBRARY_PATH=/dev/shm/intertidal-capacity.mEP47j:/home/wici/llama.cpp/build-cuda/bin:/usr/local/cuda/lib64 LLAMA_BENCH_LOGIT_CHECKSUM=1 /home/wici/llama.cpp/build-cuda/bin/llama-bench -m /home/wici/voice-lab/models/gguf/gemma-4-31B-it-Q4_0.gguf -p 512 -n 64 -r 5 -t 8 -b 512 -ub 512 -fa on -ctk f16 -ctv f16 -mmp 1 -o csv --ctx-size 165120 -ot '^blk[.][0-9]+[.](attn_(k|v|q|output)|ffn_(down|gate|up))[.]weight$=CUDA_Hybrid'
ggml_cuda_init: found 1 CUDA devices (Total VRAM: 32109 MiB):
  Device 0: NVIDIA GeForce RTX 5090, compute capability 12.0, VMM: yes, VRAM: 32109 MiB
hybrid_vmm,mode=staging,selection=global_budget,requested_pages=132,requested_bytes=276824064,requested_mib=264.000,gross_pages=132,gross_bytes=276824064,gross_mib=264.000,staging_bytes=12582912,staging_mib=12.000,net_bytes=264241152,net_mib=252.000,eligible_pages=7470,selected_tensors=132,layers=60,buffer_bytes=16524435968,local_physical_bytes=16248733696,page_bytes=2097152,buffer_mib=15758.930,remote_mib=264.000,local_physical_mib=15496.000,net_saved_mib=252.000,page_mib=2.000
logit_checksum,prompt,2417196da4492390,nonfinite=0
logit_checksum,prompt,0453392d6142afd3,nonfinite=0
logit_checksum,prompt,8c39d6d410e92623,nonfinite=0
logit_checksum,prompt,ce38b3f3a7a05142,nonfinite=0
logit_checksum,prompt,556c3b871bf91e81,nonfinite=0
logit_checksum,prompt,c930f979f7f0aed4,nonfinite=0
build_commit,build_number,cpu_info,gpu_info,backends,model_filename,model_type,model_size,model_n_params,n_batch,n_ubatch,n_threads,cpu_mask,cpu_strict,poll,type_k,type_v,n_gpu_layers,n_cpu_moe,split_mode,main_gpu,no_kv_offload,flash_attn,devices,tensor_split,tensor_buft_overrides,use_mmap,use_direct_io,embeddings,no_op_offload,no_host,fit_target,fit_min_ctx,n_ctx,n_prompt,n_gen,n_depth,test_time,avg_ns,stddev_ns,avg_ts,stddev_ts
"b820cc8","1","Intel(R) Core(TM) Ultra 5 230F","NVIDIA GeForce RTX 5090","CUDA","/home/wici/voice-lab/models/gguf/gemma-4-31B-it-Q4_0.gguf","gemma4 31B Q4_0","17322412272","30697345596","512","512","8","0x0","0","50","f16","f16","-1","0","layer","0","0","1","auto","0.00","^blk[.][0-9]+[.](attn_(k|v|q|output)|ffn_(down|gate|up))[.]weight$=CUDA_Hybrid","1","0","0","0","0","0","0","165120","512","0","0","2026-08-12T08:48:51Z","120849280","1893346","4237.500723","65.306307"
logit_checksum,decode,0c8e93b3ecced1c6,nonfinite=0
logit_checksum,decode,319a6a234bb9ed88,nonfinite=0
logit_checksum,decode,1e95777bddcc71d5,nonfinite=0
logit_checksum,decode,fc3ff68058ffd54e,nonfinite=0
logit_checksum,decode,92560214e2ee8afd,nonfinite=0
"b820cc8","1","Intel(R) Core(TM) Ultra 5 230F","NVIDIA GeForce RTX 5090","CUDA","/home/wici/voice-lab/models/gguf/gemma-4-31B-it-Q4_0.gguf","gemma4 31B Q4_0","17322412272","30697345596","512","512","8","0x0","0","50","f16","f16","-1","0","layer","0","0","1","auto","0.00","^blk[.][0-9]+[.](attn_(k|v|q|output)|ffn_(down|gate|up))[.]weight$=CUDA_Hybrid","1","0","0","0","0","0","0","165120","0","64","0","2026-08-12T08:48:52Z","845697609","1689736","75.677409","0.150780"
logit_checksum,decode,ea317c3ff2b17152,nonfinite=0
result status=ok pp=4237.500723 tg=75.677409 peak=31486.000MiB
case scheme=intertidal_dma phase=dense ws=31.0GiB ctx=165120 control=pp:1.7
remote command: env -u LD_PRELOAD GGML_CUDA_HYBRID_MODE=staging GGML_CUDA_HYBRID_PAGE_BUDGET=140 LD_LIBRARY_PATH=/dev/shm/intertidal-capacity.mEP47j:/home/wici/llama.cpp/build-cuda/bin:/usr/local/cuda/lib64 LLAMA_BENCH_LOGIT_CHECKSUM=1 /home/wici/llama.cpp/build-cuda/bin/llama-bench -m /home/wici/voice-lab/models/gguf/gemma-4-31B-it-Q4_0.gguf -p 512 -n 64 -r 5 -t 8 -b 512 -ub 512 -fa on -ctk f16 -ctv f16 -mmp 1 -o csv --ctx-size 165120 -ot '^blk[.][0-9]+[.](attn_(k|v|q|output)|ffn_(down|gate|up))[.]weight$=CUDA_Hybrid'
ggml_cuda_init: found 1 CUDA devices (Total VRAM: 32109 MiB):
  Device 0: NVIDIA GeForce RTX 5090, compute capability 12.0, VMM: yes, VRAM: 32109 MiB
hybrid_vmm,mode=staging,selection=global_budget,requested_pages=140,requested_bytes=293601280,requested_mib=280.000,gross_pages=140,gross_bytes=293601280,gross_mib=280.000,staging_bytes=12582912,staging_mib=12.000,net_bytes=281018368,net_mib=268.000,eligible_pages=7470,selected_tensors=140,layers=60,buffer_bytes=16524435968,local_physical_bytes=16231956480,page_bytes=2097152,buffer_mib=15758.930,remote_mib=280.000,local_physical_mib=15480.000,net_saved_mib=268.000,page_mib=2.000
build_commit,build_number,cpu_info,gpu_info,backends,model_filename,model_type,model_size,model_n_params,n_batch,n_ubatch,n_threads,cpu_mask,cpu_strict,poll,type_k,type_v,n_gpu_layers,n_cpu_moe,split_mode,main_gpu,no_kv_offload,flash_attn,devices,tensor_split,tensor_buft_overrides,use_mmap,use_direct_io,embeddings,no_op_offload,no_host,fit_target,fit_min_ctx,n_ctx,n_prompt,n_gen,n_depth,test_time,avg_ns,stddev_ns,avg_ts,stddev_ts
"b820cc8","1","Intel(R) Core(TM) Ultra 5 230F","NVIDIA GeForce RTX 5090","CUDA","/home/wici/voice-lab/models/gguf/gemma-4-31B-it-Q4_0.gguf","gemma4 31B Q4_0","17322412272","30697345596","512","512","8","0x0","0","50","f16","f16","-1","0","layer","0","0","1","auto","0.00","^blk[.][0-9]+[.](attn_(k|v|q|output)|ffn_(down|gate|up))[.]weight$=CUDA_Hybrid","1","0","0","0","0","0","0","165120","512","0","0","2026-08-12T08:49:04Z","120751068","1830805","4240.895932","63.305042"
logit_checksum,prompt,2417196da4492390,nonfinite=0
logit_checksum,prompt,0453392d6142afd3,nonfinite=0
logit_checksum,prompt,8c39d6d410e92623,nonfinite=0
logit_checksum,prompt,ce38b3f3a7a05142,nonfinite=0
logit_checksum,prompt,556c3b871bf91e81,nonfinite=0
logit_checksum,prompt,c930f979f7f0aed4,nonfinite=0
logit_checksum,decode,0c8e93b3ecced1c6,nonfinite=0
logit_checksum,decode,319a6a234bb9ed88,nonfinite=0
logit_checksum,decode,1e95777bddcc71d5,nonfinite=0
logit_checksum,decode,fc3ff68058ffd54e,nonfinite=0
logit_checksum,decode,92560214e2ee8afd,nonfinite=0
"b820cc8","1","Intel(R) Core(TM) Ultra 5 230F","NVIDIA GeForce RTX 5090","CUDA","/home/wici/voice-lab/models/gguf/gemma-4-31B-it-Q4_0.gguf","gemma4 31B Q4_0","17322412272","30697345596","512","512","8","0x0","0","50","f16","f16","-1","0","layer","0","0","1","auto","0.00","^blk[.][0-9]+[.](attn_(k|v|q|output)|ffn_(down|gate|up))[.]weight$=CUDA_Hybrid","1","0","0","0","0","0","0","165120","0","64","0","2026-08-12T08:49:04Z","846039956","1815697","75.646823","0.161871"
logit_checksum,decode,ea317c3ff2b17152,nonfinite=0
result status=ok pp=4240.895932 tg=75.646823 peak=31470.000MiB
case scheme=intertidal_dma phase=dense ws=31.0GiB ctx=165120 control=pp:1.8
remote command: env -u LD_PRELOAD GGML_CUDA_HYBRID_MODE=staging GGML_CUDA_HYBRID_PAGE_BUDGET=149 LD_LIBRARY_PATH=/dev/shm/intertidal-capacity.mEP47j:/home/wici/llama.cpp/build-cuda/bin:/usr/local/cuda/lib64 LLAMA_BENCH_LOGIT_CHECKSUM=1 /home/wici/llama.cpp/build-cuda/bin/llama-bench -m /home/wici/voice-lab/models/gguf/gemma-4-31B-it-Q4_0.gguf -p 512 -n 64 -r 5 -t 8 -b 512 -ub 512 -fa on -ctk f16 -ctv f16 -mmp 1 -o csv --ctx-size 165120 -ot '^blk[.][0-9]+[.](attn_(k|v|q|output)|ffn_(down|gate|up))[.]weight$=CUDA_Hybrid'
ggml_cuda_init: found 1 CUDA devices (Total VRAM: 32109 MiB):
  Device 0: NVIDIA GeForce RTX 5090, compute capability 12.0, VMM: yes, VRAM: 32109 MiB
hybrid_vmm,mode=staging,selection=global_budget,requested_pages=149,requested_bytes=312475648,requested_mib=298.000,gross_pages=149,gross_bytes=312475648,gross_mib=298.000,staging_bytes=12582912,staging_mib=12.000,net_bytes=299892736,net_mib=286.000,eligible_pages=7470,selected_tensors=149,layers=60,buffer_bytes=16524435968,local_physical_bytes=16213082112,page_bytes=2097152,buffer_mib=15758.930,remote_mib=298.000,local_physical_mib=15462.000,net_saved_mib=286.000,page_mib=2.000
logit_checksum,prompt,2417196da4492390,nonfinite=0
logit_checksum,prompt,0453392d6142afd3,nonfinite=0
logit_checksum,prompt,8c39d6d410e92623,nonfinite=0
logit_checksum,prompt,ce38b3f3a7a05142,nonfinite=0
build_commit,build_number,cpu_info,gpu_info,backends,model_filename,model_type,model_size,model_n_params,n_batch,n_ubatch,n_threads,cpu_mask,cpu_strict,poll,type_k,type_v,n_gpu_layers,n_cpu_moe,split_mode,main_gpu,no_kv_offload,flash_attn,devices,tensor_split,tensor_buft_overrides,use_mmap,use_direct_io,embeddings,no_op_offload,no_host,fit_target,fit_min_ctx,n_ctx,n_prompt,n_gen,n_depth,test_time,avg_ns,stddev_ns,avg_ts,stddev_ts
"b820cc8","1","Intel(R) Core(TM) Ultra 5 230F","NVIDIA GeForce RTX 5090","CUDA","/home/wici/voice-lab/models/gguf/gemma-4-31B-it-Q4_0.gguf","gemma4 31B Q4_0","17322412272","30697345596","512","512","8","0x0","0","50","f16","f16","-1","0","layer","0","0","1","auto","0.00","^blk[.][0-9]+[.](attn_(k|v|q|output)|ffn_(down|gate|up))[.]weight$=CUDA_Hybrid","1","0","0","0","0","0","0","165120","512","0","0","2026-08-12T08:49:19Z","120811432","2202853","4239.115288","75.809031"
logit_checksum,prompt,556c3b871bf91e81,nonfinite=0
logit_checksum,prompt,c930f979f7f0aed4,nonfinite=0
logit_checksum,decode,0c8e93b3ecced1c6,nonfinite=0
logit_checksum,decode,319a6a234bb9ed88,nonfinite=0
logit_checksum,decode,1e95777bddcc71d5,nonfinite=0
logit_checksum,decode,fc3ff68058ffd54e,nonfinite=0
"b820cc8","1","Intel(R) Core(TM) Ultra 5 230F","NVIDIA GeForce RTX 5090","CUDA","/home/wici/voice-lab/models/gguf/gemma-4-31B-it-Q4_0.gguf","gemma4 31B Q4_0","17322412272","30697345596","512","512","8","0x0","0","50","f16","f16","-1","0","layer","0","0","1","auto","0.00","^blk[.][0-9]+[.](attn_(k|v|q|output)|ffn_(down|gate|up))[.]weight$=CUDA_Hybrid","1","0","0","0","0","0","0","165120","0","64","0","2026-08-12T08:49:20Z","846798579","1827690","75.579057","0.162629"
logit_checksum,decode,92560214e2ee8afd,nonfinite=0
logit_checksum,decode,ea317c3ff2b17152,nonfinite=0
result status=ok pp=4239.115288 tg=75.579057 peak=31452.000MiB
case scheme=intertidal_dma phase=dense ws=31.0GiB ctx=165120 control=pp:1.9
remote command: env -u LD_PRELOAD GGML_CUDA_HYBRID_MODE=staging GGML_CUDA_HYBRID_PAGE_BUDGET=157 LD_LIBRARY_PATH=/dev/shm/intertidal-capacity.mEP47j:/home/wici/llama.cpp/build-cuda/bin:/usr/local/cuda/lib64 LLAMA_BENCH_LOGIT_CHECKSUM=1 /home/wici/llama.cpp/build-cuda/bin/llama-bench -m /home/wici/voice-lab/models/gguf/gemma-4-31B-it-Q4_0.gguf -p 512 -n 64 -r 5 -t 8 -b 512 -ub 512 -fa on -ctk f16 -ctv f16 -mmp 1 -o csv --ctx-size 165120 -ot '^blk[.][0-9]+[.](attn_(k|v|q|output)|ffn_(down|gate|up))[.]weight$=CUDA_Hybrid'
ggml_cuda_init: found 1 CUDA devices (Total VRAM: 32109 MiB):
  Device 0: NVIDIA GeForce RTX 5090, compute capability 12.0, VMM: yes, VRAM: 32109 MiB
hybrid_vmm,mode=staging,selection=global_budget,requested_pages=157,requested_bytes=329252864,requested_mib=314.000,gross_pages=157,gross_bytes=329252864,gross_mib=314.000,staging_bytes=12582912,staging_mib=12.000,net_bytes=316669952,net_mib=302.000,eligible_pages=7470,selected_tensors=157,layers=60,buffer_bytes=16524435968,local_physical_bytes=16196304896,page_bytes=2097152,buffer_mib=15758.930,remote_mib=314.000,local_physical_mib=15446.000,net_saved_mib=302.000,page_mib=2.000
logit_checksum,prompt,2417196da4492390,nonfinite=0
logit_checksum,prompt,0453392d6142afd3,nonfinite=0
logit_checksum,prompt,8c39d6d410e92623,nonfinite=0
logit_checksum,prompt,ce38b3f3a7a05142,nonfinite=0
logit_checksum,prompt,556c3b871bf91e81,nonfinite=0
logit_checksum,prompt,c930f979f7f0aed4,nonfinite=0
build_commit,build_number,cpu_info,gpu_info,backends,model_filename,model_type,model_size,model_n_params,n_batch,n_ubatch,n_threads,cpu_mask,cpu_strict,poll,type_k,type_v,n_gpu_layers,n_cpu_moe,split_mode,main_gpu,no_kv_offload,flash_attn,devices,tensor_split,tensor_buft_overrides,use_mmap,use_direct_io,embeddings,no_op_offload,no_host,fit_target,fit_min_ctx,n_ctx,n_prompt,n_gen,n_depth,test_time,avg_ns,stddev_ns,avg_ts,stddev_ts
logit_checksum,decode,0c8e93b3ecced1c6,nonfinite=0
"b820cc8","1","Intel(R) Core(TM) Ultra 5 230F","NVIDIA GeForce RTX 5090","CUDA","/home/wici/voice-lab/models/gguf/gemma-4-31B-it-Q4_0.gguf","gemma4 31B Q4_0","17322412272","30697345596","512","512","8","0x0","0","50","f16","f16","-1","0","layer","0","0","1","auto","0.00","^blk[.][0-9]+[.](attn_(k|v|q|output)|ffn_(down|gate|up))[.]weight$=CUDA_Hybrid","1","0","0","0","0","0","0","165120","512","0","0","2026-08-12T08:49:37Z","120576861","1952698","4247.129945","67.604588"
logit_checksum,decode,319a6a234bb9ed88,nonfinite=0
logit_checksum,decode,1e95777bddcc71d5,nonfinite=0
logit_checksum,decode,fc3ff68058ffd54e,nonfinite=0
"b820cc8","1","Intel(R) Core(TM) Ultra 5 230F","NVIDIA GeForce RTX 5090","CUDA","/home/wici/voice-lab/models/gguf/gemma-4-31B-it-Q4_0.gguf","gemma4 31B Q4_0","17322412272","30697345596","512","512","8","0x0","0","50","f16","f16","-1","0","layer","0","0","1","auto","0.00","^blk[.][0-9]+[.](attn_(k|v|q|output)|ffn_(down|gate|up))[.]weight$=CUDA_Hybrid","1","0","0","0","0","0","0","165120","0","64","0","2026-08-12T08:49:38Z","847653251","1836346","75.502854","0.163054"
logit_checksum,decode,92560214e2ee8afd,nonfinite=0
logit_checksum,decode,ea317c3ff2b17152,nonfinite=0
result status=ok pp=4247.129945 tg=75.502854 peak=31436.000MiB
skip intertidal_dma ws=31.0 control=pp:2 status=ok
case scheme=intertidal_dma phase=dense ws=31.0GiB ctx=165120 control=pp:2.1
remote command: env -u LD_PRELOAD GGML_CUDA_HYBRID_MODE=staging GGML_CUDA_HYBRID_PAGE_BUDGET=173 LD_LIBRARY_PATH=/dev/shm/intertidal-capacity.mEP47j:/home/wici/llama.cpp/build-cuda/bin:/usr/local/cuda/lib64 LLAMA_BENCH_LOGIT_CHECKSUM=1 /home/wici/llama.cpp/build-cuda/bin/llama-bench -m /home/wici/voice-lab/models/gguf/gemma-4-31B-it-Q4_0.gguf -p 512 -n 64 -r 5 -t 8 -b 512 -ub 512 -fa on -ctk f16 -ctv f16 -mmp 1 -o csv --ctx-size 165120 -ot '^blk[.][0-9]+[.](attn_(k|v|q|output)|ffn_(down|gate|up))[.]weight$=CUDA_Hybrid'
ggml_cuda_init: found 1 CUDA devices (Total VRAM: 32109 MiB):
  Device 0: NVIDIA GeForce RTX 5090, compute capability 12.0, VMM: yes, VRAM: 32109 MiB
hybrid_vmm,mode=staging,selection=global_budget,requested_pages=173,requested_bytes=362807296,requested_mib=346.000,gross_pages=173,gross_bytes=362807296,gross_mib=346.000,staging_bytes=12582912,staging_mib=12.000,net_bytes=350224384,net_mib=334.000,eligible_pages=7470,selected_tensors=173,layers=60,buffer_bytes=16524435968,local_physical_bytes=16162750464,page_bytes=2097152,buffer_mib=15758.930,remote_mib=346.000,local_physical_mib=15414.000,net_saved_mib=334.000,page_mib=2.000
logit_checksum,prompt,2417196da4492390,nonfinite=0
logit_checksum,prompt,0453392d6142afd3,nonfinite=0
logit_checksum,prompt,8c39d6d410e92623,nonfinite=0
logit_checksum,prompt,ce38b3f3a7a05142,nonfinite=0
logit_checksum,prompt,556c3b871bf91e81,nonfinite=0
logit_checksum,prompt,c930f979f7f0aed4,nonfinite=0
build_commit,build_number,cpu_info,gpu_info,backends,model_filename,model_type,model_size,model_n_params,n_batch,n_ubatch,n_threads,cpu_mask,cpu_strict,poll,type_k,type_v,n_gpu_layers,n_cpu_moe,split_mode,main_gpu,no_kv_offload,flash_attn,devices,tensor_split,tensor_buft_overrides,use_mmap,use_direct_io,embeddings,no_op_offload,no_host,fit_target,fit_min_ctx,n_ctx,n_prompt,n_gen,n_depth,test_time,avg_ns,stddev_ns,avg_ts,stddev_ts
"b820cc8","1","Intel(R) Core(TM) Ultra 5 230F","NVIDIA GeForce RTX 5090","CUDA","/home/wici/voice-lab/models/gguf/gemma-4-31B-it-Q4_0.gguf","gemma4 31B Q4_0","17322412272","30697345596","512","512","8","0x0","0","50","f16","f16","-1","0","layer","0","0","1","auto","0.00","^blk[.][0-9]+[.](attn_(k|v|q|output)|ffn_(down|gate|up))[.]weight$=CUDA_Hybrid","1","0","0","0","0","0","0","165120","512","0","0","2026-08-12T08:49:52Z","120445839","2128461","4251.917136","73.846334"
logit_checksum,decode,0c8e93b3ecced1c6,nonfinite=0
logit_checksum,decode,319a6a234bb9ed88,nonfinite=0
logit_checksum,decode,1e95777bddcc71d5,nonfinite=0
logit_checksum,decode,fc3ff68058ffd54e,nonfinite=0
logit_checksum,decode,92560214e2ee8afd,nonfinite=0
"b820cc8","1","Intel(R) Core(TM) Ultra 5 230F","NVIDIA GeForce RTX 5090","CUDA","/home/wici/voice-lab/models/gguf/gemma-4-31B-it-Q4_0.gguf","gemma4 31B Q4_0","17322412272","30697345596","512","512","8","0x0","0","50","f16","f16","-1","0","layer","0","0","1","auto","0.00","^blk[.][0-9]+[.](attn_(k|v|q|output)|ffn_(down|gate|up))[.]weight$=CUDA_Hybrid","1","0","0","0","0","0","0","165120","0","64","0","2026-08-12T08:49:53Z","848945261","1928171","75.387974","0.170678"
logit_checksum,decode,ea317c3ff2b17152,nonfinite=0
result status=ok pp=4251.917136 tg=75.387974 peak=31404.000MiB
case scheme=intertidal_dma phase=dense ws=31.0GiB ctx=165120 control=pp:2.2
remote command: env -u LD_PRELOAD GGML_CUDA_HYBRID_MODE=staging GGML_CUDA_HYBRID_PAGE_BUDGET=182 LD_LIBRARY_PATH=/dev/shm/intertidal-capacity.mEP47j:/home/wici/llama.cpp/build-cuda/bin:/usr/local/cuda/lib64 LLAMA_BENCH_LOGIT_CHECKSUM=1 /home/wici/llama.cpp/build-cuda/bin/llama-bench -m /home/wici/voice-lab/models/gguf/gemma-4-31B-it-Q4_0.gguf -p 512 -n 64 -r 5 -t 8 -b 512 -ub 512 -fa on -ctk f16 -ctv f16 -mmp 1 -o csv --ctx-size 165120 -ot '^blk[.][0-9]+[.](attn_(k|v|q|output)|ffn_(down|gate|up))[.]weight$=CUDA_Hybrid'
ggml_cuda_init: found 1 CUDA devices (Total VRAM: 32109 MiB):
  Device 0: NVIDIA GeForce RTX 5090, compute capability 12.0, VMM: yes, VRAM: 32109 MiB
hybrid_vmm,mode=staging,selection=global_budget,requested_pages=182,requested_bytes=381681664,requested_mib=364.000,gross_pages=182,gross_bytes=381681664,gross_mib=364.000,staging_bytes=16777216,staging_mib=16.000,net_bytes=364904448,net_mib=348.000,eligible_pages=7470,selected_tensors=182,layers=60,buffer_bytes=16524435968,local_physical_bytes=16143876096,page_bytes=2097152,buffer_mib=15758.930,remote_mib=364.000,local_physical_mib=15396.000,net_saved_mib=348.000,page_mib=2.000
logit_checksum,prompt,2417196da4492390,nonfinite=0
logit_checksum,prompt,0453392d6142afd3,nonfinite=0
logit_checksum,prompt,8c39d6d410e92623,nonfinite=0
build_commit,build_number,cpu_info,gpu_info,backends,model_filename,model_type,model_size,model_n_params,n_batch,n_ubatch,n_threads,cpu_mask,cpu_strict,poll,type_k,type_v,n_gpu_layers,n_cpu_moe,split_mode,main_gpu,no_kv_offload,flash_attn,devices,tensor_split,tensor_buft_overrides,use_mmap,use_direct_io,embeddings,no_op_offload,no_host,fit_target,fit_min_ctx,n_ctx,n_prompt,n_gen,n_depth,test_time,avg_ns,stddev_ns,avg_ts,stddev_ts
logit_checksum,prompt,ce38b3f3a7a05142,nonfinite=0
"b820cc8","1","Intel(R) Core(TM) Ultra 5 230F","NVIDIA GeForce RTX 5090","CUDA","/home/wici/voice-lab/models/gguf/gemma-4-31B-it-Q4_0.gguf","gemma4 31B Q4_0","17322412272","30697345596","512","512","8","0x0","0","50","f16","f16","-1","0","layer","0","0","1","auto","0.00","^blk[.][0-9]+[.](attn_(k|v|q|output)|ffn_(down|gate|up))[.]weight$=CUDA_Hybrid","1","0","0","0","0","0","0","165120","512","0","0","2026-08-12T08:50:02Z","120635556","1916768","4245.030772","66.294646"
logit_checksum,prompt,556c3b871bf91e81,nonfinite=0
logit_checksum,prompt,c930f979f7f0aed4,nonfinite=0
logit_checksum,decode,0c8e93b3ecced1c6,nonfinite=0
logit_checksum,decode,319a6a234bb9ed88,nonfinite=0
logit_checksum,decode,1e95777bddcc71d5,nonfinite=0
logit_checksum,decode,fc3ff68058ffd54e,nonfinite=0
logit_checksum,decode,92560214e2ee8afd,nonfinite=0
"b820cc8","1","Intel(R) Core(TM) Ultra 5 230F","NVIDIA GeForce RTX 5090","CUDA","/home/wici/voice-lab/models/gguf/gemma-4-31B-it-Q4_0.gguf","gemma4 31B Q4_0","17322412272","30697345596","512","512","8","0x0","0","50","f16","f16","-1","0","layer","0","0","1","auto","0.00","^blk[.][0-9]+[.](attn_(k|v|q|output)|ffn_(down|gate|up))[.]weight$=CUDA_Hybrid","1","0","0","0","0","0","0","165120","0","64","0","2026-08-12T08:50:02Z","849683617","1771011","75.322415","0.156540"
logit_checksum,decode,ea317c3ff2b17152,nonfinite=0
result status=ok pp=4245.030772 tg=75.322415 peak=31390.000MiB
case scheme=intertidal_dma phase=dense ws=31.0GiB ctx=165120 control=pp:2.3
remote command: env -u LD_PRELOAD GGML_CUDA_HYBRID_MODE=staging GGML_CUDA_HYBRID_PAGE_BUDGET=190 LD_LIBRARY_PATH=/dev/shm/intertidal-capacity.mEP47j:/home/wici/llama.cpp/build-cuda/bin:/usr/local/cuda/lib64 LLAMA_BENCH_LOGIT_CHECKSUM=1 /home/wici/llama.cpp/build-cuda/bin/llama-bench -m /home/wici/voice-lab/models/gguf/gemma-4-31B-it-Q4_0.gguf -p 512 -n 64 -r 5 -t 8 -b 512 -ub 512 -fa on -ctk f16 -ctv f16 -mmp 1 -o csv --ctx-size 165120 -ot '^blk[.][0-9]+[.](attn_(k|v|q|output)|ffn_(down|gate|up))[.]weight$=CUDA_Hybrid'
ggml_cuda_init: found 1 CUDA devices (Total VRAM: 32109 MiB):
  Device 0: NVIDIA GeForce RTX 5090, compute capability 12.0, VMM: yes, VRAM: 32109 MiB
hybrid_vmm,mode=staging,selection=global_budget,requested_pages=190,requested_bytes=398458880,requested_mib=380.000,gross_pages=190,gross_bytes=398458880,gross_mib=380.000,staging_bytes=16777216,staging_mib=16.000,net_bytes=381681664,net_mib=364.000,eligible_pages=7470,selected_tensors=190,layers=60,buffer_bytes=16524435968,local_physical_bytes=16127098880,page_bytes=2097152,buffer_mib=15758.930,remote_mib=380.000,local_physical_mib=15380.000,net_saved_mib=364.000,page_mib=2.000
logit_checksum,prompt,2417196da4492390,nonfinite=0
logit_checksum,prompt,0453392d6142afd3,nonfinite=0
logit_checksum,prompt,8c39d6d410e92623,nonfinite=0
logit_checksum,prompt,ce38b3f3a7a05142,nonfinite=0
logit_checksum,prompt,556c3b871bf91e81,nonfinite=0
logit_checksum,prompt,c930f979f7f0aed4,nonfinite=0
build_commit,build_number,cpu_info,gpu_info,backends,model_filename,model_type,model_size,model_n_params,n_batch,n_ubatch,n_threads,cpu_mask,cpu_strict,poll,type_k,type_v,n_gpu_layers,n_cpu_moe,split_mode,main_gpu,no_kv_offload,flash_attn,devices,tensor_split,tensor_buft_overrides,use_mmap,use_direct_io,embeddings,no_op_offload,no_host,fit_target,fit_min_ctx,n_ctx,n_prompt,n_gen,n_depth,test_time,avg_ns,stddev_ns,avg_ts,stddev_ts
logit_checksum,decode,0c8e93b3ecced1c6,nonfinite=0
"b820cc8","1","Intel(R) Core(TM) Ultra 5 230F","NVIDIA GeForce RTX 5090","CUDA","/home/wici/voice-lab/models/gguf/gemma-4-31B-it-Q4_0.gguf","gemma4 31B Q4_0","17322412272","30697345596","512","512","8","0x0","0","50","f16","f16","-1","0","layer","0","0","1","auto","0.00","^blk[.][0-9]+[.](attn_(k|v|q|output)|ffn_(down|gate|up))[.]weight$=CUDA_Hybrid","1","0","0","0","0","0","0","165120","512","0","0","2026-08-12T08:50:16Z","120523893","1957759","4249.002342","67.881575"
logit_checksum,decode,319a6a234bb9ed88,nonfinite=0
logit_checksum,decode,1e95777bddcc71d5,nonfinite=0
logit_checksum,decode,fc3ff68058ffd54e,nonfinite=0
logit_checksum,decode,92560214e2ee8afd,nonfinite=0
logit_checksum,decode,ea317c3ff2b17152,nonfinite=0
"b820cc8","1","Intel(R) Core(TM) Ultra 5 230F","NVIDIA GeForce RTX 5090","CUDA","/home/wici/voice-lab/models/gguf/gemma-4-31B-it-Q4_0.gguf","gemma4 31B Q4_0","17322412272","30697345596","512","512","8","0x0","0","50","f16","f16","-1","0","layer","0","0","1","auto","0.00","^blk[.][0-9]+[.](attn_(k|v|q|output)|ffn_(down|gate|up))[.]weight$=CUDA_Hybrid","1","0","0","0","0","0","0","165120","0","64","0","2026-08-12T08:50:17Z","850084905","1840453","75.286879","0.162497"
result status=ok pp=4249.002342 tg=75.286879 peak=31374.000MiB
case scheme=intertidal_dma phase=dense ws=31.0GiB ctx=165120 control=pp:2.4
remote command: env -u LD_PRELOAD GGML_CUDA_HYBRID_MODE=staging GGML_CUDA_HYBRID_PAGE_BUDGET=198 LD_LIBRARY_PATH=/dev/shm/intertidal-capacity.mEP47j:/home/wici/llama.cpp/build-cuda/bin:/usr/local/cuda/lib64 LLAMA_BENCH_LOGIT_CHECKSUM=1 /home/wici/llama.cpp/build-cuda/bin/llama-bench -m /home/wici/voice-lab/models/gguf/gemma-4-31B-it-Q4_0.gguf -p 512 -n 64 -r 5 -t 8 -b 512 -ub 512 -fa on -ctk f16 -ctv f16 -mmp 1 -o csv --ctx-size 165120 -ot '^blk[.][0-9]+[.](attn_(k|v|q|output)|ffn_(down|gate|up))[.]weight$=CUDA_Hybrid'
ggml_cuda_init: found 1 CUDA devices (Total VRAM: 32109 MiB):
  Device 0: NVIDIA GeForce RTX 5090, compute capability 12.0, VMM: yes, VRAM: 32109 MiB
hybrid_vmm,mode=staging,selection=global_budget,requested_pages=198,requested_bytes=415236096,requested_mib=396.000,gross_pages=198,gross_bytes=415236096,gross_mib=396.000,staging_bytes=16777216,staging_mib=16.000,net_bytes=398458880,net_mib=380.000,eligible_pages=7470,selected_tensors=198,layers=60,buffer_bytes=16524435968,local_physical_bytes=16110321664,page_bytes=2097152,buffer_mib=15758.930,remote_mib=396.000,local_physical_mib=15364.000,net_saved_mib=380.000,page_mib=2.000
logit_checksum,prompt,2417196da4492390,nonfinite=0
logit_checksum,prompt,0453392d6142afd3,nonfinite=0
logit_checksum,prompt,8c39d6d410e92623,nonfinite=0
build_commit,build_number,cpu_info,gpu_info,backends,model_filename,model_type,model_size,model_n_params,n_batch,n_ubatch,n_threads,cpu_mask,cpu_strict,poll,type_k,type_v,n_gpu_layers,n_cpu_moe,split_mode,main_gpu,no_kv_offload,flash_attn,devices,tensor_split,tensor_buft_overrides,use_mmap,use_direct_io,embeddings,no_op_offload,no_host,fit_target,fit_min_ctx,n_ctx,n_prompt,n_gen,n_depth,test_time,avg_ns,stddev_ns,avg_ts,stddev_ts
logit_checksum,prompt,ce38b3f3a7a05142,nonfinite=0
"b820cc8","1","Intel(R) Core(TM) Ultra 5 230F","NVIDIA GeForce RTX 5090","CUDA","/home/wici/voice-lab/models/gguf/gemma-4-31B-it-Q4_0.gguf","gemma4 31B Q4_0","17322412272","30697345596","512","512","8","0x0","0","50","f16","f16","-1","0","layer","0","0","1","auto","0.00","^blk[.][0-9]+[.](attn_(k|v|q|output)|ffn_(down|gate|up))[.]weight$=CUDA_Hybrid","1","0","0","0","0","0","0","165120","512","0","0","2026-08-12T08:50:26Z","120595213","2170236","4246.686206","74.896285"
logit_checksum,prompt,556c3b871bf91e81,nonfinite=0
logit_checksum,prompt,c930f979f7f0aed4,nonfinite=0
logit_checksum,decode,0c8e93b3ecced1c6,nonfinite=0
logit_checksum,decode,319a6a234bb9ed88,nonfinite=0
logit_checksum,decode,1e95777bddcc71d5,nonfinite=0
logit_checksum,decode,fc3ff68058ffd54e,nonfinite=0
logit_checksum,decode,92560214e2ee8afd,nonfinite=0
"b820cc8","1","Intel(R) Core(TM) Ultra 5 230F","NVIDIA GeForce RTX 5090","CUDA","/home/wici/voice-lab/models/gguf/gemma-4-31B-it-Q4_0.gguf","gemma4 31B Q4_0","17322412272","30697345596","512","512","8","0x0","0","50","f16","f16","-1","0","layer","0","0","1","auto","0.00","^blk[.][0-9]+[.](attn_(k|v|q|output)|ffn_(down|gate|up))[.]weight$=CUDA_Hybrid","1","0","0","0","0","0","0","165120","0","64","0","2026-08-12T08:50:26Z","850916158","1754847","75.213306","0.154680"
logit_checksum,decode,ea317c3ff2b17152,nonfinite=0
result status=ok pp=4246.686206 tg=75.213306 peak=31358.000MiB
case scheme=intertidal_dma phase=dense ws=31.0GiB ctx=165120 control=pp:2.5
remote command: env -u LD_PRELOAD GGML_CUDA_HYBRID_MODE=staging GGML_CUDA_HYBRID_PAGE_BUDGET=206 LD_LIBRARY_PATH=/dev/shm/intertidal-capacity.mEP47j:/home/wici/llama.cpp/build-cuda/bin:/usr/local/cuda/lib64 LLAMA_BENCH_LOGIT_CHECKSUM=1 /home/wici/llama.cpp/build-cuda/bin/llama-bench -m /home/wici/voice-lab/models/gguf/gemma-4-31B-it-Q4_0.gguf -p 512 -n 64 -r 5 -t 8 -b 512 -ub 512 -fa on -ctk f16 -ctv f16 -mmp 1 -o csv --ctx-size 165120 -ot '^blk[.][0-9]+[.](attn_(k|v|q|output)|ffn_(down|gate|up))[.]weight$=CUDA_Hybrid'
ggml_cuda_init: found 1 CUDA devices (Total VRAM: 32109 MiB):
  Device 0: NVIDIA GeForce RTX 5090, compute capability 12.0, VMM: yes, VRAM: 32109 MiB
hybrid_vmm,mode=staging,selection=global_budget,requested_pages=206,requested_bytes=432013312,requested_mib=412.000,gross_pages=206,gross_bytes=432013312,gross_mib=412.000,staging_bytes=16777216,staging_mib=16.000,net_bytes=415236096,net_mib=396.000,eligible_pages=7470,selected_tensors=206,layers=60,buffer_bytes=16524435968,local_physical_bytes=16093544448,page_bytes=2097152,buffer_mib=15758.930,remote_mib=412.000,local_physical_mib=15348.000,net_saved_mib=396.000,page_mib=2.000
logit_checksum,prompt,2417196da4492390,nonfinite=0
logit_checksum,prompt,0453392d6142afd3,nonfinite=0
logit_checksum,prompt,8c39d6d410e92623,nonfinite=0
logit_checksum,prompt,ce38b3f3a7a05142,nonfinite=0
logit_checksum,prompt,556c3b871bf91e81,nonfinite=0
logit_checksum,prompt,c930f979f7f0aed4,nonfinite=0
build_commit,build_number,cpu_info,gpu_info,backends,model_filename,model_type,model_size,model_n_params,n_batch,n_ubatch,n_threads,cpu_mask,cpu_strict,poll,type_k,type_v,n_gpu_layers,n_cpu_moe,split_mode,main_gpu,no_kv_offload,flash_attn,devices,tensor_split,tensor_buft_overrides,use_mmap,use_direct_io,embeddings,no_op_offload,no_host,fit_target,fit_min_ctx,n_ctx,n_prompt,n_gen,n_depth,test_time,avg_ns,stddev_ns,avg_ts,stddev_ts
"b820cc8","1","Intel(R) Core(TM) Ultra 5 230F","NVIDIA GeForce RTX 5090","CUDA","/home/wici/voice-lab/models/gguf/gemma-4-31B-it-Q4_0.gguf","gemma4 31B Q4_0","17322412272","30697345596","512","512","8","0x0","0","50","f16","f16","-1","0","layer","0","0","1","auto","0.00","^blk[.][0-9]+[.](attn_(k|v|q|output)|ffn_(down|gate|up))[.]weight$=CUDA_Hybrid","1","0","0","0","0","0","0","165120","512","0","0","2026-08-12T08:50:34Z","120656937","1807617","4244.186826","62.646333"
logit_checksum,decode,0c8e93b3ecced1c6,nonfinite=0
logit_checksum,decode,319a6a234bb9ed88,nonfinite=0
logit_checksum,decode,1e95777bddcc71d5,nonfinite=0
logit_checksum,decode,fc3ff68058ffd54e,nonfinite=0
logit_checksum,decode,92560214e2ee8afd,nonfinite=0
logit_checksum,decode,ea317c3ff2b17152,nonfinite=0
"b820cc8","1","Intel(R) Core(TM) Ultra 5 230F","NVIDIA GeForce RTX 5090","CUDA","/home/wici/voice-lab/models/gguf/gemma-4-31B-it-Q4_0.gguf","gemma4 31B Q4_0","17322412272","30697345596","512","512","8","0x0","0","50","f16","f16","-1","0","layer","0","0","1","auto","0.00","^blk[.][0-9]+[.](attn_(k|v|q|output)|ffn_(down|gate|up))[.]weight$=CUDA_Hybrid","1","0","0","0","0","0","0","165120","0","64","0","2026-08-12T08:50:35Z","851740787","1878170","75.140523","0.165184"
result status=ok pp=4244.186826 tg=75.140523 peak=31342.000MiB
case scheme=intertidal_dma phase=dense ws=31.0GiB ctx=165120 control=pp:2.6
remote command: env -u LD_PRELOAD GGML_CUDA_HYBRID_MODE=staging GGML_CUDA_HYBRID_PAGE_BUDGET=215 LD_LIBRARY_PATH=/dev/shm/intertidal-capacity.mEP47j:/home/wici/llama.cpp/build-cuda/bin:/usr/local/cuda/lib64 LLAMA_BENCH_LOGIT_CHECKSUM=1 /home/wici/llama.cpp/build-cuda/bin/llama-bench -m /home/wici/voice-lab/models/gguf/gemma-4-31B-it-Q4_0.gguf -p 512 -n 64 -r 5 -t 8 -b 512 -ub 512 -fa on -ctk f16 -ctv f16 -mmp 1 -o csv --ctx-size 165120 -ot '^blk[.][0-9]+[.](attn_(k|v|q|output)|ffn_(down|gate|up))[.]weight$=CUDA_Hybrid'
ggml_cuda_init: found 1 CUDA devices (Total VRAM: 32109 MiB):
  Device 0: NVIDIA GeForce RTX 5090, compute capability 12.0, VMM: yes, VRAM: 32109 MiB
hybrid_vmm,mode=staging,selection=global_budget,requested_pages=215,requested_bytes=450887680,requested_mib=430.000,gross_pages=215,gross_bytes=450887680,gross_mib=430.000,staging_bytes=16777216,staging_mib=16.000,net_bytes=434110464,net_mib=414.000,eligible_pages=7470,selected_tensors=215,layers=60,buffer_bytes=16524435968,local_physical_bytes=16074670080,page_bytes=2097152,buffer_mib=15758.930,remote_mib=430.000,local_physical_mib=15330.000,net_saved_mib=414.000,page_mib=2.000
logit_checksum,prompt,2417196da4492390,nonfinite=0
logit_checksum,prompt,0453392d6142afd3,nonfinite=0
logit_checksum,prompt,8c39d6d410e92623,nonfinite=0
build_commit,build_number,cpu_info,gpu_info,backends,model_filename,model_type,model_size,model_n_params,n_batch,n_ubatch,n_threads,cpu_mask,cpu_strict,poll,type_k,type_v,n_gpu_layers,n_cpu_moe,split_mode,main_gpu,no_kv_offload,flash_attn,devices,tensor_split,tensor_buft_overrides,use_mmap,use_direct_io,embeddings,no_op_offload,no_host,fit_target,fit_min_ctx,n_ctx,n_prompt,n_gen,n_depth,test_time,avg_ns,stddev_ns,avg_ts,stddev_ts
logit_checksum,prompt,ce38b3f3a7a05142,nonfinite=0
"b820cc8","1","Intel(R) Core(TM) Ultra 5 230F","NVIDIA GeForce RTX 5090","CUDA","/home/wici/voice-lab/models/gguf/gemma-4-31B-it-Q4_0.gguf","gemma4 31B Q4_0","17322412272","30697345596","512","512","8","0x0","0","50","f16","f16","-1","0","layer","0","0","1","auto","0.00","^blk[.][0-9]+[.](attn_(k|v|q|output)|ffn_(down|gate|up))[.]weight$=CUDA_Hybrid","1","0","0","0","0","0","0","165120","512","0","0","2026-08-12T08:50:44Z","120652041","1932169","4244.465040","66.881681"
logit_checksum,prompt,556c3b871bf91e81,nonfinite=0
logit_checksum,prompt,c930f979f7f0aed4,nonfinite=0
logit_checksum,decode,0c8e93b3ecced1c6,nonfinite=0
logit_checksum,decode,319a6a234bb9ed88,nonfinite=0
logit_checksum,decode,1e95777bddcc71d5,nonfinite=0
logit_checksum,decode,fc3ff68058ffd54e,nonfinite=0
logit_checksum,decode,92560214e2ee8afd,nonfinite=0
"b820cc8","1","Intel(R) Core(TM) Ultra 5 230F","NVIDIA GeForce RTX 5090","CUDA","/home/wici/voice-lab/models/gguf/gemma-4-31B-it-Q4_0.gguf","gemma4 31B Q4_0","17322412272","30697345596","512","512","8","0x0","0","50","f16","f16","-1","0","layer","0","0","1","auto","0.00","^blk[.][0-9]+[.](attn_(k|v|q|output)|ffn_(down|gate|up))[.]weight$=CUDA_Hybrid","1","0","0","0","0","0","0","165120","0","64","0","2026-08-12T08:50:45Z","852765512","1801902","75.050207","0.158124"
logit_checksum,decode,ea317c3ff2b17152,nonfinite=0
result status=ok pp=4244.465040 tg=75.050207 peak=31324.000MiB
case scheme=intertidal_dma phase=dense ws=31.0GiB ctx=165120 control=pp:2.7
remote command: env -u LD_PRELOAD GGML_CUDA_HYBRID_MODE=staging GGML_CUDA_HYBRID_PAGE_BUDGET=223 LD_LIBRARY_PATH=/dev/shm/intertidal-capacity.mEP47j:/home/wici/llama.cpp/build-cuda/bin:/usr/local/cuda/lib64 LLAMA_BENCH_LOGIT_CHECKSUM=1 /home/wici/llama.cpp/build-cuda/bin/llama-bench -m /home/wici/voice-lab/models/gguf/gemma-4-31B-it-Q4_0.gguf -p 512 -n 64 -r 5 -t 8 -b 512 -ub 512 -fa on -ctk f16 -ctv f16 -mmp 1 -o csv --ctx-size 165120 -ot '^blk[.][0-9]+[.](attn_(k|v|q|output)|ffn_(down|gate|up))[.]weight$=CUDA_Hybrid'
ggml_cuda_init: found 1 CUDA devices (Total VRAM: 32109 MiB):
  Device 0: NVIDIA GeForce RTX 5090, compute capability 12.0, VMM: yes, VRAM: 32109 MiB
hybrid_vmm,mode=staging,selection=global_budget,requested_pages=223,requested_bytes=467664896,requested_mib=446.000,gross_pages=223,gross_bytes=467664896,gross_mib=446.000,staging_bytes=16777216,staging_mib=16.000,net_bytes=450887680,net_mib=430.000,eligible_pages=7470,selected_tensors=223,layers=60,buffer_bytes=16524435968,local_physical_bytes=16057892864,page_bytes=2097152,buffer_mib=15758.930,remote_mib=446.000,local_physical_mib=15314.000,net_saved_mib=430.000,page_mib=2.000
logit_checksum,prompt,2417196da4492390,nonfinite=0
logit_checksum,prompt,0453392d6142afd3,nonfinite=0
logit_checksum,prompt,8c39d6d410e92623,nonfinite=0
logit_checksum,prompt,ce38b3f3a7a05142,nonfinite=0
logit_checksum,prompt,556c3b871bf91e81,nonfinite=0
logit_checksum,prompt,c930f979f7f0aed4,nonfinite=0
logit_checksum,decode,0c8e93b3ecced1c6,nonfinite=0
build_commit,build_number,cpu_info,gpu_info,backends,model_filename,model_type,model_size,model_n_params,n_batch,n_ubatch,n_threads,cpu_mask,cpu_strict,poll,type_k,type_v,n_gpu_layers,n_cpu_moe,split_mode,main_gpu,no_kv_offload,flash_attn,devices,tensor_split,tensor_buft_overrides,use_mmap,use_direct_io,embeddings,no_op_offload,no_host,fit_target,fit_min_ctx,n_ctx,n_prompt,n_gen,n_depth,test_time,avg_ns,stddev_ns,avg_ts,stddev_ts
logit_checksum,decode,319a6a234bb9ed88,nonfinite=0
"b820cc8","1","Intel(R) Core(TM) Ultra 5 230F","NVIDIA GeForce RTX 5090","CUDA","/home/wici/voice-lab/models/gguf/gemma-4-31B-it-Q4_0.gguf","gemma4 31B Q4_0","17322412272","30697345596","512","512","8","0x0","0","50","f16","f16","-1","0","layer","0","0","1","auto","0.00","^blk[.][0-9]+[.](attn_(k|v|q|output)|ffn_(down|gate|up))[.]weight$=CUDA_Hybrid","1","0","0","0","0","0","0","165120","512","0","0","2026-08-12T08:50:56Z","120650860","1762506","4244.362497","60.989095"
logit_checksum,decode,1e95777bddcc71d5,nonfinite=0
logit_checksum,decode,fc3ff68058ffd54e,nonfinite=0
logit_checksum,decode,92560214e2ee8afd,nonfinite=0
"b820cc8","1","Intel(R) Core(TM) Ultra 5 230F","NVIDIA GeForce RTX 5090","CUDA","/home/wici/voice-lab/models/gguf/gemma-4-31B-it-Q4_0.gguf","gemma4 31B Q4_0","17322412272","30697345596","512","512","8","0x0","0","50","f16","f16","-1","0","layer","0","0","1","auto","0.00","^blk[.][0-9]+[.](attn_(k|v|q|output)|ffn_(down|gate|up))[.]weight$=CUDA_Hybrid","1","0","0","0","0","0","0","165120","0","64","0","2026-08-12T08:50:57Z","853336223","1790156","75.000009","0.156883"
logit_checksum,decode,ea317c3ff2b17152,nonfinite=0
result status=ok pp=4244.362497 tg=75.000009 peak=31308.000MiB
case scheme=intertidal_dma phase=dense ws=31.0GiB ctx=165120 control=pp:2.8
remote command: env -u LD_PRELOAD GGML_CUDA_HYBRID_MODE=staging GGML_CUDA_HYBRID_PAGE_BUDGET=231 LD_LIBRARY_PATH=/dev/shm/intertidal-capacity.mEP47j:/home/wici/llama.cpp/build-cuda/bin:/usr/local/cuda/lib64 LLAMA_BENCH_LOGIT_CHECKSUM=1 /home/wici/llama.cpp/build-cuda/bin/llama-bench -m /home/wici/voice-lab/models/gguf/gemma-4-31B-it-Q4_0.gguf -p 512 -n 64 -r 5 -t 8 -b 512 -ub 512 -fa on -ctk f16 -ctv f16 -mmp 1 -o csv --ctx-size 165120 -ot '^blk[.][0-9]+[.](attn_(k|v|q|output)|ffn_(down|gate|up))[.]weight$=CUDA_Hybrid'
result status=error pp=- tg=- peak=-MiB
case scheme=intertidal_dma phase=dense ws=31.0GiB ctx=165120 control=pp:2.9
remote command: env -u LD_PRELOAD GGML_CUDA_HYBRID_MODE=staging GGML_CUDA_HYBRID_PAGE_BUDGET=240 LD_LIBRARY_PATH=/dev/shm/intertidal-capacity.mEP47j:/home/wici/llama.cpp/build-cuda/bin:/usr/local/cuda/lib64 LLAMA_BENCH_LOGIT_CHECKSUM=1 /home/wici/llama.cpp/build-cuda/bin/llama-bench -m /home/wici/voice-lab/models/gguf/gemma-4-31B-it-Q4_0.gguf -p 512 -n 64 -r 5 -t 8 -b 512 -ub 512 -fa on -ctk f16 -ctv f16 -mmp 1 -o csv --ctx-size 165120 -ot '^blk[.][0-9]+[.](attn_(k|v|q|output)|ffn_(down|gate|up))[.]weight$=CUDA_Hybrid'
wici@192.168.1.182: Permission denied (publickey,password).
result status=transport_error pp=- tg=- peak=-MiB
Traceback (most recent call last):
  File "/Users/hachima/pcie-striping-experiment/gemma_capacity_sweep.py", line 1959, in <module>
    raise SystemExit(main())
                     ~~~~^^
  File "/Users/hachima/pcie-striping-experiment/gemma_capacity_sweep.py", line 1954, in main
    runner.run()
    ~~~~~~~~~~^^
  File "/Users/hachima/pcie-striping-experiment/gemma_capacity_sweep.py", line 1825, in run
    self.run_hybrid_curve(scheme, pure_workset)
    ~~~~~~~~~~~~~~~~~~~~~^^^^^^^^^^^^^^^^^^^^^^
  File "/Users/hachima/pcie-striping-experiment/gemma_capacity_sweep.py", line 1623, in run_hybrid_curve
    row = self.run_case(
        build_case(
    ...<5 lines>...
        )
    )
  File "/Users/hachima/pcie-striping-experiment/gemma_capacity_sweep.py", line 1582, in run_case
    raise RuntimeError(
    ...<2 lines>...
    )
RuntimeError: SSH transport failure in intertidal_dma pp:2.9: wici@192.168.1.182: Permission denied (publickey,password).
{
  "capacity_frontier": [
    {
      "calibrated_peak_mib": 31738.0,
      "context_tokens": 165120,
      "hybrid_conditional_candidates": 951,
      "hybrid_start_pp": 0.0,
      "required_net_saved_mib": 0.0,
      "target_gib": 31.0
    },
    {
      "calibrated_peak_mib": 31838.0,
      "context_tokens": 166400,
      "hybrid_conditional_candidates": 951,
      "hybrid_start_pp": 0.0,
      "required_net_saved_mib": 0.0,
      "target_gib": 31.1
    },
    {
      "calibrated_peak_mib": 31958.0,
      "context_tokens": 167936,
      "hybrid_conditional_candidates": 951,
      "hybrid_start_pp": 0.0,
      "required_net_saved_mib": 0.0,
      "target_gib": 31.2
    },
    {
      "calibrated_peak_mib": 32058.0,
      "context_tokens": 169216,
      "hybrid_conditional_candidates": 949,
      "hybrid_start_pp": 0.2,
      "required_net_saved_mib": 20.0,
      "target_gib": 31.3
    },
    {
      "calibrated_peak_mib": 32158.0,
      "context_tokens": 170496,
      "hybrid_conditional_candidates": 943,
      "hybrid_start_pp": 0.8,
      "required_net_saved_mib": 120.0,
      "target_gib": 31.4
    },
    {
      "calibrated_peak_mib": 32258.0,
      "context_tokens": 171776,
      "hybrid_conditional_candidates": 937,
      "hybrid_start_pp": 1.4,
      "required_net_saved_mib": 220.0,
      "target_gib": 31.5
    },
    {
      "calibrated_peak_mib": 32358.0,
      "context_tokens": 173056,
      "hybrid_conditional_candidates": 931,
      "hybrid_start_pp": 2.0,
      "required_net_saved_mib": 320.0,
      "target_gib": 31.6
    },
    {
      "calibrated_peak_mib": 32458.0,
      "context_tokens": 174336,
      "hybrid_conditional_candidates": 925,
      "hybrid_start_pp": 2.6,
      "required_net_saved_mib": 420.0,
      "target_gib": 31.7
    },
    {
      "calibrated_peak_mib": 32558.0,
      "context_tokens": 175616,
      "hybrid_conditional_candidates": 919,
      "hybrid_start_pp": 3.2,
      "required_net_saved_mib": 520.0,
      "target_gib": 31.8
    },
    {
      "calibrated_peak_mib": 32658.0,
      "context_tokens": 176896,
      "hybrid_conditional_candidates": 913,
      "hybrid_start_pp": 3.8,
      "required_net_saved_mib": 620.0,
      "target_gib": 31.9
    },
    {
      "calibrated_peak_mib": 32768.0,
      "context_tokens": 178304,
      "hybrid_conditional_candidates": 906,
      "hybrid_start_pp": 4.5,
      "required_net_saved_mib": 730.0,
      "target_gib": 32.0
    },
    {
      "calibrated_peak_mib": 32878.0,
      "context_tokens": 179712,
      "hybrid_conditional_candidates": 900,
      "hybrid_start_pp": 5.1,
      "required_net_saved_mib": 840.0,
      "target_gib": 32.1
    },
    {
      "calibrated_peak_mib": 32978.0,
      "context_tokens": 180992,
      "hybrid_conditional_candidates": 894,
      "hybrid_start_pp": 5.7,
      "required_net_saved_mib": 940.0,
      "target_gib": 32.2
    },
    {
      "calibrated_peak_mib": 33078.0,
      "context_tokens": 182272,
      "hybrid_conditional_candidates": 888,
      "hybrid_start_pp": 6.3,
      "required_net_saved_mib": 1040.0,
      "target_gib": 32.3
    },
    {
      "calibrated_peak_mib": 33178.0,
      "context_tokens": 183552,
      "hybrid_conditional_candidates": 881,
      "hybrid_start_pp": 7.0,
      "required_net_saved_mib": 1140.0,
      "target_gib": 32.4
    },
    {
      "calibrated_peak_mib": 33278.0,
      "context_tokens": 184832,
      "hybrid_conditional_candidates": 875,
      "hybrid_start_pp": 7.6,
      "required_net_saved_mib": 1240.0,
      "target_gib": 32.5
    },
    {
      "calibrated_peak_mib": 33378.0,
      "context_tokens": 186112,
      "hybrid_conditional_candidates": 869,
      "hybrid_start_pp": 8.2,
      "required_net_saved_mib": 1340.0,
      "target_gib": 32.6
    },
    {
      "calibrated_peak_mib": 33478.0,
      "context_tokens": 187392,
      "hybrid_conditional_candidates": 863,
      "hybrid_start_pp": 8.8,
      "required_net_saved_mib": 1440.0,
      "target_gib": 32.7
    },
    {
      "calibrated_peak_mib": 33578.0,
      "context_tokens": 188672,
      "hybrid_conditional_candidates": 857,
      "hybrid_start_pp": 9.4,
      "required_net_saved_mib": 1540.0,
      "target_gib": 32.8
    },
    {
      "calibrated_peak_mib": 33698.0,
      "context_tokens": 190208,
      "hybrid_conditional_candidates": 850,
      "hybrid_start_pp": 10.1,
      "required_net_saved_mib": 1660.0,
      "target_gib": 32.9
    },
    {
      "calibrated_peak_mib": 33798.0,
      "context_tokens": 191488,
      "hybrid_conditional_candidates": 844,
      "hybrid_start_pp": 10.7,
      "required_net_saved_mib": 1760.0,
      "target_gib": 33.0
    },
    {
      "calibrated_peak_mib": 33898.0,
      "context_tokens": 192768,
      "hybrid_conditional_candidates": 838,
      "hybrid_start_pp": 11.3,
      "required_net_saved_mib": 1860.0,
      "target_gib": 33.1
    },
    {
      "calibrated_peak_mib": 33998.0,
      "context_tokens": 194048,
      "hybrid_conditional_candidates": 832,
      "hybrid_start_pp": 11.9,
      "required_net_saved_mib": 1960.0,
      "target_gib": 33.2
    },
    {
      "calibrated_peak_mib": 34098.0,
      "context_tokens": 195328,
      "hybrid_conditional_candidates": 826,
      "hybrid_start_pp": 12.5,
      "required_net_saved_mib": 2060.0,
      "target_gib": 33.3
    },
    {
      "calibrated_peak_mib": 34198.0,
      "context_tokens": 196608,
      "hybrid_conditional_candidates": 820,
      "hybrid_start_pp": 13.1,
      "required_net_saved_mib": 2160.0,
      "target_gib": 33.4
    },
    {
      "calibrated_peak_mib": 34298.0,
      "context_tokens": 197888,
      "hybrid_conditional_candidates": 814,
      "hybrid_start_pp": 13.7,
      "required_net_saved_mib": 2260.0,
      "target_gib": 33.5
    },
    {
      "calibrated_peak_mib": 34398.0,
      "context_tokens": 199168,
      "hybrid_conditional_candidates": 808,
      "hybrid_start_pp": 14.3,
      "required_net_saved_mib": 2360.0,
      "target_gib": 33.6
    },
    {
      "calibrated_peak_mib": 34518.0,
      "context_tokens": 200704,
      "hybrid_conditional_candidates": 800,
      "hybrid_start_pp": 15.1,
      "required_net_saved_mib": 2480.0,
      "target_gib": 33.7
    },
    {
      "calibrated_peak_mib": 34618.0,
      "context_tokens": 201984,
      "hybrid_conditional_candidates": 794,
      "hybrid_start_pp": 15.7,
      "required_net_saved_mib": 2580.0,
      "target_gib": 33.8
    },
    {
      "calibrated_peak_mib": 34718.0,
      "context_tokens": 203264,
      "hybrid_conditional_candidates": 788,
      "hybrid_start_pp": 16.3,
      "required_net_saved_mib": 2680.0,
      "target_gib": 33.9
    },
    {
      "calibrated_peak_mib": 34818.0,
      "context_tokens": 204544,
      "hybrid_conditional_candidates": 782,
      "hybrid_start_pp": 16.9,
      "required_net_saved_mib": 2780.0,
      "target_gib": 34.0
    }
  ],
  "coarse_points_per_hybrid_curve": 96,
  "correctness_gate": {
    "baseline_source": "first_successful_all_local_control",
    "enabled": true,
    "expected_sequence_labels": [
      "prompt",
      "prompt",
      "prompt",
      "prompt",
      "prompt",
      "prompt",
      "decode",
      "decode",
      "decode",
      "decode",
      "decode",
      "decode"
    ],
    "failure_action": "append correctness_fail row, then abort sweep",
    "require_nonfinite_field": true,
    "strict_checksum_schemes": [
      "intertidal_dma",
      "cuda_zero_copy"
    ]
  },
  "dense_points_per_hybrid_curve_before_early_stop": 951,
  "frontier_rule": {
    "confirm_steps_after_first_fit": 1,
    "default_fit_mib": 32038.0,
    "dense_step_pp": 0.1,
    "later_points_are_conditional": true,
    "probe_all_local_at_each_over_capacity_workset": true
  },
  "maximum_unique_points_per_full_hybrid_curve": 951,
  "native_points_per_curve": 62,
  "phases": [
    "pure_curve",
    "capacity_frontier"
  ],
  "pure_curve_workset_gib": 31.0,
  "remote_files_created": false,
  "schema_version": 1,
  "schemes": [
    "intertidal_dma",
    "cuda_zero_copy",
    "native_cpu_layers"
  ],
  "stop_rule": {
    "consecutive": 2,
    "retention": 0.1
  },
  "target": "wici@192.168.1.182",
  "transport": "ssh"
}
skip intertidal_dma ws=31.0 control=pp:0 status=ok
skip intertidal_dma ws=31.0 control=pp:0.1 status=ok
skip intertidal_dma ws=31.0 control=pp:0.2 status=ok
skip intertidal_dma ws=31.0 control=pp:0.3 status=ok
skip intertidal_dma ws=31.0 control=pp:0.4 status=ok
skip intertidal_dma ws=31.0 control=pp:0.5 status=ok
skip intertidal_dma ws=31.0 control=pp:0.6 status=ok
skip intertidal_dma ws=31.0 control=pp:0.7 status=ok
skip intertidal_dma ws=31.0 control=pp:0.8 status=ok
skip intertidal_dma ws=31.0 control=pp:0.9 status=ok
skip intertidal_dma ws=31.0 control=pp:1 status=ok
skip intertidal_dma ws=31.0 control=pp:1.1 status=ok
skip intertidal_dma ws=31.0 control=pp:1.2 status=ok
skip intertidal_dma ws=31.0 control=pp:1.3 status=ok
skip intertidal_dma ws=31.0 control=pp:1.4 status=ok
skip intertidal_dma ws=31.0 control=pp:1.5 status=ok
skip intertidal_dma ws=31.0 control=pp:1.6 status=ok
skip intertidal_dma ws=31.0 control=pp:1.7 status=ok
skip intertidal_dma ws=31.0 control=pp:1.8 status=ok
skip intertidal_dma ws=31.0 control=pp:1.9 status=ok
skip intertidal_dma ws=31.0 control=pp:2 status=ok
skip intertidal_dma ws=31.0 control=pp:2.1 status=ok
skip intertidal_dma ws=31.0 control=pp:2.2 status=ok
skip intertidal_dma ws=31.0 control=pp:2.3 status=ok
skip intertidal_dma ws=31.0 control=pp:2.4 status=ok
skip intertidal_dma ws=31.0 control=pp:2.5 status=ok
skip intertidal_dma ws=31.0 control=pp:2.6 status=ok
skip intertidal_dma ws=31.0 control=pp:2.7 status=ok
case scheme=intertidal_dma phase=dense ws=31.0GiB ctx=165120 control=pp:2.8
remote command: env -u LD_PRELOAD GGML_CUDA_HYBRID_MODE=staging GGML_CUDA_HYBRID_PAGE_BUDGET=231 LD_LIBRARY_PATH=/dev/shm/intertidal-capacity.mEP47j:/home/wici/llama.cpp/build-cuda/bin:/usr/local/cuda/lib64 LLAMA_BENCH_LOGIT_CHECKSUM=1 /home/wici/llama.cpp/build-cuda/bin/llama-bench -m /home/wici/voice-lab/models/gguf/gemma-4-31B-it-Q4_0.gguf -p 512 -n 64 -r 5 -t 8 -b 512 -ub 512 -fa on -ctk f16 -ctv f16 -mmp 1 -o csv --ctx-size 165120 -ot '^blk[.][0-9]+[.](attn_(k|v|q|output)|ffn_(down|gate|up))[.]weight$=CUDA_Hybrid'
ggml_cuda_init: found 1 CUDA devices (Total VRAM: 32109 MiB):
  Device 0: NVIDIA GeForce RTX 5090, compute capability 12.0, VMM: yes, VRAM: 32109 MiB
hybrid_vmm,mode=staging,selection=global_budget,requested_pages=231,requested_bytes=484442112,requested_mib=462.000,gross_pages=231,gross_bytes=484442112,gross_mib=462.000,staging_bytes=16777216,staging_mib=16.000,net_bytes=467664896,net_mib=446.000,eligible_pages=7470,selected_tensors=231,layers=60,buffer_bytes=16524435968,local_physical_bytes=16041115648,page_bytes=2097152,buffer_mib=15758.930,remote_mib=462.000,local_physical_mib=15298.000,net_saved_mib=446.000,page_mib=2.000
logit_checksum,prompt,2417196da4492390,nonfinite=0
logit_checksum,prompt,0453392d6142afd3,nonfinite=0
logit_checksum,prompt,8c39d6d410e92623,nonfinite=0
logit_checksum,prompt,ce38b3f3a7a05142,nonfinite=0
logit_checksum,prompt,556c3b871bf91e81,nonfinite=0
build_commit,build_number,cpu_info,gpu_info,backends,model_filename,model_type,model_size,model_n_params,n_batch,n_ubatch,n_threads,cpu_mask,cpu_strict,poll,type_k,type_v,n_gpu_layers,n_cpu_moe,split_mode,main_gpu,no_kv_offload,flash_attn,devices,tensor_split,tensor_buft_overrides,use_mmap,use_direct_io,embeddings,no_op_offload,no_host,fit_target,fit_min_ctx,n_ctx,n_prompt,n_gen,n_depth,test_time,avg_ns,stddev_ns,avg_ts,stddev_ts
"b820cc8","1","Intel(R) Core(TM) Ultra 5 230F","NVIDIA GeForce RTX 5090","CUDA","/home/wici/voice-lab/models/gguf/gemma-4-31B-it-Q4_0.gguf","gemma4 31B Q4_0","17322412272","30697345596","512","512","8","0x0","0","50","f16","f16","-1","0","layer","0","0","1","auto","0.00","^blk[.][0-9]+[.](attn_(k|v|q|output)|ffn_(down|gate|up))[.]weight$=CUDA_Hybrid","1","0","0","0","0","0","0","165120","512","0","0","2026-08-12T09:06:06Z","119984525","1856825","4268.022345","65.056969"
logit_checksum,prompt,c930f979f7f0aed4,nonfinite=0
logit_checksum,decode,0c8e93b3ecced1c6,nonfinite=0
logit_checksum,decode,319a6a234bb9ed88,nonfinite=0
logit_checksum,decode,1e95777bddcc71d5,nonfinite=0
logit_checksum,decode,fc3ff68058ffd54e,nonfinite=0
logit_checksum,decode,92560214e2ee8afd,nonfinite=0
"b820cc8","1","Intel(R) Core(TM) Ultra 5 230F","NVIDIA GeForce RTX 5090","CUDA","/home/wici/voice-lab/models/gguf/gemma-4-31B-it-Q4_0.gguf","gemma4 31B Q4_0","17322412272","30697345596","512","512","8","0x0","0","50","f16","f16","-1","0","layer","0","0","1","auto","0.00","^blk[.][0-9]+[.](attn_(k|v|q|output)|ffn_(down|gate|up))[.]weight$=CUDA_Hybrid","1","0","0","0","0","0","0","165120","0","64","0","2026-08-12T09:06:07Z","853721560","1664060","74.966121","0.145723"
logit_checksum,decode,ea317c3ff2b17152,nonfinite=0
result status=ok pp=4268.022345 tg=74.966121 peak=31292.000MiB
{
  "capacity_frontier": [
    {
      "calibrated_peak_mib": 31738.0,
      "context_tokens": 165120,
      "hybrid_conditional_candidates": 951,
      "hybrid_start_pp": 0.0,
      "required_net_saved_mib": 0.0,
      "target_gib": 31.0
    },
    {
      "calibrated_peak_mib": 31838.0,
      "context_tokens": 166400,
      "hybrid_conditional_candidates": 951,
      "hybrid_start_pp": 0.0,
      "required_net_saved_mib": 0.0,
      "target_gib": 31.1
    },
    {
      "calibrated_peak_mib": 31958.0,
      "context_tokens": 167936,
      "hybrid_conditional_candidates": 951,
      "hybrid_start_pp": 0.0,
      "required_net_saved_mib": 0.0,
      "target_gib": 31.2
    },
    {
      "calibrated_peak_mib": 32058.0,
      "context_tokens": 169216,
      "hybrid_conditional_candidates": 949,
      "hybrid_start_pp": 0.2,
      "required_net_saved_mib": 20.0,
      "target_gib": 31.3
    },
    {
      "calibrated_peak_mib": 32158.0,
      "context_tokens": 170496,
      "hybrid_conditional_candidates": 943,
      "hybrid_start_pp": 0.8,
      "required_net_saved_mib": 120.0,
      "target_gib": 31.4
    },
    {
      "calibrated_peak_mib": 32258.0,
      "context_tokens": 171776,
      "hybrid_conditional_candidates": 937,
      "hybrid_start_pp": 1.4,
      "required_net_saved_mib": 220.0,
      "target_gib": 31.5
    },
    {
      "calibrated_peak_mib": 32358.0,
      "context_tokens": 173056,
      "hybrid_conditional_candidates": 931,
      "hybrid_start_pp": 2.0,
      "required_net_saved_mib": 320.0,
      "target_gib": 31.6
    },
    {
      "calibrated_peak_mib": 32458.0,
      "context_tokens": 174336,
      "hybrid_conditional_candidates": 925,
      "hybrid_start_pp": 2.6,
      "required_net_saved_mib": 420.0,
      "target_gib": 31.7
    },
    {
      "calibrated_peak_mib": 32558.0,
      "context_tokens": 175616,
      "hybrid_conditional_candidates": 919,
      "hybrid_start_pp": 3.2,
      "required_net_saved_mib": 520.0,
      "target_gib": 31.8
    },
    {
      "calibrated_peak_mib": 32658.0,
      "context_tokens": 176896,
      "hybrid_conditional_candidates": 913,
      "hybrid_start_pp": 3.8,
      "required_net_saved_mib": 620.0,
      "target_gib": 31.9
    },
    {
      "calibrated_peak_mib": 32768.0,
      "context_tokens": 178304,
      "hybrid_conditional_candidates": 906,
      "hybrid_start_pp": 4.5,
      "required_net_saved_mib": 730.0,
      "target_gib": 32.0
    },
    {
      "calibrated_peak_mib": 32878.0,
      "context_tokens": 179712,
      "hybrid_conditional_candidates": 900,
      "hybrid_start_pp": 5.1,
      "required_net_saved_mib": 840.0,
      "target_gib": 32.1
    },
    {
      "calibrated_peak_mib": 32978.0,
      "context_tokens": 180992,
      "hybrid_conditional_candidates": 894,
      "hybrid_start_pp": 5.7,
      "required_net_saved_mib": 940.0,
      "target_gib": 32.2
    },
    {
      "calibrated_peak_mib": 33078.0,
      "context_tokens": 182272,
      "hybrid_conditional_candidates": 888,
      "hybrid_start_pp": 6.3,
      "required_net_saved_mib": 1040.0,
      "target_gib": 32.3
    },
    {
      "calibrated_peak_mib": 33178.0,
      "context_tokens": 183552,
      "hybrid_conditional_candidates": 881,
      "hybrid_start_pp": 7.0,
      "required_net_saved_mib": 1140.0,
      "target_gib": 32.4
    },
    {
      "calibrated_peak_mib": 33278.0,
      "context_tokens": 184832,
      "hybrid_conditional_candidates": 875,
      "hybrid_start_pp": 7.6,
      "required_net_saved_mib": 1240.0,
      "target_gib": 32.5
    },
    {
      "calibrated_peak_mib": 33378.0,
      "context_tokens": 186112,
      "hybrid_conditional_candidates": 869,
      "hybrid_start_pp": 8.2,
      "required_net_saved_mib": 1340.0,
      "target_gib": 32.6
    },
    {
      "calibrated_peak_mib": 33478.0,
      "context_tokens": 187392,
      "hybrid_conditional_candidates": 863,
      "hybrid_start_pp": 8.8,
      "required_net_saved_mib": 1440.0,
      "target_gib": 32.7
    },
    {
      "calibrated_peak_mib": 33578.0,
      "context_tokens": 188672,
      "hybrid_conditional_candidates": 857,
      "hybrid_start_pp": 9.4,
      "required_net_saved_mib": 1540.0,
      "target_gib": 32.8
    },
    {
      "calibrated_peak_mib": 33698.0,
      "context_tokens": 190208,
      "hybrid_conditional_candidates": 850,
      "hybrid_start_pp": 10.1,
      "required_net_saved_mib": 1660.0,
      "target_gib": 32.9
    },
    {
      "calibrated_peak_mib": 33798.0,
      "context_tokens": 191488,
      "hybrid_conditional_candidates": 844,
      "hybrid_start_pp": 10.7,
      "required_net_saved_mib": 1760.0,
      "target_gib": 33.0
    },
    {
      "calibrated_peak_mib": 33898.0,
      "context_tokens": 192768,
      "hybrid_conditional_candidates": 838,
      "hybrid_start_pp": 11.3,
      "required_net_saved_mib": 1860.0,
      "target_gib": 33.1
    },
    {
      "calibrated_peak_mib": 33998.0,
      "context_tokens": 194048,
      "hybrid_conditional_candidates": 832,
      "hybrid_start_pp": 11.9,
      "required_net_saved_mib": 1960.0,
      "target_gib": 33.2
    },
    {
      "calibrated_peak_mib": 34098.0,
      "context_tokens": 195328,
      "hybrid_conditional_candidates": 826,
      "hybrid_start_pp": 12.5,
      "required_net_saved_mib": 2060.0,
      "target_gib": 33.3
    },
    {
      "calibrated_peak_mib": 34198.0,
      "context_tokens": 196608,
      "hybrid_conditional_candidates": 820,
      "hybrid_start_pp": 13.1,
      "required_net_saved_mib": 2160.0,
      "target_gib": 33.4
    },
    {
      "calibrated_peak_mib": 34298.0,
      "context_tokens": 197888,
      "hybrid_conditional_candidates": 814,
      "hybrid_start_pp": 13.7,
      "required_net_saved_mib": 2260.0,
      "target_gib": 33.5
    },
    {
      "calibrated_peak_mib": 34398.0,
      "context_tokens": 199168,
      "hybrid_conditional_candidates": 808,
      "hybrid_start_pp": 14.3,
      "required_net_saved_mib": 2360.0,
      "target_gib": 33.6
    },
    {
      "calibrated_peak_mib": 34518.0,
      "context_tokens": 200704,
      "hybrid_conditional_candidates": 800,
      "hybrid_start_pp": 15.1,
      "required_net_saved_mib": 2480.0,
      "target_gib": 33.7
    },
    {
      "calibrated_peak_mib": 34618.0,
      "context_tokens": 201984,
      "hybrid_conditional_candidates": 794,
      "hybrid_start_pp": 15.7,
      "required_net_saved_mib": 2580.0,
      "target_gib": 33.8
    },
    {
      "calibrated_peak_mib": 34718.0,
      "context_tokens": 203264,
      "hybrid_conditional_candidates": 788,
      "hybrid_start_pp": 16.3,
      "required_net_saved_mib": 2680.0,
      "target_gib": 33.9
    },
    {
      "calibrated_peak_mib": 34818.0,
      "context_tokens": 204544,
      "hybrid_conditional_candidates": 782,
      "hybrid_start_pp": 16.9,
      "required_net_saved_mib": 2780.0,
      "target_gib": 34.0
    }
  ],
  "coarse_points_per_hybrid_curve": 96,
  "correctness_gate": {
    "baseline_source": "first_successful_all_local_control",
    "enabled": true,
    "expected_sequence_labels": [
      "prompt",
      "prompt",
      "prompt",
      "prompt",
      "prompt",
      "prompt",
      "decode",
      "decode",
      "decode",
      "decode",
      "decode",
      "decode"
    ],
    "failure_action": "append correctness_fail row, then abort sweep",
    "require_nonfinite_field": true,
    "strict_checksum_schemes": [
      "intertidal_dma",
      "cuda_zero_copy"
    ]
  },
  "dense_points_per_hybrid_curve_before_early_stop": 951,
  "frontier_rule": {
    "confirm_steps_after_first_fit": 1,
    "default_fit_mib": 32038.0,
    "dense_step_pp": 0.1,
    "later_points_are_conditional": true,
    "probe_all_local_at_each_over_capacity_workset": true
  },
  "maximum_unique_points_per_full_hybrid_curve": 951,
  "native_points_per_curve": 62,
  "phases": [
    "pure_curve",
    "capacity_frontier"
  ],
  "pure_curve_workset_gib": 31.0,
  "remote_files_created": false,
  "schema_version": 1,
  "schemes": [
    "intertidal_dma",
    "cuda_zero_copy",
    "native_cpu_layers"
  ],
  "stop_rule": {
    "consecutive": 2,
    "retention": 0.1
  },
  "target": "wici@192.168.1.182",
  "transport": "ssh"
}
skip intertidal_dma ws=31.0 control=pp:0 status=ok
skip intertidal_dma ws=31.0 control=pp:0.1 status=ok
skip intertidal_dma ws=31.0 control=pp:0.2 status=ok
skip intertidal_dma ws=31.0 control=pp:0.3 status=ok
skip intertidal_dma ws=31.0 control=pp:0.4 status=ok
skip intertidal_dma ws=31.0 control=pp:0.5 status=ok
skip intertidal_dma ws=31.0 control=pp:0.6 status=ok
skip intertidal_dma ws=31.0 control=pp:0.7 status=ok
skip intertidal_dma ws=31.0 control=pp:0.8 status=ok
skip intertidal_dma ws=31.0 control=pp:0.9 status=ok
skip intertidal_dma ws=31.0 control=pp:1 status=ok
skip intertidal_dma ws=31.0 control=pp:1.1 status=ok
skip intertidal_dma ws=31.0 control=pp:1.2 status=ok
skip intertidal_dma ws=31.0 control=pp:1.3 status=ok
skip intertidal_dma ws=31.0 control=pp:1.4 status=ok
skip intertidal_dma ws=31.0 control=pp:1.5 status=ok
skip intertidal_dma ws=31.0 control=pp:1.6 status=ok
skip intertidal_dma ws=31.0 control=pp:1.7 status=ok
skip intertidal_dma ws=31.0 control=pp:1.8 status=ok
skip intertidal_dma ws=31.0 control=pp:1.9 status=ok
skip intertidal_dma ws=31.0 control=pp:2 status=ok
skip intertidal_dma ws=31.0 control=pp:2.1 status=ok
skip intertidal_dma ws=31.0 control=pp:2.2 status=ok
skip intertidal_dma ws=31.0 control=pp:2.3 status=ok
skip intertidal_dma ws=31.0 control=pp:2.4 status=ok
skip intertidal_dma ws=31.0 control=pp:2.5 status=ok
skip intertidal_dma ws=31.0 control=pp:2.6 status=ok
skip intertidal_dma ws=31.0 control=pp:2.7 status=ok
skip intertidal_dma ws=31.0 control=pp:2.8 status=ok
case scheme=intertidal_dma phase=dense ws=31.0GiB ctx=165120 control=pp:2.9
remote command: env -u LD_PRELOAD GGML_CUDA_HYBRID_MODE=staging GGML_CUDA_HYBRID_PAGE_BUDGET=240 LD_LIBRARY_PATH=/dev/shm/intertidal-capacity.mEP47j:/home/wici/llama.cpp/build-cuda/bin:/usr/local/cuda/lib64 LLAMA_BENCH_LOGIT_CHECKSUM=1 /home/wici/llama.cpp/build-cuda/bin/llama-bench -m /home/wici/voice-lab/models/gguf/gemma-4-31B-it-Q4_0.gguf -p 512 -n 64 -r 5 -t 8 -b 512 -ub 512 -fa on -ctk f16 -ctv f16 -mmp 1 -o csv --ctx-size 165120 -ot '^blk[.][0-9]+[.](attn_(k|v|q|output)|ffn_(down|gate|up))[.]weight$=CUDA_Hybrid'
ggml_cuda_init: found 1 CUDA devices (Total VRAM: 32109 MiB):
  Device 0: NVIDIA GeForce RTX 5090, compute capability 12.0, VMM: yes, VRAM: 32109 MiB
hybrid_vmm,mode=staging,selection=global_budget,requested_pages=240,requested_bytes=503316480,requested_mib=480.000,gross_pages=240,gross_bytes=503316480,gross_mib=480.000,staging_bytes=16777216,staging_mib=16.000,net_bytes=486539264,net_mib=464.000,eligible_pages=7470,selected_tensors=240,layers=60,buffer_bytes=16524435968,local_physical_bytes=16022241280,page_bytes=2097152,buffer_mib=15758.930,remote_mib=480.000,local_physical_mib=15280.000,net_saved_mib=464.000,page_mib=2.000
logit_checksum,prompt,2417196da4492390,nonfinite=0
logit_checksum,prompt,0453392d6142afd3,nonfinite=0
logit_checksum,prompt,8c39d6d410e92623,nonfinite=0
build_commit,build_number,cpu_info,gpu_info,backends,model_filename,model_type,model_size,model_n_params,n_batch,n_ubatch,n_threads,cpu_mask,cpu_strict,poll,type_k,type_v,n_gpu_layers,n_cpu_moe,split_mode,main_gpu,no_kv_offload,flash_attn,devices,tensor_split,tensor_buft_overrides,use_mmap,use_direct_io,embeddings,no_op_offload,no_host,fit_target,fit_min_ctx,n_ctx,n_prompt,n_gen,n_depth,test_time,avg_ns,stddev_ns,avg_ts,stddev_ts
"b820cc8","1","Intel(R) Core(TM) Ultra 5 230F","NVIDIA GeForce RTX 5090","CUDA","/home/wici/voice-lab/models/gguf/gemma-4-31B-it-Q4_0.gguf","gemma4 31B Q4_0","17322412272","30697345596","512","512","8","0x0","0","50","f16","f16","-1","0","layer","0","0","1","auto","0.00","^blk[.][0-9]+[.](attn_(k|v|q|output)|ffn_(down|gate|up))[.]weight$=CUDA_Hybrid","1","0","0","0","0","0","0","165120","512","0","0","2026-08-12T09:06:24Z","120026473","1925556","4266.589305","67.301850"
logit_checksum,prompt,ce38b3f3a7a05142,nonfinite=0
logit_checksum,prompt,556c3b871bf91e81,nonfinite=0
logit_checksum,prompt,c930f979f7f0aed4,nonfinite=0
logit_checksum,decode,0c8e93b3ecced1c6,nonfinite=0
logit_checksum,decode,319a6a234bb9ed88,nonfinite=0
logit_checksum,decode,1e95777bddcc71d5,nonfinite=0
logit_checksum,decode,fc3ff68058ffd54e,nonfinite=0
logit_checksum,decode,92560214e2ee8afd,nonfinite=0
"b820cc8","1","Intel(R) Core(TM) Ultra 5 230F","NVIDIA GeForce RTX 5090","CUDA","/home/wici/voice-lab/models/gguf/gemma-4-31B-it-Q4_0.gguf","gemma4 31B Q4_0","17322412272","30697345596","512","512","8","0x0","0","50","f16","f16","-1","0","layer","0","0","1","auto","0.00","^blk[.][0-9]+[.](attn_(k|v|q|output)|ffn_(down|gate|up))[.]weight$=CUDA_Hybrid","1","0","0","0","0","0","0","165120","0","64","0","2026-08-12T09:06:25Z","854397819","1543795","74.906753","0.135026"
logit_checksum,decode,ea317c3ff2b17152,nonfinite=0
result status=ok pp=4266.589305 tg=74.906753 peak=31274.000MiB
skip intertidal_dma ws=31.0 control=pp:3 status=ok
case scheme=intertidal_dma phase=dense ws=31.0GiB ctx=165120 control=pp:3.1
remote command: env -u LD_PRELOAD GGML_CUDA_HYBRID_MODE=staging GGML_CUDA_HYBRID_PAGE_BUDGET=256 LD_LIBRARY_PATH=/dev/shm/intertidal-capacity.mEP47j:/home/wici/llama.cpp/build-cuda/bin:/usr/local/cuda/lib64 LLAMA_BENCH_LOGIT_CHECKSUM=1 /home/wici/llama.cpp/build-cuda/bin/llama-bench -m /home/wici/voice-lab/models/gguf/gemma-4-31B-it-Q4_0.gguf -p 512 -n 64 -r 5 -t 8 -b 512 -ub 512 -fa on -ctk f16 -ctv f16 -mmp 1 -o csv --ctx-size 165120 -ot '^blk[.][0-9]+[.](attn_(k|v|q|output)|ffn_(down|gate|up))[.]weight$=CUDA_Hybrid'
ggml_cuda_init: found 1 CUDA devices (Total VRAM: 32109 MiB):
  Device 0: NVIDIA GeForce RTX 5090, compute capability 12.0, VMM: yes, VRAM: 32109 MiB
hybrid_vmm,mode=staging,selection=global_budget,requested_pages=256,requested_bytes=536870912,requested_mib=512.000,gross_pages=256,gross_bytes=536870912,gross_mib=512.000,staging_bytes=20971520,staging_mib=20.000,net_bytes=515899392,net_mib=492.000,eligible_pages=7470,selected_tensors=256,layers=60,buffer_bytes=16524435968,local_physical_bytes=15988686848,page_bytes=2097152,buffer_mib=15758.930,remote_mib=512.000,local_physical_mib=15248.000,net_saved_mib=492.000,page_mib=2.000
logit_checksum,prompt,2417196da4492390,nonfinite=0
logit_checksum,prompt,0453392d6142afd3,nonfinite=0
logit_checksum,prompt,8c39d6d410e92623,nonfinite=0
logit_checksum,prompt,ce38b3f3a7a05142,nonfinite=0
logit_checksum,prompt,556c3b871bf91e81,nonfinite=0
logit_checksum,prompt,c930f979f7f0aed4,nonfinite=0
build_commit,build_number,cpu_info,gpu_info,backends,model_filename,model_type,model_size,model_n_params,n_batch,n_ubatch,n_threads,cpu_mask,cpu_strict,poll,type_k,type_v,n_gpu_layers,n_cpu_moe,split_mode,main_gpu,no_kv_offload,flash_attn,devices,tensor_split,tensor_buft_overrides,use_mmap,use_direct_io,embeddings,no_op_offload,no_host,fit_target,fit_min_ctx,n_ctx,n_prompt,n_gen,n_depth,test_time,avg_ns,stddev_ns,avg_ts,stddev_ts
"b820cc8","1","Intel(R) Core(TM) Ultra 5 230F","NVIDIA GeForce RTX 5090","CUDA","/home/wici/voice-lab/models/gguf/gemma-4-31B-it-Q4_0.gguf","gemma4 31B Q4_0","17322412272","30697345596","512","512","8","0x0","0","50","f16","f16","-1","0","layer","0","0","1","auto","0.00","^blk[.][0-9]+[.](attn_(k|v|q|output)|ffn_(down|gate|up))[.]weight$=CUDA_Hybrid","1","0","0","0","0","0","0","165120","512","0","0","2026-08-12T09:06:32Z","120152112","1990640","4262.184757","69.392261"
logit_checksum,decode,0c8e93b3ecced1c6,nonfinite=0
logit_checksum,decode,319a6a234bb9ed88,nonfinite=0
logit_checksum,decode,1e95777bddcc71d5,nonfinite=0
logit_checksum,decode,fc3ff68058ffd54e,nonfinite=0
logit_checksum,decode,92560214e2ee8afd,nonfinite=0
"b820cc8","1","Intel(R) Core(TM) Ultra 5 230F","NVIDIA GeForce RTX 5090","CUDA","/home/wici/voice-lab/models/gguf/gemma-4-31B-it-Q4_0.gguf","gemma4 31B Q4_0","17322412272","30697345596","512","512","8","0x0","0","50","f16","f16","-1","0","layer","0","0","1","auto","0.00","^blk[.][0-9]+[.](attn_(k|v|q|output)|ffn_(down|gate|up))[.]weight$=CUDA_Hybrid","1","0","0","0","0","0","0","165120","0","64","0","2026-08-12T09:06:33Z","862250502","1858545","74.224645","0.159662"
logit_checksum,decode,ea317c3ff2b17152,nonfinite=0
result status=ok pp=4262.184757 tg=74.224645 peak=31246.000MiB
case scheme=intertidal_dma phase=dense ws=31.0GiB ctx=165120 control=pp:3.2
remote command: env -u LD_PRELOAD GGML_CUDA_HYBRID_MODE=staging GGML_CUDA_HYBRID_PAGE_BUDGET=264 LD_LIBRARY_PATH=/dev/shm/intertidal-capacity.mEP47j:/home/wici/llama.cpp/build-cuda/bin:/usr/local/cuda/lib64 LLAMA_BENCH_LOGIT_CHECKSUM=1 /home/wici/llama.cpp/build-cuda/bin/llama-bench -m /home/wici/voice-lab/models/gguf/gemma-4-31B-it-Q4_0.gguf -p 512 -n 64 -r 5 -t 8 -b 512 -ub 512 -fa on -ctk f16 -ctv f16 -mmp 1 -o csv --ctx-size 165120 -ot '^blk[.][0-9]+[.](attn_(k|v|q|output)|ffn_(down|gate|up))[.]weight$=CUDA_Hybrid'
ggml_cuda_init: found 1 CUDA devices (Total VRAM: 32109 MiB):
  Device 0: NVIDIA GeForce RTX 5090, compute capability 12.0, VMM: yes, VRAM: 32109 MiB
hybrid_vmm,mode=staging,selection=global_budget,requested_pages=264,requested_bytes=553648128,requested_mib=528.000,gross_pages=264,gross_bytes=553648128,gross_mib=528.000,staging_bytes=20971520,staging_mib=20.000,net_bytes=532676608,net_mib=508.000,eligible_pages=7470,selected_tensors=264,layers=60,buffer_bytes=16524435968,local_physical_bytes=15971909632,page_bytes=2097152,buffer_mib=15758.930,remote_mib=528.000,local_physical_mib=15232.000,net_saved_mib=508.000,page_mib=2.000
logit_checksum,prompt,2417196da4492390,nonfinite=0
logit_checksum,prompt,0453392d6142afd3,nonfinite=0
logit_checksum,prompt,8c39d6d410e92623,nonfinite=0
logit_checksum,prompt,ce38b3f3a7a05142,nonfinite=0
logit_checksum,prompt,556c3b871bf91e81,nonfinite=0
logit_checksum,prompt,c930f979f7f0aed4,nonfinite=0
build_commit,build_number,cpu_info,gpu_info,backends,model_filename,model_type,model_size,model_n_params,n_batch,n_ubatch,n_threads,cpu_mask,cpu_strict,poll,type_k,type_v,n_gpu_layers,n_cpu_moe,split_mode,main_gpu,no_kv_offload,flash_attn,devices,tensor_split,tensor_buft_overrides,use_mmap,use_direct_io,embeddings,no_op_offload,no_host,fit_target,fit_min_ctx,n_ctx,n_prompt,n_gen,n_depth,test_time,avg_ns,stddev_ns,avg_ts,stddev_ts
"b820cc8","1","Intel(R) Core(TM) Ultra 5 230F","NVIDIA GeForce RTX 5090","CUDA","/home/wici/voice-lab/models/gguf/gemma-4-31B-it-Q4_0.gguf","gemma4 31B Q4_0","17322412272","30697345596","512","512","8","0x0","0","50","f16","f16","-1","0","layer","0","0","1","auto","0.00","^blk[.][0-9]+[.](attn_(k|v|q|output)|ffn_(down|gate|up))[.]weight$=CUDA_Hybrid","1","0","0","0","0","0","0","165120","512","0","0","2026-08-12T09:06:41Z","120381435","1600477","4253.738827","55.600311"
logit_checksum,decode,0c8e93b3ecced1c6,nonfinite=0
logit_checksum,decode,319a6a234bb9ed88,nonfinite=0
logit_checksum,decode,1e95777bddcc71d5,nonfinite=0
logit_checksum,decode,fc3ff68058ffd54e,nonfinite=0
logit_checksum,decode,92560214e2ee8afd,nonfinite=0
"b820cc8","1","Intel(R) Core(TM) Ultra 5 230F","NVIDIA GeForce RTX 5090","CUDA","/home/wici/voice-lab/models/gguf/gemma-4-31B-it-Q4_0.gguf","gemma4 31B Q4_0","17322412272","30697345596","512","512","8","0x0","0","50","f16","f16","-1","0","layer","0","0","1","auto","0.00","^blk[.][0-9]+[.](attn_(k|v|q|output)|ffn_(down|gate|up))[.]weight$=CUDA_Hybrid","1","0","0","0","0","0","0","165120","0","64","0","2026-08-12T09:06:41Z","865933855","2161020","73.909014","0.183812"
logit_checksum,decode,ea317c3ff2b17152,nonfinite=0
result status=ok pp=4253.738827 tg=73.909014 peak=31230.000MiB
case scheme=intertidal_dma phase=dense ws=31.0GiB ctx=165120 control=pp:3.3
remote command: env -u LD_PRELOAD GGML_CUDA_HYBRID_MODE=staging GGML_CUDA_HYBRID_PAGE_BUDGET=273 LD_LIBRARY_PATH=/dev/shm/intertidal-capacity.mEP47j:/home/wici/llama.cpp/build-cuda/bin:/usr/local/cuda/lib64 LLAMA_BENCH_LOGIT_CHECKSUM=1 /home/wici/llama.cpp/build-cuda/bin/llama-bench -m /home/wici/voice-lab/models/gguf/gemma-4-31B-it-Q4_0.gguf -p 512 -n 64 -r 5 -t 8 -b 512 -ub 512 -fa on -ctk f16 -ctv f16 -mmp 1 -o csv --ctx-size 165120 -ot '^blk[.][0-9]+[.](attn_(k|v|q|output)|ffn_(down|gate|up))[.]weight$=CUDA_Hybrid'
ggml_cuda_init: found 1 CUDA devices (Total VRAM: 32109 MiB):
  Device 0: NVIDIA GeForce RTX 5090, compute capability 12.0, VMM: yes, VRAM: 32109 MiB
hybrid_vmm,mode=staging,selection=global_budget,requested_pages=273,requested_bytes=572522496,requested_mib=546.000,gross_pages=273,gross_bytes=572522496,gross_mib=546.000,staging_bytes=20971520,staging_mib=20.000,net_bytes=551550976,net_mib=526.000,eligible_pages=7470,selected_tensors=273,layers=60,buffer_bytes=16524435968,local_physical_bytes=15953035264,page_bytes=2097152,buffer_mib=15758.930,remote_mib=546.000,local_physical_mib=15214.000,net_saved_mib=526.000,page_mib=2.000
logit_checksum,prompt,2417196da4492390,nonfinite=0
logit_checksum,prompt,0453392d6142afd3,nonfinite=0
logit_checksum,prompt,8c39d6d410e92623,nonfinite=0
logit_checksum,prompt,ce38b3f3a7a05142,nonfinite=0
logit_checksum,prompt,556c3b871bf91e81,nonfinite=0
logit_checksum,prompt,c930f979f7f0aed4,nonfinite=0
build_commit,build_number,cpu_info,gpu_info,backends,model_filename,model_type,model_size,model_n_params,n_batch,n_ubatch,n_threads,cpu_mask,cpu_strict,poll,type_k,type_v,n_gpu_layers,n_cpu_moe,split_mode,main_gpu,no_kv_offload,flash_attn,devices,tensor_split,tensor_buft_overrides,use_mmap,use_direct_io,embeddings,no_op_offload,no_host,fit_target,fit_min_ctx,n_ctx,n_prompt,n_gen,n_depth,test_time,avg_ns,stddev_ns,avg_ts,stddev_ts
"b820cc8","1","Intel(R) Core(TM) Ultra 5 230F","NVIDIA GeForce RTX 5090","CUDA","/home/wici/voice-lab/models/gguf/gemma-4-31B-it-Q4_0.gguf","gemma4 31B Q4_0","17322412272","30697345596","512","512","8","0x0","0","50","f16","f16","-1","0","layer","0","0","1","auto","0.00","^blk[.][0-9]+[.](attn_(k|v|q|output)|ffn_(down|gate|up))[.]weight$=CUDA_Hybrid","1","0","0","0","0","0","0","165120","512","0","0","2026-08-12T09:06:49Z","120302462","1906871","4256.780913","66.360471"
logit_checksum,decode,0c8e93b3ecced1c6,nonfinite=0
logit_checksum,decode,319a6a234bb9ed88,nonfinite=0
logit_checksum,decode,1e95777bddcc71d5,nonfinite=0
logit_checksum,decode,fc3ff68058ffd54e,nonfinite=0
logit_checksum,decode,92560214e2ee8afd,nonfinite=0
logit_checksum,decode,ea317c3ff2b17152,nonfinite=0
"b820cc8","1","Intel(R) Core(TM) Ultra 5 230F","NVIDIA GeForce RTX 5090","CUDA","/home/wici/voice-lab/models/gguf/gemma-4-31B-it-Q4_0.gguf","gemma4 31B Q4_0","17322412272","30697345596","512","512","8","0x0","0","50","f16","f16","-1","0","layer","0","0","1","auto","0.00","^blk[.][0-9]+[.](attn_(k|v|q|output)|ffn_(down|gate|up))[.]weight$=CUDA_Hybrid","1","0","0","0","0","0","0","165120","0","64","0","2026-08-12T09:06:50Z","870567886","1814533","73.515487","0.152812"
result status=ok pp=4256.780913 tg=73.515487 peak=31212.000MiB
case scheme=intertidal_dma phase=dense ws=31.0GiB ctx=165120 control=pp:3.4
remote command: env -u LD_PRELOAD GGML_CUDA_HYBRID_MODE=staging GGML_CUDA_HYBRID_PAGE_BUDGET=281 LD_LIBRARY_PATH=/dev/shm/intertidal-capacity.mEP47j:/home/wici/llama.cpp/build-cuda/bin:/usr/local/cuda/lib64 LLAMA_BENCH_LOGIT_CHECKSUM=1 /home/wici/llama.cpp/build-cuda/bin/llama-bench -m /home/wici/voice-lab/models/gguf/gemma-4-31B-it-Q4_0.gguf -p 512 -n 64 -r 5 -t 8 -b 512 -ub 512 -fa on -ctk f16 -ctv f16 -mmp 1 -o csv --ctx-size 165120 -ot '^blk[.][0-9]+[.](attn_(k|v|q|output)|ffn_(down|gate|up))[.]weight$=CUDA_Hybrid'
ggml_cuda_init: found 1 CUDA devices (Total VRAM: 32109 MiB):
  Device 0: NVIDIA GeForce RTX 5090, compute capability 12.0, VMM: yes, VRAM: 32109 MiB
hybrid_vmm,mode=staging,selection=global_budget,requested_pages=281,requested_bytes=589299712,requested_mib=562.000,gross_pages=281,gross_bytes=589299712,gross_mib=562.000,staging_bytes=20971520,staging_mib=20.000,net_bytes=568328192,net_mib=542.000,eligible_pages=7470,selected_tensors=281,layers=60,buffer_bytes=16524435968,local_physical_bytes=15936258048,page_bytes=2097152,buffer_mib=15758.930,remote_mib=562.000,local_physical_mib=15198.000,net_saved_mib=542.000,page_mib=2.000
logit_checksum,prompt,2417196da4492390,nonfinite=0
logit_checksum,prompt,0453392d6142afd3,nonfinite=0
logit_checksum,prompt,8c39d6d410e92623,nonfinite=0
logit_checksum,prompt,ce38b3f3a7a05142,nonfinite=0
logit_checksum,prompt,556c3b871bf91e81,nonfinite=0
logit_checksum,prompt,c930f979f7f0aed4,nonfinite=0
build_commit,build_number,cpu_info,gpu_info,backends,model_filename,model_type,model_size,model_n_params,n_batch,n_ubatch,n_threads,cpu_mask,cpu_strict,poll,type_k,type_v,n_gpu_layers,n_cpu_moe,split_mode,main_gpu,no_kv_offload,flash_attn,devices,tensor_split,tensor_buft_overrides,use_mmap,use_direct_io,embeddings,no_op_offload,no_host,fit_target,fit_min_ctx,n_ctx,n_prompt,n_gen,n_depth,test_time,avg_ns,stddev_ns,avg_ts,stddev_ts
"b820cc8","1","Intel(R) Core(TM) Ultra 5 230F","NVIDIA GeForce RTX 5090","CUDA","/home/wici/voice-lab/models/gguf/gemma-4-31B-it-Q4_0.gguf","gemma4 31B Q4_0","17322412272","30697345596","512","512","8","0x0","0","50","f16","f16","-1","0","layer","0","0","1","auto","0.00","^blk[.][0-9]+[.](attn_(k|v|q|output)|ffn_(down|gate|up))[.]weight$=CUDA_Hybrid","1","0","0","0","0","0","0","165120","512","0","0","2026-08-12T09:06:57Z","120648868","1393156","4244.165871","48.280492"
logit_checksum,decode,0c8e93b3ecced1c6,nonfinite=0
logit_checksum,decode,319a6a234bb9ed88,nonfinite=0
logit_checksum,decode,1e95777bddcc71d5,nonfinite=0
logit_checksum,decode,fc3ff68058ffd54e,nonfinite=0
logit_checksum,decode,92560214e2ee8afd,nonfinite=0
"b820cc8","1","Intel(R) Core(TM) Ultra 5 230F","NVIDIA GeForce RTX 5090","CUDA","/home/wici/voice-lab/models/gguf/gemma-4-31B-it-Q4_0.gguf","gemma4 31B Q4_0","17322412272","30697345596","512","512","8","0x0","0","50","f16","f16","-1","0","layer","0","0","1","auto","0.00","^blk[.][0-9]+[.](attn_(k|v|q|output)|ffn_(down|gate|up))[.]weight$=CUDA_Hybrid","1","0","0","0","0","0","0","165120","0","64","0","2026-08-12T09:06:58Z","872492331","1815334","73.353334","0.152395"
logit_checksum,decode,ea317c3ff2b17152,nonfinite=0
result status=ok pp=4244.165871 tg=73.353334 peak=31196.000MiB
case scheme=intertidal_dma phase=dense ws=31.0GiB ctx=165120 control=pp:3.5
remote command: env -u LD_PRELOAD GGML_CUDA_HYBRID_MODE=staging GGML_CUDA_HYBRID_PAGE_BUDGET=289 LD_LIBRARY_PATH=/dev/shm/intertidal-capacity.mEP47j:/home/wici/llama.cpp/build-cuda/bin:/usr/local/cuda/lib64 LLAMA_BENCH_LOGIT_CHECKSUM=1 /home/wici/llama.cpp/build-cuda/bin/llama-bench -m /home/wici/voice-lab/models/gguf/gemma-4-31B-it-Q4_0.gguf -p 512 -n 64 -r 5 -t 8 -b 512 -ub 512 -fa on -ctk f16 -ctv f16 -mmp 1 -o csv --ctx-size 165120 -ot '^blk[.][0-9]+[.](attn_(k|v|q|output)|ffn_(down|gate|up))[.]weight$=CUDA_Hybrid'
ggml_cuda_init: found 1 CUDA devices (Total VRAM: 32109 MiB):
  Device 0: NVIDIA GeForce RTX 5090, compute capability 12.0, VMM: yes, VRAM: 32109 MiB
hybrid_vmm,mode=staging,selection=global_budget,requested_pages=289,requested_bytes=606076928,requested_mib=578.000,gross_pages=289,gross_bytes=606076928,gross_mib=578.000,staging_bytes=20971520,staging_mib=20.000,net_bytes=585105408,net_mib=558.000,eligible_pages=7470,selected_tensors=289,layers=60,buffer_bytes=16524435968,local_physical_bytes=15919480832,page_bytes=2097152,buffer_mib=15758.930,remote_mib=578.000,local_physical_mib=15182.000,net_saved_mib=558.000,page_mib=2.000
logit_checksum,prompt,2417196da4492390,nonfinite=0
logit_checksum,prompt,0453392d6142afd3,nonfinite=0
logit_checksum,prompt,8c39d6d410e92623,nonfinite=0
logit_checksum,prompt,ce38b3f3a7a05142,nonfinite=0
logit_checksum,prompt,556c3b871bf91e81,nonfinite=0
build_commit,build_number,cpu_info,gpu_info,backends,model_filename,model_type,model_size,model_n_params,n_batch,n_ubatch,n_threads,cpu_mask,cpu_strict,poll,type_k,type_v,n_gpu_layers,n_cpu_moe,split_mode,main_gpu,no_kv_offload,flash_attn,devices,tensor_split,tensor_buft_overrides,use_mmap,use_direct_io,embeddings,no_op_offload,no_host,fit_target,fit_min_ctx,n_ctx,n_prompt,n_gen,n_depth,test_time,avg_ns,stddev_ns,avg_ts,stddev_ts
"b820cc8","1","Intel(R) Core(TM) Ultra 5 230F","NVIDIA GeForce RTX 5090","CUDA","/home/wici/voice-lab/models/gguf/gemma-4-31B-it-Q4_0.gguf","gemma4 31B Q4_0","17322412272","30697345596","512","512","8","0x0","0","50","f16","f16","-1","0","layer","0","0","1","auto","0.00","^blk[.][0-9]+[.](attn_(k|v|q|output)|ffn_(down|gate|up))[.]weight$=CUDA_Hybrid","1","0","0","0","0","0","0","165120","512","0","0","2026-08-12T09:07:05Z","120602705","1653925","4245.973338","57.346420"
logit_checksum,prompt,c930f979f7f0aed4,nonfinite=0
logit_checksum,decode,0c8e93b3ecced1c6,nonfinite=0
logit_checksum,decode,319a6a234bb9ed88,nonfinite=0
logit_checksum,decode,1e95777bddcc71d5,nonfinite=0
logit_checksum,decode,fc3ff68058ffd54e,nonfinite=0
logit_checksum,decode,92560214e2ee8afd,nonfinite=0
"b820cc8","1","Intel(R) Core(TM) Ultra 5 230F","NVIDIA GeForce RTX 5090","CUDA","/home/wici/voice-lab/models/gguf/gemma-4-31B-it-Q4_0.gguf","gemma4 31B Q4_0","17322412272","30697345596","512","512","8","0x0","0","50","f16","f16","-1","0","layer","0","0","1","auto","0.00","^blk[.][0-9]+[.](attn_(k|v|q|output)|ffn_(down|gate|up))[.]weight$=CUDA_Hybrid","1","0","0","0","0","0","0","165120","0","64","0","2026-08-12T09:07:06Z","875166681","1235585","73.129043","0.103111"
logit_checksum,decode,ea317c3ff2b17152,nonfinite=0
result status=ok pp=4245.973338 tg=73.129043 peak=31180.000MiB
case scheme=intertidal_dma phase=dense ws=31.0GiB ctx=165120 control=pp:3.6
remote command: env -u LD_PRELOAD GGML_CUDA_HYBRID_MODE=staging GGML_CUDA_HYBRID_PAGE_BUDGET=297 LD_LIBRARY_PATH=/dev/shm/intertidal-capacity.mEP47j:/home/wici/llama.cpp/build-cuda/bin:/usr/local/cuda/lib64 LLAMA_BENCH_LOGIT_CHECKSUM=1 /home/wici/llama.cpp/build-cuda/bin/llama-bench -m /home/wici/voice-lab/models/gguf/gemma-4-31B-it-Q4_0.gguf -p 512 -n 64 -r 5 -t 8 -b 512 -ub 512 -fa on -ctk f16 -ctv f16 -mmp 1 -o csv --ctx-size 165120 -ot '^blk[.][0-9]+[.](attn_(k|v|q|output)|ffn_(down|gate|up))[.]weight$=CUDA_Hybrid'
ggml_cuda_init: found 1 CUDA devices (Total VRAM: 32109 MiB):
  Device 0: NVIDIA GeForce RTX 5090, compute capability 12.0, VMM: yes, VRAM: 32109 MiB
hybrid_vmm,mode=staging,selection=global_budget,requested_pages=297,requested_bytes=622854144,requested_mib=594.000,gross_pages=297,gross_bytes=622854144,gross_mib=594.000,staging_bytes=20971520,staging_mib=20.000,net_bytes=601882624,net_mib=574.000,eligible_pages=7470,selected_tensors=297,layers=60,buffer_bytes=16524435968,local_physical_bytes=15902703616,page_bytes=2097152,buffer_mib=15758.930,remote_mib=594.000,local_physical_mib=15166.000,net_saved_mib=574.000,page_mib=2.000
logit_checksum,prompt,2417196da4492390,nonfinite=0
logit_checksum,prompt,0453392d6142afd3,nonfinite=0
logit_checksum,prompt,8c39d6d410e92623,nonfinite=0
logit_checksum,prompt,ce38b3f3a7a05142,nonfinite=0
logit_checksum,prompt,556c3b871bf91e81,nonfinite=0
logit_checksum,prompt,c930f979f7f0aed4,nonfinite=0
build_commit,build_number,cpu_info,gpu_info,backends,model_filename,model_type,model_size,model_n_params,n_batch,n_ubatch,n_threads,cpu_mask,cpu_strict,poll,type_k,type_v,n_gpu_layers,n_cpu_moe,split_mode,main_gpu,no_kv_offload,flash_attn,devices,tensor_split,tensor_buft_overrides,use_mmap,use_direct_io,embeddings,no_op_offload,no_host,fit_target,fit_min_ctx,n_ctx,n_prompt,n_gen,n_depth,test_time,avg_ns,stddev_ns,avg_ts,stddev_ts
"b820cc8","1","Intel(R) Core(TM) Ultra 5 230F","NVIDIA GeForce RTX 5090","CUDA","/home/wici/voice-lab/models/gguf/gemma-4-31B-it-Q4_0.gguf","gemma4 31B Q4_0","17322412272","30697345596","512","512","8","0x0","0","50","f16","f16","-1","0","layer","0","0","1","auto","0.00","^blk[.][0-9]+[.](attn_(k|v|q|output)|ffn_(down|gate|up))[.]weight$=CUDA_Hybrid","1","0","0","0","0","0","0","165120","512","0","0","2026-08-12T09:07:13Z","120815824","1786059","4238.582923","61.511954"
logit_checksum,decode,0c8e93b3ecced1c6,nonfinite=0
logit_checksum,decode,319a6a234bb9ed88,nonfinite=0
logit_checksum,decode,1e95777bddcc71d5,nonfinite=0
logit_checksum,decode,fc3ff68058ffd54e,nonfinite=0
logit_checksum,decode,92560214e2ee8afd,nonfinite=0
"b820cc8","1","Intel(R) Core(TM) Ultra 5 230F","NVIDIA GeForce RTX 5090","CUDA","/home/wici/voice-lab/models/gguf/gemma-4-31B-it-Q4_0.gguf","gemma4 31B Q4_0","17322412272","30697345596","512","512","8","0x0","0","50","f16","f16","-1","0","layer","0","0","1","auto","0.00","^blk[.][0-9]+[.](attn_(k|v|q|output)|ffn_(down|gate|up))[.]weight$=CUDA_Hybrid","1","0","0","0","0","0","0","165120","0","64","0","2026-08-12T09:07:14Z","878655294","2063668","72.838896","0.170668"
logit_checksum,decode,ea317c3ff2b17152,nonfinite=0
result status=ok pp=4238.582923 tg=72.838896 peak=31164.000MiB
case scheme=intertidal_dma phase=dense ws=31.0GiB ctx=165120 control=pp:3.7
remote command: env -u LD_PRELOAD GGML_CUDA_HYBRID_MODE=staging GGML_CUDA_HYBRID_PAGE_BUDGET=306 LD_LIBRARY_PATH=/dev/shm/intertidal-capacity.mEP47j:/home/wici/llama.cpp/build-cuda/bin:/usr/local/cuda/lib64 LLAMA_BENCH_LOGIT_CHECKSUM=1 /home/wici/llama.cpp/build-cuda/bin/llama-bench -m /home/wici/voice-lab/models/gguf/gemma-4-31B-it-Q4_0.gguf -p 512 -n 64 -r 5 -t 8 -b 512 -ub 512 -fa on -ctk f16 -ctv f16 -mmp 1 -o csv --ctx-size 165120 -ot '^blk[.][0-9]+[.](attn_(k|v|q|output)|ffn_(down|gate|up))[.]weight$=CUDA_Hybrid'
ggml_cuda_init: found 1 CUDA devices (Total VRAM: 32109 MiB):
  Device 0: NVIDIA GeForce RTX 5090, compute capability 12.0, VMM: yes, VRAM: 32109 MiB
hybrid_vmm,mode=staging,selection=global_budget,requested_pages=306,requested_bytes=641728512,requested_mib=612.000,gross_pages=306,gross_bytes=641728512,gross_mib=612.000,staging_bytes=25165824,staging_mib=24.000,net_bytes=616562688,net_mib=588.000,eligible_pages=7470,selected_tensors=306,layers=60,buffer_bytes=16524435968,local_physical_bytes=15883829248,page_bytes=2097152,buffer_mib=15758.930,remote_mib=612.000,local_physical_mib=15148.000,net_saved_mib=588.000,page_mib=2.000
logit_checksum,prompt,2417196da4492390,nonfinite=0
logit_checksum,prompt,0453392d6142afd3,nonfinite=0
logit_checksum,prompt,8c39d6d410e92623,nonfinite=0
logit_checksum,prompt,ce38b3f3a7a05142,nonfinite=0
logit_checksum,prompt,556c3b871bf91e81,nonfinite=0
build_commit,build_number,cpu_info,gpu_info,backends,model_filename,model_type,model_size,model_n_params,n_batch,n_ubatch,n_threads,cpu_mask,cpu_strict,poll,type_k,type_v,n_gpu_layers,n_cpu_moe,split_mode,main_gpu,no_kv_offload,flash_attn,devices,tensor_split,tensor_buft_overrides,use_mmap,use_direct_io,embeddings,no_op_offload,no_host,fit_target,fit_min_ctx,n_ctx,n_prompt,n_gen,n_depth,test_time,avg_ns,stddev_ns,avg_ts,stddev_ts
"b820cc8","1","Intel(R) Core(TM) Ultra 5 230F","NVIDIA GeForce RTX 5090","CUDA","/home/wici/voice-lab/models/gguf/gemma-4-31B-it-Q4_0.gguf","gemma4 31B Q4_0","17322412272","30697345596","512","512","8","0x0","0","50","f16","f16","-1","0","layer","0","0","1","auto","0.00","^blk[.][0-9]+[.](attn_(k|v|q|output)|ffn_(down|gate|up))[.]weight$=CUDA_Hybrid","1","0","0","0","0","0","0","165120","512","0","0","2026-08-12T09:07:23Z","120729457","1870041","4241.688916","64.710321"
logit_checksum,prompt,c930f979f7f0aed4,nonfinite=0
logit_checksum,decode,0c8e93b3ecced1c6,nonfinite=0
logit_checksum,decode,319a6a234bb9ed88,nonfinite=0
logit_checksum,decode,1e95777bddcc71d5,nonfinite=0
logit_checksum,decode,fc3ff68058ffd54e,nonfinite=0
logit_checksum,decode,92560214e2ee8afd,nonfinite=0
"b820cc8","1","Intel(R) Core(TM) Ultra 5 230F","NVIDIA GeForce RTX 5090","CUDA","/home/wici/voice-lab/models/gguf/gemma-4-31B-it-Q4_0.gguf","gemma4 31B Q4_0","17322412272","30697345596","512","512","8","0x0","0","50","f16","f16","-1","0","layer","0","0","1","auto","0.00","^blk[.][0-9]+[.](attn_(k|v|q|output)|ffn_(down|gate|up))[.]weight$=CUDA_Hybrid","1","0","0","0","0","0","0","165120","0","64","0","2026-08-12T09:07:24Z","892275526","1937692","71.726994","0.155476"
logit_checksum,decode,ea317c3ff2b17152,nonfinite=0
result status=ok pp=4241.688916 tg=71.726994 peak=31150.000MiB
case scheme=intertidal_dma phase=dense ws=31.0GiB ctx=165120 control=pp:3.8
remote command: env -u LD_PRELOAD GGML_CUDA_HYBRID_MODE=staging GGML_CUDA_HYBRID_PAGE_BUDGET=314 LD_LIBRARY_PATH=/dev/shm/intertidal-capacity.mEP47j:/home/wici/llama.cpp/build-cuda/bin:/usr/local/cuda/lib64 LLAMA_BENCH_LOGIT_CHECKSUM=1 /home/wici/llama.cpp/build-cuda/bin/llama-bench -m /home/wici/voice-lab/models/gguf/gemma-4-31B-it-Q4_0.gguf -p 512 -n 64 -r 5 -t 8 -b 512 -ub 512 -fa on -ctk f16 -ctv f16 -mmp 1 -o csv --ctx-size 165120 -ot '^blk[.][0-9]+[.](attn_(k|v|q|output)|ffn_(down|gate|up))[.]weight$=CUDA_Hybrid'
ggml_cuda_init: found 1 CUDA devices (Total VRAM: 32109 MiB):
  Device 0: NVIDIA GeForce RTX 5090, compute capability 12.0, VMM: yes, VRAM: 32109 MiB
hybrid_vmm,mode=staging,selection=global_budget,requested_pages=314,requested_bytes=658505728,requested_mib=628.000,gross_pages=314,gross_bytes=658505728,gross_mib=628.000,staging_bytes=25165824,staging_mib=24.000,net_bytes=633339904,net_mib=604.000,eligible_pages=7470,selected_tensors=314,layers=60,buffer_bytes=16524435968,local_physical_bytes=15867052032,page_bytes=2097152,buffer_mib=15758.930,remote_mib=628.000,local_physical_mib=15132.000,net_saved_mib=604.000,page_mib=2.000
logit_checksum,prompt,2417196da4492390,nonfinite=0
logit_checksum,prompt,0453392d6142afd3,nonfinite=0
logit_checksum,prompt,8c39d6d410e92623,nonfinite=0
logit_checksum,prompt,ce38b3f3a7a05142,nonfinite=0
logit_checksum,prompt,556c3b871bf91e81,nonfinite=0
logit_checksum,prompt,c930f979f7f0aed4,nonfinite=0
build_commit,build_number,cpu_info,gpu_info,backends,model_filename,model_type,model_size,model_n_params,n_batch,n_ubatch,n_threads,cpu_mask,cpu_strict,poll,type_k,type_v,n_gpu_layers,n_cpu_moe,split_mode,main_gpu,no_kv_offload,flash_attn,devices,tensor_split,tensor_buft_overrides,use_mmap,use_direct_io,embeddings,no_op_offload,no_host,fit_target,fit_min_ctx,n_ctx,n_prompt,n_gen,n_depth,test_time,avg_ns,stddev_ns,avg_ts,stddev_ts
"b820cc8","1","Intel(R) Core(TM) Ultra 5 230F","NVIDIA GeForce RTX 5090","CUDA","/home/wici/voice-lab/models/gguf/gemma-4-31B-it-Q4_0.gguf","gemma4 31B Q4_0","17322412272","30697345596","512","512","8","0x0","0","50","f16","f16","-1","0","layer","0","0","1","auto","0.00","^blk[.][0-9]+[.](attn_(k|v|q|output)|ffn_(down|gate|up))[.]weight$=CUDA_Hybrid","1","0","0","0","0","0","0","165120","512","0","0","2026-08-12T09:07:31Z","121017999","1805105","4231.514154","61.891022"
logit_checksum,decode,0c8e93b3ecced1c6,nonfinite=0
logit_checksum,decode,319a6a234bb9ed88,nonfinite=0
logit_checksum,decode,1e95777bddcc71d5,nonfinite=0
logit_checksum,decode,fc3ff68058ffd54e,nonfinite=0
logit_checksum,decode,92560214e2ee8afd,nonfinite=0
"b820cc8","1","Intel(R) Core(TM) Ultra 5 230F","NVIDIA GeForce RTX 5090","CUDA","/home/wici/voice-lab/models/gguf/gemma-4-31B-it-Q4_0.gguf","gemma4 31B Q4_0","17322412272","30697345596","512","512","8","0x0","0","50","f16","f16","-1","0","layer","0","0","1","auto","0.00","^blk[.][0-9]+[.](attn_(k|v|q|output)|ffn_(down|gate|up))[.]weight$=CUDA_Hybrid","1","0","0","0","0","0","0","165120","0","64","0","2026-08-12T09:07:32Z","909918053","1772573","70.336217","0.136763"
logit_checksum,decode,ea317c3ff2b17152,nonfinite=0
result status=ok pp=4231.514154 tg=70.336217 peak=31134.000MiB
case scheme=intertidal_dma phase=dense ws=31.0GiB ctx=165120 control=pp:3.9
remote command: env -u LD_PRELOAD GGML_CUDA_HYBRID_MODE=staging GGML_CUDA_HYBRID_PAGE_BUDGET=322 LD_LIBRARY_PATH=/dev/shm/intertidal-capacity.mEP47j:/home/wici/llama.cpp/build-cuda/bin:/usr/local/cuda/lib64 LLAMA_BENCH_LOGIT_CHECKSUM=1 /home/wici/llama.cpp/build-cuda/bin/llama-bench -m /home/wici/voice-lab/models/gguf/gemma-4-31B-it-Q4_0.gguf -p 512 -n 64 -r 5 -t 8 -b 512 -ub 512 -fa on -ctk f16 -ctv f16 -mmp 1 -o csv --ctx-size 165120 -ot '^blk[.][0-9]+[.](attn_(k|v|q|output)|ffn_(down|gate|up))[.]weight$=CUDA_Hybrid'
ggml_cuda_init: found 1 CUDA devices (Total VRAM: 32109 MiB):
  Device 0: NVIDIA GeForce RTX 5090, compute capability 12.0, VMM: yes, VRAM: 32109 MiB
hybrid_vmm,mode=staging,selection=global_budget,requested_pages=322,requested_bytes=675282944,requested_mib=644.000,gross_pages=322,gross_bytes=675282944,gross_mib=644.000,staging_bytes=25165824,staging_mib=24.000,net_bytes=650117120,net_mib=620.000,eligible_pages=7470,selected_tensors=322,layers=60,buffer_bytes=16524435968,local_physical_bytes=15850274816,page_bytes=2097152,buffer_mib=15758.930,remote_mib=644.000,local_physical_mib=15116.000,net_saved_mib=620.000,page_mib=2.000
logit_checksum,prompt,2417196da4492390,nonfinite=0
logit_checksum,prompt,0453392d6142afd3,nonfinite=0
logit_checksum,prompt,8c39d6d410e92623,nonfinite=0
logit_checksum,prompt,ce38b3f3a7a05142,nonfinite=0
logit_checksum,prompt,556c3b871bf91e81,nonfinite=0
logit_checksum,prompt,c930f979f7f0aed4,nonfinite=0
build_commit,build_number,cpu_info,gpu_info,backends,model_filename,model_type,model_size,model_n_params,n_batch,n_ubatch,n_threads,cpu_mask,cpu_strict,poll,type_k,type_v,n_gpu_layers,n_cpu_moe,split_mode,main_gpu,no_kv_offload,flash_attn,devices,tensor_split,tensor_buft_overrides,use_mmap,use_direct_io,embeddings,no_op_offload,no_host,fit_target,fit_min_ctx,n_ctx,n_prompt,n_gen,n_depth,test_time,avg_ns,stddev_ns,avg_ts,stddev_ts
"b820cc8","1","Intel(R) Core(TM) Ultra 5 230F","NVIDIA GeForce RTX 5090","CUDA","/home/wici/voice-lab/models/gguf/gemma-4-31B-it-Q4_0.gguf","gemma4 31B Q4_0","17322412272","30697345596","512","512","8","0x0","0","50","f16","f16","-1","0","layer","0","0","1","auto","0.00","^blk[.][0-9]+[.](attn_(k|v|q|output)|ffn_(down|gate|up))[.]weight$=CUDA_Hybrid","1","0","0","0","0","0","0","165120","512","0","0","2026-08-12T09:07:39Z","120929782","1763109","4234.568537","60.583456"
logit_checksum,decode,0c8e93b3ecced1c6,nonfinite=0
logit_checksum,decode,319a6a234bb9ed88,nonfinite=0
logit_checksum,decode,1e95777bddcc71d5,nonfinite=0
logit_checksum,decode,fc3ff68058ffd54e,nonfinite=0
logit_checksum,decode,92560214e2ee8afd,nonfinite=0
"b820cc8","1","Intel(R) Core(TM) Ultra 5 230F","NVIDIA GeForce RTX 5090","CUDA","/home/wici/voice-lab/models/gguf/gemma-4-31B-it-Q4_0.gguf","gemma4 31B Q4_0","17322412272","30697345596","512","512","8","0x0","0","50","f16","f16","-1","0","layer","0","0","1","auto","0.00","^blk[.][0-9]+[.](attn_(k|v|q|output)|ffn_(down|gate|up))[.]weight$=CUDA_Hybrid","1","0","0","0","0","0","0","165120","0","64","0","2026-08-12T09:07:40Z","930914526","1892332","68.749825","0.139442"
logit_checksum,decode,ea317c3ff2b17152,nonfinite=0
result status=ok pp=4234.568537 tg=68.749825 peak=31118.000MiB
skip intertidal_dma ws=31.0 control=pp:4 status=ok
case scheme=intertidal_dma phase=dense ws=31.0GiB ctx=165120 control=pp:4.1
remote command: env -u LD_PRELOAD GGML_CUDA_HYBRID_MODE=staging GGML_CUDA_HYBRID_PAGE_BUDGET=339 LD_LIBRARY_PATH=/dev/shm/intertidal-capacity.mEP47j:/home/wici/llama.cpp/build-cuda/bin:/usr/local/cuda/lib64 LLAMA_BENCH_LOGIT_CHECKSUM=1 /home/wici/llama.cpp/build-cuda/bin/llama-bench -m /home/wici/voice-lab/models/gguf/gemma-4-31B-it-Q4_0.gguf -p 512 -n 64 -r 5 -t 8 -b 512 -ub 512 -fa on -ctk f16 -ctv f16 -mmp 1 -o csv --ctx-size 165120 -ot '^blk[.][0-9]+[.](attn_(k|v|q|output)|ffn_(down|gate|up))[.]weight$=CUDA_Hybrid'
ggml_cuda_init: found 1 CUDA devices (Total VRAM: 32109 MiB):
  Device 0: NVIDIA GeForce RTX 5090, compute capability 12.0, VMM: yes, VRAM: 32109 MiB
hybrid_vmm,mode=staging,selection=global_budget,requested_pages=339,requested_bytes=710934528,requested_mib=678.000,gross_pages=339,gross_bytes=710934528,gross_mib=678.000,staging_bytes=25165824,staging_mib=24.000,net_bytes=685768704,net_mib=654.000,eligible_pages=7470,selected_tensors=339,layers=60,buffer_bytes=16524435968,local_physical_bytes=15814623232,page_bytes=2097152,buffer_mib=15758.930,remote_mib=678.000,local_physical_mib=15082.000,net_saved_mib=654.000,page_mib=2.000
logit_checksum,prompt,2417196da4492390,nonfinite=0
logit_checksum,prompt,0453392d6142afd3,nonfinite=0
logit_checksum,prompt,8c39d6d410e92623,nonfinite=0
logit_checksum,prompt,ce38b3f3a7a05142,nonfinite=0
logit_checksum,prompt,556c3b871bf91e81,nonfinite=0
build_commit,build_number,cpu_info,gpu_info,backends,model_filename,model_type,model_size,model_n_params,n_batch,n_ubatch,n_threads,cpu_mask,cpu_strict,poll,type_k,type_v,n_gpu_layers,n_cpu_moe,split_mode,main_gpu,no_kv_offload,flash_attn,devices,tensor_split,tensor_buft_overrides,use_mmap,use_direct_io,embeddings,no_op_offload,no_host,fit_target,fit_min_ctx,n_ctx,n_prompt,n_gen,n_depth,test_time,avg_ns,stddev_ns,avg_ts,stddev_ts
logit_checksum,prompt,c930f979f7f0aed4,nonfinite=0
"b820cc8","1","Intel(R) Core(TM) Ultra 5 230F","NVIDIA GeForce RTX 5090","CUDA","/home/wici/voice-lab/models/gguf/gemma-4-31B-it-Q4_0.gguf","gemma4 31B Q4_0","17322412272","30697345596","512","512","8","0x0","0","50","f16","f16","-1","0","layer","0","0","1","auto","0.00","^blk[.][0-9]+[.](attn_(k|v|q|output)|ffn_(down|gate|up))[.]weight$=CUDA_Hybrid","1","0","0","0","0","0","0","165120","512","0","0","2026-08-12T09:07:48Z","121345103","3037757","4221.425969","102.620189"
logit_checksum,decode,0c8e93b3ecced1c6,nonfinite=0
logit_checksum,decode,319a6a234bb9ed88,nonfinite=0
logit_checksum,decode,1e95777bddcc71d5,nonfinite=0
logit_checksum,decode,fc3ff68058ffd54e,nonfinite=0
logit_checksum,decode,92560214e2ee8afd,nonfinite=0
"b820cc8","1","Intel(R) Core(TM) Ultra 5 230F","NVIDIA GeForce RTX 5090","CUDA","/home/wici/voice-lab/models/gguf/gemma-4-31B-it-Q4_0.gguf","gemma4 31B Q4_0","17322412272","30697345596","512","512","8","0x0","0","50","f16","f16","-1","0","layer","0","0","1","auto","0.00","^blk[.][0-9]+[.](attn_(k|v|q|output)|ffn_(down|gate|up))[.]weight$=CUDA_Hybrid","1","0","0","0","0","0","0","165120","0","64","0","2026-08-12T09:07:49Z","974213514","1676605","65.694173","0.112907"
logit_checksum,decode,ea317c3ff2b17152,nonfinite=0
result status=ok pp=4221.425969 tg=65.694173 peak=31084.000MiB
case scheme=intertidal_dma phase=dense ws=31.0GiB ctx=165120 control=pp:4.2
remote command: env -u LD_PRELOAD GGML_CUDA_HYBRID_MODE=staging GGML_CUDA_HYBRID_PAGE_BUDGET=347 LD_LIBRARY_PATH=/dev/shm/intertidal-capacity.mEP47j:/home/wici/llama.cpp/build-cuda/bin:/usr/local/cuda/lib64 LLAMA_BENCH_LOGIT_CHECKSUM=1 /home/wici/llama.cpp/build-cuda/bin/llama-bench -m /home/wici/voice-lab/models/gguf/gemma-4-31B-it-Q4_0.gguf -p 512 -n 64 -r 5 -t 8 -b 512 -ub 512 -fa on -ctk f16 -ctv f16 -mmp 1 -o csv --ctx-size 165120 -ot '^blk[.][0-9]+[.](attn_(k|v|q|output)|ffn_(down|gate|up))[.]weight$=CUDA_Hybrid'
ggml_cuda_init: found 1 CUDA devices (Total VRAM: 32109 MiB):
  Device 0: NVIDIA GeForce RTX 5090, compute capability 12.0, VMM: yes, VRAM: 32109 MiB
hybrid_vmm,mode=staging,selection=global_budget,requested_pages=347,requested_bytes=727711744,requested_mib=694.000,gross_pages=347,gross_bytes=727711744,gross_mib=694.000,staging_bytes=25165824,staging_mib=24.000,net_bytes=702545920,net_mib=670.000,eligible_pages=7470,selected_tensors=347,layers=60,buffer_bytes=16524435968,local_physical_bytes=15797846016,page_bytes=2097152,buffer_mib=15758.930,remote_mib=694.000,local_physical_mib=15066.000,net_saved_mib=670.000,page_mib=2.000
logit_checksum,prompt,2417196da4492390,nonfinite=0
logit_checksum,prompt,0453392d6142afd3,nonfinite=0
logit_checksum,prompt,8c39d6d410e92623,nonfinite=0
logit_checksum,prompt,ce38b3f3a7a05142,nonfinite=0
logit_checksum,prompt,556c3b871bf91e81,nonfinite=0
logit_checksum,prompt,c930f979f7f0aed4,nonfinite=0
build_commit,build_number,cpu_info,gpu_info,backends,model_filename,model_type,model_size,model_n_params,n_batch,n_ubatch,n_threads,cpu_mask,cpu_strict,poll,type_k,type_v,n_gpu_layers,n_cpu_moe,split_mode,main_gpu,no_kv_offload,flash_attn,devices,tensor_split,tensor_buft_overrides,use_mmap,use_direct_io,embeddings,no_op_offload,no_host,fit_target,fit_min_ctx,n_ctx,n_prompt,n_gen,n_depth,test_time,avg_ns,stddev_ns,avg_ts,stddev_ts
"b820cc8","1","Intel(R) Core(TM) Ultra 5 230F","NVIDIA GeForce RTX 5090","CUDA","/home/wici/voice-lab/models/gguf/gemma-4-31B-it-Q4_0.gguf","gemma4 31B Q4_0","17322412272","30697345596","512","512","8","0x0","0","50","f16","f16","-1","0","layer","0","0","1","auto","0.00","^blk[.][0-9]+[.](attn_(k|v|q|output)|ffn_(down|gate|up))[.]weight$=CUDA_Hybrid","1","0","0","0","0","0","0","165120","512","0","0","2026-08-12T09:07:57Z","121102292","1609249","4228.417771","55.220291"
logit_checksum,decode,0c8e93b3ecced1c6,nonfinite=0
logit_checksum,decode,319a6a234bb9ed88,nonfinite=0
logit_checksum,decode,1e95777bddcc71d5,nonfinite=0
logit_checksum,decode,fc3ff68058ffd54e,nonfinite=0
logit_checksum,decode,92560214e2ee8afd,nonfinite=0
logit_checksum,decode,ea317c3ff2b17152,nonfinite=0
"b820cc8","1","Intel(R) Core(TM) Ultra 5 230F","NVIDIA GeForce RTX 5090","CUDA","/home/wici/voice-lab/models/gguf/gemma-4-31B-it-Q4_0.gguf","gemma4 31B Q4_0","17322412272","30697345596","512","512","8","0x0","0","50","f16","f16","-1","0","layer","0","0","1","auto","0.00","^blk[.][0-9]+[.](attn_(k|v|q|output)|ffn_(down|gate|up))[.]weight$=CUDA_Hybrid","1","0","0","0","0","0","0","165120","0","64","0","2026-08-12T09:07:57Z","990581245","2215599","64.608790","0.144324"
result status=ok pp=4228.417771 tg=64.608790 peak=31068.000MiB
case scheme=intertidal_dma phase=dense ws=31.0GiB ctx=165120 control=pp:4.3
remote command: env -u LD_PRELOAD GGML_CUDA_HYBRID_MODE=staging GGML_CUDA_HYBRID_PAGE_BUDGET=355 LD_LIBRARY_PATH=/dev/shm/intertidal-capacity.mEP47j:/home/wici/llama.cpp/build-cuda/bin:/usr/local/cuda/lib64 LLAMA_BENCH_LOGIT_CHECKSUM=1 /home/wici/llama.cpp/build-cuda/bin/llama-bench -m /home/wici/voice-lab/models/gguf/gemma-4-31B-it-Q4_0.gguf -p 512 -n 64 -r 5 -t 8 -b 512 -ub 512 -fa on -ctk f16 -ctv f16 -mmp 1 -o csv --ctx-size 165120 -ot '^blk[.][0-9]+[.](attn_(k|v|q|output)|ffn_(down|gate|up))[.]weight$=CUDA_Hybrid'
ggml_cuda_init: found 1 CUDA devices (Total VRAM: 32109 MiB):
  Device 0: NVIDIA GeForce RTX 5090, compute capability 12.0, VMM: yes, VRAM: 32109 MiB
hybrid_vmm,mode=staging,selection=global_budget,requested_pages=355,requested_bytes=744488960,requested_mib=710.000,gross_pages=355,gross_bytes=744488960,gross_mib=710.000,staging_bytes=25165824,staging_mib=24.000,net_bytes=719323136,net_mib=686.000,eligible_pages=7470,selected_tensors=355,layers=60,buffer_bytes=16524435968,local_physical_bytes=15781068800,page_bytes=2097152,buffer_mib=15758.930,remote_mib=710.000,local_physical_mib=15050.000,net_saved_mib=686.000,page_mib=2.000
logit_checksum,prompt,2417196da4492390,nonfinite=0
logit_checksum,prompt,0453392d6142afd3,nonfinite=0
logit_checksum,prompt,8c39d6d410e92623,nonfinite=0
logit_checksum,prompt,ce38b3f3a7a05142,nonfinite=0
logit_checksum,prompt,556c3b871bf91e81,nonfinite=0
build_commit,build_number,cpu_info,gpu_info,backends,model_filename,model_type,model_size,model_n_params,n_batch,n_ubatch,n_threads,cpu_mask,cpu_strict,poll,type_k,type_v,n_gpu_layers,n_cpu_moe,split_mode,main_gpu,no_kv_offload,flash_attn,devices,tensor_split,tensor_buft_overrides,use_mmap,use_direct_io,embeddings,no_op_offload,no_host,fit_target,fit_min_ctx,n_ctx,n_prompt,n_gen,n_depth,test_time,avg_ns,stddev_ns,avg_ts,stddev_ts
"b820cc8","1","Intel(R) Core(TM) Ultra 5 230F","NVIDIA GeForce RTX 5090","CUDA","/home/wici/voice-lab/models/gguf/gemma-4-31B-it-Q4_0.gguf","gemma4 31B Q4_0","17322412272","30697345596","512","512","8","0x0","0","50","f16","f16","-1","0","layer","0","0","1","auto","0.00","^blk[.][0-9]+[.](attn_(k|v|q|output)|ffn_(down|gate|up))[.]weight$=CUDA_Hybrid","1","0","0","0","0","0","0","165120","512","0","0","2026-08-12T09:08:05Z","121222196","1409664","4224.099003","48.377935"
logit_checksum,prompt,c930f979f7f0aed4,nonfinite=0
logit_checksum,decode,0c8e93b3ecced1c6,nonfinite=0
logit_checksum,decode,319a6a234bb9ed88,nonfinite=0
logit_checksum,decode,1e95777bddcc71d5,nonfinite=0
logit_checksum,decode,fc3ff68058ffd54e,nonfinite=0
logit_checksum,decode,92560214e2ee8afd,nonfinite=0
"b820cc8","1","Intel(R) Core(TM) Ultra 5 230F","NVIDIA GeForce RTX 5090","CUDA","/home/wici/voice-lab/models/gguf/gemma-4-31B-it-Q4_0.gguf","gemma4 31B Q4_0","17322412272","30697345596","512","512","8","0x0","0","50","f16","f16","-1","0","layer","0","0","1","auto","0.00","^blk[.][0-9]+[.](attn_(k|v|q|output)|ffn_(down|gate|up))[.]weight$=CUDA_Hybrid","1","0","0","0","0","0","0","165120","0","64","0","2026-08-12T09:08:06Z","1007520031","2481411","63.522618","0.156272"
logit_checksum,decode,ea317c3ff2b17152,nonfinite=0
result status=ok pp=4224.099003 tg=63.522618 peak=31052.000MiB
case scheme=intertidal_dma phase=dense ws=31.0GiB ctx=165120 control=pp:4.4
remote command: env -u LD_PRELOAD GGML_CUDA_HYBRID_MODE=staging GGML_CUDA_HYBRID_PAGE_BUDGET=363 LD_LIBRARY_PATH=/dev/shm/intertidal-capacity.mEP47j:/home/wici/llama.cpp/build-cuda/bin:/usr/local/cuda/lib64 LLAMA_BENCH_LOGIT_CHECKSUM=1 /home/wici/llama.cpp/build-cuda/bin/llama-bench -m /home/wici/voice-lab/models/gguf/gemma-4-31B-it-Q4_0.gguf -p 512 -n 64 -r 5 -t 8 -b 512 -ub 512 -fa on -ctk f16 -ctv f16 -mmp 1 -o csv --ctx-size 165120 -ot '^blk[.][0-9]+[.](attn_(k|v|q|output)|ffn_(down|gate|up))[.]weight$=CUDA_Hybrid'
ggml_cuda_init: found 1 CUDA devices (Total VRAM: 32109 MiB):
  Device 0: NVIDIA GeForce RTX 5090, compute capability 12.0, VMM: yes, VRAM: 32109 MiB
hybrid_vmm,mode=staging,selection=global_budget,requested_pages=363,requested_bytes=761266176,requested_mib=726.000,gross_pages=363,gross_bytes=761266176,gross_mib=726.000,staging_bytes=29360128,staging_mib=28.000,net_bytes=731906048,net_mib=698.000,eligible_pages=7470,selected_tensors=363,layers=60,buffer_bytes=16524435968,local_physical_bytes=15764291584,page_bytes=2097152,buffer_mib=15758.930,remote_mib=726.000,local_physical_mib=15034.000,net_saved_mib=698.000,page_mib=2.000
logit_checksum,prompt,2417196da4492390,nonfinite=0
logit_checksum,prompt,0453392d6142afd3,nonfinite=0
logit_checksum,prompt,8c39d6d410e92623,nonfinite=0
logit_checksum,prompt,ce38b3f3a7a05142,nonfinite=0
build_commit,build_number,cpu_info,gpu_info,backends,model_filename,model_type,model_size,model_n_params,n_batch,n_ubatch,n_threads,cpu_mask,cpu_strict,poll,type_k,type_v,n_gpu_layers,n_cpu_moe,split_mode,main_gpu,no_kv_offload,flash_attn,devices,tensor_split,tensor_buft_overrides,use_mmap,use_direct_io,embeddings,no_op_offload,no_host,fit_target,fit_min_ctx,n_ctx,n_prompt,n_gen,n_depth,test_time,avg_ns,stddev_ns,avg_ts,stddev_ts
"b820cc8","1","Intel(R) Core(TM) Ultra 5 230F","NVIDIA GeForce RTX 5090","CUDA","/home/wici/voice-lab/models/gguf/gemma-4-31B-it-Q4_0.gguf","gemma4 31B Q4_0","17322412272","30697345596","512","512","8","0x0","0","50","f16","f16","-1","0","layer","0","0","1","auto","0.00","^blk[.][0-9]+[.](attn_(k|v|q|output)|ffn_(down|gate|up))[.]weight$=CUDA_Hybrid","1","0","0","0","0","0","0","165120","512","0","0","2026-08-12T09:08:14Z","121295542","1725557","4221.766107","58.973989"
logit_checksum,prompt,556c3b871bf91e81,nonfinite=0
logit_checksum,prompt,c930f979f7f0aed4,nonfinite=0
logit_checksum,decode,0c8e93b3ecced1c6,nonfinite=0
logit_checksum,decode,319a6a234bb9ed88,nonfinite=0
logit_checksum,decode,1e95777bddcc71d5,nonfinite=0
logit_checksum,decode,fc3ff68058ffd54e,nonfinite=0
logit_checksum,decode,92560214e2ee8afd,nonfinite=0
"b820cc8","1","Intel(R) Core(TM) Ultra 5 230F","NVIDIA GeForce RTX 5090","CUDA","/home/wici/voice-lab/models/gguf/gemma-4-31B-it-Q4_0.gguf","gemma4 31B Q4_0","17322412272","30697345596","512","512","8","0x0","0","50","f16","f16","-1","0","layer","0","0","1","auto","0.00","^blk[.][0-9]+[.](attn_(k|v|q|output)|ffn_(down|gate|up))[.]weight$=CUDA_Hybrid","1","0","0","0","0","0","0","165120","0","64","0","2026-08-12T09:08:15Z","1024515303","2404184","62.468839","0.146326"
logit_checksum,decode,ea317c3ff2b17152,nonfinite=0
result status=ok pp=4221.766107 tg=62.468839 peak=31040.000MiB
case scheme=intertidal_dma phase=dense ws=31.0GiB ctx=165120 control=pp:4.5
remote command: env -u LD_PRELOAD GGML_CUDA_HYBRID_MODE=staging GGML_CUDA_HYBRID_PAGE_BUDGET=372 LD_LIBRARY_PATH=/dev/shm/intertidal-capacity.mEP47j:/home/wici/llama.cpp/build-cuda/bin:/usr/local/cuda/lib64 LLAMA_BENCH_LOGIT_CHECKSUM=1 /home/wici/llama.cpp/build-cuda/bin/llama-bench -m /home/wici/voice-lab/models/gguf/gemma-4-31B-it-Q4_0.gguf -p 512 -n 64 -r 5 -t 8 -b 512 -ub 512 -fa on -ctk f16 -ctv f16 -mmp 1 -o csv --ctx-size 165120 -ot '^blk[.][0-9]+[.](attn_(k|v|q|output)|ffn_(down|gate|up))[.]weight$=CUDA_Hybrid'
ggml_cuda_init: found 1 CUDA devices (Total VRAM: 32109 MiB):
  Device 0: NVIDIA GeForce RTX 5090, compute capability 12.0, VMM: yes, VRAM: 32109 MiB
hybrid_vmm,mode=staging,selection=global_budget,requested_pages=372,requested_bytes=780140544,requested_mib=744.000,gross_pages=372,gross_bytes=780140544,gross_mib=744.000,staging_bytes=29360128,staging_mib=28.000,net_bytes=750780416,net_mib=716.000,eligible_pages=7470,selected_tensors=372,layers=60,buffer_bytes=16524435968,local_physical_bytes=15745417216,page_bytes=2097152,buffer_mib=15758.930,remote_mib=744.000,local_physical_mib=15016.000,net_saved_mib=716.000,page_mib=2.000
logit_checksum,prompt,2417196da4492390,nonfinite=0
logit_checksum,prompt,0453392d6142afd3,nonfinite=0
logit_checksum,prompt,8c39d6d410e92623,nonfinite=0
logit_checksum,prompt,ce38b3f3a7a05142,nonfinite=0
logit_checksum,prompt,556c3b871bf91e81,nonfinite=0
build_commit,build_number,cpu_info,gpu_info,backends,model_filename,model_type,model_size,model_n_params,n_batch,n_ubatch,n_threads,cpu_mask,cpu_strict,poll,type_k,type_v,n_gpu_layers,n_cpu_moe,split_mode,main_gpu,no_kv_offload,flash_attn,devices,tensor_split,tensor_buft_overrides,use_mmap,use_direct_io,embeddings,no_op_offload,no_host,fit_target,fit_min_ctx,n_ctx,n_prompt,n_gen,n_depth,test_time,avg_ns,stddev_ns,avg_ts,stddev_ts
logit_checksum,prompt,c930f979f7f0aed4,nonfinite=0
"b820cc8","1","Intel(R) Core(TM) Ultra 5 230F","NVIDIA GeForce RTX 5090","CUDA","/home/wici/voice-lab/models/gguf/gemma-4-31B-it-Q4_0.gguf","gemma4 31B Q4_0","17322412272","30697345596","512","512","8","0x0","0","50","f16","f16","-1","0","layer","0","0","1","auto","0.00","^blk[.][0-9]+[.](attn_(k|v|q|output)|ffn_(down|gate|up))[.]weight$=CUDA_Hybrid","1","0","0","0","0","0","0","165120","512","0","0","2026-08-12T09:08:23Z","121267522","1563346","4222.622899","53.589351"
logit_checksum,decode,0c8e93b3ecced1c6,nonfinite=0
logit_checksum,decode,319a6a234bb9ed88,nonfinite=0
logit_checksum,decode,1e95777bddcc71d5,nonfinite=0
logit_checksum,decode,fc3ff68058ffd54e,nonfinite=0
logit_checksum,decode,92560214e2ee8afd,nonfinite=0
"b820cc8","1","Intel(R) Core(TM) Ultra 5 230F","NVIDIA GeForce RTX 5090","CUDA","/home/wici/voice-lab/models/gguf/gemma-4-31B-it-Q4_0.gguf","gemma4 31B Q4_0","17322412272","30697345596","512","512","8","0x0","0","50","f16","f16","-1","0","layer","0","0","1","auto","0.00","^blk[.][0-9]+[.](attn_(k|v|q|output)|ffn_(down|gate|up))[.]weight$=CUDA_Hybrid","1","0","0","0","0","0","0","165120","0","64","0","2026-08-12T09:08:24Z","1049866332","1985387","60.960315","0.114982"
logit_checksum,decode,ea317c3ff2b17152,nonfinite=0
result status=ok pp=4222.622899 tg=60.960315 peak=31022.000MiB
case scheme=intertidal_dma phase=dense ws=31.0GiB ctx=165120 control=pp:4.6
remote command: env -u LD_PRELOAD GGML_CUDA_HYBRID_MODE=staging GGML_CUDA_HYBRID_PAGE_BUDGET=380 LD_LIBRARY_PATH=/dev/shm/intertidal-capacity.mEP47j:/home/wici/llama.cpp/build-cuda/bin:/usr/local/cuda/lib64 LLAMA_BENCH_LOGIT_CHECKSUM=1 /home/wici/llama.cpp/build-cuda/bin/llama-bench -m /home/wici/voice-lab/models/gguf/gemma-4-31B-it-Q4_0.gguf -p 512 -n 64 -r 5 -t 8 -b 512 -ub 512 -fa on -ctk f16 -ctv f16 -mmp 1 -o csv --ctx-size 165120 -ot '^blk[.][0-9]+[.](attn_(k|v|q|output)|ffn_(down|gate|up))[.]weight$=CUDA_Hybrid'
ggml_cuda_init: found 1 CUDA devices (Total VRAM: 32109 MiB):
  Device 0: NVIDIA GeForce RTX 5090, compute capability 12.0, VMM: yes, VRAM: 32109 MiB
hybrid_vmm,mode=staging,selection=global_budget,requested_pages=380,requested_bytes=796917760,requested_mib=760.000,gross_pages=380,gross_bytes=796917760,gross_mib=760.000,staging_bytes=29360128,staging_mib=28.000,net_bytes=767557632,net_mib=732.000,eligible_pages=7470,selected_tensors=380,layers=60,buffer_bytes=16524435968,local_physical_bytes=15728640000,page_bytes=2097152,buffer_mib=15758.930,remote_mib=760.000,local_physical_mib=15000.000,net_saved_mib=732.000,page_mib=2.000
logit_checksum,prompt,2417196da4492390,nonfinite=0
logit_checksum,prompt,0453392d6142afd3,nonfinite=0
logit_checksum,prompt,8c39d6d410e92623,nonfinite=0
logit_checksum,prompt,ce38b3f3a7a05142,nonfinite=0
logit_checksum,prompt,556c3b871bf91e81,nonfinite=0
build_commit,build_number,cpu_info,gpu_info,backends,model_filename,model_type,model_size,model_n_params,n_batch,n_ubatch,n_threads,cpu_mask,cpu_strict,poll,type_k,type_v,n_gpu_layers,n_cpu_moe,split_mode,main_gpu,no_kv_offload,flash_attn,devices,tensor_split,tensor_buft_overrides,use_mmap,use_direct_io,embeddings,no_op_offload,no_host,fit_target,fit_min_ctx,n_ctx,n_prompt,n_gen,n_depth,test_time,avg_ns,stddev_ns,avg_ts,stddev_ts
"b820cc8","1","Intel(R) Core(TM) Ultra 5 230F","NVIDIA GeForce RTX 5090","CUDA","/home/wici/voice-lab/models/gguf/gemma-4-31B-it-Q4_0.gguf","gemma4 31B Q4_0","17322412272","30697345596","512","512","8","0x0","0","50","f16","f16","-1","0","layer","0","0","1","auto","0.00","^blk[.][0-9]+[.](attn_(k|v|q|output)|ffn_(down|gate|up))[.]weight$=CUDA_Hybrid","1","0","0","0","0","0","0","165120","512","0","0","2026-08-12T09:08:32Z","121297307","1446165","4221.506117","49.553728"
logit_checksum,prompt,c930f979f7f0aed4,nonfinite=0
logit_checksum,decode,0c8e93b3ecced1c6,nonfinite=0
logit_checksum,decode,319a6a234bb9ed88,nonfinite=0
logit_checksum,decode,1e95777bddcc71d5,nonfinite=0
logit_checksum,decode,fc3ff68058ffd54e,nonfinite=0
logit_checksum,decode,92560214e2ee8afd,nonfinite=0
"b820cc8","1","Intel(R) Core(TM) Ultra 5 230F","NVIDIA GeForce RTX 5090","CUDA","/home/wici/voice-lab/models/gguf/gemma-4-31B-it-Q4_0.gguf","gemma4 31B Q4_0","17322412272","30697345596","512","512","8","0x0","0","50","f16","f16","-1","0","layer","0","0","1","auto","0.00","^blk[.][0-9]+[.](attn_(k|v|q|output)|ffn_(down|gate|up))[.]weight$=CUDA_Hybrid","1","0","0","0","0","0","0","165120","0","64","0","2026-08-12T09:08:33Z","1072330743","2242954","59.683287","0.124578"
logit_checksum,decode,ea317c3ff2b17152,nonfinite=0
result status=ok pp=4221.506117 tg=59.683287 peak=31006.000MiB
case scheme=intertidal_dma phase=dense ws=31.0GiB ctx=165120 control=pp:4.7
remote command: env -u LD_PRELOAD GGML_CUDA_HYBRID_MODE=staging GGML_CUDA_HYBRID_PAGE_BUDGET=388 LD_LIBRARY_PATH=/dev/shm/intertidal-capacity.mEP47j:/home/wici/llama.cpp/build-cuda/bin:/usr/local/cuda/lib64 LLAMA_BENCH_LOGIT_CHECKSUM=1 /home/wici/llama.cpp/build-cuda/bin/llama-bench -m /home/wici/voice-lab/models/gguf/gemma-4-31B-it-Q4_0.gguf -p 512 -n 64 -r 5 -t 8 -b 512 -ub 512 -fa on -ctk f16 -ctv f16 -mmp 1 -o csv --ctx-size 165120 -ot '^blk[.][0-9]+[.](attn_(k|v|q|output)|ffn_(down|gate|up))[.]weight$=CUDA_Hybrid'
ggml_cuda_init: found 1 CUDA devices (Total VRAM: 32109 MiB):
  Device 0: NVIDIA GeForce RTX 5090, compute capability 12.0, VMM: yes, VRAM: 32109 MiB
hybrid_vmm,mode=staging,selection=global_budget,requested_pages=388,requested_bytes=813694976,requested_mib=776.000,gross_pages=388,gross_bytes=813694976,gross_mib=776.000,staging_bytes=29360128,staging_mib=28.000,net_bytes=784334848,net_mib=748.000,eligible_pages=7470,selected_tensors=388,layers=60,buffer_bytes=16524435968,local_physical_bytes=15711862784,page_bytes=2097152,buffer_mib=15758.930,remote_mib=776.000,local_physical_mib=14984.000,net_saved_mib=748.000,page_mib=2.000
logit_checksum,prompt,2417196da4492390,nonfinite=0
logit_checksum,prompt,0453392d6142afd3,nonfinite=0
logit_checksum,prompt,8c39d6d410e92623,nonfinite=0
logit_checksum,prompt,ce38b3f3a7a05142,nonfinite=0
logit_checksum,prompt,556c3b871bf91e81,nonfinite=0
build_commit,build_number,cpu_info,gpu_info,backends,model_filename,model_type,model_size,model_n_params,n_batch,n_ubatch,n_threads,cpu_mask,cpu_strict,poll,type_k,type_v,n_gpu_layers,n_cpu_moe,split_mode,main_gpu,no_kv_offload,flash_attn,devices,tensor_split,tensor_buft_overrides,use_mmap,use_direct_io,embeddings,no_op_offload,no_host,fit_target,fit_min_ctx,n_ctx,n_prompt,n_gen,n_depth,test_time,avg_ns,stddev_ns,avg_ts,stddev_ts
"b820cc8","1","Intel(R) Core(TM) Ultra 5 230F","NVIDIA GeForce RTX 5090","CUDA","/home/wici/voice-lab/models/gguf/gemma-4-31B-it-Q4_0.gguf","gemma4 31B Q4_0","17322412272","30697345596","512","512","8","0x0","0","50","f16","f16","-1","0","layer","0","0","1","auto","0.00","^blk[.][0-9]+[.](attn_(k|v|q|output)|ffn_(down|gate|up))[.]weight$=CUDA_Hybrid","1","0","0","0","0","0","0","165120","512","0","0","2026-08-12T09:08:41Z","121290088","1767269","4221.989901","60.500030"
logit_checksum,prompt,c930f979f7f0aed4,nonfinite=0
logit_checksum,decode,0c8e93b3ecced1c6,nonfinite=0
logit_checksum,decode,319a6a234bb9ed88,nonfinite=0
logit_checksum,decode,1e95777bddcc71d5,nonfinite=0
logit_checksum,decode,fc3ff68058ffd54e,nonfinite=0
logit_checksum,decode,92560214e2ee8afd,nonfinite=0
"b820cc8","1","Intel(R) Core(TM) Ultra 5 230F","NVIDIA GeForce RTX 5090","CUDA","/home/wici/voice-lab/models/gguf/gemma-4-31B-it-Q4_0.gguf","gemma4 31B Q4_0","17322412272","30697345596","512","512","8","0x0","0","50","f16","f16","-1","0","layer","0","0","1","auto","0.00","^blk[.][0-9]+[.](attn_(k|v|q|output)|ffn_(down|gate|up))[.]weight$=CUDA_Hybrid","1","0","0","0","0","0","0","165120","0","64","0","2026-08-12T09:08:42Z","1092723556","1500783","58.569339","0.080365"
logit_checksum,decode,ea317c3ff2b17152,nonfinite=0
result status=ok pp=4221.989901 tg=58.569339 peak=30990.000MiB
case scheme=intertidal_dma phase=dense ws=31.0GiB ctx=165120 control=pp:4.8
remote command: env -u LD_PRELOAD GGML_CUDA_HYBRID_MODE=staging GGML_CUDA_HYBRID_PAGE_BUDGET=396 LD_LIBRARY_PATH=/dev/shm/intertidal-capacity.mEP47j:/home/wici/llama.cpp/build-cuda/bin:/usr/local/cuda/lib64 LLAMA_BENCH_LOGIT_CHECKSUM=1 /home/wici/llama.cpp/build-cuda/bin/llama-bench -m /home/wici/voice-lab/models/gguf/gemma-4-31B-it-Q4_0.gguf -p 512 -n 64 -r 5 -t 8 -b 512 -ub 512 -fa on -ctk f16 -ctv f16 -mmp 1 -o csv --ctx-size 165120 -ot '^blk[.][0-9]+[.](attn_(k|v|q|output)|ffn_(down|gate|up))[.]weight$=CUDA_Hybrid'
ggml_cuda_init: found 1 CUDA devices (Total VRAM: 32109 MiB):
  Device 0: NVIDIA GeForce RTX 5090, compute capability 12.0, VMM: yes, VRAM: 32109 MiB
hybrid_vmm,mode=staging,selection=global_budget,requested_pages=396,requested_bytes=830472192,requested_mib=792.000,gross_pages=396,gross_bytes=830472192,gross_mib=792.000,staging_bytes=29360128,staging_mib=28.000,net_bytes=801112064,net_mib=764.000,eligible_pages=7470,selected_tensors=396,layers=60,buffer_bytes=16524435968,local_physical_bytes=15695085568,page_bytes=2097152,buffer_mib=15758.930,remote_mib=792.000,local_physical_mib=14968.000,net_saved_mib=764.000,page_mib=2.000
logit_checksum,prompt,2417196da4492390,nonfinite=0
build_commit,build_number,cpu_info,gpu_info,backends,model_filename,model_type,model_size,model_n_params,n_batch,n_ubatch,n_threads,cpu_mask,cpu_strict,poll,type_k,type_v,n_gpu_layers,n_cpu_moe,split_mode,main_gpu,no_kv_offload,flash_attn,devices,tensor_split,tensor_buft_overrides,use_mmap,use_direct_io,embeddings,no_op_offload,no_host,fit_target,fit_min_ctx,n_ctx,n_prompt,n_gen,n_depth,test_time,avg_ns,stddev_ns,avg_ts,stddev_ts
"b820cc8","1","Intel(R) Core(TM) Ultra 5 230F","NVIDIA GeForce RTX 5090","CUDA","/home/wici/voice-lab/models/gguf/gemma-4-31B-it-Q4_0.gguf","gemma4 31B Q4_0","17322412272","30697345596","512","512","8","0x0","0","50","f16","f16","-1","0","layer","0","0","1","auto","0.00","^blk[.][0-9]+[.](attn_(k|v|q|output)|ffn_(down|gate|up))[.]weight$=CUDA_Hybrid","1","0","0","0","0","0","0","165120","512","0","0","2026-08-12T09:08:51Z","121177745","2037673","4226.137262","69.805810"
logit_checksum,prompt,0453392d6142afd3,nonfinite=0
logit_checksum,prompt,8c39d6d410e92623,nonfinite=0
logit_checksum,prompt,ce38b3f3a7a05142,nonfinite=0
logit_checksum,prompt,556c3b871bf91e81,nonfinite=0
logit_checksum,prompt,c930f979f7f0aed4,nonfinite=0
logit_checksum,decode,0c8e93b3ecced1c6,nonfinite=0
logit_checksum,decode,319a6a234bb9ed88,nonfinite=0
logit_checksum,decode,1e95777bddcc71d5,nonfinite=0
logit_checksum,decode,fc3ff68058ffd54e,nonfinite=0
logit_checksum,decode,92560214e2ee8afd,nonfinite=0
"b820cc8","1","Intel(R) Core(TM) Ultra 5 230F","NVIDIA GeForce RTX 5090","CUDA","/home/wici/voice-lab/models/gguf/gemma-4-31B-it-Q4_0.gguf","gemma4 31B Q4_0","17322412272","30697345596","512","512","8","0x0","0","50","f16","f16","-1","0","layer","0","0","1","auto","0.00","^blk[.][0-9]+[.](attn_(k|v|q|output)|ffn_(down|gate|up))[.]weight$=CUDA_Hybrid","1","0","0","0","0","0","0","165120","0","64","0","2026-08-12T09:08:52Z","1114360359","1854454","57.432177","0.095556"
logit_checksum,decode,ea317c3ff2b17152,nonfinite=0
result status=ok pp=4226.137262 tg=57.432177 peak=30974.000MiB
case scheme=intertidal_dma phase=dense ws=31.0GiB ctx=165120 control=pp:4.9
remote command: env -u LD_PRELOAD GGML_CUDA_HYBRID_MODE=staging GGML_CUDA_HYBRID_PAGE_BUDGET=405 LD_LIBRARY_PATH=/dev/shm/intertidal-capacity.mEP47j:/home/wici/llama.cpp/build-cuda/bin:/usr/local/cuda/lib64 LLAMA_BENCH_LOGIT_CHECKSUM=1 /home/wici/llama.cpp/build-cuda/bin/llama-bench -m /home/wici/voice-lab/models/gguf/gemma-4-31B-it-Q4_0.gguf -p 512 -n 64 -r 5 -t 8 -b 512 -ub 512 -fa on -ctk f16 -ctv f16 -mmp 1 -o csv --ctx-size 165120 -ot '^blk[.][0-9]+[.](attn_(k|v|q|output)|ffn_(down|gate|up))[.]weight$=CUDA_Hybrid'
ggml_cuda_init: found 1 CUDA devices (Total VRAM: 32109 MiB):
  Device 0: NVIDIA GeForce RTX 5090, compute capability 12.0, VMM: yes, VRAM: 32109 MiB
hybrid_vmm,mode=staging,selection=global_budget,requested_pages=405,requested_bytes=849346560,requested_mib=810.000,gross_pages=405,gross_bytes=849346560,gross_mib=810.000,staging_bytes=29360128,staging_mib=28.000,net_bytes=819986432,net_mib=782.000,eligible_pages=7470,selected_tensors=405,layers=60,buffer_bytes=16524435968,local_physical_bytes=15676211200,page_bytes=2097152,buffer_mib=15758.930,remote_mib=810.000,local_physical_mib=14950.000,net_saved_mib=782.000,page_mib=2.000
logit_checksum,prompt,2417196da4492390,nonfinite=0
logit_checksum,prompt,0453392d6142afd3,nonfinite=0
logit_checksum,prompt,8c39d6d410e92623,nonfinite=0
logit_checksum,prompt,ce38b3f3a7a05142,nonfinite=0
logit_checksum,prompt,556c3b871bf91e81,nonfinite=0
build_commit,build_number,cpu_info,gpu_info,backends,model_filename,model_type,model_size,model_n_params,n_batch,n_ubatch,n_threads,cpu_mask,cpu_strict,poll,type_k,type_v,n_gpu_layers,n_cpu_moe,split_mode,main_gpu,no_kv_offload,flash_attn,devices,tensor_split,tensor_buft_overrides,use_mmap,use_direct_io,embeddings,no_op_offload,no_host,fit_target,fit_min_ctx,n_ctx,n_prompt,n_gen,n_depth,test_time,avg_ns,stddev_ns,avg_ts,stddev_ts
"b820cc8","1","Intel(R) Core(TM) Ultra 5 230F","NVIDIA GeForce RTX 5090","CUDA","/home/wici/voice-lab/models/gguf/gemma-4-31B-it-Q4_0.gguf","gemma4 31B Q4_0","17322412272","30697345596","512","512","8","0x0","0","50","f16","f16","-1","0","layer","0","0","1","auto","0.00","^blk[.][0-9]+[.](attn_(k|v|q|output)|ffn_(down|gate|up))[.]weight$=CUDA_Hybrid","1","0","0","0","0","0","0","165120","512","0","0","2026-08-12T09:09:01Z","121164036","1838282","4226.441387","63.038631"
logit_checksum,prompt,c930f979f7f0aed4,nonfinite=0
logit_checksum,decode,0c8e93b3ecced1c6,nonfinite=0
logit_checksum,decode,319a6a234bb9ed88,nonfinite=0
logit_checksum,decode,1e95777bddcc71d5,nonfinite=0
logit_checksum,decode,fc3ff68058ffd54e,nonfinite=0
logit_checksum,decode,92560214e2ee8afd,nonfinite=0
logit_checksum,decode,ea317c3ff2b17152,nonfinite=0
"b820cc8","1","Intel(R) Core(TM) Ultra 5 230F","NVIDIA GeForce RTX 5090","CUDA","/home/wici/voice-lab/models/gguf/gemma-4-31B-it-Q4_0.gguf","gemma4 31B Q4_0","17322412272","30697345596","512","512","8","0x0","0","50","f16","f16","-1","0","layer","0","0","1","auto","0.00","^blk[.][0-9]+[.](attn_(k|v|q|output)|ffn_(down|gate|up))[.]weight$=CUDA_Hybrid","1","0","0","0","0","0","0","165120","0","64","0","2026-08-12T09:09:02Z","1139050835","2834018","56.187410","0.139348"
result status=ok pp=4226.441387 tg=56.187410 peak=30956.000MiB
skip intertidal_dma ws=31.0 control=pp:5 status=ok
case scheme=intertidal_dma phase=dense ws=31.0GiB ctx=165120 control=pp:5.1
remote command: env -u LD_PRELOAD GGML_CUDA_HYBRID_MODE=staging GGML_CUDA_HYBRID_PAGE_BUDGET=421 LD_LIBRARY_PATH=/dev/shm/intertidal-capacity.mEP47j:/home/wici/llama.cpp/build-cuda/bin:/usr/local/cuda/lib64 LLAMA_BENCH_LOGIT_CHECKSUM=1 /home/wici/llama.cpp/build-cuda/bin/llama-bench -m /home/wici/voice-lab/models/gguf/gemma-4-31B-it-Q4_0.gguf -p 512 -n 64 -r 5 -t 8 -b 512 -ub 512 -fa on -ctk f16 -ctv f16 -mmp 1 -o csv --ctx-size 165120 -ot '^blk[.][0-9]+[.](attn_(k|v|q|output)|ffn_(down|gate|up))[.]weight$=CUDA_Hybrid'
ggml_cuda_init: found 1 CUDA devices (Total VRAM: 32109 MiB):
  Device 0: NVIDIA GeForce RTX 5090, compute capability 12.0, VMM: yes, VRAM: 32109 MiB
hybrid_vmm,mode=staging,selection=global_budget,requested_pages=421,requested_bytes=882900992,requested_mib=842.000,gross_pages=421,gross_bytes=882900992,gross_mib=842.000,staging_bytes=33554432,staging_mib=32.000,net_bytes=849346560,net_mib=810.000,eligible_pages=7470,selected_tensors=410,layers=60,buffer_bytes=16524435968,local_physical_bytes=15642656768,page_bytes=2097152,buffer_mib=15758.930,remote_mib=842.000,local_physical_mib=14918.000,net_saved_mib=810.000,page_mib=2.000
logit_checksum,prompt,2417196da4492390,nonfinite=0
logit_checksum,prompt,0453392d6142afd3,nonfinite=0
logit_checksum,prompt,8c39d6d410e92623,nonfinite=0
logit_checksum,prompt,ce38b3f3a7a05142,nonfinite=0
logit_checksum,prompt,556c3b871bf91e81,nonfinite=0
build_commit,build_number,cpu_info,gpu_info,backends,model_filename,model_type,model_size,model_n_params,n_batch,n_ubatch,n_threads,cpu_mask,cpu_strict,poll,type_k,type_v,n_gpu_layers,n_cpu_moe,split_mode,main_gpu,no_kv_offload,flash_attn,devices,tensor_split,tensor_buft_overrides,use_mmap,use_direct_io,embeddings,no_op_offload,no_host,fit_target,fit_min_ctx,n_ctx,n_prompt,n_gen,n_depth,test_time,avg_ns,stddev_ns,avg_ts,stddev_ts
"b820cc8","1","Intel(R) Core(TM) Ultra 5 230F","NVIDIA GeForce RTX 5090","CUDA","/home/wici/voice-lab/models/gguf/gemma-4-31B-it-Q4_0.gguf","gemma4 31B Q4_0","17322412272","30697345596","512","512","8","0x0","0","50","f16","f16","-1","0","layer","0","0","1","auto","0.00","^blk[.][0-9]+[.](attn_(k|v|q|output)|ffn_(down|gate|up))[.]weight$=CUDA_Hybrid","1","0","0","0","0","0","0","165120","512","0","0","2026-08-12T09:09:10Z","121202303","1635661","4224.948672","56.183918"
logit_checksum,prompt,c930f979f7f0aed4,nonfinite=0
logit_checksum,decode,0c8e93b3ecced1c6,nonfinite=0
logit_checksum,decode,319a6a234bb9ed88,nonfinite=0
logit_checksum,decode,1e95777bddcc71d5,nonfinite=0
logit_checksum,decode,fc3ff68058ffd54e,nonfinite=0
logit_checksum,decode,92560214e2ee8afd,nonfinite=0
logit_checksum,decode,ea317c3ff2b17152,nonfinite=0
"b820cc8","1","Intel(R) Core(TM) Ultra 5 230F","NVIDIA GeForce RTX 5090","CUDA","/home/wici/voice-lab/models/gguf/gemma-4-31B-it-Q4_0.gguf","gemma4 31B Q4_0","17322412272","30697345596","512","512","8","0x0","0","50","f16","f16","-1","0","layer","0","0","1","auto","0.00","^blk[.][0-9]+[.](attn_(k|v|q|output)|ffn_(down|gate|up))[.]weight$=CUDA_Hybrid","1","0","0","0","0","0","0","165120","0","64","0","2026-08-12T09:09:11Z","1180449462","2050513","54.216768","0.093953"
result status=ok pp=4224.948672 tg=54.216768 peak=30928.000MiB
case scheme=intertidal_dma phase=dense ws=31.0GiB ctx=165120 control=pp:5.2
remote command: env -u LD_PRELOAD GGML_CUDA_HYBRID_MODE=staging GGML_CUDA_HYBRID_PAGE_BUDGET=430 LD_LIBRARY_PATH=/dev/shm/intertidal-capacity.mEP47j:/home/wici/llama.cpp/build-cuda/bin:/usr/local/cuda/lib64 LLAMA_BENCH_LOGIT_CHECKSUM=1 /home/wici/llama.cpp/build-cuda/bin/llama-bench -m /home/wici/voice-lab/models/gguf/gemma-4-31B-it-Q4_0.gguf -p 512 -n 64 -r 5 -t 8 -b 512 -ub 512 -fa on -ctk f16 -ctv f16 -mmp 1 -o csv --ctx-size 165120 -ot '^blk[.][0-9]+[.](attn_(k|v|q|output)|ffn_(down|gate|up))[.]weight$=CUDA_Hybrid'
ggml_cuda_init: found 1 CUDA devices (Total VRAM: 32109 MiB):
  Device 0: NVIDIA GeForce RTX 5090, compute capability 12.0, VMM: yes, VRAM: 32109 MiB
hybrid_vmm,mode=staging,selection=global_budget,requested_pages=430,requested_bytes=901775360,requested_mib=860.000,gross_pages=430,gross_bytes=901775360,gross_mib=860.000,staging_bytes=33554432,staging_mib=32.000,net_bytes=868220928,net_mib=828.000,eligible_pages=7470,selected_tensors=410,layers=60,buffer_bytes=16524435968,local_physical_bytes=15623782400,page_bytes=2097152,buffer_mib=15758.930,remote_mib=860.000,local_physical_mib=14900.000,net_saved_mib=828.000,page_mib=2.000
logit_checksum,prompt,2417196da4492390,nonfinite=0
logit_checksum,prompt,0453392d6142afd3,nonfinite=0
logit_checksum,prompt,8c39d6d410e92623,nonfinite=0
logit_checksum,prompt,ce38b3f3a7a05142,nonfinite=0
logit_checksum,prompt,556c3b871bf91e81,nonfinite=0
logit_checksum,prompt,c930f979f7f0aed4,nonfinite=0
build_commit,build_number,cpu_info,gpu_info,backends,model_filename,model_type,model_size,model_n_params,n_batch,n_ubatch,n_threads,cpu_mask,cpu_strict,poll,type_k,type_v,n_gpu_layers,n_cpu_moe,split_mode,main_gpu,no_kv_offload,flash_attn,devices,tensor_split,tensor_buft_overrides,use_mmap,use_direct_io,embeddings,no_op_offload,no_host,fit_target,fit_min_ctx,n_ctx,n_prompt,n_gen,n_depth,test_time,avg_ns,stddev_ns,avg_ts,stddev_ts
"b820cc8","1","Intel(R) Core(TM) Ultra 5 230F","NVIDIA GeForce RTX 5090","CUDA","/home/wici/voice-lab/models/gguf/gemma-4-31B-it-Q4_0.gguf","gemma4 31B Q4_0","17322412272","30697345596","512","512","8","0x0","0","50","f16","f16","-1","0","layer","0","0","1","auto","0.00","^blk[.][0-9]+[.](attn_(k|v|q|output)|ffn_(down|gate|up))[.]weight$=CUDA_Hybrid","1","0","0","0","0","0","0","165120","512","0","0","2026-08-12T09:09:20Z","121302723","1776624","4221.558211","60.867933"
logit_checksum,decode,0c8e93b3ecced1c6,nonfinite=0
logit_checksum,decode,319a6a234bb9ed88,nonfinite=0
logit_checksum,decode,1e95777bddcc71d5,nonfinite=0
logit_checksum,decode,fc3ff68058ffd54e,nonfinite=0
logit_checksum,decode,92560214e2ee8afd,nonfinite=0
"b820cc8","1","Intel(R) Core(TM) Ultra 5 230F","NVIDIA GeForce RTX 5090","CUDA","/home/wici/voice-lab/models/gguf/gemma-4-31B-it-Q4_0.gguf","gemma4 31B Q4_0","17322412272","30697345596","512","512","8","0x0","0","50","f16","f16","-1","0","layer","0","0","1","auto","0.00","^blk[.][0-9]+[.](attn_(k|v|q|output)|ffn_(down|gate|up))[.]weight$=CUDA_Hybrid","1","0","0","0","0","0","0","165120","0","64","0","2026-08-12T09:09:21Z","1205686425","2286052","53.081948","0.100611"
logit_checksum,decode,ea317c3ff2b17152,nonfinite=0
result status=ok pp=4221.558211 tg=53.081948 peak=30910.000MiB
case scheme=intertidal_dma phase=dense ws=31.0GiB ctx=165120 control=pp:5.3
remote command: env -u LD_PRELOAD GGML_CUDA_HYBRID_MODE=staging GGML_CUDA_HYBRID_PAGE_BUDGET=438 LD_LIBRARY_PATH=/dev/shm/intertidal-capacity.mEP47j:/home/wici/llama.cpp/build-cuda/bin:/usr/local/cuda/lib64 LLAMA_BENCH_LOGIT_CHECKSUM=1 /home/wici/llama.cpp/build-cuda/bin/llama-bench -m /home/wici/voice-lab/models/gguf/gemma-4-31B-it-Q4_0.gguf -p 512 -n 64 -r 5 -t 8 -b 512 -ub 512 -fa on -ctk f16 -ctv f16 -mmp 1 -o csv --ctx-size 165120 -ot '^blk[.][0-9]+[.](attn_(k|v|q|output)|ffn_(down|gate|up))[.]weight$=CUDA_Hybrid'
ggml_cuda_init: found 1 CUDA devices (Total VRAM: 32109 MiB):
  Device 0: NVIDIA GeForce RTX 5090, compute capability 12.0, VMM: yes, VRAM: 32109 MiB
hybrid_vmm,mode=staging,selection=global_budget,requested_pages=438,requested_bytes=918552576,requested_mib=876.000,gross_pages=438,gross_bytes=918552576,gross_mib=876.000,staging_bytes=33554432,staging_mib=32.000,net_bytes=884998144,net_mib=844.000,eligible_pages=7470,selected_tensors=410,layers=60,buffer_bytes=16524435968,local_physical_bytes=15607005184,page_bytes=2097152,buffer_mib=15758.930,remote_mib=876.000,local_physical_mib=14884.000,net_saved_mib=844.000,page_mib=2.000
logit_checksum,prompt,2417196da4492390,nonfinite=0
build_commit,build_number,cpu_info,gpu_info,backends,model_filename,model_type,model_size,model_n_params,n_batch,n_ubatch,n_threads,cpu_mask,cpu_strict,poll,type_k,type_v,n_gpu_layers,n_cpu_moe,split_mode,main_gpu,no_kv_offload,flash_attn,devices,tensor_split,tensor_buft_overrides,use_mmap,use_direct_io,embeddings,no_op_offload,no_host,fit_target,fit_min_ctx,n_ctx,n_prompt,n_gen,n_depth,test_time,avg_ns,stddev_ns,avg_ts,stddev_ts
"b820cc8","1","Intel(R) Core(TM) Ultra 5 230F","NVIDIA GeForce RTX 5090","CUDA","/home/wici/voice-lab/models/gguf/gemma-4-31B-it-Q4_0.gguf","gemma4 31B Q4_0","17322412272","30697345596","512","512","8","0x0","0","50","f16","f16","-1","0","layer","0","0","1","auto","0.00","^blk[.][0-9]+[.](attn_(k|v|q|output)|ffn_(down|gate|up))[.]weight$=CUDA_Hybrid","1","0","0","0","0","0","0","165120","512","0","0","2026-08-12T09:09:30Z","121381337","1607890","4218.693692","54.948708"
logit_checksum,prompt,0453392d6142afd3,nonfinite=0
logit_checksum,prompt,8c39d6d410e92623,nonfinite=0
logit_checksum,prompt,ce38b3f3a7a05142,nonfinite=0
logit_checksum,prompt,556c3b871bf91e81,nonfinite=0
logit_checksum,prompt,c930f979f7f0aed4,nonfinite=0
logit_checksum,decode,0c8e93b3ecced1c6,nonfinite=0
logit_checksum,decode,319a6a234bb9ed88,nonfinite=0
logit_checksum,decode,1e95777bddcc71d5,nonfinite=0
logit_checksum,decode,fc3ff68058ffd54e,nonfinite=0
logit_checksum,decode,92560214e2ee8afd,nonfinite=0
"b820cc8","1","Intel(R) Core(TM) Ultra 5 230F","NVIDIA GeForce RTX 5090","CUDA","/home/wici/voice-lab/models/gguf/gemma-4-31B-it-Q4_0.gguf","gemma4 31B Q4_0","17322412272","30697345596","512","512","8","0x0","0","50","f16","f16","-1","0","layer","0","0","1","auto","0.00","^blk[.][0-9]+[.](attn_(k|v|q|output)|ffn_(down|gate|up))[.]weight$=CUDA_Hybrid","1","0","0","0","0","0","0","165120","0","64","0","2026-08-12T09:09:31Z","1226500940","1571842","52.181031","0.066858"
logit_checksum,decode,ea317c3ff2b17152,nonfinite=0
result status=ok pp=4218.693692 tg=52.181031 peak=30894.000MiB
case scheme=intertidal_dma phase=dense ws=31.0GiB ctx=165120 control=pp:5.4
remote command: env -u LD_PRELOAD GGML_CUDA_HYBRID_MODE=staging GGML_CUDA_HYBRID_PAGE_BUDGET=446 LD_LIBRARY_PATH=/dev/shm/intertidal-capacity.mEP47j:/home/wici/llama.cpp/build-cuda/bin:/usr/local/cuda/lib64 LLAMA_BENCH_LOGIT_CHECKSUM=1 /home/wici/llama.cpp/build-cuda/bin/llama-bench -m /home/wici/voice-lab/models/gguf/gemma-4-31B-it-Q4_0.gguf -p 512 -n 64 -r 5 -t 8 -b 512 -ub 512 -fa on -ctk f16 -ctv f16 -mmp 1 -o csv --ctx-size 165120 -ot '^blk[.][0-9]+[.](attn_(k|v|q|output)|ffn_(down|gate|up))[.]weight$=CUDA_Hybrid'
ggml_cuda_init: found 1 CUDA devices (Total VRAM: 32109 MiB):
  Device 0: NVIDIA GeForce RTX 5090, compute capability 12.0, VMM: yes, VRAM: 32109 MiB
hybrid_vmm,mode=staging,selection=global_budget,requested_pages=446,requested_bytes=935329792,requested_mib=892.000,gross_pages=446,gross_bytes=935329792,gross_mib=892.000,staging_bytes=33554432,staging_mib=32.000,net_bytes=901775360,net_mib=860.000,eligible_pages=7470,selected_tensors=410,layers=60,buffer_bytes=16524435968,local_physical_bytes=15590227968,page_bytes=2097152,buffer_mib=15758.930,remote_mib=892.000,local_physical_mib=14868.000,net_saved_mib=860.000,page_mib=2.000
logit_checksum,prompt,2417196da4492390,nonfinite=0
logit_checksum,prompt,0453392d6142afd3,nonfinite=0
logit_checksum,prompt,8c39d6d410e92623,nonfinite=0
logit_checksum,prompt,ce38b3f3a7a05142,nonfinite=0
build_commit,build_number,cpu_info,gpu_info,backends,model_filename,model_type,model_size,model_n_params,n_batch,n_ubatch,n_threads,cpu_mask,cpu_strict,poll,type_k,type_v,n_gpu_layers,n_cpu_moe,split_mode,main_gpu,no_kv_offload,flash_attn,devices,tensor_split,tensor_buft_overrides,use_mmap,use_direct_io,embeddings,no_op_offload,no_host,fit_target,fit_min_ctx,n_ctx,n_prompt,n_gen,n_depth,test_time,avg_ns,stddev_ns,avg_ts,stddev_ts
logit_checksum,prompt,556c3b871bf91e81,nonfinite=0
"b820cc8","1","Intel(R) Core(TM) Ultra 5 230F","NVIDIA GeForce RTX 5090","CUDA","/home/wici/voice-lab/models/gguf/gemma-4-31B-it-Q4_0.gguf","gemma4 31B Q4_0","17322412272","30697345596","512","512","8","0x0","0","50","f16","f16","-1","0","layer","0","0","1","auto","0.00","^blk[.][0-9]+[.](attn_(k|v|q|output)|ffn_(down|gate|up))[.]weight$=CUDA_Hybrid","1","0","0","0","0","0","0","165120","512","0","0","2026-08-12T09:09:41Z","121247025","1708542","4223.444527","58.596685"
logit_checksum,prompt,c930f979f7f0aed4,nonfinite=0
logit_checksum,decode,0c8e93b3ecced1c6,nonfinite=0
logit_checksum,decode,319a6a234bb9ed88,nonfinite=0
logit_checksum,decode,1e95777bddcc71d5,nonfinite=0
logit_checksum,decode,fc3ff68058ffd54e,nonfinite=0
logit_checksum,decode,92560214e2ee8afd,nonfinite=0
"b820cc8","1","Intel(R) Core(TM) Ultra 5 230F","NVIDIA GeForce RTX 5090","CUDA","/home/wici/voice-lab/models/gguf/gemma-4-31B-it-Q4_0.gguf","gemma4 31B Q4_0","17322412272","30697345596","512","512","8","0x0","0","50","f16","f16","-1","0","layer","0","0","1","auto","0.00","^blk[.][0-9]+[.](attn_(k|v|q|output)|ffn_(down|gate|up))[.]weight$=CUDA_Hybrid","1","0","0","0","0","0","0","165120","0","64","0","2026-08-12T09:09:42Z","1247565357","2718759","51.300112","0.111527"
logit_checksum,decode,ea317c3ff2b17152,nonfinite=0
result status=ok pp=4223.444527 tg=51.300112 peak=30878.000MiB
case scheme=intertidal_dma phase=dense ws=31.0GiB ctx=165120 control=pp:5.5
remote command: env -u LD_PRELOAD GGML_CUDA_HYBRID_MODE=staging GGML_CUDA_HYBRID_PAGE_BUDGET=454 LD_LIBRARY_PATH=/dev/shm/intertidal-capacity.mEP47j:/home/wici/llama.cpp/build-cuda/bin:/usr/local/cuda/lib64 LLAMA_BENCH_LOGIT_CHECKSUM=1 /home/wici/llama.cpp/build-cuda/bin/llama-bench -m /home/wici/voice-lab/models/gguf/gemma-4-31B-it-Q4_0.gguf -p 512 -n 64 -r 5 -t 8 -b 512 -ub 512 -fa on -ctk f16 -ctv f16 -mmp 1 -o csv --ctx-size 165120 -ot '^blk[.][0-9]+[.](attn_(k|v|q|output)|ffn_(down|gate|up))[.]weight$=CUDA_Hybrid'
ggml_cuda_init: found 1 CUDA devices (Total VRAM: 32109 MiB):
  Device 0: NVIDIA GeForce RTX 5090, compute capability 12.0, VMM: yes, VRAM: 32109 MiB
hybrid_vmm,mode=staging,selection=global_budget,requested_pages=454,requested_bytes=952107008,requested_mib=908.000,gross_pages=454,gross_bytes=952107008,gross_mib=908.000,staging_bytes=33554432,staging_mib=32.000,net_bytes=918552576,net_mib=876.000,eligible_pages=7470,selected_tensors=410,layers=60,buffer_bytes=16524435968,local_physical_bytes=15573450752,page_bytes=2097152,buffer_mib=15758.930,remote_mib=908.000,local_physical_mib=14852.000,net_saved_mib=876.000,page_mib=2.000
logit_checksum,prompt,2417196da4492390,nonfinite=0
logit_checksum,prompt,0453392d6142afd3,nonfinite=0
logit_checksum,prompt,8c39d6d410e92623,nonfinite=0
logit_checksum,prompt,ce38b3f3a7a05142,nonfinite=0
logit_checksum,prompt,556c3b871bf91e81,nonfinite=0
build_commit,build_number,cpu_info,gpu_info,backends,model_filename,model_type,model_size,model_n_params,n_batch,n_ubatch,n_threads,cpu_mask,cpu_strict,poll,type_k,type_v,n_gpu_layers,n_cpu_moe,split_mode,main_gpu,no_kv_offload,flash_attn,devices,tensor_split,tensor_buft_overrides,use_mmap,use_direct_io,embeddings,no_op_offload,no_host,fit_target,fit_min_ctx,n_ctx,n_prompt,n_gen,n_depth,test_time,avg_ns,stddev_ns,avg_ts,stddev_ts
logit_checksum,prompt,c930f979f7f0aed4,nonfinite=0
"b820cc8","1","Intel(R) Core(TM) Ultra 5 230F","NVIDIA GeForce RTX 5090","CUDA","/home/wici/voice-lab/models/gguf/gemma-4-31B-it-Q4_0.gguf","gemma4 31B Q4_0","17322412272","30697345596","512","512","8","0x0","0","50","f16","f16","-1","0","layer","0","0","1","auto","0.00","^blk[.][0-9]+[.](attn_(k|v|q|output)|ffn_(down|gate|up))[.]weight$=CUDA_Hybrid","1","0","0","0","0","0","0","165120","512","0","0","2026-08-12T09:09:51Z","121409006","1583884","4217.714531","54.084261"
logit_checksum,decode,0c8e93b3ecced1c6,nonfinite=0
logit_checksum,decode,319a6a234bb9ed88,nonfinite=0
logit_checksum,decode,1e95777bddcc71d5,nonfinite=0
logit_checksum,decode,fc3ff68058ffd54e,nonfinite=0
logit_checksum,decode,92560214e2ee8afd,nonfinite=0
"b820cc8","1","Intel(R) Core(TM) Ultra 5 230F","NVIDIA GeForce RTX 5090","CUDA","/home/wici/voice-lab/models/gguf/gemma-4-31B-it-Q4_0.gguf","gemma4 31B Q4_0","17322412272","30697345596","512","512","8","0x0","0","50","f16","f16","-1","0","layer","0","0","1","auto","0.00","^blk[.][0-9]+[.](attn_(k|v|q|output)|ffn_(down|gate|up))[.]weight$=CUDA_Hybrid","1","0","0","0","0","0","0","165120","0","64","0","2026-08-12T09:09:52Z","1269913016","2172721","50.397271","0.086278"
logit_checksum,decode,ea317c3ff2b17152,nonfinite=0
result status=ok pp=4217.714531 tg=50.397271 peak=30862.000MiB
case scheme=intertidal_dma phase=dense ws=31.0GiB ctx=165120 control=pp:5.6
remote command: env -u LD_PRELOAD GGML_CUDA_HYBRID_MODE=staging GGML_CUDA_HYBRID_PAGE_BUDGET=463 LD_LIBRARY_PATH=/dev/shm/intertidal-capacity.mEP47j:/home/wici/llama.cpp/build-cuda/bin:/usr/local/cuda/lib64 LLAMA_BENCH_LOGIT_CHECKSUM=1 /home/wici/llama.cpp/build-cuda/bin/llama-bench -m /home/wici/voice-lab/models/gguf/gemma-4-31B-it-Q4_0.gguf -p 512 -n 64 -r 5 -t 8 -b 512 -ub 512 -fa on -ctk f16 -ctv f16 -mmp 1 -o csv --ctx-size 165120 -ot '^blk[.][0-9]+[.](attn_(k|v|q|output)|ffn_(down|gate|up))[.]weight$=CUDA_Hybrid'
ggml_cuda_init: found 1 CUDA devices (Total VRAM: 32109 MiB):
  Device 0: NVIDIA GeForce RTX 5090, compute capability 12.0, VMM: yes, VRAM: 32109 MiB
hybrid_vmm,mode=staging,selection=global_budget,requested_pages=463,requested_bytes=970981376,requested_mib=926.000,gross_pages=463,gross_bytes=970981376,gross_mib=926.000,staging_bytes=33554432,staging_mib=32.000,net_bytes=937426944,net_mib=894.000,eligible_pages=7470,selected_tensors=410,layers=60,buffer_bytes=16524435968,local_physical_bytes=15554576384,page_bytes=2097152,buffer_mib=15758.930,remote_mib=926.000,local_physical_mib=14834.000,net_saved_mib=894.000,page_mib=2.000
logit_checksum,prompt,2417196da4492390,nonfinite=0
logit_checksum,prompt,0453392d6142afd3,nonfinite=0
logit_checksum,prompt,8c39d6d410e92623,nonfinite=0
logit_checksum,prompt,ce38b3f3a7a05142,nonfinite=0
logit_checksum,prompt,556c3b871bf91e81,nonfinite=0
build_commit,build_number,cpu_info,gpu_info,backends,model_filename,model_type,model_size,model_n_params,n_batch,n_ubatch,n_threads,cpu_mask,cpu_strict,poll,type_k,type_v,n_gpu_layers,n_cpu_moe,split_mode,main_gpu,no_kv_offload,flash_attn,devices,tensor_split,tensor_buft_overrides,use_mmap,use_direct_io,embeddings,no_op_offload,no_host,fit_target,fit_min_ctx,n_ctx,n_prompt,n_gen,n_depth,test_time,avg_ns,stddev_ns,avg_ts,stddev_ts
"b820cc8","1","Intel(R) Core(TM) Ultra 5 230F","NVIDIA GeForce RTX 5090","CUDA","/home/wici/voice-lab/models/gguf/gemma-4-31B-it-Q4_0.gguf","gemma4 31B Q4_0","17322412272","30697345596","512","512","8","0x0","0","50","f16","f16","-1","0","layer","0","0","1","auto","0.00","^blk[.][0-9]+[.](attn_(k|v|q|output)|ffn_(down|gate|up))[.]weight$=CUDA_Hybrid","1","0","0","0","0","0","0","165120","512","0","0","2026-08-12T09:10:01Z","121408191","1545799","4217.716483","52.833090"
logit_checksum,prompt,c930f979f7f0aed4,nonfinite=0
logit_checksum,decode,0c8e93b3ecced1c6,nonfinite=0
logit_checksum,decode,319a6a234bb9ed88,nonfinite=0
logit_checksum,decode,1e95777bddcc71d5,nonfinite=0
logit_checksum,decode,fc3ff68058ffd54e,nonfinite=0
logit_checksum,decode,92560214e2ee8afd,nonfinite=0
"b820cc8","1","Intel(R) Core(TM) Ultra 5 230F","NVIDIA GeForce RTX 5090","CUDA","/home/wici/voice-lab/models/gguf/gemma-4-31B-it-Q4_0.gguf","gemma4 31B Q4_0","17322412272","30697345596","512","512","8","0x0","0","50","f16","f16","-1","0","layer","0","0","1","auto","0.00","^blk[.][0-9]+[.](attn_(k|v|q|output)|ffn_(down|gate|up))[.]weight$=CUDA_Hybrid","1","0","0","0","0","0","0","165120","0","64","0","2026-08-12T09:10:02Z","1294675543","2132469","49.433342","0.081303"
logit_checksum,decode,ea317c3ff2b17152,nonfinite=0
result status=ok pp=4217.716483 tg=49.433342 peak=30844.000MiB
case scheme=intertidal_dma phase=dense ws=31.0GiB ctx=165120 control=pp:5.7
remote command: env -u LD_PRELOAD GGML_CUDA_HYBRID_MODE=staging GGML_CUDA_HYBRID_PAGE_BUDGET=471 LD_LIBRARY_PATH=/dev/shm/intertidal-capacity.mEP47j:/home/wici/llama.cpp/build-cuda/bin:/usr/local/cuda/lib64 LLAMA_BENCH_LOGIT_CHECKSUM=1 /home/wici/llama.cpp/build-cuda/bin/llama-bench -m /home/wici/voice-lab/models/gguf/gemma-4-31B-it-Q4_0.gguf -p 512 -n 64 -r 5 -t 8 -b 512 -ub 512 -fa on -ctk f16 -ctv f16 -mmp 1 -o csv --ctx-size 165120 -ot '^blk[.][0-9]+[.](attn_(k|v|q|output)|ffn_(down|gate|up))[.]weight$=CUDA_Hybrid'
ggml_cuda_init: found 1 CUDA devices (Total VRAM: 32109 MiB):
  Device 0: NVIDIA GeForce RTX 5090, compute capability 12.0, VMM: yes, VRAM: 32109 MiB
hybrid_vmm,mode=staging,selection=global_budget,requested_pages=471,requested_bytes=987758592,requested_mib=942.000,gross_pages=471,gross_bytes=987758592,gross_mib=942.000,staging_bytes=35651584,staging_mib=34.000,net_bytes=952107008,net_mib=908.000,eligible_pages=7470,selected_tensors=410,layers=60,buffer_bytes=16524435968,local_physical_bytes=15537799168,page_bytes=2097152,buffer_mib=15758.930,remote_mib=942.000,local_physical_mib=14818.000,net_saved_mib=908.000,page_mib=2.000
logit_checksum,prompt,2417196da4492390,nonfinite=0
logit_checksum,prompt,0453392d6142afd3,nonfinite=0
logit_checksum,prompt,8c39d6d410e92623,nonfinite=0
logit_checksum,prompt,ce38b3f3a7a05142,nonfinite=0
logit_checksum,prompt,556c3b871bf91e81,nonfinite=0
logit_checksum,prompt,c930f979f7f0aed4,nonfinite=0
build_commit,build_number,cpu_info,gpu_info,backends,model_filename,model_type,model_size,model_n_params,n_batch,n_ubatch,n_threads,cpu_mask,cpu_strict,poll,type_k,type_v,n_gpu_layers,n_cpu_moe,split_mode,main_gpu,no_kv_offload,flash_attn,devices,tensor_split,tensor_buft_overrides,use_mmap,use_direct_io,embeddings,no_op_offload,no_host,fit_target,fit_min_ctx,n_ctx,n_prompt,n_gen,n_depth,test_time,avg_ns,stddev_ns,avg_ts,stddev_ts
"b820cc8","1","Intel(R) Core(TM) Ultra 5 230F","NVIDIA GeForce RTX 5090","CUDA","/home/wici/voice-lab/models/gguf/gemma-4-31B-it-Q4_0.gguf","gemma4 31B Q4_0","17322412272","30697345596","512","512","8","0x0","0","50","f16","f16","-1","0","layer","0","0","1","auto","0.00","^blk[.][0-9]+[.](attn_(k|v|q|output)|ffn_(down|gate|up))[.]weight$=CUDA_Hybrid","1","0","0","0","0","0","0","165120","512","0","0","2026-08-12T09:10:13Z","121275230","1824326","4222.553839","62.484304"
logit_checksum,decode,0c8e93b3ecced1c6,nonfinite=0
logit_checksum,decode,319a6a234bb9ed88,nonfinite=0
logit_checksum,decode,1e95777bddcc71d5,nonfinite=0
logit_checksum,decode,fc3ff68058ffd54e,nonfinite=0
logit_checksum,decode,92560214e2ee8afd,nonfinite=0
logit_checksum,decode,ea317c3ff2b17152,nonfinite=0
"b820cc8","1","Intel(R) Core(TM) Ultra 5 230F","NVIDIA GeForce RTX 5090","CUDA","/home/wici/voice-lab/models/gguf/gemma-4-31B-it-Q4_0.gguf","gemma4 31B Q4_0","17322412272","30697345596","512","512","8","0x0","0","50","f16","f16","-1","0","layer","0","0","1","auto","0.00","^blk[.][0-9]+[.](attn_(k|v|q|output)|ffn_(down|gate|up))[.]weight$=CUDA_Hybrid","1","0","0","0","0","0","0","165120","0","64","0","2026-08-12T09:10:14Z","1314074648","1582670","48.703530","0.058617"
result status=ok pp=4222.553839 tg=48.703530 peak=30830.000MiB
case scheme=intertidal_dma phase=dense ws=31.0GiB ctx=165120 control=pp:5.8
remote command: env -u LD_PRELOAD GGML_CUDA_HYBRID_MODE=staging GGML_CUDA_HYBRID_PAGE_BUDGET=479 LD_LIBRARY_PATH=/dev/shm/intertidal-capacity.mEP47j:/home/wici/llama.cpp/build-cuda/bin:/usr/local/cuda/lib64 LLAMA_BENCH_LOGIT_CHECKSUM=1 /home/wici/llama.cpp/build-cuda/bin/llama-bench -m /home/wici/voice-lab/models/gguf/gemma-4-31B-it-Q4_0.gguf -p 512 -n 64 -r 5 -t 8 -b 512 -ub 512 -fa on -ctk f16 -ctv f16 -mmp 1 -o csv --ctx-size 165120 -ot '^blk[.][0-9]+[.](attn_(k|v|q|output)|ffn_(down|gate|up))[.]weight$=CUDA_Hybrid'
ggml_cuda_init: found 1 CUDA devices (Total VRAM: 32109 MiB):
  Device 0: NVIDIA GeForce RTX 5090, compute capability 12.0, VMM: yes, VRAM: 32109 MiB
hybrid_vmm,mode=staging,selection=global_budget,requested_pages=479,requested_bytes=1004535808,requested_mib=958.000,gross_pages=479,gross_bytes=1004535808,gross_mib=958.000,staging_bytes=37748736,staging_mib=36.000,net_bytes=966787072,net_mib=922.000,eligible_pages=7470,selected_tensors=410,layers=60,buffer_bytes=16524435968,local_physical_bytes=15521021952,page_bytes=2097152,buffer_mib=15758.930,remote_mib=958.000,local_physical_mib=14802.000,net_saved_mib=922.000,page_mib=2.000
logit_checksum,prompt,2417196da4492390,nonfinite=0
logit_checksum,prompt,0453392d6142afd3,nonfinite=0
logit_checksum,prompt,8c39d6d410e92623,nonfinite=0
logit_checksum,prompt,ce38b3f3a7a05142,nonfinite=0
logit_checksum,prompt,556c3b871bf91e81,nonfinite=0
build_commit,build_number,cpu_info,gpu_info,backends,model_filename,model_type,model_size,model_n_params,n_batch,n_ubatch,n_threads,cpu_mask,cpu_strict,poll,type_k,type_v,n_gpu_layers,n_cpu_moe,split_mode,main_gpu,no_kv_offload,flash_attn,devices,tensor_split,tensor_buft_overrides,use_mmap,use_direct_io,embeddings,no_op_offload,no_host,fit_target,fit_min_ctx,n_ctx,n_prompt,n_gen,n_depth,test_time,avg_ns,stddev_ns,avg_ts,stddev_ts
logit_checksum,prompt,c930f979f7f0aed4,nonfinite=0
"b820cc8","1","Intel(R) Core(TM) Ultra 5 230F","NVIDIA GeForce RTX 5090","CUDA","/home/wici/voice-lab/models/gguf/gemma-4-31B-it-Q4_0.gguf","gemma4 31B Q4_0","17322412272","30697345596","512","512","8","0x0","0","50","f16","f16","-1","0","layer","0","0","1","auto","0.00","^blk[.][0-9]+[.](attn_(k|v|q|output)|ffn_(down|gate|up))[.]weight$=CUDA_Hybrid","1","0","0","0","0","0","0","165120","512","0","0","2026-08-12T09:10:23Z","121261453","1949088","4223.139235","66.703017"
logit_checksum,decode,0c8e93b3ecced1c6,nonfinite=0
logit_checksum,decode,319a6a234bb9ed88,nonfinite=0
logit_checksum,decode,1e95777bddcc71d5,nonfinite=0
logit_checksum,decode,fc3ff68058ffd54e,nonfinite=0
logit_checksum,decode,92560214e2ee8afd,nonfinite=0
logit_checksum,decode,ea317c3ff2b17152,nonfinite=0
"b820cc8","1","Intel(R) Core(TM) Ultra 5 230F","NVIDIA GeForce RTX 5090","CUDA","/home/wici/voice-lab/models/gguf/gemma-4-31B-it-Q4_0.gguf","gemma4 31B Q4_0","17322412272","30697345596","512","512","8","0x0","0","50","f16","f16","-1","0","layer","0","0","1","auto","0.00","^blk[.][0-9]+[.](attn_(k|v|q|output)|ffn_(down|gate|up))[.]weight$=CUDA_Hybrid","1","0","0","0","0","0","0","165120","0","64","0","2026-08-12T09:10:24Z","1335524896","3258188","47.921461","0.116629"
result status=ok pp=4223.139235 tg=47.921461 peak=30816.000MiB
case scheme=intertidal_dma phase=dense ws=31.0GiB ctx=165120 control=pp:5.9
remote command: env -u LD_PRELOAD GGML_CUDA_HYBRID_MODE=staging GGML_CUDA_HYBRID_PAGE_BUDGET=487 LD_LIBRARY_PATH=/dev/shm/intertidal-capacity.mEP47j:/home/wici/llama.cpp/build-cuda/bin:/usr/local/cuda/lib64 LLAMA_BENCH_LOGIT_CHECKSUM=1 /home/wici/llama.cpp/build-cuda/bin/llama-bench -m /home/wici/voice-lab/models/gguf/gemma-4-31B-it-Q4_0.gguf -p 512 -n 64 -r 5 -t 8 -b 512 -ub 512 -fa on -ctk f16 -ctv f16 -mmp 1 -o csv --ctx-size 165120 -ot '^blk[.][0-9]+[.](attn_(k|v|q|output)|ffn_(down|gate|up))[.]weight$=CUDA_Hybrid'
ggml_cuda_init: found 1 CUDA devices (Total VRAM: 32109 MiB):
  Device 0: NVIDIA GeForce RTX 5090, compute capability 12.0, VMM: yes, VRAM: 32109 MiB
hybrid_vmm,mode=staging,selection=global_budget,requested_pages=487,requested_bytes=1021313024,requested_mib=974.000,gross_pages=487,gross_bytes=1021313024,gross_mib=974.000,staging_bytes=37748736,staging_mib=36.000,net_bytes=983564288,net_mib=938.000,eligible_pages=7470,selected_tensors=410,layers=60,buffer_bytes=16524435968,local_physical_bytes=15504244736,page_bytes=2097152,buffer_mib=15758.930,remote_mib=974.000,local_physical_mib=14786.000,net_saved_mib=938.000,page_mib=2.000
logit_checksum,prompt,2417196da4492390,nonfinite=0
logit_checksum,prompt,0453392d6142afd3,nonfinite=0
logit_checksum,prompt,8c39d6d410e92623,nonfinite=0
logit_checksum,prompt,ce38b3f3a7a05142,nonfinite=0
logit_checksum,prompt,556c3b871bf91e81,nonfinite=0
build_commit,build_number,cpu_info,gpu_info,backends,model_filename,model_type,model_size,model_n_params,n_batch,n_ubatch,n_threads,cpu_mask,cpu_strict,poll,type_k,type_v,n_gpu_layers,n_cpu_moe,split_mode,main_gpu,no_kv_offload,flash_attn,devices,tensor_split,tensor_buft_overrides,use_mmap,use_direct_io,embeddings,no_op_offload,no_host,fit_target,fit_min_ctx,n_ctx,n_prompt,n_gen,n_depth,test_time,avg_ns,stddev_ns,avg_ts,stddev_ts
"b820cc8","1","Intel(R) Core(TM) Ultra 5 230F","NVIDIA GeForce RTX 5090","CUDA","/home/wici/voice-lab/models/gguf/gemma-4-31B-it-Q4_0.gguf","gemma4 31B Q4_0","17322412272","30697345596","512","512","8","0x0","0","50","f16","f16","-1","0","layer","0","0","1","auto","0.00","^blk[.][0-9]+[.](attn_(k|v|q|output)|ffn_(down|gate|up))[.]weight$=CUDA_Hybrid","1","0","0","0","0","0","0","165120","512","0","0","2026-08-12T09:10:34Z","121301268","1594344","4221.469407","54.567260"
logit_checksum,prompt,c930f979f7f0aed4,nonfinite=0
logit_checksum,decode,0c8e93b3ecced1c6,nonfinite=0
logit_checksum,decode,319a6a234bb9ed88,nonfinite=0
logit_checksum,decode,1e95777bddcc71d5,nonfinite=0
logit_checksum,decode,fc3ff68058ffd54e,nonfinite=0
logit_checksum,decode,92560214e2ee8afd,nonfinite=0
"b820cc8","1","Intel(R) Core(TM) Ultra 5 230F","NVIDIA GeForce RTX 5090","CUDA","/home/wici/voice-lab/models/gguf/gemma-4-31B-it-Q4_0.gguf","gemma4 31B Q4_0","17322412272","30697345596","512","512","8","0x0","0","50","f16","f16","-1","0","layer","0","0","1","auto","0.00","^blk[.][0-9]+[.](attn_(k|v|q|output)|ffn_(down|gate|up))[.]weight$=CUDA_Hybrid","1","0","0","0","0","0","0","165120","0","64","0","2026-08-12T09:10:35Z","1358047910","1566876","47.126517","0.054342"
logit_checksum,decode,ea317c3ff2b17152,nonfinite=0
result status=ok pp=4221.469407 tg=47.126517 peak=30800.000MiB
skip intertidal_dma ws=31.0 control=pp:6 status=ok
case scheme=intertidal_dma phase=dense ws=31.0GiB ctx=165120 control=pp:6.1
remote command: env -u LD_PRELOAD GGML_CUDA_HYBRID_MODE=staging GGML_CUDA_HYBRID_PAGE_BUDGET=504 LD_LIBRARY_PATH=/dev/shm/intertidal-capacity.mEP47j:/home/wici/llama.cpp/build-cuda/bin:/usr/local/cuda/lib64 LLAMA_BENCH_LOGIT_CHECKSUM=1 /home/wici/llama.cpp/build-cuda/bin/llama-bench -m /home/wici/voice-lab/models/gguf/gemma-4-31B-it-Q4_0.gguf -p 512 -n 64 -r 5 -t 8 -b 512 -ub 512 -fa on -ctk f16 -ctv f16 -mmp 1 -o csv --ctx-size 165120 -ot '^blk[.][0-9]+[.](attn_(k|v|q|output)|ffn_(down|gate|up))[.]weight$=CUDA_Hybrid'
ggml_cuda_init: found 1 CUDA devices (Total VRAM: 32109 MiB):
  Device 0: NVIDIA GeForce RTX 5090, compute capability 12.0, VMM: yes, VRAM: 32109 MiB
hybrid_vmm,mode=staging,selection=global_budget,requested_pages=504,requested_bytes=1056964608,requested_mib=1008.000,gross_pages=504,gross_bytes=1056964608,gross_mib=1008.000,staging_bytes=37748736,staging_mib=36.000,net_bytes=1019215872,net_mib=972.000,eligible_pages=7470,selected_tensors=410,layers=60,buffer_bytes=16524435968,local_physical_bytes=15468593152,page_bytes=2097152,buffer_mib=15758.930,remote_mib=1008.000,local_physical_mib=14752.000,net_saved_mib=972.000,page_mib=2.000
logit_checksum,prompt,2417196da4492390,nonfinite=0
logit_checksum,prompt,0453392d6142afd3,nonfinite=0
logit_checksum,prompt,8c39d6d410e92623,nonfinite=0
logit_checksum,prompt,ce38b3f3a7a05142,nonfinite=0
logit_checksum,prompt,556c3b871bf91e81,nonfinite=0
build_commit,build_number,cpu_info,gpu_info,backends,model_filename,model_type,model_size,model_n_params,n_batch,n_ubatch,n_threads,cpu_mask,cpu_strict,poll,type_k,type_v,n_gpu_layers,n_cpu_moe,split_mode,main_gpu,no_kv_offload,flash_attn,devices,tensor_split,tensor_buft_overrides,use_mmap,use_direct_io,embeddings,no_op_offload,no_host,fit_target,fit_min_ctx,n_ctx,n_prompt,n_gen,n_depth,test_time,avg_ns,stddev_ns,avg_ts,stddev_ts
"b820cc8","1","Intel(R) Core(TM) Ultra 5 230F","NVIDIA GeForce RTX 5090","CUDA","/home/wici/voice-lab/models/gguf/gemma-4-31B-it-Q4_0.gguf","gemma4 31B Q4_0","17322412272","30697345596","512","512","8","0x0","0","50","f16","f16","-1","0","layer","0","0","1","auto","0.00","^blk[.][0-9]+[.](attn_(k|v|q|output)|ffn_(down|gate|up))[.]weight$=CUDA_Hybrid","1","0","0","0","0","0","0","165120","512","0","0","2026-08-12T09:10:45Z","121298721","1763332","4221.686541","60.384631"
logit_checksum,prompt,c930f979f7f0aed4,nonfinite=0
logit_checksum,decode,0c8e93b3ecced1c6,nonfinite=0
logit_checksum,decode,319a6a234bb9ed88,nonfinite=0
logit_checksum,decode,1e95777bddcc71d5,nonfinite=0
logit_checksum,decode,fc3ff68058ffd54e,nonfinite=0
logit_checksum,decode,92560214e2ee8afd,nonfinite=0
"b820cc8","1","Intel(R) Core(TM) Ultra 5 230F","NVIDIA GeForce RTX 5090","CUDA","/home/wici/voice-lab/models/gguf/gemma-4-31B-it-Q4_0.gguf","gemma4 31B Q4_0","17322412272","30697345596","512","512","8","0x0","0","50","f16","f16","-1","0","layer","0","0","1","auto","0.00","^blk[.][0-9]+[.](attn_(k|v|q|output)|ffn_(down|gate|up))[.]weight$=CUDA_Hybrid","1","0","0","0","0","0","0","165120","0","64","0","2026-08-12T09:10:45Z","1406172388","1628938","45.513672","0.052700"
logit_checksum,decode,ea317c3ff2b17152,nonfinite=0
result status=ok pp=4221.686541 tg=45.513672 peak=30766.000MiB
case scheme=intertidal_dma phase=dense ws=31.0GiB ctx=165120 control=pp:6.2
remote command: env -u LD_PRELOAD GGML_CUDA_HYBRID_MODE=staging GGML_CUDA_HYBRID_PAGE_BUDGET=512 LD_LIBRARY_PATH=/dev/shm/intertidal-capacity.mEP47j:/home/wici/llama.cpp/build-cuda/bin:/usr/local/cuda/lib64 LLAMA_BENCH_LOGIT_CHECKSUM=1 /home/wici/llama.cpp/build-cuda/bin/llama-bench -m /home/wici/voice-lab/models/gguf/gemma-4-31B-it-Q4_0.gguf -p 512 -n 64 -r 5 -t 8 -b 512 -ub 512 -fa on -ctk f16 -ctv f16 -mmp 1 -o csv --ctx-size 165120 -ot '^blk[.][0-9]+[.](attn_(k|v|q|output)|ffn_(down|gate|up))[.]weight$=CUDA_Hybrid'
ggml_cuda_init: found 1 CUDA devices (Total VRAM: 32109 MiB):
  Device 0: NVIDIA GeForce RTX 5090, compute capability 12.0, VMM: yes, VRAM: 32109 MiB
hybrid_vmm,mode=staging,selection=global_budget,requested_pages=512,requested_bytes=1073741824,requested_mib=1024.000,gross_pages=512,gross_bytes=1073741824,gross_mib=1024.000,staging_bytes=37748736,staging_mib=36.000,net_bytes=1035993088,net_mib=988.000,eligible_pages=7470,selected_tensors=410,layers=60,buffer_bytes=16524435968,local_physical_bytes=15451815936,page_bytes=2097152,buffer_mib=15758.930,remote_mib=1024.000,local_physical_mib=14736.000,net_saved_mib=988.000,page_mib=2.000
logit_checksum,prompt,2417196da4492390,nonfinite=0
logit_checksum,prompt,0453392d6142afd3,nonfinite=0
logit_checksum,prompt,8c39d6d410e92623,nonfinite=0
logit_checksum,prompt,ce38b3f3a7a05142,nonfinite=0
logit_checksum,prompt,556c3b871bf91e81,nonfinite=0
build_commit,build_number,cpu_info,gpu_info,backends,model_filename,model_type,model_size,model_n_params,n_batch,n_ubatch,n_threads,cpu_mask,cpu_strict,poll,type_k,type_v,n_gpu_layers,n_cpu_moe,split_mode,main_gpu,no_kv_offload,flash_attn,devices,tensor_split,tensor_buft_overrides,use_mmap,use_direct_io,embeddings,no_op_offload,no_host,fit_target,fit_min_ctx,n_ctx,n_prompt,n_gen,n_depth,test_time,avg_ns,stddev_ns,avg_ts,stddev_ts
logit_checksum,prompt,c930f979f7f0aed4,nonfinite=0
"b820cc8","1","Intel(R) Core(TM) Ultra 5 230F","NVIDIA GeForce RTX 5090","CUDA","/home/wici/voice-lab/models/gguf/gemma-4-31B-it-Q4_0.gguf","gemma4 31B Q4_0","17322412272","30697345596","512","512","8","0x0","0","50","f16","f16","-1","0","layer","0","0","1","auto","0.00","^blk[.][0-9]+[.](attn_(k|v|q|output)|ffn_(down|gate|up))[.]weight$=CUDA_Hybrid","1","0","0","0","0","0","0","165120","512","0","0","2026-08-12T09:10:55Z","121340376","1838369","4220.297518","62.891843"
logit_checksum,decode,0c8e93b3ecced1c6,nonfinite=0
logit_checksum,decode,319a6a234bb9ed88,nonfinite=0
logit_checksum,decode,1e95777bddcc71d5,nonfinite=0
logit_checksum,decode,fc3ff68058ffd54e,nonfinite=0
logit_checksum,decode,92560214e2ee8afd,nonfinite=0
"b820cc8","1","Intel(R) Core(TM) Ultra 5 230F","NVIDIA GeForce RTX 5090","CUDA","/home/wici/voice-lab/models/gguf/gemma-4-31B-it-Q4_0.gguf","gemma4 31B Q4_0","17322412272","30697345596","512","512","8","0x0","0","50","f16","f16","-1","0","layer","0","0","1","auto","0.00","^blk[.][0-9]+[.](attn_(k|v|q|output)|ffn_(down|gate|up))[.]weight$=CUDA_Hybrid","1","0","0","0","0","0","0","165120","0","64","0","2026-08-12T09:10:56Z","1426834609","3895085","44.854800","0.122199"
logit_checksum,decode,ea317c3ff2b17152,nonfinite=0
result status=ok pp=4220.297518 tg=44.854800 peak=30750.000MiB
case scheme=intertidal_dma phase=dense ws=31.0GiB ctx=165120 control=pp:6.3
remote command: env -u LD_PRELOAD GGML_CUDA_HYBRID_MODE=staging GGML_CUDA_HYBRID_PAGE_BUDGET=520 LD_LIBRARY_PATH=/dev/shm/intertidal-capacity.mEP47j:/home/wici/llama.cpp/build-cuda/bin:/usr/local/cuda/lib64 LLAMA_BENCH_LOGIT_CHECKSUM=1 /home/wici/llama.cpp/build-cuda/bin/llama-bench -m /home/wici/voice-lab/models/gguf/gemma-4-31B-it-Q4_0.gguf -p 512 -n 64 -r 5 -t 8 -b 512 -ub 512 -fa on -ctk f16 -ctv f16 -mmp 1 -o csv --ctx-size 165120 -ot '^blk[.][0-9]+[.](attn_(k|v|q|output)|ffn_(down|gate|up))[.]weight$=CUDA_Hybrid'
ggml_cuda_init: found 1 CUDA devices (Total VRAM: 32109 MiB):
  Device 0: NVIDIA GeForce RTX 5090, compute capability 12.0, VMM: yes, VRAM: 32109 MiB
hybrid_vmm,mode=staging,selection=global_budget,requested_pages=520,requested_bytes=1090519040,requested_mib=1040.000,gross_pages=520,gross_bytes=1090519040,gross_mib=1040.000,staging_bytes=37748736,staging_mib=36.000,net_bytes=1052770304,net_mib=1004.000,eligible_pages=7470,selected_tensors=410,layers=60,buffer_bytes=16524435968,local_physical_bytes=15435038720,page_bytes=2097152,buffer_mib=15758.930,remote_mib=1040.000,local_physical_mib=14720.000,net_saved_mib=1004.000,page_mib=2.000
logit_checksum,prompt,2417196da4492390,nonfinite=0
logit_checksum,prompt,0453392d6142afd3,nonfinite=0
logit_checksum,prompt,8c39d6d410e92623,nonfinite=0
logit_checksum,prompt,ce38b3f3a7a05142,nonfinite=0
logit_checksum,prompt,556c3b871bf91e81,nonfinite=0
build_commit,build_number,cpu_info,gpu_info,backends,model_filename,model_type,model_size,model_n_params,n_batch,n_ubatch,n_threads,cpu_mask,cpu_strict,poll,type_k,type_v,n_gpu_layers,n_cpu_moe,split_mode,main_gpu,no_kv_offload,flash_attn,devices,tensor_split,tensor_buft_overrides,use_mmap,use_direct_io,embeddings,no_op_offload,no_host,fit_target,fit_min_ctx,n_ctx,n_prompt,n_gen,n_depth,test_time,avg_ns,stddev_ns,avg_ts,stddev_ts
"b820cc8","1","Intel(R) Core(TM) Ultra 5 230F","NVIDIA GeForce RTX 5090","CUDA","/home/wici/voice-lab/models/gguf/gemma-4-31B-it-Q4_0.gguf","gemma4 31B Q4_0","17322412272","30697345596","512","512","8","0x0","0","50","f16","f16","-1","0","layer","0","0","1","auto","0.00","^blk[.][0-9]+[.](attn_(k|v|q|output)|ffn_(down|gate|up))[.]weight$=CUDA_Hybrid","1","0","0","0","0","0","0","165120","512","0","0","2026-08-12T09:11:07Z","121256767","1762564","4223.146606","60.359254"
logit_checksum,prompt,c930f979f7f0aed4,nonfinite=0
logit_checksum,decode,0c8e93b3ecced1c6,nonfinite=0
logit_checksum,decode,319a6a234bb9ed88,nonfinite=0
logit_checksum,decode,1e95777bddcc71d5,nonfinite=0
logit_checksum,decode,fc3ff68058ffd54e,nonfinite=0
logit_checksum,decode,92560214e2ee8afd,nonfinite=0
"b820cc8","1","Intel(R) Core(TM) Ultra 5 230F","NVIDIA GeForce RTX 5090","CUDA","/home/wici/voice-lab/models/gguf/gemma-4-31B-it-Q4_0.gguf","gemma4 31B Q4_0","17322412272","30697345596","512","512","8","0x0","0","50","f16","f16","-1","0","layer","0","0","1","auto","0.00","^blk[.][0-9]+[.](attn_(k|v|q|output)|ffn_(down|gate|up))[.]weight$=CUDA_Hybrid","1","0","0","0","0","0","0","165120","0","64","0","2026-08-12T09:11:07Z","1448471358","2634747","44.184629","0.080331"
logit_checksum,decode,ea317c3ff2b17152,nonfinite=0
result status=ok pp=4223.146606 tg=44.184629 peak=30734.000MiB
case scheme=intertidal_dma phase=dense ws=31.0GiB ctx=165120 control=pp:6.4
remote command: env -u LD_PRELOAD GGML_CUDA_HYBRID_MODE=staging GGML_CUDA_HYBRID_PAGE_BUDGET=529 LD_LIBRARY_PATH=/dev/shm/intertidal-capacity.mEP47j:/home/wici/llama.cpp/build-cuda/bin:/usr/local/cuda/lib64 LLAMA_BENCH_LOGIT_CHECKSUM=1 /home/wici/llama.cpp/build-cuda/bin/llama-bench -m /home/wici/voice-lab/models/gguf/gemma-4-31B-it-Q4_0.gguf -p 512 -n 64 -r 5 -t 8 -b 512 -ub 512 -fa on -ctk f16 -ctv f16 -mmp 1 -o csv --ctx-size 165120 -ot '^blk[.][0-9]+[.](attn_(k|v|q|output)|ffn_(down|gate|up))[.]weight$=CUDA_Hybrid'
ggml_cuda_init: found 1 CUDA devices (Total VRAM: 32109 MiB):
  Device 0: NVIDIA GeForce RTX 5090, compute capability 12.0, VMM: yes, VRAM: 32109 MiB
hybrid_vmm,mode=staging,selection=global_budget,requested_pages=529,requested_bytes=1109393408,requested_mib=1058.000,gross_pages=529,gross_bytes=1109393408,gross_mib=1058.000,staging_bytes=37748736,staging_mib=36.000,net_bytes=1071644672,net_mib=1022.000,eligible_pages=7470,selected_tensors=410,layers=60,buffer_bytes=16524435968,local_physical_bytes=15416164352,page_bytes=2097152,buffer_mib=15758.930,remote_mib=1058.000,local_physical_mib=14702.000,net_saved_mib=1022.000,page_mib=2.000
logit_checksum,prompt,2417196da4492390,nonfinite=0
logit_checksum,prompt,0453392d6142afd3,nonfinite=0
logit_checksum,prompt,8c39d6d410e92623,nonfinite=0
logit_checksum,prompt,ce38b3f3a7a05142,nonfinite=0
logit_checksum,prompt,556c3b871bf91e81,nonfinite=0
build_commit,build_number,cpu_info,gpu_info,backends,model_filename,model_type,model_size,model_n_params,n_batch,n_ubatch,n_threads,cpu_mask,cpu_strict,poll,type_k,type_v,n_gpu_layers,n_cpu_moe,split_mode,main_gpu,no_kv_offload,flash_attn,devices,tensor_split,tensor_buft_overrides,use_mmap,use_direct_io,embeddings,no_op_offload,no_host,fit_target,fit_min_ctx,n_ctx,n_prompt,n_gen,n_depth,test_time,avg_ns,stddev_ns,avg_ts,stddev_ts
logit_checksum,prompt,c930f979f7f0aed4,nonfinite=0
"b820cc8","1","Intel(R) Core(TM) Ultra 5 230F","NVIDIA GeForce RTX 5090","CUDA","/home/wici/voice-lab/models/gguf/gemma-4-31B-it-Q4_0.gguf","gemma4 31B Q4_0","17322412272","30697345596","512","512","8","0x0","0","50","f16","f16","-1","0","layer","0","0","1","auto","0.00","^blk[.][0-9]+[.](attn_(k|v|q|output)|ffn_(down|gate|up))[.]weight$=CUDA_Hybrid","1","0","0","0","0","0","0","165120","512","0","0","2026-08-12T09:11:19Z","121195831","1642790","4225.179035","56.375890"
logit_checksum,decode,0c8e93b3ecced1c6,nonfinite=0
logit_checksum,decode,319a6a234bb9ed88,nonfinite=0
logit_checksum,decode,1e95777bddcc71d5,nonfinite=0
logit_checksum,decode,fc3ff68058ffd54e,nonfinite=0
logit_checksum,decode,92560214e2ee8afd,nonfinite=0
"b820cc8","1","Intel(R) Core(TM) Ultra 5 230F","NVIDIA GeForce RTX 5090","CUDA","/home/wici/voice-lab/models/gguf/gemma-4-31B-it-Q4_0.gguf","gemma4 31B Q4_0","17322412272","30697345596","512","512","8","0x0","0","50","f16","f16","-1","0","layer","0","0","1","auto","0.00","^blk[.][0-9]+[.](attn_(k|v|q|output)|ffn_(down|gate|up))[.]weight$=CUDA_Hybrid","1","0","0","0","0","0","0","165120","0","64","0","2026-08-12T09:11:20Z","1472054205","1355788","43.476689","0.039999"
logit_checksum,decode,ea317c3ff2b17152,nonfinite=0
result status=ok pp=4225.179035 tg=43.476689 peak=30716.000MiB
case scheme=intertidal_dma phase=dense ws=31.0GiB ctx=165120 control=pp:6.5
remote command: env -u LD_PRELOAD GGML_CUDA_HYBRID_MODE=staging GGML_CUDA_HYBRID_PAGE_BUDGET=537 LD_LIBRARY_PATH=/dev/shm/intertidal-capacity.mEP47j:/home/wici/llama.cpp/build-cuda/bin:/usr/local/cuda/lib64 LLAMA_BENCH_LOGIT_CHECKSUM=1 /home/wici/llama.cpp/build-cuda/bin/llama-bench -m /home/wici/voice-lab/models/gguf/gemma-4-31B-it-Q4_0.gguf -p 512 -n 64 -r 5 -t 8 -b 512 -ub 512 -fa on -ctk f16 -ctv f16 -mmp 1 -o csv --ctx-size 165120 -ot '^blk[.][0-9]+[.](attn_(k|v|q|output)|ffn_(down|gate|up))[.]weight$=CUDA_Hybrid'
ggml_cuda_init: found 1 CUDA devices (Total VRAM: 32109 MiB):
  Device 0: NVIDIA GeForce RTX 5090, compute capability 12.0, VMM: yes, VRAM: 32109 MiB
hybrid_vmm,mode=staging,selection=global_budget,requested_pages=537,requested_bytes=1126170624,requested_mib=1074.000,gross_pages=537,gross_bytes=1126170624,gross_mib=1074.000,staging_bytes=41943040,staging_mib=40.000,net_bytes=1084227584,net_mib=1034.000,eligible_pages=7470,selected_tensors=410,layers=60,buffer_bytes=16524435968,local_physical_bytes=15399387136,page_bytes=2097152,buffer_mib=15758.930,remote_mib=1074.000,local_physical_mib=14686.000,net_saved_mib=1034.000,page_mib=2.000
logit_checksum,prompt,2417196da4492390,nonfinite=0
logit_checksum,prompt,0453392d6142afd3,nonfinite=0
logit_checksum,prompt,8c39d6d410e92623,nonfinite=0
logit_checksum,prompt,ce38b3f3a7a05142,nonfinite=0
logit_checksum,prompt,556c3b871bf91e81,nonfinite=0
logit_checksum,prompt,c930f979f7f0aed4,nonfinite=0
build_commit,build_number,cpu_info,gpu_info,backends,model_filename,model_type,model_size,model_n_params,n_batch,n_ubatch,n_threads,cpu_mask,cpu_strict,poll,type_k,type_v,n_gpu_layers,n_cpu_moe,split_mode,main_gpu,no_kv_offload,flash_attn,devices,tensor_split,tensor_buft_overrides,use_mmap,use_direct_io,embeddings,no_op_offload,no_host,fit_target,fit_min_ctx,n_ctx,n_prompt,n_gen,n_depth,test_time,avg_ns,stddev_ns,avg_ts,stddev_ts
"b820cc8","1","Intel(R) Core(TM) Ultra 5 230F","NVIDIA GeForce RTX 5090","CUDA","/home/wici/voice-lab/models/gguf/gemma-4-31B-it-Q4_0.gguf","gemma4 31B Q4_0","17322412272","30697345596","512","512","8","0x0","0","50","f16","f16","-1","0","layer","0","0","1","auto","0.00","^blk[.][0-9]+[.](attn_(k|v|q|output)|ffn_(down|gate|up))[.]weight$=CUDA_Hybrid","1","0","0","0","0","0","0","165120","512","0","0","2026-08-12T09:11:30Z","121185218","1714575","4225.602981","58.775488"
logit_checksum,decode,0c8e93b3ecced1c6,nonfinite=0
logit_checksum,decode,319a6a234bb9ed88,nonfinite=0
logit_checksum,decode,1e95777bddcc71d5,nonfinite=0
logit_checksum,decode,fc3ff68058ffd54e,nonfinite=0
logit_checksum,decode,92560214e2ee8afd,nonfinite=0
"b820cc8","1","Intel(R) Core(TM) Ultra 5 230F","NVIDIA GeForce RTX 5090","CUDA","/home/wici/voice-lab/models/gguf/gemma-4-31B-it-Q4_0.gguf","gemma4 31B Q4_0","17322412272","30697345596","512","512","8","0x0","0","50","f16","f16","-1","0","layer","0","0","1","auto","0.00","^blk[.][0-9]+[.](attn_(k|v|q|output)|ffn_(down|gate|up))[.]weight$=CUDA_Hybrid","1","0","0","0","0","0","0","165120","0","64","0","2026-08-12T09:11:31Z","1491941791","3277950","42.897281","0.094190"
logit_checksum,decode,ea317c3ff2b17152,nonfinite=0
result status=ok pp=4225.602981 tg=42.897281 peak=30704.000MiB
case scheme=intertidal_dma phase=dense ws=31.0GiB ctx=165120 control=pp:6.6
remote command: env -u LD_PRELOAD GGML_CUDA_HYBRID_MODE=staging GGML_CUDA_HYBRID_PAGE_BUDGET=545 LD_LIBRARY_PATH=/dev/shm/intertidal-capacity.mEP47j:/home/wici/llama.cpp/build-cuda/bin:/usr/local/cuda/lib64 LLAMA_BENCH_LOGIT_CHECKSUM=1 /home/wici/llama.cpp/build-cuda/bin/llama-bench -m /home/wici/voice-lab/models/gguf/gemma-4-31B-it-Q4_0.gguf -p 512 -n 64 -r 5 -t 8 -b 512 -ub 512 -fa on -ctk f16 -ctv f16 -mmp 1 -o csv --ctx-size 165120 -ot '^blk[.][0-9]+[.](attn_(k|v|q|output)|ffn_(down|gate|up))[.]weight$=CUDA_Hybrid'
ggml_cuda_init: found 1 CUDA devices (Total VRAM: 32109 MiB):
  Device 0: NVIDIA GeForce RTX 5090, compute capability 12.0, VMM: yes, VRAM: 32109 MiB
hybrid_vmm,mode=staging,selection=global_budget,requested_pages=545,requested_bytes=1142947840,requested_mib=1090.000,gross_pages=545,gross_bytes=1142947840,gross_mib=1090.000,staging_bytes=41943040,staging_mib=40.000,net_bytes=1101004800,net_mib=1050.000,eligible_pages=7470,selected_tensors=410,layers=60,buffer_bytes=16524435968,local_physical_bytes=15382609920,page_bytes=2097152,buffer_mib=15758.930,remote_mib=1090.000,local_physical_mib=14670.000,net_saved_mib=1050.000,page_mib=2.000
logit_checksum,prompt,2417196da4492390,nonfinite=0
logit_checksum,prompt,0453392d6142afd3,nonfinite=0
logit_checksum,prompt,8c39d6d410e92623,nonfinite=0
logit_checksum,prompt,ce38b3f3a7a05142,nonfinite=0
logit_checksum,prompt,556c3b871bf91e81,nonfinite=0
logit_checksum,prompt,c930f979f7f0aed4,nonfinite=0
build_commit,build_number,cpu_info,gpu_info,backends,model_filename,model_type,model_size,model_n_params,n_batch,n_ubatch,n_threads,cpu_mask,cpu_strict,poll,type_k,type_v,n_gpu_layers,n_cpu_moe,split_mode,main_gpu,no_kv_offload,flash_attn,devices,tensor_split,tensor_buft_overrides,use_mmap,use_direct_io,embeddings,no_op_offload,no_host,fit_target,fit_min_ctx,n_ctx,n_prompt,n_gen,n_depth,test_time,avg_ns,stddev_ns,avg_ts,stddev_ts
"b820cc8","1","Intel(R) Core(TM) Ultra 5 230F","NVIDIA GeForce RTX 5090","CUDA","/home/wici/voice-lab/models/gguf/gemma-4-31B-it-Q4_0.gguf","gemma4 31B Q4_0","17322412272","30697345596","512","512","8","0x0","0","50","f16","f16","-1","0","layer","0","0","1","auto","0.00","^blk[.][0-9]+[.](attn_(k|v|q|output)|ffn_(down|gate|up))[.]weight$=CUDA_Hybrid","1","0","0","0","0","0","0","165120","512","0","0","2026-08-12T09:11:42Z","121223182","2075104","4224.586037","70.943731"
logit_checksum,decode,0c8e93b3ecced1c6,nonfinite=0
logit_checksum,decode,319a6a234bb9ed88,nonfinite=0
logit_checksum,decode,1e95777bddcc71d5,nonfinite=0
logit_checksum,decode,fc3ff68058ffd54e,nonfinite=0
logit_checksum,decode,92560214e2ee8afd,nonfinite=0
"b820cc8","1","Intel(R) Core(TM) Ultra 5 230F","NVIDIA GeForce RTX 5090","CUDA","/home/wici/voice-lab/models/gguf/gemma-4-31B-it-Q4_0.gguf","gemma4 31B Q4_0","17322412272","30697345596","512","512","8","0x0","0","50","f16","f16","-1","0","layer","0","0","1","auto","0.00","^blk[.][0-9]+[.](attn_(k|v|q|output)|ffn_(down|gate|up))[.]weight$=CUDA_Hybrid","1","0","0","0","0","0","0","165120","0","64","0","2026-08-12T09:11:42Z","1515273265","3444607","42.236781","0.096026"
logit_checksum,decode,ea317c3ff2b17152,nonfinite=0
result status=ok pp=4224.586037 tg=42.236781 peak=30688.000MiB
case scheme=intertidal_dma phase=dense ws=31.0GiB ctx=165120 control=pp:6.7
remote command: env -u LD_PRELOAD GGML_CUDA_HYBRID_MODE=staging GGML_CUDA_HYBRID_PAGE_BUDGET=553 LD_LIBRARY_PATH=/dev/shm/intertidal-capacity.mEP47j:/home/wici/llama.cpp/build-cuda/bin:/usr/local/cuda/lib64 LLAMA_BENCH_LOGIT_CHECKSUM=1 /home/wici/llama.cpp/build-cuda/bin/llama-bench -m /home/wici/voice-lab/models/gguf/gemma-4-31B-it-Q4_0.gguf -p 512 -n 64 -r 5 -t 8 -b 512 -ub 512 -fa on -ctk f16 -ctv f16 -mmp 1 -o csv --ctx-size 165120 -ot '^blk[.][0-9]+[.](attn_(k|v|q|output)|ffn_(down|gate|up))[.]weight$=CUDA_Hybrid'
ggml_cuda_init: found 1 CUDA devices (Total VRAM: 32109 MiB):
  Device 0: NVIDIA GeForce RTX 5090, compute capability 12.0, VMM: yes, VRAM: 32109 MiB
hybrid_vmm,mode=staging,selection=global_budget,requested_pages=553,requested_bytes=1159725056,requested_mib=1106.000,gross_pages=553,gross_bytes=1159725056,gross_mib=1106.000,staging_bytes=41943040,staging_mib=40.000,net_bytes=1117782016,net_mib=1066.000,eligible_pages=7470,selected_tensors=410,layers=60,buffer_bytes=16524435968,local_physical_bytes=15365832704,page_bytes=2097152,buffer_mib=15758.930,remote_mib=1106.000,local_physical_mib=14654.000,net_saved_mib=1066.000,page_mib=2.000
logit_checksum,prompt,2417196da4492390,nonfinite=0
logit_checksum,prompt,0453392d6142afd3,nonfinite=0
logit_checksum,prompt,8c39d6d410e92623,nonfinite=0
logit_checksum,prompt,ce38b3f3a7a05142,nonfinite=0
logit_checksum,prompt,556c3b871bf91e81,nonfinite=0
build_commit,build_number,cpu_info,gpu_info,backends,model_filename,model_type,model_size,model_n_params,n_batch,n_ubatch,n_threads,cpu_mask,cpu_strict,poll,type_k,type_v,n_gpu_layers,n_cpu_moe,split_mode,main_gpu,no_kv_offload,flash_attn,devices,tensor_split,tensor_buft_overrides,use_mmap,use_direct_io,embeddings,no_op_offload,no_host,fit_target,fit_min_ctx,n_ctx,n_prompt,n_gen,n_depth,test_time,avg_ns,stddev_ns,avg_ts,stddev_ts
logit_checksum,prompt,c930f979f7f0aed4,nonfinite=0
"b820cc8","1","Intel(R) Core(TM) Ultra 5 230F","NVIDIA GeForce RTX 5090","CUDA","/home/wici/voice-lab/models/gguf/gemma-4-31B-it-Q4_0.gguf","gemma4 31B Q4_0","17322412272","30697345596","512","512","8","0x0","0","50","f16","f16","-1","0","layer","0","0","1","auto","0.00","^blk[.][0-9]+[.](attn_(k|v|q|output)|ffn_(down|gate|up))[.]weight$=CUDA_Hybrid","1","0","0","0","0","0","0","165120","512","0","0","2026-08-12T09:11:53Z","121272244","1796757","4222.635772","61.583964"
logit_checksum,decode,0c8e93b3ecced1c6,nonfinite=0
logit_checksum,decode,319a6a234bb9ed88,nonfinite=0
logit_checksum,decode,1e95777bddcc71d5,nonfinite=0
logit_checksum,decode,fc3ff68058ffd54e,nonfinite=0
logit_checksum,decode,92560214e2ee8afd,nonfinite=0
logit_checksum,decode,ea317c3ff2b17152,nonfinite=0
"b820cc8","1","Intel(R) Core(TM) Ultra 5 230F","NVIDIA GeForce RTX 5090","CUDA","/home/wici/voice-lab/models/gguf/gemma-4-31B-it-Q4_0.gguf","gemma4 31B Q4_0","17322412272","30697345596","512","512","8","0x0","0","50","f16","f16","-1","0","layer","0","0","1","auto","0.00","^blk[.][0-9]+[.](attn_(k|v|q|output)|ffn_(down|gate|up))[.]weight$=CUDA_Hybrid","1","0","0","0","0","0","0","165120","0","64","0","2026-08-12T09:11:54Z","1533812684","3633098","41.726273","0.098764"
result status=ok pp=4222.635772 tg=41.726273 peak=30672.000MiB
case scheme=intertidal_dma phase=dense ws=31.0GiB ctx=165120 control=pp:6.8
remote command: env -u LD_PRELOAD GGML_CUDA_HYBRID_MODE=staging GGML_CUDA_HYBRID_PAGE_BUDGET=562 LD_LIBRARY_PATH=/dev/shm/intertidal-capacity.mEP47j:/home/wici/llama.cpp/build-cuda/bin:/usr/local/cuda/lib64 LLAMA_BENCH_LOGIT_CHECKSUM=1 /home/wici/llama.cpp/build-cuda/bin/llama-bench -m /home/wici/voice-lab/models/gguf/gemma-4-31B-it-Q4_0.gguf -p 512 -n 64 -r 5 -t 8 -b 512 -ub 512 -fa on -ctk f16 -ctv f16 -mmp 1 -o csv --ctx-size 165120 -ot '^blk[.][0-9]+[.](attn_(k|v|q|output)|ffn_(down|gate|up))[.]weight$=CUDA_Hybrid'
ggml_cuda_init: found 1 CUDA devices (Total VRAM: 32109 MiB):
  Device 0: NVIDIA GeForce RTX 5090, compute capability 12.0, VMM: yes, VRAM: 32109 MiB
hybrid_vmm,mode=staging,selection=global_budget,requested_pages=562,requested_bytes=1178599424,requested_mib=1124.000,gross_pages=562,gross_bytes=1178599424,gross_mib=1124.000,staging_bytes=41943040,staging_mib=40.000,net_bytes=1136656384,net_mib=1084.000,eligible_pages=7470,selected_tensors=410,layers=60,buffer_bytes=16524435968,local_physical_bytes=15346958336,page_bytes=2097152,buffer_mib=15758.930,remote_mib=1124.000,local_physical_mib=14636.000,net_saved_mib=1084.000,page_mib=2.000
logit_checksum,prompt,2417196da4492390,nonfinite=0
logit_checksum,prompt,0453392d6142afd3,nonfinite=0
logit_checksum,prompt,8c39d6d410e92623,nonfinite=0
logit_checksum,prompt,ce38b3f3a7a05142,nonfinite=0
logit_checksum,prompt,556c3b871bf91e81,nonfinite=0
build_commit,build_number,cpu_info,gpu_info,backends,model_filename,model_type,model_size,model_n_params,n_batch,n_ubatch,n_threads,cpu_mask,cpu_strict,poll,type_k,type_v,n_gpu_layers,n_cpu_moe,split_mode,main_gpu,no_kv_offload,flash_attn,devices,tensor_split,tensor_buft_overrides,use_mmap,use_direct_io,embeddings,no_op_offload,no_host,fit_target,fit_min_ctx,n_ctx,n_prompt,n_gen,n_depth,test_time,avg_ns,stddev_ns,avg_ts,stddev_ts
"b820cc8","1","Intel(R) Core(TM) Ultra 5 230F","NVIDIA GeForce RTX 5090","CUDA","/home/wici/voice-lab/models/gguf/gemma-4-31B-it-Q4_0.gguf","gemma4 31B Q4_0","17322412272","30697345596","512","512","8","0x0","0","50","f16","f16","-1","0","layer","0","0","1","auto","0.00","^blk[.][0-9]+[.](attn_(k|v|q|output)|ffn_(down|gate|up))[.]weight$=CUDA_Hybrid","1","0","0","0","0","0","0","165120","512","0","0","2026-08-12T09:12:05Z","121225591","1758398","4224.230515","60.318111"
logit_checksum,prompt,c930f979f7f0aed4,nonfinite=0
logit_checksum,decode,0c8e93b3ecced1c6,nonfinite=0
logit_checksum,decode,319a6a234bb9ed88,nonfinite=0
logit_checksum,decode,1e95777bddcc71d5,nonfinite=0
logit_checksum,decode,fc3ff68058ffd54e,nonfinite=0
logit_checksum,decode,92560214e2ee8afd,nonfinite=0
logit_checksum,decode,ea317c3ff2b17152,nonfinite=0
"b820cc8","1","Intel(R) Core(TM) Ultra 5 230F","NVIDIA GeForce RTX 5090","CUDA","/home/wici/voice-lab/models/gguf/gemma-4-31B-it-Q4_0.gguf","gemma4 31B Q4_0","17322412272","30697345596","512","512","8","0x0","0","50","f16","f16","-1","0","layer","0","0","1","auto","0.00","^blk[.][0-9]+[.](attn_(k|v|q|output)|ffn_(down|gate|up))[.]weight$=CUDA_Hybrid","1","0","0","0","0","0","0","165120","0","64","0","2026-08-12T09:12:06Z","1559579431","3308090","41.036852","0.086831"
result status=ok pp=4224.230515 tg=41.036852 peak=30654.000MiB
case scheme=intertidal_dma phase=dense ws=31.0GiB ctx=165120 control=pp:6.9
remote command: env -u LD_PRELOAD GGML_CUDA_HYBRID_MODE=staging GGML_CUDA_HYBRID_PAGE_BUDGET=570 LD_LIBRARY_PATH=/dev/shm/intertidal-capacity.mEP47j:/home/wici/llama.cpp/build-cuda/bin:/usr/local/cuda/lib64 LLAMA_BENCH_LOGIT_CHECKSUM=1 /home/wici/llama.cpp/build-cuda/bin/llama-bench -m /home/wici/voice-lab/models/gguf/gemma-4-31B-it-Q4_0.gguf -p 512 -n 64 -r 5 -t 8 -b 512 -ub 512 -fa on -ctk f16 -ctv f16 -mmp 1 -o csv --ctx-size 165120 -ot '^blk[.][0-9]+[.](attn_(k|v|q|output)|ffn_(down|gate|up))[.]weight$=CUDA_Hybrid'
ggml_cuda_init: found 1 CUDA devices (Total VRAM: 32109 MiB):
  Device 0: NVIDIA GeForce RTX 5090, compute capability 12.0, VMM: yes, VRAM: 32109 MiB
hybrid_vmm,mode=staging,selection=global_budget,requested_pages=570,requested_bytes=1195376640,requested_mib=1140.000,gross_pages=570,gross_bytes=1195376640,gross_mib=1140.000,staging_bytes=41943040,staging_mib=40.000,net_bytes=1153433600,net_mib=1100.000,eligible_pages=7470,selected_tensors=410,layers=60,buffer_bytes=16524435968,local_physical_bytes=15330181120,page_bytes=2097152,buffer_mib=15758.930,remote_mib=1140.000,local_physical_mib=14620.000,net_saved_mib=1100.000,page_mib=2.000
logit_checksum,prompt,2417196da4492390,nonfinite=0
logit_checksum,prompt,0453392d6142afd3,nonfinite=0
logit_checksum,prompt,8c39d6d410e92623,nonfinite=0
logit_checksum,prompt,ce38b3f3a7a05142,nonfinite=0
logit_checksum,prompt,556c3b871bf91e81,nonfinite=0
build_commit,build_number,cpu_info,gpu_info,backends,model_filename,model_type,model_size,model_n_params,n_batch,n_ubatch,n_threads,cpu_mask,cpu_strict,poll,type_k,type_v,n_gpu_layers,n_cpu_moe,split_mode,main_gpu,no_kv_offload,flash_attn,devices,tensor_split,tensor_buft_overrides,use_mmap,use_direct_io,embeddings,no_op_offload,no_host,fit_target,fit_min_ctx,n_ctx,n_prompt,n_gen,n_depth,test_time,avg_ns,stddev_ns,avg_ts,stddev_ts
logit_checksum,prompt,c930f979f7f0aed4,nonfinite=0
"b820cc8","1","Intel(R) Core(TM) Ultra 5 230F","NVIDIA GeForce RTX 5090","CUDA","/home/wici/voice-lab/models/gguf/gemma-4-31B-it-Q4_0.gguf","gemma4 31B Q4_0","17322412272","30697345596","512","512","8","0x0","0","50","f16","f16","-1","0","layer","0","0","1","auto","0.00","^blk[.][0-9]+[.](attn_(k|v|q|output)|ffn_(down|gate|up))[.]weight$=CUDA_Hybrid","1","0","0","0","0","0","0","165120","512","0","0","2026-08-12T09:12:17Z","121209017","1746904","4224.799392","59.952238"
logit_checksum,decode,0c8e93b3ecced1c6,nonfinite=0
logit_checksum,decode,319a6a234bb9ed88,nonfinite=0
logit_checksum,decode,1e95777bddcc71d5,nonfinite=0
logit_checksum,decode,fc3ff68058ffd54e,nonfinite=0
logit_checksum,decode,92560214e2ee8afd,nonfinite=0
logit_checksum,decode,ea317c3ff2b17152,nonfinite=0
"b820cc8","1","Intel(R) Core(TM) Ultra 5 230F","NVIDIA GeForce RTX 5090","CUDA","/home/wici/voice-lab/models/gguf/gemma-4-31B-it-Q4_0.gguf","gemma4 31B Q4_0","17322412272","30697345596","512","512","8","0x0","0","50","f16","f16","-1","0","layer","0","0","1","auto","0.00","^blk[.][0-9]+[.](attn_(k|v|q|output)|ffn_(down|gate|up))[.]weight$=CUDA_Hybrid","1","0","0","0","0","0","0","165120","0","64","0","2026-08-12T09:12:17Z","1580847624","2714892","40.484706","0.069581"
result status=ok pp=4224.799392 tg=40.484706 peak=30638.000MiB
skip intertidal_dma ws=31.0 control=pp:7 status=ok
case scheme=intertidal_dma phase=dense ws=31.0GiB ctx=165120 control=pp:7.1
remote command: env -u LD_PRELOAD GGML_CUDA_HYBRID_MODE=staging GGML_CUDA_HYBRID_PAGE_BUDGET=586 LD_LIBRARY_PATH=/dev/shm/intertidal-capacity.mEP47j:/home/wici/llama.cpp/build-cuda/bin:/usr/local/cuda/lib64 LLAMA_BENCH_LOGIT_CHECKSUM=1 /home/wici/llama.cpp/build-cuda/bin/llama-bench -m /home/wici/voice-lab/models/gguf/gemma-4-31B-it-Q4_0.gguf -p 512 -n 64 -r 5 -t 8 -b 512 -ub 512 -fa on -ctk f16 -ctv f16 -mmp 1 -o csv --ctx-size 165120 -ot '^blk[.][0-9]+[.](attn_(k|v|q|output)|ffn_(down|gate|up))[.]weight$=CUDA_Hybrid'
ggml_cuda_init: found 1 CUDA devices (Total VRAM: 32109 MiB):
  Device 0: NVIDIA GeForce RTX 5090, compute capability 12.0, VMM: yes, VRAM: 32109 MiB
hybrid_vmm,mode=staging,selection=global_budget,requested_pages=586,requested_bytes=1228931072,requested_mib=1172.000,gross_pages=586,gross_bytes=1228931072,gross_mib=1172.000,staging_bytes=41943040,staging_mib=40.000,net_bytes=1186988032,net_mib=1132.000,eligible_pages=7470,selected_tensors=410,layers=60,buffer_bytes=16524435968,local_physical_bytes=15296626688,page_bytes=2097152,buffer_mib=15758.930,remote_mib=1172.000,local_physical_mib=14588.000,net_saved_mib=1132.000,page_mib=2.000
logit_checksum,prompt,2417196da4492390,nonfinite=0
logit_checksum,prompt,0453392d6142afd3,nonfinite=0
logit_checksum,prompt,8c39d6d410e92623,nonfinite=0
logit_checksum,prompt,ce38b3f3a7a05142,nonfinite=0
logit_checksum,prompt,556c3b871bf91e81,nonfinite=0
build_commit,build_number,cpu_info,gpu_info,backends,model_filename,model_type,model_size,model_n_params,n_batch,n_ubatch,n_threads,cpu_mask,cpu_strict,poll,type_k,type_v,n_gpu_layers,n_cpu_moe,split_mode,main_gpu,no_kv_offload,flash_attn,devices,tensor_split,tensor_buft_overrides,use_mmap,use_direct_io,embeddings,no_op_offload,no_host,fit_target,fit_min_ctx,n_ctx,n_prompt,n_gen,n_depth,test_time,avg_ns,stddev_ns,avg_ts,stddev_ts
"b820cc8","1","Intel(R) Core(TM) Ultra 5 230F","NVIDIA GeForce RTX 5090","CUDA","/home/wici/voice-lab/models/gguf/gemma-4-31B-it-Q4_0.gguf","gemma4 31B Q4_0","17322412272","30697345596","512","512","8","0x0","0","50","f16","f16","-1","0","layer","0","0","1","auto","0.00","^blk[.][0-9]+[.](attn_(k|v|q|output)|ffn_(down|gate|up))[.]weight$=CUDA_Hybrid","1","0","0","0","0","0","0","165120","512","0","0","2026-08-12T09:12:28Z","121277439","1824627","4222.477122","62.488876"
logit_checksum,prompt,c930f979f7f0aed4,nonfinite=0
logit_checksum,decode,0c8e93b3ecced1c6,nonfinite=0
logit_checksum,decode,319a6a234bb9ed88,nonfinite=0
logit_checksum,decode,1e95777bddcc71d5,nonfinite=0
logit_checksum,decode,fc3ff68058ffd54e,nonfinite=0
logit_checksum,decode,92560214e2ee8afd,nonfinite=0
"b820cc8","1","Intel(R) Core(TM) Ultra 5 230F","NVIDIA GeForce RTX 5090","CUDA","/home/wici/voice-lab/models/gguf/gemma-4-31B-it-Q4_0.gguf","gemma4 31B Q4_0","17322412272","30697345596","512","512","8","0x0","0","50","f16","f16","-1","0","layer","0","0","1","auto","0.00","^blk[.][0-9]+[.](attn_(k|v|q|output)|ffn_(down|gate|up))[.]weight$=CUDA_Hybrid","1","0","0","0","0","0","0","165120","0","64","0","2026-08-12T09:12:29Z","1625855440","2168995","39.363949","0.052543"
logit_checksum,decode,ea317c3ff2b17152,nonfinite=0
result status=ok pp=4222.477122 tg=39.363949 peak=30606.000MiB
case scheme=intertidal_dma phase=dense ws=31.0GiB ctx=165120 control=pp:7.2
remote command: env -u LD_PRELOAD GGML_CUDA_HYBRID_MODE=staging GGML_CUDA_HYBRID_PAGE_BUDGET=595 LD_LIBRARY_PATH=/dev/shm/intertidal-capacity.mEP47j:/home/wici/llama.cpp/build-cuda/bin:/usr/local/cuda/lib64 LLAMA_BENCH_LOGIT_CHECKSUM=1 /home/wici/llama.cpp/build-cuda/bin/llama-bench -m /home/wici/voice-lab/models/gguf/gemma-4-31B-it-Q4_0.gguf -p 512 -n 64 -r 5 -t 8 -b 512 -ub 512 -fa on -ctk f16 -ctv f16 -mmp 1 -o csv --ctx-size 165120 -ot '^blk[.][0-9]+[.](attn_(k|v|q|output)|ffn_(down|gate|up))[.]weight$=CUDA_Hybrid'
ggml_cuda_init: found 1 CUDA devices (Total VRAM: 32109 MiB):
  Device 0: NVIDIA GeForce RTX 5090, compute capability 12.0, VMM: yes, VRAM: 32109 MiB
hybrid_vmm,mode=staging,selection=global_budget,requested_pages=595,requested_bytes=1247805440,requested_mib=1190.000,gross_pages=595,gross_bytes=1247805440,gross_mib=1190.000,staging_bytes=46137344,staging_mib=44.000,net_bytes=1201668096,net_mib=1146.000,eligible_pages=7470,selected_tensors=410,layers=60,buffer_bytes=16524435968,local_physical_bytes=15277752320,page_bytes=2097152,buffer_mib=15758.930,remote_mib=1190.000,local_physical_mib=14570.000,net_saved_mib=1146.000,page_mib=2.000
logit_checksum,prompt,2417196da4492390,nonfinite=0
logit_checksum,prompt,0453392d6142afd3,nonfinite=0
logit_checksum,prompt,8c39d6d410e92623,nonfinite=0
logit_checksum,prompt,ce38b3f3a7a05142,nonfinite=0
logit_checksum,prompt,556c3b871bf91e81,nonfinite=0
build_commit,build_number,cpu_info,gpu_info,backends,model_filename,model_type,model_size,model_n_params,n_batch,n_ubatch,n_threads,cpu_mask,cpu_strict,poll,type_k,type_v,n_gpu_layers,n_cpu_moe,split_mode,main_gpu,no_kv_offload,flash_attn,devices,tensor_split,tensor_buft_overrides,use_mmap,use_direct_io,embeddings,no_op_offload,no_host,fit_target,fit_min_ctx,n_ctx,n_prompt,n_gen,n_depth,test_time,avg_ns,stddev_ns,avg_ts,stddev_ts
"b820cc8","1","Intel(R) Core(TM) Ultra 5 230F","NVIDIA GeForce RTX 5090","CUDA","/home/wici/voice-lab/models/gguf/gemma-4-31B-it-Q4_0.gguf","gemma4 31B Q4_0","17322412272","30697345596","512","512","8","0x0","0","50","f16","f16","-1","0","layer","0","0","1","auto","0.00","^blk[.][0-9]+[.](attn_(k|v|q|output)|ffn_(down|gate|up))[.]weight$=CUDA_Hybrid","1","0","0","0","0","0","0","165120","512","0","0","2026-08-12T09:12:41Z","121233674","1808375","4223.988522","61.969085"
logit_checksum,prompt,c930f979f7f0aed4,nonfinite=0
logit_checksum,decode,0c8e93b3ecced1c6,nonfinite=0
logit_checksum,decode,319a6a234bb9ed88,nonfinite=0
logit_checksum,decode,1e95777bddcc71d5,nonfinite=0
logit_checksum,decode,fc3ff68058ffd54e,nonfinite=0
logit_checksum,decode,92560214e2ee8afd,nonfinite=0
"b820cc8","1","Intel(R) Core(TM) Ultra 5 230F","NVIDIA GeForce RTX 5090","CUDA","/home/wici/voice-lab/models/gguf/gemma-4-31B-it-Q4_0.gguf","gemma4 31B Q4_0","17322412272","30697345596","512","512","8","0x0","0","50","f16","f16","-1","0","layer","0","0","1","auto","0.00","^blk[.][0-9]+[.](attn_(k|v|q|output)|ffn_(down|gate|up))[.]weight$=CUDA_Hybrid","1","0","0","0","0","0","0","165120","0","64","0","2026-08-12T09:12:41Z","1648569340","1400813","38.821562","0.032982"
logit_checksum,decode,ea317c3ff2b17152,nonfinite=0
result status=ok pp=4223.988522 tg=38.821562 peak=30592.000MiB
case scheme=intertidal_dma phase=dense ws=31.0GiB ctx=165120 control=pp:7.3
remote command: env -u LD_PRELOAD GGML_CUDA_HYBRID_MODE=staging GGML_CUDA_HYBRID_PAGE_BUDGET=603 LD_LIBRARY_PATH=/dev/shm/intertidal-capacity.mEP47j:/home/wici/llama.cpp/build-cuda/bin:/usr/local/cuda/lib64 LLAMA_BENCH_LOGIT_CHECKSUM=1 /home/wici/llama.cpp/build-cuda/bin/llama-bench -m /home/wici/voice-lab/models/gguf/gemma-4-31B-it-Q4_0.gguf -p 512 -n 64 -r 5 -t 8 -b 512 -ub 512 -fa on -ctk f16 -ctv f16 -mmp 1 -o csv --ctx-size 165120 -ot '^blk[.][0-9]+[.](attn_(k|v|q|output)|ffn_(down|gate|up))[.]weight$=CUDA_Hybrid'
ggml_cuda_init: found 1 CUDA devices (Total VRAM: 32109 MiB):
  Device 0: NVIDIA GeForce RTX 5090, compute capability 12.0, VMM: yes, VRAM: 32109 MiB
hybrid_vmm,mode=staging,selection=global_budget,requested_pages=603,requested_bytes=1264582656,requested_mib=1206.000,gross_pages=603,gross_bytes=1264582656,gross_mib=1206.000,staging_bytes=46137344,staging_mib=44.000,net_bytes=1218445312,net_mib=1162.000,eligible_pages=7470,selected_tensors=410,layers=60,buffer_bytes=16524435968,local_physical_bytes=15260975104,page_bytes=2097152,buffer_mib=15758.930,remote_mib=1206.000,local_physical_mib=14554.000,net_saved_mib=1162.000,page_mib=2.000
logit_checksum,prompt,2417196da4492390,nonfinite=0
logit_checksum,prompt,0453392d6142afd3,nonfinite=0
logit_checksum,prompt,8c39d6d410e92623,nonfinite=0
logit_checksum,prompt,ce38b3f3a7a05142,nonfinite=0
logit_checksum,prompt,556c3b871bf91e81,nonfinite=0
logit_checksum,prompt,c930f979f7f0aed4,nonfinite=0
build_commit,build_number,cpu_info,gpu_info,backends,model_filename,model_type,model_size,model_n_params,n_batch,n_ubatch,n_threads,cpu_mask,cpu_strict,poll,type_k,type_v,n_gpu_layers,n_cpu_moe,split_mode,main_gpu,no_kv_offload,flash_attn,devices,tensor_split,tensor_buft_overrides,use_mmap,use_direct_io,embeddings,no_op_offload,no_host,fit_target,fit_min_ctx,n_ctx,n_prompt,n_gen,n_depth,test_time,avg_ns,stddev_ns,avg_ts,stddev_ts
"b820cc8","1","Intel(R) Core(TM) Ultra 5 230F","NVIDIA GeForce RTX 5090","CUDA","/home/wici/voice-lab/models/gguf/gemma-4-31B-it-Q4_0.gguf","gemma4 31B Q4_0","17322412272","30697345596","512","512","8","0x0","0","50","f16","f16","-1","0","layer","0","0","1","auto","0.00","^blk[.][0-9]+[.](attn_(k|v|q|output)|ffn_(down|gate|up))[.]weight$=CUDA_Hybrid","1","0","0","0","0","0","0","165120","512","0","0","2026-08-12T09:12:53Z","121155666","1777863","4226.684422","61.007625"
logit_checksum,decode,0c8e93b3ecced1c6,nonfinite=0
logit_checksum,decode,319a6a234bb9ed88,nonfinite=0
logit_checksum,decode,1e95777bddcc71d5,nonfinite=0
logit_checksum,decode,fc3ff68058ffd54e,nonfinite=0
logit_checksum,decode,92560214e2ee8afd,nonfinite=0
"b820cc8","1","Intel(R) Core(TM) Ultra 5 230F","NVIDIA GeForce RTX 5090","CUDA","/home/wici/voice-lab/models/gguf/gemma-4-31B-it-Q4_0.gguf","gemma4 31B Q4_0","17322412272","30697345596","512","512","8","0x0","0","50","f16","f16","-1","0","layer","0","0","1","auto","0.00","^blk[.][0-9]+[.](attn_(k|v|q|output)|ffn_(down|gate|up))[.]weight$=CUDA_Hybrid","1","0","0","0","0","0","0","165120","0","64","0","2026-08-12T09:12:54Z","1668413570","1706757","38.359826","0.039208"
logit_checksum,decode,ea317c3ff2b17152,nonfinite=0
result status=ok pp=4226.684422 tg=38.359826 peak=30576.000MiB
case scheme=intertidal_dma phase=dense ws=31.0GiB ctx=165120 control=pp:7.4
remote command: env -u LD_PRELOAD GGML_CUDA_HYBRID_MODE=staging GGML_CUDA_HYBRID_PAGE_BUDGET=611 LD_LIBRARY_PATH=/dev/shm/intertidal-capacity.mEP47j:/home/wici/llama.cpp/build-cuda/bin:/usr/local/cuda/lib64 LLAMA_BENCH_LOGIT_CHECKSUM=1 /home/wici/llama.cpp/build-cuda/bin/llama-bench -m /home/wici/voice-lab/models/gguf/gemma-4-31B-it-Q4_0.gguf -p 512 -n 64 -r 5 -t 8 -b 512 -ub 512 -fa on -ctk f16 -ctv f16 -mmp 1 -o csv --ctx-size 165120 -ot '^blk[.][0-9]+[.](attn_(k|v|q|output)|ffn_(down|gate|up))[.]weight$=CUDA_Hybrid'
ggml_cuda_init: found 1 CUDA devices (Total VRAM: 32109 MiB):
  Device 0: NVIDIA GeForce RTX 5090, compute capability 12.0, VMM: yes, VRAM: 32109 MiB
hybrid_vmm,mode=staging,selection=global_budget,requested_pages=611,requested_bytes=1281359872,requested_mib=1222.000,gross_pages=611,gross_bytes=1281359872,gross_mib=1222.000,staging_bytes=46137344,staging_mib=44.000,net_bytes=1235222528,net_mib=1178.000,eligible_pages=7470,selected_tensors=410,layers=60,buffer_bytes=16524435968,local_physical_bytes=15244197888,page_bytes=2097152,buffer_mib=15758.930,remote_mib=1222.000,local_physical_mib=14538.000,net_saved_mib=1178.000,page_mib=2.000
logit_checksum,prompt,2417196da4492390,nonfinite=0
logit_checksum,prompt,0453392d6142afd3,nonfinite=0
build_commit,build_number,cpu_info,gpu_info,backends,model_filename,model_type,model_size,model_n_params,n_batch,n_ubatch,n_threads,cpu_mask,cpu_strict,poll,type_k,type_v,n_gpu_layers,n_cpu_moe,split_mode,main_gpu,no_kv_offload,flash_attn,devices,tensor_split,tensor_buft_overrides,use_mmap,use_direct_io,embeddings,no_op_offload,no_host,fit_target,fit_min_ctx,n_ctx,n_prompt,n_gen,n_depth,test_time,avg_ns,stddev_ns,avg_ts,stddev_ts
logit_checksum,prompt,8c39d6d410e92623,nonfinite=0
logit_checksum,prompt,ce38b3f3a7a05142,nonfinite=0
logit_checksum,prompt,556c3b871bf91e81,nonfinite=0
logit_checksum,prompt,c930f979f7f0aed4,nonfinite=0
logit_checksum,decode,0c8e93b3ecced1c6,nonfinite=0
"b820cc8","1","Intel(R) Core(TM) Ultra 5 230F","NVIDIA GeForce RTX 5090","CUDA","/home/wici/voice-lab/models/gguf/gemma-4-31B-it-Q4_0.gguf","gemma4 31B Q4_0","17322412272","30697345596","512","512","8","0x0","0","50","f16","f16","-1","0","layer","0","0","1","auto","0.00","^blk[.][0-9]+[.](attn_(k|v|q|output)|ffn_(down|gate|up))[.]weight$=CUDA_Hybrid","1","0","0","0","0","0","0","165120","512","0","0","2026-08-12T09:13:05Z","121036552","1762929","4230.833560","60.629923"
logit_checksum,decode,319a6a234bb9ed88,nonfinite=0
logit_checksum,decode,1e95777bddcc71d5,nonfinite=0
logit_checksum,decode,fc3ff68058ffd54e,nonfinite=0
logit_checksum,decode,92560214e2ee8afd,nonfinite=0
logit_checksum,decode,ea317c3ff2b17152,nonfinite=0
"b820cc8","1","Intel(R) Core(TM) Ultra 5 230F","NVIDIA GeForce RTX 5090","CUDA","/home/wici/voice-lab/models/gguf/gemma-4-31B-it-Q4_0.gguf","gemma4 31B Q4_0","17322412272","30697345596","512","512","8","0x0","0","50","f16","f16","-1","0","layer","0","0","1","auto","0.00","^blk[.][0-9]+[.](attn_(k|v|q|output)|ffn_(down|gate|up))[.]weight$=CUDA_Hybrid","1","0","0","0","0","0","0","165120","0","64","0","2026-08-12T09:13:06Z","1691333621","2167732","37.840012","0.048446"
result status=ok pp=4230.833560 tg=37.840012 peak=30560.000MiB
case scheme=intertidal_dma phase=dense ws=31.0GiB ctx=165120 control=pp:7.5
remote command: env -u LD_PRELOAD GGML_CUDA_HYBRID_MODE=staging GGML_CUDA_HYBRID_PAGE_BUDGET=619 LD_LIBRARY_PATH=/dev/shm/intertidal-capacity.mEP47j:/home/wici/llama.cpp/build-cuda/bin:/usr/local/cuda/lib64 LLAMA_BENCH_LOGIT_CHECKSUM=1 /home/wici/llama.cpp/build-cuda/bin/llama-bench -m /home/wici/voice-lab/models/gguf/gemma-4-31B-it-Q4_0.gguf -p 512 -n 64 -r 5 -t 8 -b 512 -ub 512 -fa on -ctk f16 -ctv f16 -mmp 1 -o csv --ctx-size 165120 -ot '^blk[.][0-9]+[.](attn_(k|v|q|output)|ffn_(down|gate|up))[.]weight$=CUDA_Hybrid'
ggml_cuda_init: found 1 CUDA devices (Total VRAM: 32109 MiB):
  Device 0: NVIDIA GeForce RTX 5090, compute capability 12.0, VMM: yes, VRAM: 32109 MiB
hybrid_vmm,mode=staging,selection=global_budget,requested_pages=619,requested_bytes=1298137088,requested_mib=1238.000,gross_pages=619,gross_bytes=1298137088,gross_mib=1238.000,staging_bytes=46137344,staging_mib=44.000,net_bytes=1251999744,net_mib=1194.000,eligible_pages=7470,selected_tensors=410,layers=60,buffer_bytes=16524435968,local_physical_bytes=15227420672,page_bytes=2097152,buffer_mib=15758.930,remote_mib=1238.000,local_physical_mib=14522.000,net_saved_mib=1194.000,page_mib=2.000
logit_checksum,prompt,2417196da4492390,nonfinite=0
logit_checksum,prompt,0453392d6142afd3,nonfinite=0
logit_checksum,prompt,8c39d6d410e92623,nonfinite=0
logit_checksum,prompt,ce38b3f3a7a05142,nonfinite=0
logit_checksum,prompt,556c3b871bf91e81,nonfinite=0
build_commit,build_number,cpu_info,gpu_info,backends,model_filename,model_type,model_size,model_n_params,n_batch,n_ubatch,n_threads,cpu_mask,cpu_strict,poll,type_k,type_v,n_gpu_layers,n_cpu_moe,split_mode,main_gpu,no_kv_offload,flash_attn,devices,tensor_split,tensor_buft_overrides,use_mmap,use_direct_io,embeddings,no_op_offload,no_host,fit_target,fit_min_ctx,n_ctx,n_prompt,n_gen,n_depth,test_time,avg_ns,stddev_ns,avg_ts,stddev_ts
"b820cc8","1","Intel(R) Core(TM) Ultra 5 230F","NVIDIA GeForce RTX 5090","CUDA","/home/wici/voice-lab/models/gguf/gemma-4-31B-it-Q4_0.gguf","gemma4 31B Q4_0","17322412272","30697345596","512","512","8","0x0","0","50","f16","f16","-1","0","layer","0","0","1","auto","0.00","^blk[.][0-9]+[.](attn_(k|v|q|output)|ffn_(down|gate|up))[.]weight$=CUDA_Hybrid","1","0","0","0","0","0","0","165120","512","0","0","2026-08-12T09:13:17Z","121288792","1760891","4222.031231","60.392029"
logit_checksum,prompt,c930f979f7f0aed4,nonfinite=0
logit_checksum,decode,0c8e93b3ecced1c6,nonfinite=0
logit_checksum,decode,319a6a234bb9ed88,nonfinite=0
logit_checksum,decode,1e95777bddcc71d5,nonfinite=0
logit_checksum,decode,fc3ff68058ffd54e,nonfinite=0
logit_checksum,decode,92560214e2ee8afd,nonfinite=0
"b820cc8","1","Intel(R) Core(TM) Ultra 5 230F","NVIDIA GeForce RTX 5090","CUDA","/home/wici/voice-lab/models/gguf/gemma-4-31B-it-Q4_0.gguf","gemma4 31B Q4_0","17322412272","30697345596","512","512","8","0x0","0","50","f16","f16","-1","0","layer","0","0","1","auto","0.00","^blk[.][0-9]+[.](attn_(k|v|q|output)|ffn_(down|gate|up))[.]weight$=CUDA_Hybrid","1","0","0","0","0","0","0","165120","0","64","0","2026-08-12T09:13:18Z","1712513954","2089061","37.372003","0.045579"
logit_checksum,decode,ea317c3ff2b17152,nonfinite=0
result status=ok pp=4222.031231 tg=37.372003 peak=30544.000MiB
case scheme=intertidal_dma phase=dense ws=31.0GiB ctx=165120 control=pp:7.6
remote command: env -u LD_PRELOAD GGML_CUDA_HYBRID_MODE=staging GGML_CUDA_HYBRID_PAGE_BUDGET=628 LD_LIBRARY_PATH=/dev/shm/intertidal-capacity.mEP47j:/home/wici/llama.cpp/build-cuda/bin:/usr/local/cuda/lib64 LLAMA_BENCH_LOGIT_CHECKSUM=1 /home/wici/llama.cpp/build-cuda/bin/llama-bench -m /home/wici/voice-lab/models/gguf/gemma-4-31B-it-Q4_0.gguf -p 512 -n 64 -r 5 -t 8 -b 512 -ub 512 -fa on -ctk f16 -ctv f16 -mmp 1 -o csv --ctx-size 165120 -ot '^blk[.][0-9]+[.](attn_(k|v|q|output)|ffn_(down|gate|up))[.]weight$=CUDA_Hybrid'
ggml_cuda_init: found 1 CUDA devices (Total VRAM: 32109 MiB):
  Device 0: NVIDIA GeForce RTX 5090, compute capability 12.0, VMM: yes, VRAM: 32109 MiB
hybrid_vmm,mode=staging,selection=global_budget,requested_pages=628,requested_bytes=1317011456,requested_mib=1256.000,gross_pages=628,gross_bytes=1317011456,gross_mib=1256.000,staging_bytes=46137344,staging_mib=44.000,net_bytes=1270874112,net_mib=1212.000,eligible_pages=7470,selected_tensors=410,layers=60,buffer_bytes=16524435968,local_physical_bytes=15208546304,page_bytes=2097152,buffer_mib=15758.930,remote_mib=1256.000,local_physical_mib=14504.000,net_saved_mib=1212.000,page_mib=2.000
logit_checksum,prompt,2417196da4492390,nonfinite=0
logit_checksum,prompt,0453392d6142afd3,nonfinite=0
logit_checksum,prompt,8c39d6d410e92623,nonfinite=0
logit_checksum,prompt,ce38b3f3a7a05142,nonfinite=0
logit_checksum,prompt,556c3b871bf91e81,nonfinite=0
build_commit,build_number,cpu_info,gpu_info,backends,model_filename,model_type,model_size,model_n_params,n_batch,n_ubatch,n_threads,cpu_mask,cpu_strict,poll,type_k,type_v,n_gpu_layers,n_cpu_moe,split_mode,main_gpu,no_kv_offload,flash_attn,devices,tensor_split,tensor_buft_overrides,use_mmap,use_direct_io,embeddings,no_op_offload,no_host,fit_target,fit_min_ctx,n_ctx,n_prompt,n_gen,n_depth,test_time,avg_ns,stddev_ns,avg_ts,stddev_ts
logit_checksum,prompt,c930f979f7f0aed4,nonfinite=0
"b820cc8","1","Intel(R) Core(TM) Ultra 5 230F","NVIDIA GeForce RTX 5090","CUDA","/home/wici/voice-lab/models/gguf/gemma-4-31B-it-Q4_0.gguf","gemma4 31B Q4_0","17322412272","30697345596","512","512","8","0x0","0","50","f16","f16","-1","0","layer","0","0","1","auto","0.00","^blk[.][0-9]+[.](attn_(k|v|q|output)|ffn_(down|gate|up))[.]weight$=CUDA_Hybrid","1","0","0","0","0","0","0","165120","512","0","0","2026-08-12T09:13:30Z","121095890","1774835","4228.768968","60.956106"
logit_checksum,decode,0c8e93b3ecced1c6,nonfinite=0
logit_checksum,decode,319a6a234bb9ed88,nonfinite=0
logit_checksum,decode,1e95777bddcc71d5,nonfinite=0
logit_checksum,decode,fc3ff68058ffd54e,nonfinite=0
logit_checksum,decode,92560214e2ee8afd,nonfinite=0
"b820cc8","1","Intel(R) Core(TM) Ultra 5 230F","NVIDIA GeForce RTX 5090","CUDA","/home/wici/voice-lab/models/gguf/gemma-4-31B-it-Q4_0.gguf","gemma4 31B Q4_0","17322412272","30697345596","512","512","8","0x0","0","50","f16","f16","-1","0","layer","0","0","1","auto","0.00","^blk[.][0-9]+[.](attn_(k|v|q|output)|ffn_(down|gate|up))[.]weight$=CUDA_Hybrid","1","0","0","0","0","0","0","165120","0","64","0","2026-08-12T09:13:31Z","1735828656","1665645","36.870026","0.035348"
logit_checksum,decode,ea317c3ff2b17152,nonfinite=0
result status=ok pp=4228.768968 tg=36.870026 peak=30526.000MiB
case scheme=intertidal_dma phase=dense ws=31.0GiB ctx=165120 control=pp:7.7
remote command: env -u LD_PRELOAD GGML_CUDA_HYBRID_MODE=staging GGML_CUDA_HYBRID_PAGE_BUDGET=636 LD_LIBRARY_PATH=/dev/shm/intertidal-capacity.mEP47j:/home/wici/llama.cpp/build-cuda/bin:/usr/local/cuda/lib64 LLAMA_BENCH_LOGIT_CHECKSUM=1 /home/wici/llama.cpp/build-cuda/bin/llama-bench -m /home/wici/voice-lab/models/gguf/gemma-4-31B-it-Q4_0.gguf -p 512 -n 64 -r 5 -t 8 -b 512 -ub 512 -fa on -ctk f16 -ctv f16 -mmp 1 -o csv --ctx-size 165120 -ot '^blk[.][0-9]+[.](attn_(k|v|q|output)|ffn_(down|gate|up))[.]weight$=CUDA_Hybrid'
ggml_cuda_init: found 1 CUDA devices (Total VRAM: 32109 MiB):
  Device 0: NVIDIA GeForce RTX 5090, compute capability 12.0, VMM: yes, VRAM: 32109 MiB
hybrid_vmm,mode=staging,selection=global_budget,requested_pages=636,requested_bytes=1333788672,requested_mib=1272.000,gross_pages=636,gross_bytes=1333788672,gross_mib=1272.000,staging_bytes=46137344,staging_mib=44.000,net_bytes=1287651328,net_mib=1228.000,eligible_pages=7470,selected_tensors=410,layers=60,buffer_bytes=16524435968,local_physical_bytes=15191769088,page_bytes=2097152,buffer_mib=15758.930,remote_mib=1272.000,local_physical_mib=14488.000,net_saved_mib=1228.000,page_mib=2.000
logit_checksum,prompt,2417196da4492390,nonfinite=0
logit_checksum,prompt,0453392d6142afd3,nonfinite=0
logit_checksum,prompt,8c39d6d410e92623,nonfinite=0
logit_checksum,prompt,ce38b3f3a7a05142,nonfinite=0
logit_checksum,prompt,556c3b871bf91e81,nonfinite=0
build_commit,build_number,cpu_info,gpu_info,backends,model_filename,model_type,model_size,model_n_params,n_batch,n_ubatch,n_threads,cpu_mask,cpu_strict,poll,type_k,type_v,n_gpu_layers,n_cpu_moe,split_mode,main_gpu,no_kv_offload,flash_attn,devices,tensor_split,tensor_buft_overrides,use_mmap,use_direct_io,embeddings,no_op_offload,no_host,fit_target,fit_min_ctx,n_ctx,n_prompt,n_gen,n_depth,test_time,avg_ns,stddev_ns,avg_ts,stddev_ts
logit_checksum,prompt,c930f979f7f0aed4,nonfinite=0
"b820cc8","1","Intel(R) Core(TM) Ultra 5 230F","NVIDIA GeForce RTX 5090","CUDA","/home/wici/voice-lab/models/gguf/gemma-4-31B-it-Q4_0.gguf","gemma4 31B Q4_0","17322412272","30697345596","512","512","8","0x0","0","50","f16","f16","-1","0","layer","0","0","1","auto","0.00","^blk[.][0-9]+[.](attn_(k|v|q|output)|ffn_(down|gate|up))[.]weight$=CUDA_Hybrid","1","0","0","0","0","0","0","165120","512","0","0","2026-08-12T09:13:43Z","121199328","1639146","4225.054182","56.227692"
logit_checksum,decode,0c8e93b3ecced1c6,nonfinite=0
logit_checksum,decode,319a6a234bb9ed88,nonfinite=0
logit_checksum,decode,1e95777bddcc71d5,nonfinite=0
logit_checksum,decode,fc3ff68058ffd54e,nonfinite=0
logit_checksum,decode,92560214e2ee8afd,nonfinite=0
"b820cc8","1","Intel(R) Core(TM) Ultra 5 230F","NVIDIA GeForce RTX 5090","CUDA","/home/wici/voice-lab/models/gguf/gemma-4-31B-it-Q4_0.gguf","gemma4 31B Q4_0","17322412272","30697345596","512","512","8","0x0","0","50","f16","f16","-1","0","layer","0","0","1","auto","0.00","^blk[.][0-9]+[.](attn_(k|v|q|output)|ffn_(down|gate|up))[.]weight$=CUDA_Hybrid","1","0","0","0","0","0","0","165120","0","64","0","2026-08-12T09:13:43Z","1759028500","1535341","36.383742","0.031759"
logit_checksum,decode,ea317c3ff2b17152,nonfinite=0
result status=ok pp=4225.054182 tg=36.383742 peak=30510.000MiB
case scheme=intertidal_dma phase=dense ws=31.0GiB ctx=165120 control=pp:7.8
remote command: env -u LD_PRELOAD GGML_CUDA_HYBRID_MODE=staging GGML_CUDA_HYBRID_PAGE_BUDGET=644 LD_LIBRARY_PATH=/dev/shm/intertidal-capacity.mEP47j:/home/wici/llama.cpp/build-cuda/bin:/usr/local/cuda/lib64 LLAMA_BENCH_LOGIT_CHECKSUM=1 /home/wici/llama.cpp/build-cuda/bin/llama-bench -m /home/wici/voice-lab/models/gguf/gemma-4-31B-it-Q4_0.gguf -p 512 -n 64 -r 5 -t 8 -b 512 -ub 512 -fa on -ctk f16 -ctv f16 -mmp 1 -o csv --ctx-size 165120 -ot '^blk[.][0-9]+[.](attn_(k|v|q|output)|ffn_(down|gate|up))[.]weight$=CUDA_Hybrid'
ggml_cuda_init: found 1 CUDA devices (Total VRAM: 32109 MiB):
  Device 0: NVIDIA GeForce RTX 5090, compute capability 12.0, VMM: yes, VRAM: 32109 MiB
hybrid_vmm,mode=staging,selection=global_budget,requested_pages=644,requested_bytes=1350565888,requested_mib=1288.000,gross_pages=644,gross_bytes=1350565888,gross_mib=1288.000,staging_bytes=46137344,staging_mib=44.000,net_bytes=1304428544,net_mib=1244.000,eligible_pages=7470,selected_tensors=410,layers=60,buffer_bytes=16524435968,local_physical_bytes=15174991872,page_bytes=2097152,buffer_mib=15758.930,remote_mib=1288.000,local_physical_mib=14472.000,net_saved_mib=1244.000,page_mib=2.000
logit_checksum,prompt,2417196da4492390,nonfinite=0
logit_checksum,prompt,0453392d6142afd3,nonfinite=0
logit_checksum,prompt,8c39d6d410e92623,nonfinite=0
logit_checksum,prompt,ce38b3f3a7a05142,nonfinite=0
logit_checksum,prompt,556c3b871bf91e81,nonfinite=0
logit_checksum,prompt,c930f979f7f0aed4,nonfinite=0
build_commit,build_number,cpu_info,gpu_info,backends,model_filename,model_type,model_size,model_n_params,n_batch,n_ubatch,n_threads,cpu_mask,cpu_strict,poll,type_k,type_v,n_gpu_layers,n_cpu_moe,split_mode,main_gpu,no_kv_offload,flash_attn,devices,tensor_split,tensor_buft_overrides,use_mmap,use_direct_io,embeddings,no_op_offload,no_host,fit_target,fit_min_ctx,n_ctx,n_prompt,n_gen,n_depth,test_time,avg_ns,stddev_ns,avg_ts,stddev_ts
"b820cc8","1","Intel(R) Core(TM) Ultra 5 230F","NVIDIA GeForce RTX 5090","CUDA","/home/wici/voice-lab/models/gguf/gemma-4-31B-it-Q4_0.gguf","gemma4 31B Q4_0","17322412272","30697345596","512","512","8","0x0","0","50","f16","f16","-1","0","layer","0","0","1","auto","0.00","^blk[.][0-9]+[.](attn_(k|v|q|output)|ffn_(down|gate|up))[.]weight$=CUDA_Hybrid","1","0","0","0","0","0","0","165120","512","0","0","2026-08-12T09:13:55Z","121079158","1731369","4229.319086","59.487730"
logit_checksum,decode,0c8e93b3ecced1c6,nonfinite=0
logit_checksum,decode,319a6a234bb9ed88,nonfinite=0
logit_checksum,decode,1e95777bddcc71d5,nonfinite=0
logit_checksum,decode,fc3ff68058ffd54e,nonfinite=0
logit_checksum,decode,92560214e2ee8afd,nonfinite=0
"b820cc8","1","Intel(R) Core(TM) Ultra 5 230F","NVIDIA GeForce RTX 5090","CUDA","/home/wici/voice-lab/models/gguf/gemma-4-31B-it-Q4_0.gguf","gemma4 31B Q4_0","17322412272","30697345596","512","512","8","0x0","0","50","f16","f16","-1","0","layer","0","0","1","auto","0.00","^blk[.][0-9]+[.](attn_(k|v|q|output)|ffn_(down|gate|up))[.]weight$=CUDA_Hybrid","1","0","0","0","0","0","0","165120","0","64","0","2026-08-12T09:13:56Z","1781704785","2618625","35.920715","0.052823"
logit_checksum,decode,ea317c3ff2b17152,nonfinite=0
result status=ok pp=4229.319086 tg=35.920715 peak=30494.000MiB
case scheme=intertidal_dma phase=dense ws=31.0GiB ctx=165120 control=pp:7.9
remote command: env -u LD_PRELOAD GGML_CUDA_HYBRID_MODE=staging GGML_CUDA_HYBRID_PAGE_BUDGET=653 LD_LIBRARY_PATH=/dev/shm/intertidal-capacity.mEP47j:/home/wici/llama.cpp/build-cuda/bin:/usr/local/cuda/lib64 LLAMA_BENCH_LOGIT_CHECKSUM=1 /home/wici/llama.cpp/build-cuda/bin/llama-bench -m /home/wici/voice-lab/models/gguf/gemma-4-31B-it-Q4_0.gguf -p 512 -n 64 -r 5 -t 8 -b 512 -ub 512 -fa on -ctk f16 -ctv f16 -mmp 1 -o csv --ctx-size 165120 -ot '^blk[.][0-9]+[.](attn_(k|v|q|output)|ffn_(down|gate|up))[.]weight$=CUDA_Hybrid'
ggml_cuda_init: found 1 CUDA devices (Total VRAM: 32109 MiB):
  Device 0: NVIDIA GeForce RTX 5090, compute capability 12.0, VMM: yes, VRAM: 32109 MiB
hybrid_vmm,mode=staging,selection=global_budget,requested_pages=653,requested_bytes=1369440256,requested_mib=1306.000,gross_pages=653,gross_bytes=1369440256,gross_mib=1306.000,staging_bytes=50331648,staging_mib=48.000,net_bytes=1319108608,net_mib=1258.000,eligible_pages=7470,selected_tensors=410,layers=60,buffer_bytes=16524435968,local_physical_bytes=15156117504,page_bytes=2097152,buffer_mib=15758.930,remote_mib=1306.000,local_physical_mib=14454.000,net_saved_mib=1258.000,page_mib=2.000
logit_checksum,prompt,2417196da4492390,nonfinite=0
logit_checksum,prompt,0453392d6142afd3,nonfinite=0
logit_checksum,prompt,8c39d6d410e92623,nonfinite=0
logit_checksum,prompt,ce38b3f3a7a05142,nonfinite=0
build_commit,build_number,cpu_info,gpu_info,backends,model_filename,model_type,model_size,model_n_params,n_batch,n_ubatch,n_threads,cpu_mask,cpu_strict,poll,type_k,type_v,n_gpu_layers,n_cpu_moe,split_mode,main_gpu,no_kv_offload,flash_attn,devices,tensor_split,tensor_buft_overrides,use_mmap,use_direct_io,embeddings,no_op_offload,no_host,fit_target,fit_min_ctx,n_ctx,n_prompt,n_gen,n_depth,test_time,avg_ns,stddev_ns,avg_ts,stddev_ts
logit_checksum,prompt,556c3b871bf91e81,nonfinite=0
"b820cc8","1","Intel(R) Core(TM) Ultra 5 230F","NVIDIA GeForce RTX 5090","CUDA","/home/wici/voice-lab/models/gguf/gemma-4-31B-it-Q4_0.gguf","gemma4 31B Q4_0","17322412272","30697345596","512","512","8","0x0","0","50","f16","f16","-1","0","layer","0","0","1","auto","0.00","^blk[.][0-9]+[.](attn_(k|v|q|output)|ffn_(down|gate|up))[.]weight$=CUDA_Hybrid","1","0","0","0","0","0","0","165120","512","0","0","2026-08-12T09:14:08Z","121137929","1852469","4227.364217","63.534192"
logit_checksum,prompt,c930f979f7f0aed4,nonfinite=0
logit_checksum,decode,0c8e93b3ecced1c6,nonfinite=0
logit_checksum,decode,319a6a234bb9ed88,nonfinite=0
logit_checksum,decode,1e95777bddcc71d5,nonfinite=0
logit_checksum,decode,fc3ff68058ffd54e,nonfinite=0
logit_checksum,decode,92560214e2ee8afd,nonfinite=0
"b820cc8","1","Intel(R) Core(TM) Ultra 5 230F","NVIDIA GeForce RTX 5090","CUDA","/home/wici/voice-lab/models/gguf/gemma-4-31B-it-Q4_0.gguf","gemma4 31B Q4_0","17322412272","30697345596","512","512","8","0x0","0","50","f16","f16","-1","0","layer","0","0","1","auto","0.00","^blk[.][0-9]+[.](attn_(k|v|q|output)|ffn_(down|gate|up))[.]weight$=CUDA_Hybrid","1","0","0","0","0","0","0","165120","0","64","0","2026-08-12T09:14:09Z","1802112832","1514632","35.513890","0.029834"
logit_checksum,decode,ea317c3ff2b17152,nonfinite=0
result status=ok pp=4227.364217 tg=35.513890 peak=30480.000MiB
skip intertidal_dma ws=31.0 control=pp:8 status=ok
case scheme=intertidal_dma phase=dense ws=31.0GiB ctx=165120 control=pp:8.1
remote command: env -u LD_PRELOAD GGML_CUDA_HYBRID_MODE=staging GGML_CUDA_HYBRID_PAGE_BUDGET=669 LD_LIBRARY_PATH=/dev/shm/intertidal-capacity.mEP47j:/home/wici/llama.cpp/build-cuda/bin:/usr/local/cuda/lib64 LLAMA_BENCH_LOGIT_CHECKSUM=1 /home/wici/llama.cpp/build-cuda/bin/llama-bench -m /home/wici/voice-lab/models/gguf/gemma-4-31B-it-Q4_0.gguf -p 512 -n 64 -r 5 -t 8 -b 512 -ub 512 -fa on -ctk f16 -ctv f16 -mmp 1 -o csv --ctx-size 165120 -ot '^blk[.][0-9]+[.](attn_(k|v|q|output)|ffn_(down|gate|up))[.]weight$=CUDA_Hybrid'
ggml_cuda_init: found 1 CUDA devices (Total VRAM: 32109 MiB):
  Device 0: NVIDIA GeForce RTX 5090, compute capability 12.0, VMM: yes, VRAM: 32109 MiB
hybrid_vmm,mode=staging,selection=global_budget,requested_pages=669,requested_bytes=1402994688,requested_mib=1338.000,gross_pages=669,gross_bytes=1402994688,gross_mib=1338.000,staging_bytes=50331648,staging_mib=48.000,net_bytes=1352663040,net_mib=1290.000,eligible_pages=7470,selected_tensors=410,layers=60,buffer_bytes=16524435968,local_physical_bytes=15122563072,page_bytes=2097152,buffer_mib=15758.930,remote_mib=1338.000,local_physical_mib=14422.000,net_saved_mib=1290.000,page_mib=2.000
logit_checksum,prompt,2417196da4492390,nonfinite=0
logit_checksum,prompt,0453392d6142afd3,nonfinite=0
logit_checksum,prompt,8c39d6d410e92623,nonfinite=0
logit_checksum,prompt,ce38b3f3a7a05142,nonfinite=0
logit_checksum,prompt,556c3b871bf91e81,nonfinite=0
logit_checksum,prompt,c930f979f7f0aed4,nonfinite=0
build_commit,build_number,cpu_info,gpu_info,backends,model_filename,model_type,model_size,model_n_params,n_batch,n_ubatch,n_threads,cpu_mask,cpu_strict,poll,type_k,type_v,n_gpu_layers,n_cpu_moe,split_mode,main_gpu,no_kv_offload,flash_attn,devices,tensor_split,tensor_buft_overrides,use_mmap,use_direct_io,embeddings,no_op_offload,no_host,fit_target,fit_min_ctx,n_ctx,n_prompt,n_gen,n_depth,test_time,avg_ns,stddev_ns,avg_ts,stddev_ts
"b820cc8","1","Intel(R) Core(TM) Ultra 5 230F","NVIDIA GeForce RTX 5090","CUDA","/home/wici/voice-lab/models/gguf/gemma-4-31B-it-Q4_0.gguf","gemma4 31B Q4_0","17322412272","30697345596","512","512","8","0x0","0","50","f16","f16","-1","0","layer","0","0","1","auto","0.00","^blk[.][0-9]+[.](attn_(k|v|q|output)|ffn_(down|gate|up))[.]weight$=CUDA_Hybrid","1","0","0","0","0","0","0","165120","512","0","0","2026-08-12T09:14:21Z","121157270","1715456","4226.578951","58.856334"
logit_checksum,decode,0c8e93b3ecced1c6,nonfinite=0
logit_checksum,decode,319a6a234bb9ed88,nonfinite=0
logit_checksum,decode,1e95777bddcc71d5,nonfinite=0
logit_checksum,decode,fc3ff68058ffd54e,nonfinite=0
logit_checksum,decode,92560214e2ee8afd,nonfinite=0
"b820cc8","1","Intel(R) Core(TM) Ultra 5 230F","NVIDIA GeForce RTX 5090","CUDA","/home/wici/voice-lab/models/gguf/gemma-4-31B-it-Q4_0.gguf","gemma4 31B Q4_0","17322412272","30697345596","512","512","8","0x0","0","50","f16","f16","-1","0","layer","0","0","1","auto","0.00","^blk[.][0-9]+[.](attn_(k|v|q|output)|ffn_(down|gate|up))[.]weight$=CUDA_Hybrid","1","0","0","0","0","0","0","165120","0","64","0","2026-08-12T09:14:22Z","1848103052","3071921","34.630180","0.057489"
logit_checksum,decode,ea317c3ff2b17152,nonfinite=0
result status=ok pp=4226.578951 tg=34.630180 peak=30448.000MiB
case scheme=intertidal_dma phase=dense ws=31.0GiB ctx=165120 control=pp:8.2
remote command: env -u LD_PRELOAD GGML_CUDA_HYBRID_MODE=staging GGML_CUDA_HYBRID_PAGE_BUDGET=677 LD_LIBRARY_PATH=/dev/shm/intertidal-capacity.mEP47j:/home/wici/llama.cpp/build-cuda/bin:/usr/local/cuda/lib64 LLAMA_BENCH_LOGIT_CHECKSUM=1 /home/wici/llama.cpp/build-cuda/bin/llama-bench -m /home/wici/voice-lab/models/gguf/gemma-4-31B-it-Q4_0.gguf -p 512 -n 64 -r 5 -t 8 -b 512 -ub 512 -fa on -ctk f16 -ctv f16 -mmp 1 -o csv --ctx-size 165120 -ot '^blk[.][0-9]+[.](attn_(k|v|q|output)|ffn_(down|gate|up))[.]weight$=CUDA_Hybrid'
ggml_cuda_init: found 1 CUDA devices (Total VRAM: 32109 MiB):
  Device 0: NVIDIA GeForce RTX 5090, compute capability 12.0, VMM: yes, VRAM: 32109 MiB
hybrid_vmm,mode=staging,selection=global_budget,requested_pages=677,requested_bytes=1419771904,requested_mib=1354.000,gross_pages=677,gross_bytes=1419771904,gross_mib=1354.000,staging_bytes=50331648,staging_mib=48.000,net_bytes=1369440256,net_mib=1306.000,eligible_pages=7470,selected_tensors=410,layers=60,buffer_bytes=16524435968,local_physical_bytes=15105785856,page_bytes=2097152,buffer_mib=15758.930,remote_mib=1354.000,local_physical_mib=14406.000,net_saved_mib=1306.000,page_mib=2.000
logit_checksum,prompt,2417196da4492390,nonfinite=0
logit_checksum,prompt,0453392d6142afd3,nonfinite=0
logit_checksum,prompt,8c39d6d410e92623,nonfinite=0
logit_checksum,prompt,ce38b3f3a7a05142,nonfinite=0
logit_checksum,prompt,556c3b871bf91e81,nonfinite=0
build_commit,build_number,cpu_info,gpu_info,backends,model_filename,model_type,model_size,model_n_params,n_batch,n_ubatch,n_threads,cpu_mask,cpu_strict,poll,type_k,type_v,n_gpu_layers,n_cpu_moe,split_mode,main_gpu,no_kv_offload,flash_attn,devices,tensor_split,tensor_buft_overrides,use_mmap,use_direct_io,embeddings,no_op_offload,no_host,fit_target,fit_min_ctx,n_ctx,n_prompt,n_gen,n_depth,test_time,avg_ns,stddev_ns,avg_ts,stddev_ts
"b820cc8","1","Intel(R) Core(TM) Ultra 5 230F","NVIDIA GeForce RTX 5090","CUDA","/home/wici/voice-lab/models/gguf/gemma-4-31B-it-Q4_0.gguf","gemma4 31B Q4_0","17322412272","30697345596","512","512","8","0x0","0","50","f16","f16","-1","0","layer","0","0","1","auto","0.00","^blk[.][0-9]+[.](attn_(k|v|q|output)|ffn_(down|gate|up))[.]weight$=CUDA_Hybrid","1","0","0","0","0","0","0","165120","512","0","0","2026-08-12T09:14:35Z","121071709","1744878","4229.590057","59.961650"
logit_checksum,prompt,c930f979f7f0aed4,nonfinite=0
logit_checksum,decode,0c8e93b3ecced1c6,nonfinite=0
logit_checksum,decode,319a6a234bb9ed88,nonfinite=0
logit_checksum,decode,1e95777bddcc71d5,nonfinite=0
logit_checksum,decode,fc3ff68058ffd54e,nonfinite=0
logit_checksum,decode,92560214e2ee8afd,nonfinite=0
logit_checksum,decode,ea317c3ff2b17152,nonfinite=0
"b820cc8","1","Intel(R) Core(TM) Ultra 5 230F","NVIDIA GeForce RTX 5090","CUDA","/home/wici/voice-lab/models/gguf/gemma-4-31B-it-Q4_0.gguf","gemma4 31B Q4_0","17322412272","30697345596","512","512","8","0x0","0","50","f16","f16","-1","0","layer","0","0","1","auto","0.00","^blk[.][0-9]+[.](attn_(k|v|q|output)|ffn_(down|gate|up))[.]weight$=CUDA_Hybrid","1","0","0","0","0","0","0","165120","0","64","0","2026-08-12T09:14:36Z","1868993244","2245143","34.243074","0.041137"
result status=ok pp=4229.590057 tg=34.243074 peak=30432.000MiB
case scheme=intertidal_dma phase=dense ws=31.0GiB ctx=165120 control=pp:8.3
remote command: env -u LD_PRELOAD GGML_CUDA_HYBRID_MODE=staging GGML_CUDA_HYBRID_PAGE_BUDGET=686 LD_LIBRARY_PATH=/dev/shm/intertidal-capacity.mEP47j:/home/wici/llama.cpp/build-cuda/bin:/usr/local/cuda/lib64 LLAMA_BENCH_LOGIT_CHECKSUM=1 /home/wici/llama.cpp/build-cuda/bin/llama-bench -m /home/wici/voice-lab/models/gguf/gemma-4-31B-it-Q4_0.gguf -p 512 -n 64 -r 5 -t 8 -b 512 -ub 512 -fa on -ctk f16 -ctv f16 -mmp 1 -o csv --ctx-size 165120 -ot '^blk[.][0-9]+[.](attn_(k|v|q|output)|ffn_(down|gate|up))[.]weight$=CUDA_Hybrid'
ggml_cuda_init: found 1 CUDA devices (Total VRAM: 32109 MiB):
  Device 0: NVIDIA GeForce RTX 5090, compute capability 12.0, VMM: yes, VRAM: 32109 MiB
hybrid_vmm,mode=staging,selection=global_budget,requested_pages=686,requested_bytes=1438646272,requested_mib=1372.000,gross_pages=686,gross_bytes=1438646272,gross_mib=1372.000,staging_bytes=50331648,staging_mib=48.000,net_bytes=1388314624,net_mib=1324.000,eligible_pages=7470,selected_tensors=410,layers=60,buffer_bytes=16524435968,local_physical_bytes=15086911488,page_bytes=2097152,buffer_mib=15758.930,remote_mib=1372.000,local_physical_mib=14388.000,net_saved_mib=1324.000,page_mib=2.000
logit_checksum,prompt,2417196da4492390,nonfinite=0
logit_checksum,prompt,0453392d6142afd3,nonfinite=0
logit_checksum,prompt,8c39d6d410e92623,nonfinite=0
logit_checksum,prompt,ce38b3f3a7a05142,nonfinite=0
logit_checksum,prompt,556c3b871bf91e81,nonfinite=0
logit_checksum,prompt,c930f979f7f0aed4,nonfinite=0
build_commit,build_number,cpu_info,gpu_info,backends,model_filename,model_type,model_size,model_n_params,n_batch,n_ubatch,n_threads,cpu_mask,cpu_strict,poll,type_k,type_v,n_gpu_layers,n_cpu_moe,split_mode,main_gpu,no_kv_offload,flash_attn,devices,tensor_split,tensor_buft_overrides,use_mmap,use_direct_io,embeddings,no_op_offload,no_host,fit_target,fit_min_ctx,n_ctx,n_prompt,n_gen,n_depth,test_time,avg_ns,stddev_ns,avg_ts,stddev_ts
"b820cc8","1","Intel(R) Core(TM) Ultra 5 230F","NVIDIA GeForce RTX 5090","CUDA","/home/wici/voice-lab/models/gguf/gemma-4-31B-it-Q4_0.gguf","gemma4 31B Q4_0","17322412272","30697345596","512","512","8","0x0","0","50","f16","f16","-1","0","layer","0","0","1","auto","0.00","^blk[.][0-9]+[.](attn_(k|v|q|output)|ffn_(down|gate|up))[.]weight$=CUDA_Hybrid","1","0","0","0","0","0","0","165120","512","0","0","2026-08-12T09:14:48Z","121071549","1798962","4229.640018","61.894344"
logit_checksum,decode,0c8e93b3ecced1c6,nonfinite=0
logit_checksum,decode,319a6a234bb9ed88,nonfinite=0
logit_checksum,decode,1e95777bddcc71d5,nonfinite=0
logit_checksum,decode,fc3ff68058ffd54e,nonfinite=0
logit_checksum,decode,92560214e2ee8afd,nonfinite=0
"b820cc8","1","Intel(R) Core(TM) Ultra 5 230F","NVIDIA GeForce RTX 5090","CUDA","/home/wici/voice-lab/models/gguf/gemma-4-31B-it-Q4_0.gguf","gemma4 31B Q4_0","17322412272","30697345596","512","512","8","0x0","0","50","f16","f16","-1","0","layer","0","0","1","auto","0.00","^blk[.][0-9]+[.](attn_(k|v|q|output)|ffn_(down|gate|up))[.]weight$=CUDA_Hybrid","1","0","0","0","0","0","0","165120","0","64","0","2026-08-12T09:14:49Z","1893776730","3049086","33.794972","0.054308"
logit_checksum,decode,ea317c3ff2b17152,nonfinite=0
result status=ok pp=4229.640018 tg=33.794972 peak=30414.000MiB
case scheme=intertidal_dma phase=dense ws=31.0GiB ctx=165120 control=pp:8.4
remote command: env -u LD_PRELOAD GGML_CUDA_HYBRID_MODE=staging GGML_CUDA_HYBRID_PAGE_BUDGET=694 LD_LIBRARY_PATH=/dev/shm/intertidal-capacity.mEP47j:/home/wici/llama.cpp/build-cuda/bin:/usr/local/cuda/lib64 LLAMA_BENCH_LOGIT_CHECKSUM=1 /home/wici/llama.cpp/build-cuda/bin/llama-bench -m /home/wici/voice-lab/models/gguf/gemma-4-31B-it-Q4_0.gguf -p 512 -n 64 -r 5 -t 8 -b 512 -ub 512 -fa on -ctk f16 -ctv f16 -mmp 1 -o csv --ctx-size 165120 -ot '^blk[.][0-9]+[.](attn_(k|v|q|output)|ffn_(down|gate|up))[.]weight$=CUDA_Hybrid'
ggml_cuda_init: found 1 CUDA devices (Total VRAM: 32109 MiB):
  Device 0: NVIDIA GeForce RTX 5090, compute capability 12.0, VMM: yes, VRAM: 32109 MiB
hybrid_vmm,mode=staging,selection=global_budget,requested_pages=694,requested_bytes=1455423488,requested_mib=1388.000,gross_pages=694,gross_bytes=1455423488,gross_mib=1388.000,staging_bytes=50331648,staging_mib=48.000,net_bytes=1405091840,net_mib=1340.000,eligible_pages=7470,selected_tensors=410,layers=60,buffer_bytes=16524435968,local_physical_bytes=15070134272,page_bytes=2097152,buffer_mib=15758.930,remote_mib=1388.000,local_physical_mib=14372.000,net_saved_mib=1340.000,page_mib=2.000
logit_checksum,prompt,2417196da4492390,nonfinite=0
logit_checksum,prompt,0453392d6142afd3,nonfinite=0
logit_checksum,prompt,8c39d6d410e92623,nonfinite=0
logit_checksum,prompt,ce38b3f3a7a05142,nonfinite=0
logit_checksum,prompt,556c3b871bf91e81,nonfinite=0
logit_checksum,prompt,c930f979f7f0aed4,nonfinite=0
build_commit,build_number,cpu_info,gpu_info,backends,model_filename,model_type,model_size,model_n_params,n_batch,n_ubatch,n_threads,cpu_mask,cpu_strict,poll,type_k,type_v,n_gpu_layers,n_cpu_moe,split_mode,main_gpu,no_kv_offload,flash_attn,devices,tensor_split,tensor_buft_overrides,use_mmap,use_direct_io,embeddings,no_op_offload,no_host,fit_target,fit_min_ctx,n_ctx,n_prompt,n_gen,n_depth,test_time,avg_ns,stddev_ns,avg_ts,stddev_ts
"b820cc8","1","Intel(R) Core(TM) Ultra 5 230F","NVIDIA GeForce RTX 5090","CUDA","/home/wici/voice-lab/models/gguf/gemma-4-31B-it-Q4_0.gguf","gemma4 31B Q4_0","17322412272","30697345596","512","512","8","0x0","0","50","f16","f16","-1","0","layer","0","0","1","auto","0.00","^blk[.][0-9]+[.](attn_(k|v|q|output)|ffn_(down|gate|up))[.]weight$=CUDA_Hybrid","1","0","0","0","0","0","0","165120","512","0","0","2026-08-12T09:15:01Z","121171694","1757151","4226.108954","60.318399"
logit_checksum,decode,0c8e93b3ecced1c6,nonfinite=0
logit_checksum,decode,319a6a234bb9ed88,nonfinite=0
logit_checksum,decode,1e95777bddcc71d5,nonfinite=0
logit_checksum,decode,fc3ff68058ffd54e,nonfinite=0
logit_checksum,decode,92560214e2ee8afd,nonfinite=0
"b820cc8","1","Intel(R) Core(TM) Ultra 5 230F","NVIDIA GeForce RTX 5090","CUDA","/home/wici/voice-lab/models/gguf/gemma-4-31B-it-Q4_0.gguf","gemma4 31B Q4_0","17322412272","30697345596","512","512","8","0x0","0","50","f16","f16","-1","0","layer","0","0","1","auto","0.00","^blk[.][0-9]+[.](attn_(k|v|q|output)|ffn_(down|gate|up))[.]weight$=CUDA_Hybrid","1","0","0","0","0","0","0","165120","0","64","0","2026-08-12T09:15:02Z","1915604227","2892542","33.409885","0.050432"
logit_checksum,decode,ea317c3ff2b17152,nonfinite=0
result status=ok pp=4226.108954 tg=33.409885 peak=30398.000MiB
case scheme=intertidal_dma phase=dense ws=31.0GiB ctx=165120 control=pp:8.5
remote command: env -u LD_PRELOAD GGML_CUDA_HYBRID_MODE=staging GGML_CUDA_HYBRID_PAGE_BUDGET=702 LD_LIBRARY_PATH=/dev/shm/intertidal-capacity.mEP47j:/home/wici/llama.cpp/build-cuda/bin:/usr/local/cuda/lib64 LLAMA_BENCH_LOGIT_CHECKSUM=1 /home/wici/llama.cpp/build-cuda/bin/llama-bench -m /home/wici/voice-lab/models/gguf/gemma-4-31B-it-Q4_0.gguf -p 512 -n 64 -r 5 -t 8 -b 512 -ub 512 -fa on -ctk f16 -ctv f16 -mmp 1 -o csv --ctx-size 165120 -ot '^blk[.][0-9]+[.](attn_(k|v|q|output)|ffn_(down|gate|up))[.]weight$=CUDA_Hybrid'
ggml_cuda_init: found 1 CUDA devices (Total VRAM: 32109 MiB):
  Device 0: NVIDIA GeForce RTX 5090, compute capability 12.0, VMM: yes, VRAM: 32109 MiB
hybrid_vmm,mode=staging,selection=global_budget,requested_pages=702,requested_bytes=1472200704,requested_mib=1404.000,gross_pages=702,gross_bytes=1472200704,gross_mib=1404.000,staging_bytes=50331648,staging_mib=48.000,net_bytes=1421869056,net_mib=1356.000,eligible_pages=7470,selected_tensors=410,layers=60,buffer_bytes=16524435968,local_physical_bytes=15053357056,page_bytes=2097152,buffer_mib=15758.930,remote_mib=1404.000,local_physical_mib=14356.000,net_saved_mib=1356.000,page_mib=2.000
logit_checksum,prompt,2417196da4492390,nonfinite=0
logit_checksum,prompt,0453392d6142afd3,nonfinite=0
logit_checksum,prompt,8c39d6d410e92623,nonfinite=0
logit_checksum,prompt,ce38b3f3a7a05142,nonfinite=0
logit_checksum,prompt,556c3b871bf91e81,nonfinite=0
build_commit,build_number,cpu_info,gpu_info,backends,model_filename,model_type,model_size,model_n_params,n_batch,n_ubatch,n_threads,cpu_mask,cpu_strict,poll,type_k,type_v,n_gpu_layers,n_cpu_moe,split_mode,main_gpu,no_kv_offload,flash_attn,devices,tensor_split,tensor_buft_overrides,use_mmap,use_direct_io,embeddings,no_op_offload,no_host,fit_target,fit_min_ctx,n_ctx,n_prompt,n_gen,n_depth,test_time,avg_ns,stddev_ns,avg_ts,stddev_ts
"b820cc8","1","Intel(R) Core(TM) Ultra 5 230F","NVIDIA GeForce RTX 5090","CUDA","/home/wici/voice-lab/models/gguf/gemma-4-31B-it-Q4_0.gguf","gemma4 31B Q4_0","17322412272","30697345596","512","512","8","0x0","0","50","f16","f16","-1","0","layer","0","0","1","auto","0.00","^blk[.][0-9]+[.](attn_(k|v|q|output)|ffn_(down|gate|up))[.]weight$=CUDA_Hybrid","1","0","0","0","0","0","0","165120","512","0","0","2026-08-12T09:15:16Z","121180046","2199699","4226.209933","75.192779"
logit_checksum,prompt,c930f979f7f0aed4,nonfinite=0
logit_checksum,decode,0c8e93b3ecced1c6,nonfinite=0
logit_checksum,decode,319a6a234bb9ed88,nonfinite=0
logit_checksum,decode,1e95777bddcc71d5,nonfinite=0
logit_checksum,decode,fc3ff68058ffd54e,nonfinite=0
logit_checksum,decode,92560214e2ee8afd,nonfinite=0
"b820cc8","1","Intel(R) Core(TM) Ultra 5 230F","NVIDIA GeForce RTX 5090","CUDA","/home/wici/voice-lab/models/gguf/gemma-4-31B-it-Q4_0.gguf","gemma4 31B Q4_0","17322412272","30697345596","512","512","8","0x0","0","50","f16","f16","-1","0","layer","0","0","1","auto","0.00","^blk[.][0-9]+[.](attn_(k|v|q|output)|ffn_(down|gate|up))[.]weight$=CUDA_Hybrid","1","0","0","0","0","0","0","165120","0","64","0","2026-08-12T09:15:16Z","1937000745","2679728","33.040823","0.045717"
logit_checksum,decode,ea317c3ff2b17152,nonfinite=0
result status=ok pp=4226.209933 tg=33.040823 peak=30382.000MiB
case scheme=intertidal_dma phase=dense ws=31.0GiB ctx=165120 control=pp:8.6
remote command: env -u LD_PRELOAD GGML_CUDA_HYBRID_MODE=staging GGML_CUDA_HYBRID_PAGE_BUDGET=710 LD_LIBRARY_PATH=/dev/shm/intertidal-capacity.mEP47j:/home/wici/llama.cpp/build-cuda/bin:/usr/local/cuda/lib64 LLAMA_BENCH_LOGIT_CHECKSUM=1 /home/wici/llama.cpp/build-cuda/bin/llama-bench -m /home/wici/voice-lab/models/gguf/gemma-4-31B-it-Q4_0.gguf -p 512 -n 64 -r 5 -t 8 -b 512 -ub 512 -fa on -ctk f16 -ctv f16 -mmp 1 -o csv --ctx-size 165120 -ot '^blk[.][0-9]+[.](attn_(k|v|q|output)|ffn_(down|gate|up))[.]weight$=CUDA_Hybrid'
ggml_cuda_init: found 1 CUDA devices (Total VRAM: 32109 MiB):
  Device 0: NVIDIA GeForce RTX 5090, compute capability 12.0, VMM: yes, VRAM: 32109 MiB
hybrid_vmm,mode=staging,selection=global_budget,requested_pages=710,requested_bytes=1488977920,requested_mib=1420.000,gross_pages=710,gross_bytes=1488977920,gross_mib=1420.000,staging_bytes=50331648,staging_mib=48.000,net_bytes=1438646272,net_mib=1372.000,eligible_pages=7470,selected_tensors=410,layers=60,buffer_bytes=16524435968,local_physical_bytes=15036579840,page_bytes=2097152,buffer_mib=15758.930,remote_mib=1420.000,local_physical_mib=14340.000,net_saved_mib=1372.000,page_mib=2.000
logit_checksum,prompt,2417196da4492390,nonfinite=0
logit_checksum,prompt,0453392d6142afd3,nonfinite=0
logit_checksum,prompt,8c39d6d410e92623,nonfinite=0
logit_checksum,prompt,ce38b3f3a7a05142,nonfinite=0
logit_checksum,prompt,556c3b871bf91e81,nonfinite=0
logit_checksum,prompt,c930f979f7f0aed4,nonfinite=0
build_commit,build_number,cpu_info,gpu_info,backends,model_filename,model_type,model_size,model_n_params,n_batch,n_ubatch,n_threads,cpu_mask,cpu_strict,poll,type_k,type_v,n_gpu_layers,n_cpu_moe,split_mode,main_gpu,no_kv_offload,flash_attn,devices,tensor_split,tensor_buft_overrides,use_mmap,use_direct_io,embeddings,no_op_offload,no_host,fit_target,fit_min_ctx,n_ctx,n_prompt,n_gen,n_depth,test_time,avg_ns,stddev_ns,avg_ts,stddev_ts
"b820cc8","1","Intel(R) Core(TM) Ultra 5 230F","NVIDIA GeForce RTX 5090","CUDA","/home/wici/voice-lab/models/gguf/gemma-4-31B-it-Q4_0.gguf","gemma4 31B Q4_0","17322412272","30697345596","512","512","8","0x0","0","50","f16","f16","-1","0","layer","0","0","1","auto","0.00","^blk[.][0-9]+[.](attn_(k|v|q|output)|ffn_(down|gate|up))[.]weight$=CUDA_Hybrid","1","0","0","0","0","0","0","165120","512","0","0","2026-08-12T09:15:29Z","121170942","2073635","4226.407478","70.999560"
logit_checksum,decode,0c8e93b3ecced1c6,nonfinite=0
logit_checksum,decode,319a6a234bb9ed88,nonfinite=0
logit_checksum,decode,1e95777bddcc71d5,nonfinite=0
logit_checksum,decode,fc3ff68058ffd54e,nonfinite=0
logit_checksum,decode,92560214e2ee8afd,nonfinite=0
logit_checksum,decode,ea317c3ff2b17152,nonfinite=0
"b820cc8","1","Intel(R) Core(TM) Ultra 5 230F","NVIDIA GeForce RTX 5090","CUDA","/home/wici/voice-lab/models/gguf/gemma-4-31B-it-Q4_0.gguf","gemma4 31B Q4_0","17322412272","30697345596","512","512","8","0x0","0","50","f16","f16","-1","0","layer","0","0","1","auto","0.00","^blk[.][0-9]+[.](attn_(k|v|q|output)|ffn_(down|gate|up))[.]weight$=CUDA_Hybrid","1","0","0","0","0","0","0","165120","0","64","0","2026-08-12T09:15:30Z","1959081923","2823118","32.668418","0.047050"
result status=ok pp=4226.407478 tg=32.668418 peak=30366.000MiB
case scheme=intertidal_dma phase=dense ws=31.0GiB ctx=165120 control=pp:8.7
remote command: env -u LD_PRELOAD GGML_CUDA_HYBRID_MODE=staging GGML_CUDA_HYBRID_PAGE_BUDGET=719 LD_LIBRARY_PATH=/dev/shm/intertidal-capacity.mEP47j:/home/wici/llama.cpp/build-cuda/bin:/usr/local/cuda/lib64 LLAMA_BENCH_LOGIT_CHECKSUM=1 /home/wici/llama.cpp/build-cuda/bin/llama-bench -m /home/wici/voice-lab/models/gguf/gemma-4-31B-it-Q4_0.gguf -p 512 -n 64 -r 5 -t 8 -b 512 -ub 512 -fa on -ctk f16 -ctv f16 -mmp 1 -o csv --ctx-size 165120 -ot '^blk[.][0-9]+[.](attn_(k|v|q|output)|ffn_(down|gate|up))[.]weight$=CUDA_Hybrid'
ggml_cuda_init: found 1 CUDA devices (Total VRAM: 32109 MiB):
  Device 0: NVIDIA GeForce RTX 5090, compute capability 12.0, VMM: yes, VRAM: 32109 MiB
hybrid_vmm,mode=staging,selection=global_budget,requested_pages=719,requested_bytes=1507852288,requested_mib=1438.000,gross_pages=719,gross_bytes=1507852288,gross_mib=1438.000,staging_bytes=54525952,staging_mib=52.000,net_bytes=1453326336,net_mib=1386.000,eligible_pages=7470,selected_tensors=410,layers=60,buffer_bytes=16524435968,local_physical_bytes=15017705472,page_bytes=2097152,buffer_mib=15758.930,remote_mib=1438.000,local_physical_mib=14322.000,net_saved_mib=1386.000,page_mib=2.000
logit_checksum,prompt,2417196da4492390,nonfinite=0
logit_checksum,prompt,0453392d6142afd3,nonfinite=0
logit_checksum,prompt,8c39d6d410e92623,nonfinite=0
logit_checksum,prompt,ce38b3f3a7a05142,nonfinite=0
logit_checksum,prompt,556c3b871bf91e81,nonfinite=0
build_commit,build_number,cpu_info,gpu_info,backends,model_filename,model_type,model_size,model_n_params,n_batch,n_ubatch,n_threads,cpu_mask,cpu_strict,poll,type_k,type_v,n_gpu_layers,n_cpu_moe,split_mode,main_gpu,no_kv_offload,flash_attn,devices,tensor_split,tensor_buft_overrides,use_mmap,use_direct_io,embeddings,no_op_offload,no_host,fit_target,fit_min_ctx,n_ctx,n_prompt,n_gen,n_depth,test_time,avg_ns,stddev_ns,avg_ts,stddev_ts
logit_checksum,prompt,c930f979f7f0aed4,nonfinite=0
"b820cc8","1","Intel(R) Core(TM) Ultra 5 230F","NVIDIA GeForce RTX 5090","CUDA","/home/wici/voice-lab/models/gguf/gemma-4-31B-it-Q4_0.gguf","gemma4 31B Q4_0","17322412272","30697345596","512","512","8","0x0","0","50","f16","f16","-1","0","layer","0","0","1","auto","0.00","^blk[.][0-9]+[.](attn_(k|v|q|output)|ffn_(down|gate|up))[.]weight$=CUDA_Hybrid","1","0","0","0","0","0","0","165120","512","0","0","2026-08-12T09:15:43Z","121059971","1837174","4230.074792","63.099455"
logit_checksum,decode,0c8e93b3ecced1c6,nonfinite=0
logit_checksum,decode,319a6a234bb9ed88,nonfinite=0
logit_checksum,decode,1e95777bddcc71d5,nonfinite=0
logit_checksum,decode,fc3ff68058ffd54e,nonfinite=0
logit_checksum,decode,92560214e2ee8afd,nonfinite=0
logit_checksum,decode,ea317c3ff2b17152,nonfinite=0
"b820cc8","1","Intel(R) Core(TM) Ultra 5 230F","NVIDIA GeForce RTX 5090","CUDA","/home/wici/voice-lab/models/gguf/gemma-4-31B-it-Q4_0.gguf","gemma4 31B Q4_0","17322412272","30697345596","512","512","8","0x0","0","50","f16","f16","-1","0","layer","0","0","1","auto","0.00","^blk[.][0-9]+[.](attn_(k|v|q|output)|ffn_(down|gate|up))[.]weight$=CUDA_Hybrid","1","0","0","0","0","0","0","165120","0","64","0","2026-08-12T09:15:44Z","1982539716","2556836","32.281868","0.041613"
result status=ok pp=4230.074792 tg=32.281868 peak=30352.000MiB
case scheme=intertidal_dma phase=dense ws=31.0GiB ctx=165120 control=pp:8.8
remote command: env -u LD_PRELOAD GGML_CUDA_HYBRID_MODE=staging GGML_CUDA_HYBRID_PAGE_BUDGET=727 LD_LIBRARY_PATH=/dev/shm/intertidal-capacity.mEP47j:/home/wici/llama.cpp/build-cuda/bin:/usr/local/cuda/lib64 LLAMA_BENCH_LOGIT_CHECKSUM=1 /home/wici/llama.cpp/build-cuda/bin/llama-bench -m /home/wici/voice-lab/models/gguf/gemma-4-31B-it-Q4_0.gguf -p 512 -n 64 -r 5 -t 8 -b 512 -ub 512 -fa on -ctk f16 -ctv f16 -mmp 1 -o csv --ctx-size 165120 -ot '^blk[.][0-9]+[.](attn_(k|v|q|output)|ffn_(down|gate|up))[.]weight$=CUDA_Hybrid'
ggml_cuda_init: found 1 CUDA devices (Total VRAM: 32109 MiB):
  Device 0: NVIDIA GeForce RTX 5090, compute capability 12.0, VMM: yes, VRAM: 32109 MiB
hybrid_vmm,mode=staging,selection=global_budget,requested_pages=727,requested_bytes=1524629504,requested_mib=1454.000,gross_pages=727,gross_bytes=1524629504,gross_mib=1454.000,staging_bytes=54525952,staging_mib=52.000,net_bytes=1470103552,net_mib=1402.000,eligible_pages=7470,selected_tensors=410,layers=60,buffer_bytes=16524435968,local_physical_bytes=15000928256,page_bytes=2097152,buffer_mib=15758.930,remote_mib=1454.000,local_physical_mib=14306.000,net_saved_mib=1402.000,page_mib=2.000
logit_checksum,prompt,2417196da4492390,nonfinite=0
logit_checksum,prompt,0453392d6142afd3,nonfinite=0
logit_checksum,prompt,8c39d6d410e92623,nonfinite=0
logit_checksum,prompt,ce38b3f3a7a05142,nonfinite=0
logit_checksum,prompt,556c3b871bf91e81,nonfinite=0
logit_checksum,prompt,c930f979f7f0aed4,nonfinite=0
logit_checksum,decode,0c8e93b3ecced1c6,nonfinite=0
build_commit,build_number,cpu_info,gpu_info,backends,model_filename,model_type,model_size,model_n_params,n_batch,n_ubatch,n_threads,cpu_mask,cpu_strict,poll,type_k,type_v,n_gpu_layers,n_cpu_moe,split_mode,main_gpu,no_kv_offload,flash_attn,devices,tensor_split,tensor_buft_overrides,use_mmap,use_direct_io,embeddings,no_op_offload,no_host,fit_target,fit_min_ctx,n_ctx,n_prompt,n_gen,n_depth,test_time,avg_ns,stddev_ns,avg_ts,stddev_ts
"b820cc8","1","Intel(R) Core(TM) Ultra 5 230F","NVIDIA GeForce RTX 5090","CUDA","/home/wici/voice-lab/models/gguf/gemma-4-31B-it-Q4_0.gguf","gemma4 31B Q4_0","17322412272","30697345596","512","512","8","0x0","0","50","f16","f16","-1","0","layer","0","0","1","auto","0.00","^blk[.][0-9]+[.](attn_(k|v|q|output)|ffn_(down|gate|up))[.]weight$=CUDA_Hybrid","1","0","0","0","0","0","0","165120","512","0","0","2026-08-12T09:15:57Z","121045114","1850359","4230.605502","63.592968"
logit_checksum,decode,319a6a234bb9ed88,nonfinite=0
logit_checksum,decode,1e95777bddcc71d5,nonfinite=0
logit_checksum,decode,fc3ff68058ffd54e,nonfinite=0
logit_checksum,decode,92560214e2ee8afd,nonfinite=0
"b820cc8","1","Intel(R) Core(TM) Ultra 5 230F","NVIDIA GeForce RTX 5090","CUDA","/home/wici/voice-lab/models/gguf/gemma-4-31B-it-Q4_0.gguf","gemma4 31B Q4_0","17322412272","30697345596","512","512","8","0x0","0","50","f16","f16","-1","0","layer","0","0","1","auto","0.00","^blk[.][0-9]+[.](attn_(k|v|q|output)|ffn_(down|gate|up))[.]weight$=CUDA_Hybrid","1","0","0","0","0","0","0","165120","0","64","0","2026-08-12T09:15:58Z","2003614418","1704585","31.942292","0.027159"
logit_checksum,decode,ea317c3ff2b17152,nonfinite=0
result status=ok pp=4230.605502 tg=31.942292 peak=30336.000MiB
case scheme=intertidal_dma phase=dense ws=31.0GiB ctx=165120 control=pp:8.9
remote command: env -u LD_PRELOAD GGML_CUDA_HYBRID_MODE=staging GGML_CUDA_HYBRID_PAGE_BUDGET=735 LD_LIBRARY_PATH=/dev/shm/intertidal-capacity.mEP47j:/home/wici/llama.cpp/build-cuda/bin:/usr/local/cuda/lib64 LLAMA_BENCH_LOGIT_CHECKSUM=1 /home/wici/llama.cpp/build-cuda/bin/llama-bench -m /home/wici/voice-lab/models/gguf/gemma-4-31B-it-Q4_0.gguf -p 512 -n 64 -r 5 -t 8 -b 512 -ub 512 -fa on -ctk f16 -ctv f16 -mmp 1 -o csv --ctx-size 165120 -ot '^blk[.][0-9]+[.](attn_(k|v|q|output)|ffn_(down|gate|up))[.]weight$=CUDA_Hybrid'
ggml_cuda_init: found 1 CUDA devices (Total VRAM: 32109 MiB):
  Device 0: NVIDIA GeForce RTX 5090, compute capability 12.0, VMM: yes, VRAM: 32109 MiB
hybrid_vmm,mode=staging,selection=global_budget,requested_pages=735,requested_bytes=1541406720,requested_mib=1470.000,gross_pages=735,gross_bytes=1541406720,gross_mib=1470.000,staging_bytes=54525952,staging_mib=52.000,net_bytes=1486880768,net_mib=1418.000,eligible_pages=7470,selected_tensors=410,layers=60,buffer_bytes=16524435968,local_physical_bytes=14984151040,page_bytes=2097152,buffer_mib=15758.930,remote_mib=1470.000,local_physical_mib=14290.000,net_saved_mib=1418.000,page_mib=2.000
logit_checksum,prompt,2417196da4492390,nonfinite=0
logit_checksum,prompt,0453392d6142afd3,nonfinite=0
logit_checksum,prompt,8c39d6d410e92623,nonfinite=0
logit_checksum,prompt,ce38b3f3a7a05142,nonfinite=0
logit_checksum,prompt,556c3b871bf91e81,nonfinite=0
build_commit,build_number,cpu_info,gpu_info,backends,model_filename,model_type,model_size,model_n_params,n_batch,n_ubatch,n_threads,cpu_mask,cpu_strict,poll,type_k,type_v,n_gpu_layers,n_cpu_moe,split_mode,main_gpu,no_kv_offload,flash_attn,devices,tensor_split,tensor_buft_overrides,use_mmap,use_direct_io,embeddings,no_op_offload,no_host,fit_target,fit_min_ctx,n_ctx,n_prompt,n_gen,n_depth,test_time,avg_ns,stddev_ns,avg_ts,stddev_ts
"b820cc8","1","Intel(R) Core(TM) Ultra 5 230F","NVIDIA GeForce RTX 5090","CUDA","/home/wici/voice-lab/models/gguf/gemma-4-31B-it-Q4_0.gguf","gemma4 31B Q4_0","17322412272","30697345596","512","512","8","0x0","0","50","f16","f16","-1","0","layer","0","0","1","auto","0.00","^blk[.][0-9]+[.](attn_(k|v|q|output)|ffn_(down|gate|up))[.]weight$=CUDA_Hybrid","1","0","0","0","0","0","0","165120","512","0","0","2026-08-12T09:16:11Z","121111677","1930803","4228.347376","66.196775"
logit_checksum,prompt,c930f979f7f0aed4,nonfinite=0
logit_checksum,decode,0c8e93b3ecced1c6,nonfinite=0
logit_checksum,decode,319a6a234bb9ed88,nonfinite=0
logit_checksum,decode,1e95777bddcc71d5,nonfinite=0
logit_checksum,decode,fc3ff68058ffd54e,nonfinite=0
logit_checksum,decode,92560214e2ee8afd,nonfinite=0
"b820cc8","1","Intel(R) Core(TM) Ultra 5 230F","NVIDIA GeForce RTX 5090","CUDA","/home/wici/voice-lab/models/gguf/gemma-4-31B-it-Q4_0.gguf","gemma4 31B Q4_0","17322412272","30697345596","512","512","8","0x0","0","50","f16","f16","-1","0","layer","0","0","1","auto","0.00","^blk[.][0-9]+[.](attn_(k|v|q|output)|ffn_(down|gate|up))[.]weight$=CUDA_Hybrid","1","0","0","0","0","0","0","165120","0","64","0","2026-08-12T09:16:12Z","2023798612","1204472","31.623709","0.018818"
logit_checksum,decode,ea317c3ff2b17152,nonfinite=0
result status=ok pp=4228.347376 tg=31.623709 peak=30320.000MiB
skip intertidal_dma ws=31.0 control=pp:9 status=ok
case scheme=intertidal_dma phase=dense ws=31.0GiB ctx=165120 control=pp:9.1
remote command: env -u LD_PRELOAD GGML_CUDA_HYBRID_MODE=staging GGML_CUDA_HYBRID_PAGE_BUDGET=752 LD_LIBRARY_PATH=/dev/shm/intertidal-capacity.mEP47j:/home/wici/llama.cpp/build-cuda/bin:/usr/local/cuda/lib64 LLAMA_BENCH_LOGIT_CHECKSUM=1 /home/wici/llama.cpp/build-cuda/bin/llama-bench -m /home/wici/voice-lab/models/gguf/gemma-4-31B-it-Q4_0.gguf -p 512 -n 64 -r 5 -t 8 -b 512 -ub 512 -fa on -ctk f16 -ctv f16 -mmp 1 -o csv --ctx-size 165120 -ot '^blk[.][0-9]+[.](attn_(k|v|q|output)|ffn_(down|gate|up))[.]weight$=CUDA_Hybrid'
ggml_cuda_init: found 1 CUDA devices (Total VRAM: 32109 MiB):
  Device 0: NVIDIA GeForce RTX 5090, compute capability 12.0, VMM: yes, VRAM: 32109 MiB
hybrid_vmm,mode=staging,selection=global_budget,requested_pages=752,requested_bytes=1577058304,requested_mib=1504.000,gross_pages=752,gross_bytes=1577058304,gross_mib=1504.000,staging_bytes=54525952,staging_mib=52.000,net_bytes=1522532352,net_mib=1452.000,eligible_pages=7470,selected_tensors=410,layers=60,buffer_bytes=16524435968,local_physical_bytes=14948499456,page_bytes=2097152,buffer_mib=15758.930,remote_mib=1504.000,local_physical_mib=14256.000,net_saved_mib=1452.000,page_mib=2.000
logit_checksum,prompt,2417196da4492390,nonfinite=0
logit_checksum,prompt,0453392d6142afd3,nonfinite=0
logit_checksum,prompt,8c39d6d410e92623,nonfinite=0
logit_checksum,prompt,ce38b3f3a7a05142,nonfinite=0
logit_checksum,prompt,556c3b871bf91e81,nonfinite=0
build_commit,build_number,cpu_info,gpu_info,backends,model_filename,model_type,model_size,model_n_params,n_batch,n_ubatch,n_threads,cpu_mask,cpu_strict,poll,type_k,type_v,n_gpu_layers,n_cpu_moe,split_mode,main_gpu,no_kv_offload,flash_attn,devices,tensor_split,tensor_buft_overrides,use_mmap,use_direct_io,embeddings,no_op_offload,no_host,fit_target,fit_min_ctx,n_ctx,n_prompt,n_gen,n_depth,test_time,avg_ns,stddev_ns,avg_ts,stddev_ts
logit_checksum,prompt,c930f979f7f0aed4,nonfinite=0
"b820cc8","1","Intel(R) Core(TM) Ultra 5 230F","NVIDIA GeForce RTX 5090","CUDA","/home/wici/voice-lab/models/gguf/gemma-4-31B-it-Q4_0.gguf","gemma4 31B Q4_0","17322412272","30697345596","512","512","8","0x0","0","50","f16","f16","-1","0","layer","0","0","1","auto","0.00","^blk[.][0-9]+[.](attn_(k|v|q|output)|ffn_(down|gate|up))[.]weight$=CUDA_Hybrid","1","0","0","0","0","0","0","165120","512","0","0","2026-08-12T09:16:26Z","121033215","1767322","4230.953851","60.794850"
logit_checksum,decode,0c8e93b3ecced1c6,nonfinite=0
logit_checksum,decode,319a6a234bb9ed88,nonfinite=0
logit_checksum,decode,1e95777bddcc71d5,nonfinite=0
logit_checksum,decode,fc3ff68058ffd54e,nonfinite=0
logit_checksum,decode,92560214e2ee8afd,nonfinite=0
"b820cc8","1","Intel(R) Core(TM) Ultra 5 230F","NVIDIA GeForce RTX 5090","CUDA","/home/wici/voice-lab/models/gguf/gemma-4-31B-it-Q4_0.gguf","gemma4 31B Q4_0","17322412272","30697345596","512","512","8","0x0","0","50","f16","f16","-1","0","layer","0","0","1","auto","0.00","^blk[.][0-9]+[.](attn_(k|v|q|output)|ffn_(down|gate|up))[.]weight$=CUDA_Hybrid","1","0","0","0","0","0","0","165120","0","64","0","2026-08-12T09:16:27Z","2074259653","2243135","30.854411","0.033352"
logit_checksum,decode,ea317c3ff2b17152,nonfinite=0
result status=ok pp=4230.953851 tg=30.854411 peak=30286.000MiB
case scheme=intertidal_dma phase=dense ws=31.0GiB ctx=165120 control=pp:9.2
remote command: env -u LD_PRELOAD GGML_CUDA_HYBRID_MODE=staging GGML_CUDA_HYBRID_PAGE_BUDGET=760 LD_LIBRARY_PATH=/dev/shm/intertidal-capacity.mEP47j:/home/wici/llama.cpp/build-cuda/bin:/usr/local/cuda/lib64 LLAMA_BENCH_LOGIT_CHECKSUM=1 /home/wici/llama.cpp/build-cuda/bin/llama-bench -m /home/wici/voice-lab/models/gguf/gemma-4-31B-it-Q4_0.gguf -p 512 -n 64 -r 5 -t 8 -b 512 -ub 512 -fa on -ctk f16 -ctv f16 -mmp 1 -o csv --ctx-size 165120 -ot '^blk[.][0-9]+[.](attn_(k|v|q|output)|ffn_(down|gate|up))[.]weight$=CUDA_Hybrid'
ggml_cuda_init: found 1 CUDA devices (Total VRAM: 32109 MiB):
  Device 0: NVIDIA GeForce RTX 5090, compute capability 12.0, VMM: yes, VRAM: 32109 MiB
hybrid_vmm,mode=staging,selection=global_budget,requested_pages=760,requested_bytes=1593835520,requested_mib=1520.000,gross_pages=760,gross_bytes=1593835520,gross_mib=1520.000,staging_bytes=54525952,staging_mib=52.000,net_bytes=1539309568,net_mib=1468.000,eligible_pages=7470,selected_tensors=410,layers=60,buffer_bytes=16524435968,local_physical_bytes=14931722240,page_bytes=2097152,buffer_mib=15758.930,remote_mib=1520.000,local_physical_mib=14240.000,net_saved_mib=1468.000,page_mib=2.000
logit_checksum,prompt,2417196da4492390,nonfinite=0
logit_checksum,prompt,0453392d6142afd3,nonfinite=0
logit_checksum,prompt,8c39d6d410e92623,nonfinite=0
logit_checksum,prompt,ce38b3f3a7a05142,nonfinite=0
logit_checksum,prompt,556c3b871bf91e81,nonfinite=0
logit_checksum,prompt,c930f979f7f0aed4,nonfinite=0
build_commit,build_number,cpu_info,gpu_info,backends,model_filename,model_type,model_size,model_n_params,n_batch,n_ubatch,n_threads,cpu_mask,cpu_strict,poll,type_k,type_v,n_gpu_layers,n_cpu_moe,split_mode,main_gpu,no_kv_offload,flash_attn,devices,tensor_split,tensor_buft_overrides,use_mmap,use_direct_io,embeddings,no_op_offload,no_host,fit_target,fit_min_ctx,n_ctx,n_prompt,n_gen,n_depth,test_time,avg_ns,stddev_ns,avg_ts,stddev_ts
"b820cc8","1","Intel(R) Core(TM) Ultra 5 230F","NVIDIA GeForce RTX 5090","CUDA","/home/wici/voice-lab/models/gguf/gemma-4-31B-it-Q4_0.gguf","gemma4 31B Q4_0","17322412272","30697345596","512","512","8","0x0","0","50","f16","f16","-1","0","layer","0","0","1","auto","0.00","^blk[.][0-9]+[.](attn_(k|v|q|output)|ffn_(down|gate|up))[.]weight$=CUDA_Hybrid","1","0","0","0","0","0","0","165120","512","0","0","2026-08-12T09:16:41Z","121056869","1721995","4230.090877","59.204250"
logit_checksum,decode,0c8e93b3ecced1c6,nonfinite=0
logit_checksum,decode,319a6a234bb9ed88,nonfinite=0
logit_checksum,decode,1e95777bddcc71d5,nonfinite=0
logit_checksum,decode,fc3ff68058ffd54e,nonfinite=0
logit_checksum,decode,92560214e2ee8afd,nonfinite=0
logit_checksum,decode,ea317c3ff2b17152,nonfinite=0
"b820cc8","1","Intel(R) Core(TM) Ultra 5 230F","NVIDIA GeForce RTX 5090","CUDA","/home/wici/voice-lab/models/gguf/gemma-4-31B-it-Q4_0.gguf","gemma4 31B Q4_0","17322412272","30697345596","512","512","8","0x0","0","50","f16","f16","-1","0","layer","0","0","1","auto","0.00","^blk[.][0-9]+[.](attn_(k|v|q|output)|ffn_(down|gate|up))[.]weight$=CUDA_Hybrid","1","0","0","0","0","0","0","165120","0","64","0","2026-08-12T09:16:42Z","2094186836","2759536","30.560830","0.040255"
result status=ok pp=4230.090877 tg=30.560830 peak=30270.000MiB
case scheme=intertidal_dma phase=dense ws=31.0GiB ctx=165120 control=pp:9.3
remote command: env -u LD_PRELOAD GGML_CUDA_HYBRID_MODE=staging GGML_CUDA_HYBRID_PAGE_BUDGET=768 LD_LIBRARY_PATH=/dev/shm/intertidal-capacity.mEP47j:/home/wici/llama.cpp/build-cuda/bin:/usr/local/cuda/lib64 LLAMA_BENCH_LOGIT_CHECKSUM=1 /home/wici/llama.cpp/build-cuda/bin/llama-bench -m /home/wici/voice-lab/models/gguf/gemma-4-31B-it-Q4_0.gguf -p 512 -n 64 -r 5 -t 8 -b 512 -ub 512 -fa on -ctk f16 -ctv f16 -mmp 1 -o csv --ctx-size 165120 -ot '^blk[.][0-9]+[.](attn_(k|v|q|output)|ffn_(down|gate|up))[.]weight$=CUDA_Hybrid'
ggml_cuda_init: found 1 CUDA devices (Total VRAM: 32109 MiB):
  Device 0: NVIDIA GeForce RTX 5090, compute capability 12.0, VMM: yes, VRAM: 32109 MiB
hybrid_vmm,mode=staging,selection=global_budget,requested_pages=768,requested_bytes=1610612736,requested_mib=1536.000,gross_pages=768,gross_bytes=1610612736,gross_mib=1536.000,staging_bytes=54525952,staging_mib=52.000,net_bytes=1556086784,net_mib=1484.000,eligible_pages=7470,selected_tensors=410,layers=60,buffer_bytes=16524435968,local_physical_bytes=14914945024,page_bytes=2097152,buffer_mib=15758.930,remote_mib=1536.000,local_physical_mib=14224.000,net_saved_mib=1484.000,page_mib=2.000
logit_checksum,prompt,2417196da4492390,nonfinite=0
logit_checksum,prompt,0453392d6142afd3,nonfinite=0
logit_checksum,prompt,8c39d6d410e92623,nonfinite=0
logit_checksum,prompt,ce38b3f3a7a05142,nonfinite=0
logit_checksum,prompt,556c3b871bf91e81,nonfinite=0
logit_checksum,prompt,c930f979f7f0aed4,nonfinite=0
build_commit,build_number,cpu_info,gpu_info,backends,model_filename,model_type,model_size,model_n_params,n_batch,n_ubatch,n_threads,cpu_mask,cpu_strict,poll,type_k,type_v,n_gpu_layers,n_cpu_moe,split_mode,main_gpu,no_kv_offload,flash_attn,devices,tensor_split,tensor_buft_overrides,use_mmap,use_direct_io,embeddings,no_op_offload,no_host,fit_target,fit_min_ctx,n_ctx,n_prompt,n_gen,n_depth,test_time,avg_ns,stddev_ns,avg_ts,stddev_ts
"b820cc8","1","Intel(R) Core(TM) Ultra 5 230F","NVIDIA GeForce RTX 5090","CUDA","/home/wici/voice-lab/models/gguf/gemma-4-31B-it-Q4_0.gguf","gemma4 31B Q4_0","17322412272","30697345596","512","512","8","0x0","0","50","f16","f16","-1","0","layer","0","0","1","auto","0.00","^blk[.][0-9]+[.](attn_(k|v|q|output)|ffn_(down|gate|up))[.]weight$=CUDA_Hybrid","1","0","0","0","0","0","0","165120","512","0","0","2026-08-12T09:16:55Z","121023478","2163901","4231.644598","74.147289"
logit_checksum,decode,0c8e93b3ecced1c6,nonfinite=0
logit_checksum,decode,319a6a234bb9ed88,nonfinite=0
logit_checksum,decode,1e95777bddcc71d5,nonfinite=0
logit_checksum,decode,fc3ff68058ffd54e,nonfinite=0
logit_checksum,decode,92560214e2ee8afd,nonfinite=0
logit_checksum,decode,ea317c3ff2b17152,nonfinite=0
"b820cc8","1","Intel(R) Core(TM) Ultra 5 230F","NVIDIA GeForce RTX 5090","CUDA","/home/wici/voice-lab/models/gguf/gemma-4-31B-it-Q4_0.gguf","gemma4 31B Q4_0","17322412272","30697345596","512","512","8","0x0","0","50","f16","f16","-1","0","layer","0","0","1","auto","0.00","^blk[.][0-9]+[.](attn_(k|v|q|output)|ffn_(down|gate|up))[.]weight$=CUDA_Hybrid","1","0","0","0","0","0","0","165120","0","64","0","2026-08-12T09:16:56Z","2116078336","3168415","30.244681","0.045234"
result status=ok pp=4231.644598 tg=30.244681 peak=30254.000MiB
case scheme=intertidal_dma phase=dense ws=31.0GiB ctx=165120 control=pp:9.4
remote command: env -u LD_PRELOAD GGML_CUDA_HYBRID_MODE=staging GGML_CUDA_HYBRID_PAGE_BUDGET=776 LD_LIBRARY_PATH=/dev/shm/intertidal-capacity.mEP47j:/home/wici/llama.cpp/build-cuda/bin:/usr/local/cuda/lib64 LLAMA_BENCH_LOGIT_CHECKSUM=1 /home/wici/llama.cpp/build-cuda/bin/llama-bench -m /home/wici/voice-lab/models/gguf/gemma-4-31B-it-Q4_0.gguf -p 512 -n 64 -r 5 -t 8 -b 512 -ub 512 -fa on -ctk f16 -ctv f16 -mmp 1 -o csv --ctx-size 165120 -ot '^blk[.][0-9]+[.](attn_(k|v|q|output)|ffn_(down|gate|up))[.]weight$=CUDA_Hybrid'
ggml_cuda_init: found 1 CUDA devices (Total VRAM: 32109 MiB):
  Device 0: NVIDIA GeForce RTX 5090, compute capability 12.0, VMM: yes, VRAM: 32109 MiB
hybrid_vmm,mode=staging,selection=global_budget,requested_pages=776,requested_bytes=1627389952,requested_mib=1552.000,gross_pages=776,gross_bytes=1627389952,gross_mib=1552.000,staging_bytes=58720256,staging_mib=56.000,net_bytes=1568669696,net_mib=1496.000,eligible_pages=7470,selected_tensors=410,layers=60,buffer_bytes=16524435968,local_physical_bytes=14898167808,page_bytes=2097152,buffer_mib=15758.930,remote_mib=1552.000,local_physical_mib=14208.000,net_saved_mib=1496.000,page_mib=2.000
logit_checksum,prompt,2417196da4492390,nonfinite=0
logit_checksum,prompt,0453392d6142afd3,nonfinite=0
logit_checksum,prompt,8c39d6d410e92623,nonfinite=0
logit_checksum,prompt,ce38b3f3a7a05142,nonfinite=0
logit_checksum,prompt,556c3b871bf91e81,nonfinite=0
build_commit,build_number,cpu_info,gpu_info,backends,model_filename,model_type,model_size,model_n_params,n_batch,n_ubatch,n_threads,cpu_mask,cpu_strict,poll,type_k,type_v,n_gpu_layers,n_cpu_moe,split_mode,main_gpu,no_kv_offload,flash_attn,devices,tensor_split,tensor_buft_overrides,use_mmap,use_direct_io,embeddings,no_op_offload,no_host,fit_target,fit_min_ctx,n_ctx,n_prompt,n_gen,n_depth,test_time,avg_ns,stddev_ns,avg_ts,stddev_ts
"b820cc8","1","Intel(R) Core(TM) Ultra 5 230F","NVIDIA GeForce RTX 5090","CUDA","/home/wici/voice-lab/models/gguf/gemma-4-31B-it-Q4_0.gguf","gemma4 31B Q4_0","17322412272","30697345596","512","512","8","0x0","0","50","f16","f16","-1","0","layer","0","0","1","auto","0.00","^blk[.][0-9]+[.](attn_(k|v|q|output)|ffn_(down|gate|up))[.]weight$=CUDA_Hybrid","1","0","0","0","0","0","0","165120","512","0","0","2026-08-12T09:17:10Z","120947517","1773293","4233.957718","61.102156"
logit_checksum,prompt,c930f979f7f0aed4,nonfinite=0
logit_checksum,decode,0c8e93b3ecced1c6,nonfinite=0
logit_checksum,decode,319a6a234bb9ed88,nonfinite=0
logit_checksum,decode,1e95777bddcc71d5,nonfinite=0
logit_checksum,decode,fc3ff68058ffd54e,nonfinite=0
logit_checksum,decode,92560214e2ee8afd,nonfinite=0
"b820cc8","1","Intel(R) Core(TM) Ultra 5 230F","NVIDIA GeForce RTX 5090","CUDA","/home/wici/voice-lab/models/gguf/gemma-4-31B-it-Q4_0.gguf","gemma4 31B Q4_0","17322412272","30697345596","512","512","8","0x0","0","50","f16","f16","-1","0","layer","0","0","1","auto","0.00","^blk[.][0-9]+[.](attn_(k|v|q|output)|ffn_(down|gate|up))[.]weight$=CUDA_Hybrid","1","0","0","0","0","0","0","165120","0","64","0","2026-08-12T09:17:11Z","2133348301","904160","29.999794","0.012681"
logit_checksum,decode,ea317c3ff2b17152,nonfinite=0
result status=ok pp=4233.957718 tg=29.999794 peak=30242.000MiB
case scheme=intertidal_dma phase=dense ws=31.0GiB ctx=165120 control=pp:9.5
remote command: env -u LD_PRELOAD GGML_CUDA_HYBRID_MODE=staging GGML_CUDA_HYBRID_PAGE_BUDGET=785 LD_LIBRARY_PATH=/dev/shm/intertidal-capacity.mEP47j:/home/wici/llama.cpp/build-cuda/bin:/usr/local/cuda/lib64 LLAMA_BENCH_LOGIT_CHECKSUM=1 /home/wici/llama.cpp/build-cuda/bin/llama-bench -m /home/wici/voice-lab/models/gguf/gemma-4-31B-it-Q4_0.gguf -p 512 -n 64 -r 5 -t 8 -b 512 -ub 512 -fa on -ctk f16 -ctv f16 -mmp 1 -o csv --ctx-size 165120 -ot '^blk[.][0-9]+[.](attn_(k|v|q|output)|ffn_(down|gate|up))[.]weight$=CUDA_Hybrid'
ggml_cuda_init: found 1 CUDA devices (Total VRAM: 32109 MiB):
  Device 0: NVIDIA GeForce RTX 5090, compute capability 12.0, VMM: yes, VRAM: 32109 MiB
hybrid_vmm,mode=staging,selection=global_budget,requested_pages=785,requested_bytes=1646264320,requested_mib=1570.000,gross_pages=785,gross_bytes=1646264320,gross_mib=1570.000,staging_bytes=58720256,staging_mib=56.000,net_bytes=1587544064,net_mib=1514.000,eligible_pages=7470,selected_tensors=410,layers=60,buffer_bytes=16524435968,local_physical_bytes=14879293440,page_bytes=2097152,buffer_mib=15758.930,remote_mib=1570.000,local_physical_mib=14190.000,net_saved_mib=1514.000,page_mib=2.000
logit_checksum,prompt,2417196da4492390,nonfinite=0
logit_checksum,prompt,0453392d6142afd3,nonfinite=0
logit_checksum,prompt,8c39d6d410e92623,nonfinite=0
logit_checksum,prompt,ce38b3f3a7a05142,nonfinite=0
logit_checksum,prompt,556c3b871bf91e81,nonfinite=0
logit_checksum,prompt,c930f979f7f0aed4,nonfinite=0
build_commit,build_number,cpu_info,gpu_info,backends,model_filename,model_type,model_size,model_n_params,n_batch,n_ubatch,n_threads,cpu_mask,cpu_strict,poll,type_k,type_v,n_gpu_layers,n_cpu_moe,split_mode,main_gpu,no_kv_offload,flash_attn,devices,tensor_split,tensor_buft_overrides,use_mmap,use_direct_io,embeddings,no_op_offload,no_host,fit_target,fit_min_ctx,n_ctx,n_prompt,n_gen,n_depth,test_time,avg_ns,stddev_ns,avg_ts,stddev_ts
"b820cc8","1","Intel(R) Core(TM) Ultra 5 230F","NVIDIA GeForce RTX 5090","CUDA","/home/wici/voice-lab/models/gguf/gemma-4-31B-it-Q4_0.gguf","gemma4 31B Q4_0","17322412272","30697345596","512","512","8","0x0","0","50","f16","f16","-1","0","layer","0","0","1","auto","0.00","^blk[.][0-9]+[.](attn_(k|v|q|output)|ffn_(down|gate|up))[.]weight$=CUDA_Hybrid","1","0","0","0","0","0","0","165120","512","0","0","2026-08-12T09:17:25Z","121090490","2079594","4229.220827","71.185463"
logit_checksum,decode,0c8e93b3ecced1c6,nonfinite=0
logit_checksum,decode,319a6a234bb9ed88,nonfinite=0
logit_checksum,decode,1e95777bddcc71d5,nonfinite=0
logit_checksum,decode,fc3ff68058ffd54e,nonfinite=0
logit_checksum,decode,92560214e2ee8afd,nonfinite=0
logit_checksum,decode,ea317c3ff2b17152,nonfinite=0
"b820cc8","1","Intel(R) Core(TM) Ultra 5 230F","NVIDIA GeForce RTX 5090","CUDA","/home/wici/voice-lab/models/gguf/gemma-4-31B-it-Q4_0.gguf","gemma4 31B Q4_0","17322412272","30697345596","512","512","8","0x0","0","50","f16","f16","-1","0","layer","0","0","1","auto","0.00","^blk[.][0-9]+[.](attn_(k|v|q|output)|ffn_(down|gate|up))[.]weight$=CUDA_Hybrid","1","0","0","0","0","0","0","165120","0","64","0","2026-08-12T09:17:26Z","2160404169","3091757","29.624135","0.042357"
result status=ok pp=4229.220827 tg=29.624135 peak=30224.000MiB
case scheme=intertidal_dma phase=dense ws=31.0GiB ctx=165120 control=pp:9.6
remote command: env -u LD_PRELOAD GGML_CUDA_HYBRID_MODE=staging GGML_CUDA_HYBRID_PAGE_BUDGET=793 LD_LIBRARY_PATH=/dev/shm/intertidal-capacity.mEP47j:/home/wici/llama.cpp/build-cuda/bin:/usr/local/cuda/lib64 LLAMA_BENCH_LOGIT_CHECKSUM=1 /home/wici/llama.cpp/build-cuda/bin/llama-bench -m /home/wici/voice-lab/models/gguf/gemma-4-31B-it-Q4_0.gguf -p 512 -n 64 -r 5 -t 8 -b 512 -ub 512 -fa on -ctk f16 -ctv f16 -mmp 1 -o csv --ctx-size 165120 -ot '^blk[.][0-9]+[.](attn_(k|v|q|output)|ffn_(down|gate|up))[.]weight$=CUDA_Hybrid'
ggml_cuda_init: found 1 CUDA devices (Total VRAM: 32109 MiB):
  Device 0: NVIDIA GeForce RTX 5090, compute capability 12.0, VMM: yes, VRAM: 32109 MiB
hybrid_vmm,mode=staging,selection=global_budget,requested_pages=793,requested_bytes=1663041536,requested_mib=1586.000,gross_pages=793,gross_bytes=1663041536,gross_mib=1586.000,staging_bytes=58720256,staging_mib=56.000,net_bytes=1604321280,net_mib=1530.000,eligible_pages=7470,selected_tensors=410,layers=60,buffer_bytes=16524435968,local_physical_bytes=14862516224,page_bytes=2097152,buffer_mib=15758.930,remote_mib=1586.000,local_physical_mib=14174.000,net_saved_mib=1530.000,page_mib=2.000
logit_checksum,prompt,2417196da4492390,nonfinite=0
logit_checksum,prompt,0453392d6142afd3,nonfinite=0
logit_checksum,prompt,8c39d6d410e92623,nonfinite=0
logit_checksum,prompt,ce38b3f3a7a05142,nonfinite=0
logit_checksum,prompt,556c3b871bf91e81,nonfinite=0
build_commit,build_number,cpu_info,gpu_info,backends,model_filename,model_type,model_size,model_n_params,n_batch,n_ubatch,n_threads,cpu_mask,cpu_strict,poll,type_k,type_v,n_gpu_layers,n_cpu_moe,split_mode,main_gpu,no_kv_offload,flash_attn,devices,tensor_split,tensor_buft_overrides,use_mmap,use_direct_io,embeddings,no_op_offload,no_host,fit_target,fit_min_ctx,n_ctx,n_prompt,n_gen,n_depth,test_time,avg_ns,stddev_ns,avg_ts,stddev_ts
logit_checksum,prompt,c930f979f7f0aed4,nonfinite=0
"b820cc8","1","Intel(R) Core(TM) Ultra 5 230F","NVIDIA GeForce RTX 5090","CUDA","/home/wici/voice-lab/models/gguf/gemma-4-31B-it-Q4_0.gguf","gemma4 31B Q4_0","17322412272","30697345596","512","512","8","0x0","0","50","f16","f16","-1","0","layer","0","0","1","auto","0.00","^blk[.][0-9]+[.](attn_(k|v|q|output)|ffn_(down|gate|up))[.]weight$=CUDA_Hybrid","1","0","0","0","0","0","0","165120","512","0","0","2026-08-12T09:17:40Z","121001325","1615393","4231.953213","55.679188"
logit_checksum,decode,0c8e93b3ecced1c6,nonfinite=0
logit_checksum,decode,319a6a234bb9ed88,nonfinite=0
logit_checksum,decode,1e95777bddcc71d5,nonfinite=0
logit_checksum,decode,fc3ff68058ffd54e,nonfinite=0
logit_checksum,decode,92560214e2ee8afd,nonfinite=0
"b820cc8","1","Intel(R) Core(TM) Ultra 5 230F","NVIDIA GeForce RTX 5090","CUDA","/home/wici/voice-lab/models/gguf/gemma-4-31B-it-Q4_0.gguf","gemma4 31B Q4_0","17322412272","30697345596","512","512","8","0x0","0","50","f16","f16","-1","0","layer","0","0","1","auto","0.00","^blk[.][0-9]+[.](attn_(k|v|q|output)|ffn_(down|gate|up))[.]weight$=CUDA_Hybrid","1","0","0","0","0","0","0","165120","0","64","0","2026-08-12T09:17:41Z","2182196642","2729171","29.328283","0.036639"
logit_checksum,decode,ea317c3ff2b17152,nonfinite=0
result status=ok pp=4231.953213 tg=29.328283 peak=30208.000MiB
case scheme=intertidal_dma phase=dense ws=31.0GiB ctx=165120 control=pp:9.7
remote command: env -u LD_PRELOAD GGML_CUDA_HYBRID_MODE=staging GGML_CUDA_HYBRID_PAGE_BUDGET=801 LD_LIBRARY_PATH=/dev/shm/intertidal-capacity.mEP47j:/home/wici/llama.cpp/build-cuda/bin:/usr/local/cuda/lib64 LLAMA_BENCH_LOGIT_CHECKSUM=1 /home/wici/llama.cpp/build-cuda/bin/llama-bench -m /home/wici/voice-lab/models/gguf/gemma-4-31B-it-Q4_0.gguf -p 512 -n 64 -r 5 -t 8 -b 512 -ub 512 -fa on -ctk f16 -ctv f16 -mmp 1 -o csv --ctx-size 165120 -ot '^blk[.][0-9]+[.](attn_(k|v|q|output)|ffn_(down|gate|up))[.]weight$=CUDA_Hybrid'
ggml_cuda_init: found 1 CUDA devices (Total VRAM: 32109 MiB):
  Device 0: NVIDIA GeForce RTX 5090, compute capability 12.0, VMM: yes, VRAM: 32109 MiB
hybrid_vmm,mode=staging,selection=global_budget,requested_pages=801,requested_bytes=1679818752,requested_mib=1602.000,gross_pages=801,gross_bytes=1679818752,gross_mib=1602.000,staging_bytes=58720256,staging_mib=56.000,net_bytes=1621098496,net_mib=1546.000,eligible_pages=7470,selected_tensors=410,layers=60,buffer_bytes=16524435968,local_physical_bytes=14845739008,page_bytes=2097152,buffer_mib=15758.930,remote_mib=1602.000,local_physical_mib=14158.000,net_saved_mib=1546.000,page_mib=2.000
logit_checksum,prompt,2417196da4492390,nonfinite=0
logit_checksum,prompt,0453392d6142afd3,nonfinite=0
logit_checksum,prompt,8c39d6d410e92623,nonfinite=0
logit_checksum,prompt,ce38b3f3a7a05142,nonfinite=0
logit_checksum,prompt,556c3b871bf91e81,nonfinite=0
logit_checksum,prompt,c930f979f7f0aed4,nonfinite=0
build_commit,build_number,cpu_info,gpu_info,backends,model_filename,model_type,model_size,model_n_params,n_batch,n_ubatch,n_threads,cpu_mask,cpu_strict,poll,type_k,type_v,n_gpu_layers,n_cpu_moe,split_mode,main_gpu,no_kv_offload,flash_attn,devices,tensor_split,tensor_buft_overrides,use_mmap,use_direct_io,embeddings,no_op_offload,no_host,fit_target,fit_min_ctx,n_ctx,n_prompt,n_gen,n_depth,test_time,avg_ns,stddev_ns,avg_ts,stddev_ts
"b820cc8","1","Intel(R) Core(TM) Ultra 5 230F","NVIDIA GeForce RTX 5090","CUDA","/home/wici/voice-lab/models/gguf/gemma-4-31B-it-Q4_0.gguf","gemma4 31B Q4_0","17322412272","30697345596","512","512","8","0x0","0","50","f16","f16","-1","0","layer","0","0","1","auto","0.00","^blk[.][0-9]+[.](attn_(k|v|q|output)|ffn_(down|gate|up))[.]weight$=CUDA_Hybrid","1","0","0","0","0","0","0","165120","512","0","0","2026-08-12T09:17:55Z","121185356","1771409","4225.643435","60.762729"
logit_checksum,decode,0c8e93b3ecced1c6,nonfinite=0
logit_checksum,decode,319a6a234bb9ed88,nonfinite=0
logit_checksum,decode,1e95777bddcc71d5,nonfinite=0
logit_checksum,decode,fc3ff68058ffd54e,nonfinite=0
logit_checksum,decode,92560214e2ee8afd,nonfinite=0
logit_checksum,decode,ea317c3ff2b17152,nonfinite=0
"b820cc8","1","Intel(R) Core(TM) Ultra 5 230F","NVIDIA GeForce RTX 5090","CUDA","/home/wici/voice-lab/models/gguf/gemma-4-31B-it-Q4_0.gguf","gemma4 31B Q4_0","17322412272","30697345596","512","512","8","0x0","0","50","f16","f16","-1","0","layer","0","0","1","auto","0.00","^blk[.][0-9]+[.](attn_(k|v|q|output)|ffn_(down|gate|up))[.]weight$=CUDA_Hybrid","1","0","0","0","0","0","0","165120","0","64","0","2026-08-12T09:17:56Z","2202129778","1599095","29.062786","0.021096"
result status=ok pp=4225.643435 tg=29.062786 peak=30192.000MiB
case scheme=intertidal_dma phase=dense ws=31.0GiB ctx=165120 control=pp:9.8
remote command: env -u LD_PRELOAD GGML_CUDA_HYBRID_MODE=staging GGML_CUDA_HYBRID_PAGE_BUDGET=809 LD_LIBRARY_PATH=/dev/shm/intertidal-capacity.mEP47j:/home/wici/llama.cpp/build-cuda/bin:/usr/local/cuda/lib64 LLAMA_BENCH_LOGIT_CHECKSUM=1 /home/wici/llama.cpp/build-cuda/bin/llama-bench -m /home/wici/voice-lab/models/gguf/gemma-4-31B-it-Q4_0.gguf -p 512 -n 64 -r 5 -t 8 -b 512 -ub 512 -fa on -ctk f16 -ctv f16 -mmp 1 -o csv --ctx-size 165120 -ot '^blk[.][0-9]+[.](attn_(k|v|q|output)|ffn_(down|gate|up))[.]weight$=CUDA_Hybrid'
ggml_cuda_init: found 1 CUDA devices (Total VRAM: 32109 MiB):
  Device 0: NVIDIA GeForce RTX 5090, compute capability 12.0, VMM: yes, VRAM: 32109 MiB
hybrid_vmm,mode=staging,selection=global_budget,requested_pages=809,requested_bytes=1696595968,requested_mib=1618.000,gross_pages=809,gross_bytes=1696595968,gross_mib=1618.000,staging_bytes=58720256,staging_mib=56.000,net_bytes=1637875712,net_mib=1562.000,eligible_pages=7470,selected_tensors=410,layers=60,buffer_bytes=16524435968,local_physical_bytes=14828961792,page_bytes=2097152,buffer_mib=15758.930,remote_mib=1618.000,local_physical_mib=14142.000,net_saved_mib=1562.000,page_mib=2.000
logit_checksum,prompt,2417196da4492390,nonfinite=0
logit_checksum,prompt,0453392d6142afd3,nonfinite=0
logit_checksum,prompt,8c39d6d410e92623,nonfinite=0
logit_checksum,prompt,ce38b3f3a7a05142,nonfinite=0
logit_checksum,prompt,556c3b871bf91e81,nonfinite=0
build_commit,build_number,cpu_info,gpu_info,backends,model_filename,model_type,model_size,model_n_params,n_batch,n_ubatch,n_threads,cpu_mask,cpu_strict,poll,type_k,type_v,n_gpu_layers,n_cpu_moe,split_mode,main_gpu,no_kv_offload,flash_attn,devices,tensor_split,tensor_buft_overrides,use_mmap,use_direct_io,embeddings,no_op_offload,no_host,fit_target,fit_min_ctx,n_ctx,n_prompt,n_gen,n_depth,test_time,avg_ns,stddev_ns,avg_ts,stddev_ts
"b820cc8","1","Intel(R) Core(TM) Ultra 5 230F","NVIDIA GeForce RTX 5090","CUDA","/home/wici/voice-lab/models/gguf/gemma-4-31B-it-Q4_0.gguf","gemma4 31B Q4_0","17322412272","30697345596","512","512","8","0x0","0","50","f16","f16","-1","0","layer","0","0","1","auto","0.00","^blk[.][0-9]+[.](attn_(k|v|q|output)|ffn_(down|gate|up))[.]weight$=CUDA_Hybrid","1","0","0","0","0","0","0","165120","512","0","0","2026-08-12T09:18:11Z","121279466","2037188","4222.589509","69.585549"
logit_checksum,prompt,c930f979f7f0aed4,nonfinite=0
logit_checksum,decode,0c8e93b3ecced1c6,nonfinite=0
logit_checksum,decode,319a6a234bb9ed88,nonfinite=0
logit_checksum,decode,1e95777bddcc71d5,nonfinite=0
logit_checksum,decode,fc3ff68058ffd54e,nonfinite=0
logit_checksum,decode,92560214e2ee8afd,nonfinite=0
logit_checksum,decode,ea317c3ff2b17152,nonfinite=0
"b820cc8","1","Intel(R) Core(TM) Ultra 5 230F","NVIDIA GeForce RTX 5090","CUDA","/home/wici/voice-lab/models/gguf/gemma-4-31B-it-Q4_0.gguf","gemma4 31B Q4_0","17322412272","30697345596","512","512","8","0x0","0","50","f16","f16","-1","0","layer","0","0","1","auto","0.00","^blk[.][0-9]+[.](attn_(k|v|q|output)|ffn_(down|gate|up))[.]weight$=CUDA_Hybrid","1","0","0","0","0","0","0","165120","0","64","0","2026-08-12T09:18:12Z","2224008151","2087839","28.776893","0.026992"
result status=ok pp=4222.589509 tg=28.776893 peak=30176.000MiB
case scheme=intertidal_dma phase=dense ws=31.0GiB ctx=165120 control=pp:9.9
remote command: env -u LD_PRELOAD GGML_CUDA_HYBRID_MODE=staging GGML_CUDA_HYBRID_PAGE_BUDGET=818 LD_LIBRARY_PATH=/dev/shm/intertidal-capacity.mEP47j:/home/wici/llama.cpp/build-cuda/bin:/usr/local/cuda/lib64 LLAMA_BENCH_LOGIT_CHECKSUM=1 /home/wici/llama.cpp/build-cuda/bin/llama-bench -m /home/wici/voice-lab/models/gguf/gemma-4-31B-it-Q4_0.gguf -p 512 -n 64 -r 5 -t 8 -b 512 -ub 512 -fa on -ctk f16 -ctv f16 -mmp 1 -o csv --ctx-size 165120 -ot '^blk[.][0-9]+[.](attn_(k|v|q|output)|ffn_(down|gate|up))[.]weight$=CUDA_Hybrid'
ggml_cuda_init: found 1 CUDA devices (Total VRAM: 32109 MiB):
  Device 0: NVIDIA GeForce RTX 5090, compute capability 12.0, VMM: yes, VRAM: 32109 MiB
hybrid_vmm,mode=staging,selection=global_budget,requested_pages=818,requested_bytes=1715470336,requested_mib=1636.000,gross_pages=818,gross_bytes=1715470336,gross_mib=1636.000,staging_bytes=58720256,staging_mib=56.000,net_bytes=1656750080,net_mib=1580.000,eligible_pages=7470,selected_tensors=410,layers=60,buffer_bytes=16524435968,local_physical_bytes=14810087424,page_bytes=2097152,buffer_mib=15758.930,remote_mib=1636.000,local_physical_mib=14124.000,net_saved_mib=1580.000,page_mib=2.000
logit_checksum,prompt,2417196da4492390,nonfinite=0
logit_checksum,prompt,0453392d6142afd3,nonfinite=0
logit_checksum,prompt,8c39d6d410e92623,nonfinite=0
logit_checksum,prompt,ce38b3f3a7a05142,nonfinite=0
logit_checksum,prompt,556c3b871bf91e81,nonfinite=0
logit_checksum,prompt,c930f979f7f0aed4,nonfinite=0
build_commit,build_number,cpu_info,gpu_info,backends,model_filename,model_type,model_size,model_n_params,n_batch,n_ubatch,n_threads,cpu_mask,cpu_strict,poll,type_k,type_v,n_gpu_layers,n_cpu_moe,split_mode,main_gpu,no_kv_offload,flash_attn,devices,tensor_split,tensor_buft_overrides,use_mmap,use_direct_io,embeddings,no_op_offload,no_host,fit_target,fit_min_ctx,n_ctx,n_prompt,n_gen,n_depth,test_time,avg_ns,stddev_ns,avg_ts,stddev_ts
"b820cc8","1","Intel(R) Core(TM) Ultra 5 230F","NVIDIA GeForce RTX 5090","CUDA","/home/wici/voice-lab/models/gguf/gemma-4-31B-it-Q4_0.gguf","gemma4 31B Q4_0","17322412272","30697345596","512","512","8","0x0","0","50","f16","f16","-1","0","layer","0","0","1","auto","0.00","^blk[.][0-9]+[.](attn_(k|v|q|output)|ffn_(down|gate|up))[.]weight$=CUDA_Hybrid","1","0","0","0","0","0","0","165120","512","0","0","2026-08-12T09:18:26Z","121075785","2107739","4229.761813","72.197544"
logit_checksum,decode,0c8e93b3ecced1c6,nonfinite=0
logit_checksum,decode,319a6a234bb9ed88,nonfinite=0
logit_checksum,decode,1e95777bddcc71d5,nonfinite=0
logit_checksum,decode,fc3ff68058ffd54e,nonfinite=0
logit_checksum,decode,92560214e2ee8afd,nonfinite=0
"b820cc8","1","Intel(R) Core(TM) Ultra 5 230F","NVIDIA GeForce RTX 5090","CUDA","/home/wici/voice-lab/models/gguf/gemma-4-31B-it-Q4_0.gguf","gemma4 31B Q4_0","17322412272","30697345596","512","512","8","0x0","0","50","f16","f16","-1","0","layer","0","0","1","auto","0.00","^blk[.][0-9]+[.](attn_(k|v|q|output)|ffn_(down|gate|up))[.]weight$=CUDA_Hybrid","1","0","0","0","0","0","0","165120","0","64","0","2026-08-12T09:18:27Z","2251637144","3106269","28.423806","0.039160"
logit_checksum,decode,ea317c3ff2b17152,nonfinite=0
result status=ok pp=4229.761813 tg=28.423806 peak=30158.000MiB
skip intertidal_dma ws=31.0 control=pp:10 status=ok
case scheme=intertidal_dma phase=dense ws=31.0GiB ctx=165120 control=pp:10.1
remote command: env -u LD_PRELOAD GGML_CUDA_HYBRID_MODE=staging GGML_CUDA_HYBRID_PAGE_BUDGET=834 LD_LIBRARY_PATH=/dev/shm/intertidal-capacity.mEP47j:/home/wici/llama.cpp/build-cuda/bin:/usr/local/cuda/lib64 LLAMA_BENCH_LOGIT_CHECKSUM=1 /home/wici/llama.cpp/build-cuda/bin/llama-bench -m /home/wici/voice-lab/models/gguf/gemma-4-31B-it-Q4_0.gguf -p 512 -n 64 -r 5 -t 8 -b 512 -ub 512 -fa on -ctk f16 -ctv f16 -mmp 1 -o csv --ctx-size 165120 -ot '^blk[.][0-9]+[.](attn_(k|v|q|output)|ffn_(down|gate|up))[.]weight$=CUDA_Hybrid'
ggml_cuda_init: found 1 CUDA devices (Total VRAM: 32109 MiB):
  Device 0: NVIDIA GeForce RTX 5090, compute capability 12.0, VMM: yes, VRAM: 32109 MiB
hybrid_vmm,mode=staging,selection=global_budget,requested_pages=834,requested_bytes=1749024768,requested_mib=1668.000,gross_pages=834,gross_bytes=1749024768,gross_mib=1668.000,staging_bytes=62914560,staging_mib=60.000,net_bytes=1686110208,net_mib=1608.000,eligible_pages=7470,selected_tensors=410,layers=60,buffer_bytes=16524435968,local_physical_bytes=14776532992,page_bytes=2097152,buffer_mib=15758.930,remote_mib=1668.000,local_physical_mib=14092.000,net_saved_mib=1608.000,page_mib=2.000
logit_checksum,prompt,2417196da4492390,nonfinite=0
logit_checksum,prompt,0453392d6142afd3,nonfinite=0
logit_checksum,prompt,8c39d6d410e92623,nonfinite=0
logit_checksum,prompt,ce38b3f3a7a05142,nonfinite=0
logit_checksum,prompt,556c3b871bf91e81,nonfinite=0
logit_checksum,prompt,c930f979f7f0aed4,nonfinite=0
build_commit,build_number,cpu_info,gpu_info,backends,model_filename,model_type,model_size,model_n_params,n_batch,n_ubatch,n_threads,cpu_mask,cpu_strict,poll,type_k,type_v,n_gpu_layers,n_cpu_moe,split_mode,main_gpu,no_kv_offload,flash_attn,devices,tensor_split,tensor_buft_overrides,use_mmap,use_direct_io,embeddings,no_op_offload,no_host,fit_target,fit_min_ctx,n_ctx,n_prompt,n_gen,n_depth,test_time,avg_ns,stddev_ns,avg_ts,stddev_ts
"b820cc8","1","Intel(R) Core(TM) Ultra 5 230F","NVIDIA GeForce RTX 5090","CUDA","/home/wici/voice-lab/models/gguf/gemma-4-31B-it-Q4_0.gguf","gemma4 31B Q4_0","17322412272","30697345596","512","512","8","0x0","0","50","f16","f16","-1","0","layer","0","0","1","auto","0.00","^blk[.][0-9]+[.](attn_(k|v|q|output)|ffn_(down|gate|up))[.]weight$=CUDA_Hybrid","1","0","0","0","0","0","0","165120","512","0","0","2026-08-12T09:18:42Z","120925631","1845914","4234.784253","63.628791"
logit_checksum,decode,0c8e93b3ecced1c6,nonfinite=0
logit_checksum,decode,319a6a234bb9ed88,nonfinite=0
logit_checksum,decode,1e95777bddcc71d5,nonfinite=0
logit_checksum,decode,fc3ff68058ffd54e,nonfinite=0
logit_checksum,decode,92560214e2ee8afd,nonfinite=0
logit_checksum,decode,ea317c3ff2b17152,nonfinite=0
"b820cc8","1","Intel(R) Core(TM) Ultra 5 230F","NVIDIA GeForce RTX 5090","CUDA","/home/wici/voice-lab/models/gguf/gemma-4-31B-it-Q4_0.gguf","gemma4 31B Q4_0","17322412272","30697345596","512","512","8","0x0","0","50","f16","f16","-1","0","layer","0","0","1","auto","0.00","^blk[.][0-9]+[.](attn_(k|v|q|output)|ffn_(down|gate|up))[.]weight$=CUDA_Hybrid","1","0","0","0","0","0","0","165120","0","64","0","2026-08-12T09:18:43Z","2290471142","1877069","27.941865","0.022875"
result status=ok pp=4234.784253 tg=27.941865 peak=30130.000MiB
case scheme=intertidal_dma phase=dense ws=31.0GiB ctx=165120 control=pp:10.2
remote command: env -u LD_PRELOAD GGML_CUDA_HYBRID_MODE=staging GGML_CUDA_HYBRID_PAGE_BUDGET=843 LD_LIBRARY_PATH=/dev/shm/intertidal-capacity.mEP47j:/home/wici/llama.cpp/build-cuda/bin:/usr/local/cuda/lib64 LLAMA_BENCH_LOGIT_CHECKSUM=1 /home/wici/llama.cpp/build-cuda/bin/llama-bench -m /home/wici/voice-lab/models/gguf/gemma-4-31B-it-Q4_0.gguf -p 512 -n 64 -r 5 -t 8 -b 512 -ub 512 -fa on -ctk f16 -ctv f16 -mmp 1 -o csv --ctx-size 165120 -ot '^blk[.][0-9]+[.](attn_(k|v|q|output)|ffn_(down|gate|up))[.]weight$=CUDA_Hybrid'
ggml_cuda_init: found 1 CUDA devices (Total VRAM: 32109 MiB):
  Device 0: NVIDIA GeForce RTX 5090, compute capability 12.0, VMM: yes, VRAM: 32109 MiB
hybrid_vmm,mode=staging,selection=global_budget,requested_pages=843,requested_bytes=1767899136,requested_mib=1686.000,gross_pages=843,gross_bytes=1767899136,gross_mib=1686.000,staging_bytes=62914560,staging_mib=60.000,net_bytes=1704984576,net_mib=1626.000,eligible_pages=7470,selected_tensors=410,layers=60,buffer_bytes=16524435968,local_physical_bytes=14757658624,page_bytes=2097152,buffer_mib=15758.930,remote_mib=1686.000,local_physical_mib=14074.000,net_saved_mib=1626.000,page_mib=2.000
logit_checksum,prompt,2417196da4492390,nonfinite=0
logit_checksum,prompt,0453392d6142afd3,nonfinite=0
logit_checksum,prompt,8c39d6d410e92623,nonfinite=0
logit_checksum,prompt,ce38b3f3a7a05142,nonfinite=0
logit_checksum,prompt,556c3b871bf91e81,nonfinite=0
logit_checksum,prompt,c930f979f7f0aed4,nonfinite=0
build_commit,build_number,cpu_info,gpu_info,backends,model_filename,model_type,model_size,model_n_params,n_batch,n_ubatch,n_threads,cpu_mask,cpu_strict,poll,type_k,type_v,n_gpu_layers,n_cpu_moe,split_mode,main_gpu,no_kv_offload,flash_attn,devices,tensor_split,tensor_buft_overrides,use_mmap,use_direct_io,embeddings,no_op_offload,no_host,fit_target,fit_min_ctx,n_ctx,n_prompt,n_gen,n_depth,test_time,avg_ns,stddev_ns,avg_ts,stddev_ts
"b820cc8","1","Intel(R) Core(TM) Ultra 5 230F","NVIDIA GeForce RTX 5090","CUDA","/home/wici/voice-lab/models/gguf/gemma-4-31B-it-Q4_0.gguf","gemma4 31B Q4_0","17322412272","30697345596","512","512","8","0x0","0","50","f16","f16","-1","0","layer","0","0","1","auto","0.00","^blk[.][0-9]+[.](attn_(k|v|q|output)|ffn_(down|gate|up))[.]weight$=CUDA_Hybrid","1","0","0","0","0","0","0","165120","512","0","0","2026-08-12T09:18:57Z","120986155","1790084","4232.618470","61.616769"
logit_checksum,decode,0c8e93b3ecced1c6,nonfinite=0
logit_checksum,decode,319a6a234bb9ed88,nonfinite=0
logit_checksum,decode,1e95777bddcc71d5,nonfinite=0
logit_checksum,decode,fc3ff68058ffd54e,nonfinite=0
logit_checksum,decode,92560214e2ee8afd,nonfinite=0
logit_checksum,decode,ea317c3ff2b17152,nonfinite=0
"b820cc8","1","Intel(R) Core(TM) Ultra 5 230F","NVIDIA GeForce RTX 5090","CUDA","/home/wici/voice-lab/models/gguf/gemma-4-31B-it-Q4_0.gguf","gemma4 31B Q4_0","17322412272","30697345596","512","512","8","0x0","0","50","f16","f16","-1","0","layer","0","0","1","auto","0.00","^blk[.][0-9]+[.](attn_(k|v|q|output)|ffn_(down|gate|up))[.]weight$=CUDA_Hybrid","1","0","0","0","0","0","0","165120","0","64","0","2026-08-12T09:18:58Z","2315758793","1307524","27.636737","0.015582"
result status=ok pp=4232.618470 tg=27.636737 peak=30112.000MiB
case scheme=intertidal_dma phase=dense ws=31.0GiB ctx=165120 control=pp:10.3
remote command: env -u LD_PRELOAD GGML_CUDA_HYBRID_MODE=staging GGML_CUDA_HYBRID_PAGE_BUDGET=851 LD_LIBRARY_PATH=/dev/shm/intertidal-capacity.mEP47j:/home/wici/llama.cpp/build-cuda/bin:/usr/local/cuda/lib64 LLAMA_BENCH_LOGIT_CHECKSUM=1 /home/wici/llama.cpp/build-cuda/bin/llama-bench -m /home/wici/voice-lab/models/gguf/gemma-4-31B-it-Q4_0.gguf -p 512 -n 64 -r 5 -t 8 -b 512 -ub 512 -fa on -ctk f16 -ctv f16 -mmp 1 -o csv --ctx-size 165120 -ot '^blk[.][0-9]+[.](attn_(k|v|q|output)|ffn_(down|gate|up))[.]weight$=CUDA_Hybrid'
ggml_cuda_init: found 1 CUDA devices (Total VRAM: 32109 MiB):
  Device 0: NVIDIA GeForce RTX 5090, compute capability 12.0, VMM: yes, VRAM: 32109 MiB
hybrid_vmm,mode=staging,selection=global_budget,requested_pages=851,requested_bytes=1784676352,requested_mib=1702.000,gross_pages=851,gross_bytes=1784676352,gross_mib=1702.000,staging_bytes=62914560,staging_mib=60.000,net_bytes=1721761792,net_mib=1642.000,eligible_pages=7470,selected_tensors=410,layers=60,buffer_bytes=16524435968,local_physical_bytes=14740881408,page_bytes=2097152,buffer_mib=15758.930,remote_mib=1702.000,local_physical_mib=14058.000,net_saved_mib=1642.000,page_mib=2.000
logit_checksum,prompt,2417196da4492390,nonfinite=0
logit_checksum,prompt,0453392d6142afd3,nonfinite=0
logit_checksum,prompt,8c39d6d410e92623,nonfinite=0
build_commit,build_number,cpu_info,gpu_info,backends,model_filename,model_type,model_size,model_n_params,n_batch,n_ubatch,n_threads,cpu_mask,cpu_strict,poll,type_k,type_v,n_gpu_layers,n_cpu_moe,split_mode,main_gpu,no_kv_offload,flash_attn,devices,tensor_split,tensor_buft_overrides,use_mmap,use_direct_io,embeddings,no_op_offload,no_host,fit_target,fit_min_ctx,n_ctx,n_prompt,n_gen,n_depth,test_time,avg_ns,stddev_ns,avg_ts,stddev_ts
logit_checksum,prompt,ce38b3f3a7a05142,nonfinite=0
logit_checksum,prompt,556c3b871bf91e81,nonfinite=0
logit_checksum,prompt,c930f979f7f0aed4,nonfinite=0
logit_checksum,decode,0c8e93b3ecced1c6,nonfinite=0
"b820cc8","1","Intel(R) Core(TM) Ultra 5 230F","NVIDIA GeForce RTX 5090","CUDA","/home/wici/voice-lab/models/gguf/gemma-4-31B-it-Q4_0.gguf","gemma4 31B Q4_0","17322412272","30697345596","512","512","8","0x0","0","50","f16","f16","-1","0","layer","0","0","1","auto","0.00","^blk[.][0-9]+[.](attn_(k|v|q|output)|ffn_(down|gate|up))[.]weight$=CUDA_Hybrid","1","0","0","0","0","0","0","165120","512","0","0","2026-08-12T09:19:14Z","120894340","1864724","4235.895498","64.219247"
logit_checksum,decode,319a6a234bb9ed88,nonfinite=0
logit_checksum,decode,1e95777bddcc71d5,nonfinite=0
logit_checksum,decode,fc3ff68058ffd54e,nonfinite=0
logit_checksum,decode,92560214e2ee8afd,nonfinite=0
logit_checksum,decode,ea317c3ff2b17152,nonfinite=0
"b820cc8","1","Intel(R) Core(TM) Ultra 5 230F","NVIDIA GeForce RTX 5090","CUDA","/home/wici/voice-lab/models/gguf/gemma-4-31B-it-Q4_0.gguf","gemma4 31B Q4_0","17322412272","30697345596","512","512","8","0x0","0","50","f16","f16","-1","0","layer","0","0","1","auto","0.00","^blk[.][0-9]+[.](attn_(k|v|q|output)|ffn_(down|gate|up))[.]weight$=CUDA_Hybrid","1","0","0","0","0","0","0","165120","0","64","0","2026-08-12T09:19:15Z","2340292636","1762288","27.347020","0.020573"
result status=ok pp=4235.895498 tg=27.347020 peak=30096.000MiB
case scheme=intertidal_dma phase=dense ws=31.0GiB ctx=165120 control=pp:10.4
remote command: env -u LD_PRELOAD GGML_CUDA_HYBRID_MODE=staging GGML_CUDA_HYBRID_PAGE_BUDGET=859 LD_LIBRARY_PATH=/dev/shm/intertidal-capacity.mEP47j:/home/wici/llama.cpp/build-cuda/bin:/usr/local/cuda/lib64 LLAMA_BENCH_LOGIT_CHECKSUM=1 /home/wici/llama.cpp/build-cuda/bin/llama-bench -m /home/wici/voice-lab/models/gguf/gemma-4-31B-it-Q4_0.gguf -p 512 -n 64 -r 5 -t 8 -b 512 -ub 512 -fa on -ctk f16 -ctv f16 -mmp 1 -o csv --ctx-size 165120 -ot '^blk[.][0-9]+[.](attn_(k|v|q|output)|ffn_(down|gate|up))[.]weight$=CUDA_Hybrid'
ggml_cuda_init: found 1 CUDA devices (Total VRAM: 32109 MiB):
  Device 0: NVIDIA GeForce RTX 5090, compute capability 12.0, VMM: yes, VRAM: 32109 MiB
hybrid_vmm,mode=staging,selection=global_budget,requested_pages=859,requested_bytes=1801453568,requested_mib=1718.000,gross_pages=859,gross_bytes=1801453568,gross_mib=1718.000,staging_bytes=62914560,staging_mib=60.000,net_bytes=1738539008,net_mib=1658.000,eligible_pages=7470,selected_tensors=410,layers=60,buffer_bytes=16524435968,local_physical_bytes=14724104192,page_bytes=2097152,buffer_mib=15758.930,remote_mib=1718.000,local_physical_mib=14042.000,net_saved_mib=1658.000,page_mib=2.000
logit_checksum,prompt,2417196da4492390,nonfinite=0
logit_checksum,prompt,0453392d6142afd3,nonfinite=0
logit_checksum,prompt,8c39d6d410e92623,nonfinite=0
logit_checksum,prompt,ce38b3f3a7a05142,nonfinite=0
logit_checksum,prompt,556c3b871bf91e81,nonfinite=0
logit_checksum,prompt,c930f979f7f0aed4,nonfinite=0
build_commit,build_number,cpu_info,gpu_info,backends,model_filename,model_type,model_size,model_n_params,n_batch,n_ubatch,n_threads,cpu_mask,cpu_strict,poll,type_k,type_v,n_gpu_layers,n_cpu_moe,split_mode,main_gpu,no_kv_offload,flash_attn,devices,tensor_split,tensor_buft_overrides,use_mmap,use_direct_io,embeddings,no_op_offload,no_host,fit_target,fit_min_ctx,n_ctx,n_prompt,n_gen,n_depth,test_time,avg_ns,stddev_ns,avg_ts,stddev_ts
"b820cc8","1","Intel(R) Core(TM) Ultra 5 230F","NVIDIA GeForce RTX 5090","CUDA","/home/wici/voice-lab/models/gguf/gemma-4-31B-it-Q4_0.gguf","gemma4 31B Q4_0","17322412272","30697345596","512","512","8","0x0","0","50","f16","f16","-1","0","layer","0","0","1","auto","0.00","^blk[.][0-9]+[.](attn_(k|v|q|output)|ffn_(down|gate|up))[.]weight$=CUDA_Hybrid","1","0","0","0","0","0","0","165120","512","0","0","2026-08-12T09:19:30Z","120949005","2118122","4234.207617","72.711394"
logit_checksum,decode,0c8e93b3ecced1c6,nonfinite=0
logit_checksum,decode,319a6a234bb9ed88,nonfinite=0
logit_checksum,decode,1e95777bddcc71d5,nonfinite=0
logit_checksum,decode,fc3ff68058ffd54e,nonfinite=0
logit_checksum,decode,92560214e2ee8afd,nonfinite=0
"b820cc8","1","Intel(R) Core(TM) Ultra 5 230F","NVIDIA GeForce RTX 5090","CUDA","/home/wici/voice-lab/models/gguf/gemma-4-31B-it-Q4_0.gguf","gemma4 31B Q4_0","17322412272","30697345596","512","512","8","0x0","0","50","f16","f16","-1","0","layer","0","0","1","auto","0.00","^blk[.][0-9]+[.](attn_(k|v|q|output)|ffn_(down|gate|up))[.]weight$=CUDA_Hybrid","1","0","0","0","0","0","0","165120","0","64","0","2026-08-12T09:19:31Z","2360947087","1915221","27.107780","0.021973"
logit_checksum,decode,ea317c3ff2b17152,nonfinite=0
result status=ok pp=4234.207617 tg=27.107780 peak=30080.000MiB
case scheme=intertidal_dma phase=dense ws=31.0GiB ctx=165120 control=pp:10.5
remote command: env -u LD_PRELOAD GGML_CUDA_HYBRID_MODE=staging GGML_CUDA_HYBRID_PAGE_BUDGET=867 LD_LIBRARY_PATH=/dev/shm/intertidal-capacity.mEP47j:/home/wici/llama.cpp/build-cuda/bin:/usr/local/cuda/lib64 LLAMA_BENCH_LOGIT_CHECKSUM=1 /home/wici/llama.cpp/build-cuda/bin/llama-bench -m /home/wici/voice-lab/models/gguf/gemma-4-31B-it-Q4_0.gguf -p 512 -n 64 -r 5 -t 8 -b 512 -ub 512 -fa on -ctk f16 -ctv f16 -mmp 1 -o csv --ctx-size 165120 -ot '^blk[.][0-9]+[.](attn_(k|v|q|output)|ffn_(down|gate|up))[.]weight$=CUDA_Hybrid'
ggml_cuda_init: found 1 CUDA devices (Total VRAM: 32109 MiB):
  Device 0: NVIDIA GeForce RTX 5090, compute capability 12.0, VMM: yes, VRAM: 32109 MiB
hybrid_vmm,mode=staging,selection=global_budget,requested_pages=867,requested_bytes=1818230784,requested_mib=1734.000,gross_pages=867,gross_bytes=1818230784,gross_mib=1734.000,staging_bytes=62914560,staging_mib=60.000,net_bytes=1755316224,net_mib=1674.000,eligible_pages=7470,selected_tensors=410,layers=60,buffer_bytes=16524435968,local_physical_bytes=14707326976,page_bytes=2097152,buffer_mib=15758.930,remote_mib=1734.000,local_physical_mib=14026.000,net_saved_mib=1674.000,page_mib=2.000
logit_checksum,prompt,2417196da4492390,nonfinite=0
logit_checksum,prompt,0453392d6142afd3,nonfinite=0
logit_checksum,prompt,8c39d6d410e92623,nonfinite=0
logit_checksum,prompt,ce38b3f3a7a05142,nonfinite=0
logit_checksum,prompt,556c3b871bf91e81,nonfinite=0
build_commit,build_number,cpu_info,gpu_info,backends,model_filename,model_type,model_size,model_n_params,n_batch,n_ubatch,n_threads,cpu_mask,cpu_strict,poll,type_k,type_v,n_gpu_layers,n_cpu_moe,split_mode,main_gpu,no_kv_offload,flash_attn,devices,tensor_split,tensor_buft_overrides,use_mmap,use_direct_io,embeddings,no_op_offload,no_host,fit_target,fit_min_ctx,n_ctx,n_prompt,n_gen,n_depth,test_time,avg_ns,stddev_ns,avg_ts,stddev_ts
"b820cc8","1","Intel(R) Core(TM) Ultra 5 230F","NVIDIA GeForce RTX 5090","CUDA","/home/wici/voice-lab/models/gguf/gemma-4-31B-it-Q4_0.gguf","gemma4 31B Q4_0","17322412272","30697345596","512","512","8","0x0","0","50","f16","f16","-1","0","layer","0","0","1","auto","0.00","^blk[.][0-9]+[.](attn_(k|v|q|output)|ffn_(down|gate|up))[.]weight$=CUDA_Hybrid","1","0","0","0","0","0","0","165120","512","0","0","2026-08-12T09:19:47Z","120846420","1741250","4237.475806","60.148157"
logit_checksum,prompt,c930f979f7f0aed4,nonfinite=0
logit_checksum,decode,0c8e93b3ecced1c6,nonfinite=0
logit_checksum,decode,319a6a234bb9ed88,nonfinite=0
logit_checksum,decode,1e95777bddcc71d5,nonfinite=0
logit_checksum,decode,fc3ff68058ffd54e,nonfinite=0
logit_checksum,decode,92560214e2ee8afd,nonfinite=0
logit_checksum,decode,ea317c3ff2b17152,nonfinite=0
"b820cc8","1","Intel(R) Core(TM) Ultra 5 230F","NVIDIA GeForce RTX 5090","CUDA","/home/wici/voice-lab/models/gguf/gemma-4-31B-it-Q4_0.gguf","gemma4 31B Q4_0","17322412272","30697345596","512","512","8","0x0","0","50","f16","f16","-1","0","layer","0","0","1","auto","0.00","^blk[.][0-9]+[.](attn_(k|v|q|output)|ffn_(down|gate|up))[.]weight$=CUDA_Hybrid","1","0","0","0","0","0","0","165120","0","64","0","2026-08-12T09:19:48Z","2382537017","3176751","26.862160","0.035777"
result status=ok pp=4237.475806 tg=26.862160 peak=30064.000MiB
case scheme=intertidal_dma phase=dense ws=31.0GiB ctx=165120 control=pp:10.6
remote command: env -u LD_PRELOAD GGML_CUDA_HYBRID_MODE=staging GGML_CUDA_HYBRID_PAGE_BUDGET=876 LD_LIBRARY_PATH=/dev/shm/intertidal-capacity.mEP47j:/home/wici/llama.cpp/build-cuda/bin:/usr/local/cuda/lib64 LLAMA_BENCH_LOGIT_CHECKSUM=1 /home/wici/llama.cpp/build-cuda/bin/llama-bench -m /home/wici/voice-lab/models/gguf/gemma-4-31B-it-Q4_0.gguf -p 512 -n 64 -r 5 -t 8 -b 512 -ub 512 -fa on -ctk f16 -ctv f16 -mmp 1 -o csv --ctx-size 165120 -ot '^blk[.][0-9]+[.](attn_(k|v|q|output)|ffn_(down|gate|up))[.]weight$=CUDA_Hybrid'
ggml_cuda_init: found 1 CUDA devices (Total VRAM: 32109 MiB):
  Device 0: NVIDIA GeForce RTX 5090, compute capability 12.0, VMM: yes, VRAM: 32109 MiB
hybrid_vmm,mode=staging,selection=global_budget,requested_pages=876,requested_bytes=1837105152,requested_mib=1752.000,gross_pages=876,gross_bytes=1837105152,gross_mib=1752.000,staging_bytes=62914560,staging_mib=60.000,net_bytes=1774190592,net_mib=1692.000,eligible_pages=7470,selected_tensors=410,layers=60,buffer_bytes=16524435968,local_physical_bytes=14688452608,page_bytes=2097152,buffer_mib=15758.930,remote_mib=1752.000,local_physical_mib=14008.000,net_saved_mib=1692.000,page_mib=2.000
logit_checksum,prompt,2417196da4492390,nonfinite=0
logit_checksum,prompt,0453392d6142afd3,nonfinite=0
logit_checksum,prompt,8c39d6d410e92623,nonfinite=0
logit_checksum,prompt,ce38b3f3a7a05142,nonfinite=0
logit_checksum,prompt,556c3b871bf91e81,nonfinite=0
build_commit,build_number,cpu_info,gpu_info,backends,model_filename,model_type,model_size,model_n_params,n_batch,n_ubatch,n_threads,cpu_mask,cpu_strict,poll,type_k,type_v,n_gpu_layers,n_cpu_moe,split_mode,main_gpu,no_kv_offload,flash_attn,devices,tensor_split,tensor_buft_overrides,use_mmap,use_direct_io,embeddings,no_op_offload,no_host,fit_target,fit_min_ctx,n_ctx,n_prompt,n_gen,n_depth,test_time,avg_ns,stddev_ns,avg_ts,stddev_ts
logit_checksum,prompt,c930f979f7f0aed4,nonfinite=0
"b820cc8","1","Intel(R) Core(TM) Ultra 5 230F","NVIDIA GeForce RTX 5090","CUDA","/home/wici/voice-lab/models/gguf/gemma-4-31B-it-Q4_0.gguf","gemma4 31B Q4_0","17322412272","30697345596","512","512","8","0x0","0","50","f16","f16","-1","0","layer","0","0","1","auto","0.00","^blk[.][0-9]+[.](attn_(k|v|q|output)|ffn_(down|gate|up))[.]weight$=CUDA_Hybrid","1","0","0","0","0","0","0","165120","512","0","0","2026-08-12T09:20:03Z","120914400","1592615","4234.979201","54.923207"
logit_checksum,decode,0c8e93b3ecced1c6,nonfinite=0
logit_checksum,decode,319a6a234bb9ed88,nonfinite=0
logit_checksum,decode,1e95777bddcc71d5,nonfinite=0
logit_checksum,decode,fc3ff68058ffd54e,nonfinite=0
logit_checksum,decode,92560214e2ee8afd,nonfinite=0
"b820cc8","1","Intel(R) Core(TM) Ultra 5 230F","NVIDIA GeForce RTX 5090","CUDA","/home/wici/voice-lab/models/gguf/gemma-4-31B-it-Q4_0.gguf","gemma4 31B Q4_0","17322412272","30697345596","512","512","8","0x0","0","50","f16","f16","-1","0","layer","0","0","1","auto","0.00","^blk[.][0-9]+[.](attn_(k|v|q|output)|ffn_(down|gate|up))[.]weight$=CUDA_Hybrid","1","0","0","0","0","0","0","165120","0","64","0","2026-08-12T09:20:04Z","2407461021","1671956","26.584034","0.018449"
logit_checksum,decode,ea317c3ff2b17152,nonfinite=0
result status=ok pp=4234.979201 tg=26.584034 peak=30046.000MiB
case scheme=intertidal_dma phase=dense ws=31.0GiB ctx=165120 control=pp:10.7
remote command: env -u LD_PRELOAD GGML_CUDA_HYBRID_MODE=staging GGML_CUDA_HYBRID_PAGE_BUDGET=884 LD_LIBRARY_PATH=/dev/shm/intertidal-capacity.mEP47j:/home/wici/llama.cpp/build-cuda/bin:/usr/local/cuda/lib64 LLAMA_BENCH_LOGIT_CHECKSUM=1 /home/wici/llama.cpp/build-cuda/bin/llama-bench -m /home/wici/voice-lab/models/gguf/gemma-4-31B-it-Q4_0.gguf -p 512 -n 64 -r 5 -t 8 -b 512 -ub 512 -fa on -ctk f16 -ctv f16 -mmp 1 -o csv --ctx-size 165120 -ot '^blk[.][0-9]+[.](attn_(k|v|q|output)|ffn_(down|gate|up))[.]weight$=CUDA_Hybrid'
ggml_cuda_init: found 1 CUDA devices (Total VRAM: 32109 MiB):
  Device 0: NVIDIA GeForce RTX 5090, compute capability 12.0, VMM: yes, VRAM: 32109 MiB
hybrid_vmm,mode=staging,selection=global_budget,requested_pages=884,requested_bytes=1853882368,requested_mib=1768.000,gross_pages=884,gross_bytes=1853882368,gross_mib=1768.000,staging_bytes=67108864,staging_mib=64.000,net_bytes=1786773504,net_mib=1704.000,eligible_pages=7470,selected_tensors=410,layers=60,buffer_bytes=16524435968,local_physical_bytes=14671675392,page_bytes=2097152,buffer_mib=15758.930,remote_mib=1768.000,local_physical_mib=13992.000,net_saved_mib=1704.000,page_mib=2.000
logit_checksum,prompt,2417196da4492390,nonfinite=0
logit_checksum,prompt,0453392d6142afd3,nonfinite=0
logit_checksum,prompt,8c39d6d410e92623,nonfinite=0
logit_checksum,prompt,ce38b3f3a7a05142,nonfinite=0
logit_checksum,prompt,556c3b871bf91e81,nonfinite=0
logit_checksum,prompt,c930f979f7f0aed4,nonfinite=0
build_commit,build_number,cpu_info,gpu_info,backends,model_filename,model_type,model_size,model_n_params,n_batch,n_ubatch,n_threads,cpu_mask,cpu_strict,poll,type_k,type_v,n_gpu_layers,n_cpu_moe,split_mode,main_gpu,no_kv_offload,flash_attn,devices,tensor_split,tensor_buft_overrides,use_mmap,use_direct_io,embeddings,no_op_offload,no_host,fit_target,fit_min_ctx,n_ctx,n_prompt,n_gen,n_depth,test_time,avg_ns,stddev_ns,avg_ts,stddev_ts
logit_checksum,decode,0c8e93b3ecced1c6,nonfinite=0
"b820cc8","1","Intel(R) Core(TM) Ultra 5 230F","NVIDIA GeForce RTX 5090","CUDA","/home/wici/voice-lab/models/gguf/gemma-4-31B-it-Q4_0.gguf","gemma4 31B Q4_0","17322412272","30697345596","512","512","8","0x0","0","50","f16","f16","-1","0","layer","0","0","1","auto","0.00","^blk[.][0-9]+[.](attn_(k|v|q|output)|ffn_(down|gate|up))[.]weight$=CUDA_Hybrid","1","0","0","0","0","0","0","165120","512","0","0","2026-08-12T09:20:19Z","120913491","1770720","4235.147512","61.045557"
logit_checksum,decode,319a6a234bb9ed88,nonfinite=0
logit_checksum,decode,1e95777bddcc71d5,nonfinite=0
logit_checksum,decode,fc3ff68058ffd54e,nonfinite=0
logit_checksum,decode,92560214e2ee8afd,nonfinite=0
logit_checksum,decode,ea317c3ff2b17152,nonfinite=0
"b820cc8","1","Intel(R) Core(TM) Ultra 5 230F","NVIDIA GeForce RTX 5090","CUDA","/home/wici/voice-lab/models/gguf/gemma-4-31B-it-Q4_0.gguf","gemma4 31B Q4_0","17322412272","30697345596","512","512","8","0x0","0","50","f16","f16","-1","0","layer","0","0","1","auto","0.00","^blk[.][0-9]+[.](attn_(k|v|q|output)|ffn_(down|gate|up))[.]weight$=CUDA_Hybrid","1","0","0","0","0","0","0","165120","0","64","0","2026-08-12T09:20:20Z","2424355744","2833532","26.398795","0.030826"
result status=ok pp=4235.147512 tg=26.398795 peak=30034.000MiB
case scheme=intertidal_dma phase=dense ws=31.0GiB ctx=165120 control=pp:10.8
remote command: env -u LD_PRELOAD GGML_CUDA_HYBRID_MODE=staging GGML_CUDA_HYBRID_PAGE_BUDGET=892 LD_LIBRARY_PATH=/dev/shm/intertidal-capacity.mEP47j:/home/wici/llama.cpp/build-cuda/bin:/usr/local/cuda/lib64 LLAMA_BENCH_LOGIT_CHECKSUM=1 /home/wici/llama.cpp/build-cuda/bin/llama-bench -m /home/wici/voice-lab/models/gguf/gemma-4-31B-it-Q4_0.gguf -p 512 -n 64 -r 5 -t 8 -b 512 -ub 512 -fa on -ctk f16 -ctv f16 -mmp 1 -o csv --ctx-size 165120 -ot '^blk[.][0-9]+[.](attn_(k|v|q|output)|ffn_(down|gate|up))[.]weight$=CUDA_Hybrid'
ggml_cuda_init: found 1 CUDA devices (Total VRAM: 32109 MiB):
  Device 0: NVIDIA GeForce RTX 5090, compute capability 12.0, VMM: yes, VRAM: 32109 MiB
hybrid_vmm,mode=staging,selection=global_budget,requested_pages=892,requested_bytes=1870659584,requested_mib=1784.000,gross_pages=892,gross_bytes=1870659584,gross_mib=1784.000,staging_bytes=67108864,staging_mib=64.000,net_bytes=1803550720,net_mib=1720.000,eligible_pages=7470,selected_tensors=410,layers=60,buffer_bytes=16524435968,local_physical_bytes=14654898176,page_bytes=2097152,buffer_mib=15758.930,remote_mib=1784.000,local_physical_mib=13976.000,net_saved_mib=1720.000,page_mib=2.000
logit_checksum,prompt,2417196da4492390,nonfinite=0
logit_checksum,prompt,0453392d6142afd3,nonfinite=0
logit_checksum,prompt,8c39d6d410e92623,nonfinite=0
logit_checksum,prompt,ce38b3f3a7a05142,nonfinite=0
logit_checksum,prompt,556c3b871bf91e81,nonfinite=0
logit_checksum,prompt,c930f979f7f0aed4,nonfinite=0
build_commit,build_number,cpu_info,gpu_info,backends,model_filename,model_type,model_size,model_n_params,n_batch,n_ubatch,n_threads,cpu_mask,cpu_strict,poll,type_k,type_v,n_gpu_layers,n_cpu_moe,split_mode,main_gpu,no_kv_offload,flash_attn,devices,tensor_split,tensor_buft_overrides,use_mmap,use_direct_io,embeddings,no_op_offload,no_host,fit_target,fit_min_ctx,n_ctx,n_prompt,n_gen,n_depth,test_time,avg_ns,stddev_ns,avg_ts,stddev_ts
"b820cc8","1","Intel(R) Core(TM) Ultra 5 230F","NVIDIA GeForce RTX 5090","CUDA","/home/wici/voice-lab/models/gguf/gemma-4-31B-it-Q4_0.gguf","gemma4 31B Q4_0","17322412272","30697345596","512","512","8","0x0","0","50","f16","f16","-1","0","layer","0","0","1","auto","0.00","^blk[.][0-9]+[.](attn_(k|v|q|output)|ffn_(down|gate|up))[.]weight$=CUDA_Hybrid","1","0","0","0","0","0","0","165120","512","0","0","2026-08-12T09:20:35Z","121014103","2344904","4232.155621","80.241173"
logit_checksum,decode,0c8e93b3ecced1c6,nonfinite=0
logit_checksum,decode,319a6a234bb9ed88,nonfinite=0
logit_checksum,decode,1e95777bddcc71d5,nonfinite=0
logit_checksum,decode,fc3ff68058ffd54e,nonfinite=0
logit_checksum,decode,92560214e2ee8afd,nonfinite=0
"b820cc8","1","Intel(R) Core(TM) Ultra 5 230F","NVIDIA GeForce RTX 5090","CUDA","/home/wici/voice-lab/models/gguf/gemma-4-31B-it-Q4_0.gguf","gemma4 31B Q4_0","17322412272","30697345596","512","512","8","0x0","0","50","f16","f16","-1","0","layer","0","0","1","auto","0.00","^blk[.][0-9]+[.](attn_(k|v|q|output)|ffn_(down|gate|up))[.]weight$=CUDA_Hybrid","1","0","0","0","0","0","0","165120","0","64","0","2026-08-12T09:20:36Z","2447446073","1092934","26.149712","0.011672"
logit_checksum,decode,ea317c3ff2b17152,nonfinite=0
result status=ok pp=4232.155621 tg=26.149712 peak=30018.000MiB
case scheme=intertidal_dma phase=dense ws=31.0GiB ctx=165120 control=pp:10.9
remote command: env -u LD_PRELOAD GGML_CUDA_HYBRID_MODE=staging GGML_CUDA_HYBRID_PAGE_BUDGET=900 LD_LIBRARY_PATH=/dev/shm/intertidal-capacity.mEP47j:/home/wici/llama.cpp/build-cuda/bin:/usr/local/cuda/lib64 LLAMA_BENCH_LOGIT_CHECKSUM=1 /home/wici/llama.cpp/build-cuda/bin/llama-bench -m /home/wici/voice-lab/models/gguf/gemma-4-31B-it-Q4_0.gguf -p 512 -n 64 -r 5 -t 8 -b 512 -ub 512 -fa on -ctk f16 -ctv f16 -mmp 1 -o csv --ctx-size 165120 -ot '^blk[.][0-9]+[.](attn_(k|v|q|output)|ffn_(down|gate|up))[.]weight$=CUDA_Hybrid'
ggml_cuda_init: found 1 CUDA devices (Total VRAM: 32109 MiB):
  Device 0: NVIDIA GeForce RTX 5090, compute capability 12.0, VMM: yes, VRAM: 32109 MiB
hybrid_vmm,mode=staging,selection=global_budget,requested_pages=900,requested_bytes=1887436800,requested_mib=1800.000,gross_pages=900,gross_bytes=1887436800,gross_mib=1800.000,staging_bytes=67108864,staging_mib=64.000,net_bytes=1820327936,net_mib=1736.000,eligible_pages=7470,selected_tensors=410,layers=60,buffer_bytes=16524435968,local_physical_bytes=14638120960,page_bytes=2097152,buffer_mib=15758.930,remote_mib=1800.000,local_physical_mib=13960.000,net_saved_mib=1736.000,page_mib=2.000
logit_checksum,prompt,2417196da4492390,nonfinite=0
logit_checksum,prompt,0453392d6142afd3,nonfinite=0
logit_checksum,prompt,8c39d6d410e92623,nonfinite=0
logit_checksum,prompt,ce38b3f3a7a05142,nonfinite=0
logit_checksum,prompt,556c3b871bf91e81,nonfinite=0
logit_checksum,prompt,c930f979f7f0aed4,nonfinite=0
build_commit,build_number,cpu_info,gpu_info,backends,model_filename,model_type,model_size,model_n_params,n_batch,n_ubatch,n_threads,cpu_mask,cpu_strict,poll,type_k,type_v,n_gpu_layers,n_cpu_moe,split_mode,main_gpu,no_kv_offload,flash_attn,devices,tensor_split,tensor_buft_overrides,use_mmap,use_direct_io,embeddings,no_op_offload,no_host,fit_target,fit_min_ctx,n_ctx,n_prompt,n_gen,n_depth,test_time,avg_ns,stddev_ns,avg_ts,stddev_ts
"b820cc8","1","Intel(R) Core(TM) Ultra 5 230F","NVIDIA GeForce RTX 5090","CUDA","/home/wici/voice-lab/models/gguf/gemma-4-31B-it-Q4_0.gguf","gemma4 31B Q4_0","17322412272","30697345596","512","512","8","0x0","0","50","f16","f16","-1","0","layer","0","0","1","auto","0.00","^blk[.][0-9]+[.](attn_(k|v|q|output)|ffn_(down|gate|up))[.]weight$=CUDA_Hybrid","1","0","0","0","0","0","0","165120","512","0","0","2026-08-12T09:20:52Z","120991517","1953128","4232.568408","67.122397"
logit_checksum,decode,0c8e93b3ecced1c6,nonfinite=0
logit_checksum,decode,319a6a234bb9ed88,nonfinite=0
logit_checksum,decode,1e95777bddcc71d5,nonfinite=0
logit_checksum,decode,fc3ff68058ffd54e,nonfinite=0
logit_checksum,decode,92560214e2ee8afd,nonfinite=0
logit_checksum,decode,ea317c3ff2b17152,nonfinite=0
"b820cc8","1","Intel(R) Core(TM) Ultra 5 230F","NVIDIA GeForce RTX 5090","CUDA","/home/wici/voice-lab/models/gguf/gemma-4-31B-it-Q4_0.gguf","gemma4 31B Q4_0","17322412272","30697345596","512","512","8","0x0","0","50","f16","f16","-1","0","layer","0","0","1","auto","0.00","^blk[.][0-9]+[.](attn_(k|v|q|output)|ffn_(down|gate|up))[.]weight$=CUDA_Hybrid","1","0","0","0","0","0","0","165120","0","64","0","2026-08-12T09:20:52Z","2470240407","1771716","25.908420","0.018568"
result status=ok pp=4232.568408 tg=25.908420 peak=30002.000MiB
skip intertidal_dma ws=31.0 control=pp:11 status=ok
case scheme=intertidal_dma phase=dense ws=31.0GiB ctx=165120 control=pp:11.1
remote command: env -u LD_PRELOAD GGML_CUDA_HYBRID_MODE=staging GGML_CUDA_HYBRID_PAGE_BUDGET=917 LD_LIBRARY_PATH=/dev/shm/intertidal-capacity.mEP47j:/home/wici/llama.cpp/build-cuda/bin:/usr/local/cuda/lib64 LLAMA_BENCH_LOGIT_CHECKSUM=1 /home/wici/llama.cpp/build-cuda/bin/llama-bench -m /home/wici/voice-lab/models/gguf/gemma-4-31B-it-Q4_0.gguf -p 512 -n 64 -r 5 -t 8 -b 512 -ub 512 -fa on -ctk f16 -ctv f16 -mmp 1 -o csv --ctx-size 165120 -ot '^blk[.][0-9]+[.](attn_(k|v|q|output)|ffn_(down|gate|up))[.]weight$=CUDA_Hybrid'
ggml_cuda_init: found 1 CUDA devices (Total VRAM: 32109 MiB):
  Device 0: NVIDIA GeForce RTX 5090, compute capability 12.0, VMM: yes, VRAM: 32109 MiB
hybrid_vmm,mode=staging,selection=global_budget,requested_pages=917,requested_bytes=1923088384,requested_mib=1834.000,gross_pages=917,gross_bytes=1923088384,gross_mib=1834.000,staging_bytes=67108864,staging_mib=64.000,net_bytes=1855979520,net_mib=1770.000,eligible_pages=7470,selected_tensors=410,layers=60,buffer_bytes=16524435968,local_physical_bytes=14602469376,page_bytes=2097152,buffer_mib=15758.930,remote_mib=1834.000,local_physical_mib=13926.000,net_saved_mib=1770.000,page_mib=2.000
logit_checksum,prompt,2417196da4492390,nonfinite=0
logit_checksum,prompt,0453392d6142afd3,nonfinite=0
logit_checksum,prompt,8c39d6d410e92623,nonfinite=0
logit_checksum,prompt,ce38b3f3a7a05142,nonfinite=0
logit_checksum,prompt,556c3b871bf91e81,nonfinite=0
build_commit,build_number,cpu_info,gpu_info,backends,model_filename,model_type,model_size,model_n_params,n_batch,n_ubatch,n_threads,cpu_mask,cpu_strict,poll,type_k,type_v,n_gpu_layers,n_cpu_moe,split_mode,main_gpu,no_kv_offload,flash_attn,devices,tensor_split,tensor_buft_overrides,use_mmap,use_direct_io,embeddings,no_op_offload,no_host,fit_target,fit_min_ctx,n_ctx,n_prompt,n_gen,n_depth,test_time,avg_ns,stddev_ns,avg_ts,stddev_ts
"b820cc8","1","Intel(R) Core(TM) Ultra 5 230F","NVIDIA GeForce RTX 5090","CUDA","/home/wici/voice-lab/models/gguf/gemma-4-31B-it-Q4_0.gguf","gemma4 31B Q4_0","17322412272","30697345596","512","512","8","0x0","0","50","f16","f16","-1","0","layer","0","0","1","auto","0.00","^blk[.][0-9]+[.](attn_(k|v|q|output)|ffn_(down|gate|up))[.]weight$=CUDA_Hybrid","1","0","0","0","0","0","0","165120","512","0","0","2026-08-12T09:21:08Z","120927364","1853753","4234.728925","63.795854"
logit_checksum,prompt,c930f979f7f0aed4,nonfinite=0
logit_checksum,decode,0c8e93b3ecced1c6,nonfinite=0
logit_checksum,decode,319a6a234bb9ed88,nonfinite=0
logit_checksum,decode,1e95777bddcc71d5,nonfinite=0
logit_checksum,decode,fc3ff68058ffd54e,nonfinite=0
logit_checksum,decode,92560214e2ee8afd,nonfinite=0
"b820cc8","1","Intel(R) Core(TM) Ultra 5 230F","NVIDIA GeForce RTX 5090","CUDA","/home/wici/voice-lab/models/gguf/gemma-4-31B-it-Q4_0.gguf","gemma4 31B Q4_0","17322412272","30697345596","512","512","8","0x0","0","50","f16","f16","-1","0","layer","0","0","1","auto","0.00","^blk[.][0-9]+[.](attn_(k|v|q|output)|ffn_(down|gate|up))[.]weight$=CUDA_Hybrid","1","0","0","0","0","0","0","165120","0","64","0","2026-08-12T09:21:09Z","2514297523","1316957","25.454431","0.013320"
logit_checksum,decode,ea317c3ff2b17152,nonfinite=0
result status=ok pp=4234.728925 tg=25.454431 peak=29968.000MiB
case scheme=intertidal_dma phase=dense ws=31.0GiB ctx=165120 control=pp:11.2
remote command: env -u LD_PRELOAD GGML_CUDA_HYBRID_MODE=staging GGML_CUDA_HYBRID_PAGE_BUDGET=925 LD_LIBRARY_PATH=/dev/shm/intertidal-capacity.mEP47j:/home/wici/llama.cpp/build-cuda/bin:/usr/local/cuda/lib64 LLAMA_BENCH_LOGIT_CHECKSUM=1 /home/wici/llama.cpp/build-cuda/bin/llama-bench -m /home/wici/voice-lab/models/gguf/gemma-4-31B-it-Q4_0.gguf -p 512 -n 64 -r 5 -t 8 -b 512 -ub 512 -fa on -ctk f16 -ctv f16 -mmp 1 -o csv --ctx-size 165120 -ot '^blk[.][0-9]+[.](attn_(k|v|q|output)|ffn_(down|gate|up))[.]weight$=CUDA_Hybrid'
ggml_cuda_init: found 1 CUDA devices (Total VRAM: 32109 MiB):
  Device 0: NVIDIA GeForce RTX 5090, compute capability 12.0, VMM: yes, VRAM: 32109 MiB
hybrid_vmm,mode=staging,selection=global_budget,requested_pages=925,requested_bytes=1939865600,requested_mib=1850.000,gross_pages=925,gross_bytes=1939865600,gross_mib=1850.000,staging_bytes=67108864,staging_mib=64.000,net_bytes=1872756736,net_mib=1786.000,eligible_pages=7470,selected_tensors=410,layers=60,buffer_bytes=16524435968,local_physical_bytes=14585692160,page_bytes=2097152,buffer_mib=15758.930,remote_mib=1850.000,local_physical_mib=13910.000,net_saved_mib=1786.000,page_mib=2.000
logit_checksum,prompt,2417196da4492390,nonfinite=0
logit_checksum,prompt,0453392d6142afd3,nonfinite=0
logit_checksum,prompt,8c39d6d410e92623,nonfinite=0
logit_checksum,prompt,ce38b3f3a7a05142,nonfinite=0
logit_checksum,prompt,556c3b871bf91e81,nonfinite=0
logit_checksum,prompt,c930f979f7f0aed4,nonfinite=0
build_commit,build_number,cpu_info,gpu_info,backends,model_filename,model_type,model_size,model_n_params,n_batch,n_ubatch,n_threads,cpu_mask,cpu_strict,poll,type_k,type_v,n_gpu_layers,n_cpu_moe,split_mode,main_gpu,no_kv_offload,flash_attn,devices,tensor_split,tensor_buft_overrides,use_mmap,use_direct_io,embeddings,no_op_offload,no_host,fit_target,fit_min_ctx,n_ctx,n_prompt,n_gen,n_depth,test_time,avg_ns,stddev_ns,avg_ts,stddev_ts
"b820cc8","1","Intel(R) Core(TM) Ultra 5 230F","NVIDIA GeForce RTX 5090","CUDA","/home/wici/voice-lab/models/gguf/gemma-4-31B-it-Q4_0.gguf","gemma4 31B Q4_0","17322412272","30697345596","512","512","8","0x0","0","50","f16","f16","-1","0","layer","0","0","1","auto","0.00","^blk[.][0-9]+[.](attn_(k|v|q|output)|ffn_(down|gate|up))[.]weight$=CUDA_Hybrid","1","0","0","0","0","0","0","165120","512","0","0","2026-08-12T09:21:25Z","121001660","1735145","4232.032325","59.753371"
logit_checksum,decode,0c8e93b3ecced1c6,nonfinite=0
logit_checksum,decode,319a6a234bb9ed88,nonfinite=0
logit_checksum,decode,1e95777bddcc71d5,nonfinite=0
logit_checksum,decode,fc3ff68058ffd54e,nonfinite=0
logit_checksum,decode,92560214e2ee8afd,nonfinite=0
logit_checksum,decode,ea317c3ff2b17152,nonfinite=0
"b820cc8","1","Intel(R) Core(TM) Ultra 5 230F","NVIDIA GeForce RTX 5090","CUDA","/home/wici/voice-lab/models/gguf/gemma-4-31B-it-Q4_0.gguf","gemma4 31B Q4_0","17322412272","30697345596","512","512","8","0x0","0","50","f16","f16","-1","0","layer","0","0","1","auto","0.00","^blk[.][0-9]+[.](attn_(k|v|q|output)|ffn_(down|gate|up))[.]weight$=CUDA_Hybrid","1","0","0","0","0","0","0","165120","0","64","0","2026-08-12T09:21:26Z","2540274158","2172539","25.194146","0.021548"
result status=ok pp=4232.032325 tg=25.194146 peak=29952.000MiB
case scheme=intertidal_dma phase=dense ws=31.0GiB ctx=165120 control=pp:11.3
remote command: env -u LD_PRELOAD GGML_CUDA_HYBRID_MODE=staging GGML_CUDA_HYBRID_PAGE_BUDGET=933 LD_LIBRARY_PATH=/dev/shm/intertidal-capacity.mEP47j:/home/wici/llama.cpp/build-cuda/bin:/usr/local/cuda/lib64 LLAMA_BENCH_LOGIT_CHECKSUM=1 /home/wici/llama.cpp/build-cuda/bin/llama-bench -m /home/wici/voice-lab/models/gguf/gemma-4-31B-it-Q4_0.gguf -p 512 -n 64 -r 5 -t 8 -b 512 -ub 512 -fa on -ctk f16 -ctv f16 -mmp 1 -o csv --ctx-size 165120 -ot '^blk[.][0-9]+[.](attn_(k|v|q|output)|ffn_(down|gate|up))[.]weight$=CUDA_Hybrid'
ggml_cuda_init: found 1 CUDA devices (Total VRAM: 32109 MiB):
  Device 0: NVIDIA GeForce RTX 5090, compute capability 12.0, VMM: yes, VRAM: 32109 MiB
hybrid_vmm,mode=staging,selection=global_budget,requested_pages=933,requested_bytes=1956642816,requested_mib=1866.000,gross_pages=933,gross_bytes=1956642816,gross_mib=1866.000,staging_bytes=67108864,staging_mib=64.000,net_bytes=1889533952,net_mib=1802.000,eligible_pages=7470,selected_tensors=410,layers=60,buffer_bytes=16524435968,local_physical_bytes=14568914944,page_bytes=2097152,buffer_mib=15758.930,remote_mib=1866.000,local_physical_mib=13894.000,net_saved_mib=1802.000,page_mib=2.000
logit_checksum,prompt,2417196da4492390,nonfinite=0
logit_checksum,prompt,0453392d6142afd3,nonfinite=0
logit_checksum,prompt,8c39d6d410e92623,nonfinite=0
logit_checksum,prompt,ce38b3f3a7a05142,nonfinite=0
logit_checksum,prompt,556c3b871bf91e81,nonfinite=0
build_commit,build_number,cpu_info,gpu_info,backends,model_filename,model_type,model_size,model_n_params,n_batch,n_ubatch,n_threads,cpu_mask,cpu_strict,poll,type_k,type_v,n_gpu_layers,n_cpu_moe,split_mode,main_gpu,no_kv_offload,flash_attn,devices,tensor_split,tensor_buft_overrides,use_mmap,use_direct_io,embeddings,no_op_offload,no_host,fit_target,fit_min_ctx,n_ctx,n_prompt,n_gen,n_depth,test_time,avg_ns,stddev_ns,avg_ts,stddev_ts
logit_checksum,prompt,c930f979f7f0aed4,nonfinite=0
"b820cc8","1","Intel(R) Core(TM) Ultra 5 230F","NVIDIA GeForce RTX 5090","CUDA","/home/wici/voice-lab/models/gguf/gemma-4-31B-it-Q4_0.gguf","gemma4 31B Q4_0","17322412272","30697345596","512","512","8","0x0","0","50","f16","f16","-1","0","layer","0","0","1","auto","0.00","^blk[.][0-9]+[.](attn_(k|v|q|output)|ffn_(down|gate|up))[.]weight$=CUDA_Hybrid","1","0","0","0","0","0","0","165120","512","0","0","2026-08-12T09:21:42Z","120942050","1793343","4234.165683","61.815496"
logit_checksum,decode,0c8e93b3ecced1c6,nonfinite=0
logit_checksum,decode,319a6a234bb9ed88,nonfinite=0
logit_checksum,decode,1e95777bddcc71d5,nonfinite=0
logit_checksum,decode,fc3ff68058ffd54e,nonfinite=0
logit_checksum,decode,92560214e2ee8afd,nonfinite=0
"b820cc8","1","Intel(R) Core(TM) Ultra 5 230F","NVIDIA GeForce RTX 5090","CUDA","/home/wici/voice-lab/models/gguf/gemma-4-31B-it-Q4_0.gguf","gemma4 31B Q4_0","17322412272","30697345596","512","512","8","0x0","0","50","f16","f16","-1","0","layer","0","0","1","auto","0.00","^blk[.][0-9]+[.](attn_(k|v|q|output)|ffn_(down|gate|up))[.]weight$=CUDA_Hybrid","1","0","0","0","0","0","0","165120","0","64","0","2026-08-12T09:21:43Z","2562706743","1192722","24.973599","0.011612"
logit_checksum,decode,ea317c3ff2b17152,nonfinite=0
result status=ok pp=4234.165683 tg=24.973599 peak=29936.000MiB
case scheme=intertidal_dma phase=dense ws=31.0GiB ctx=165120 control=pp:11.4
remote command: env -u LD_PRELOAD GGML_CUDA_HYBRID_MODE=staging GGML_CUDA_HYBRID_PAGE_BUDGET=942 LD_LIBRARY_PATH=/dev/shm/intertidal-capacity.mEP47j:/home/wici/llama.cpp/build-cuda/bin:/usr/local/cuda/lib64 LLAMA_BENCH_LOGIT_CHECKSUM=1 /home/wici/llama.cpp/build-cuda/bin/llama-bench -m /home/wici/voice-lab/models/gguf/gemma-4-31B-it-Q4_0.gguf -p 512 -n 64 -r 5 -t 8 -b 512 -ub 512 -fa on -ctk f16 -ctv f16 -mmp 1 -o csv --ctx-size 165120 -ot '^blk[.][0-9]+[.](attn_(k|v|q|output)|ffn_(down|gate|up))[.]weight$=CUDA_Hybrid'
ggml_cuda_init: found 1 CUDA devices (Total VRAM: 32109 MiB):
  Device 0: NVIDIA GeForce RTX 5090, compute capability 12.0, VMM: yes, VRAM: 32109 MiB
hybrid_vmm,mode=staging,selection=global_budget,requested_pages=942,requested_bytes=1975517184,requested_mib=1884.000,gross_pages=942,gross_bytes=1975517184,gross_mib=1884.000,staging_bytes=71303168,staging_mib=68.000,net_bytes=1904214016,net_mib=1816.000,eligible_pages=7470,selected_tensors=410,layers=60,buffer_bytes=16524435968,local_physical_bytes=14550040576,page_bytes=2097152,buffer_mib=15758.930,remote_mib=1884.000,local_physical_mib=13876.000,net_saved_mib=1816.000,page_mib=2.000
logit_checksum,prompt,2417196da4492390,nonfinite=0
logit_checksum,prompt,0453392d6142afd3,nonfinite=0
logit_checksum,prompt,8c39d6d410e92623,nonfinite=0
logit_checksum,prompt,ce38b3f3a7a05142,nonfinite=0
logit_checksum,prompt,556c3b871bf91e81,nonfinite=0
build_commit,build_number,cpu_info,gpu_info,backends,model_filename,model_type,model_size,model_n_params,n_batch,n_ubatch,n_threads,cpu_mask,cpu_strict,poll,type_k,type_v,n_gpu_layers,n_cpu_moe,split_mode,main_gpu,no_kv_offload,flash_attn,devices,tensor_split,tensor_buft_overrides,use_mmap,use_direct_io,embeddings,no_op_offload,no_host,fit_target,fit_min_ctx,n_ctx,n_prompt,n_gen,n_depth,test_time,avg_ns,stddev_ns,avg_ts,stddev_ts
logit_checksum,prompt,c930f979f7f0aed4,nonfinite=0
"b820cc8","1","Intel(R) Core(TM) Ultra 5 230F","NVIDIA GeForce RTX 5090","CUDA","/home/wici/voice-lab/models/gguf/gemma-4-31B-it-Q4_0.gguf","gemma4 31B Q4_0","17322412272","30697345596","512","512","8","0x0","0","50","f16","f16","-1","0","layer","0","0","1","auto","0.00","^blk[.][0-9]+[.](attn_(k|v|q|output)|ffn_(down|gate|up))[.]weight$=CUDA_Hybrid","1","0","0","0","0","0","0","165120","512","0","0","2026-08-12T09:21:59Z","120925138","1868894","4234.820740","64.401247"
logit_checksum,decode,0c8e93b3ecced1c6,nonfinite=0
logit_checksum,decode,319a6a234bb9ed88,nonfinite=0
logit_checksum,decode,1e95777bddcc71d5,nonfinite=0
logit_checksum,decode,fc3ff68058ffd54e,nonfinite=0
logit_checksum,decode,92560214e2ee8afd,nonfinite=0
"b820cc8","1","Intel(R) Core(TM) Ultra 5 230F","NVIDIA GeForce RTX 5090","CUDA","/home/wici/voice-lab/models/gguf/gemma-4-31B-it-Q4_0.gguf","gemma4 31B Q4_0","17322412272","30697345596","512","512","8","0x0","0","50","f16","f16","-1","0","layer","0","0","1","auto","0.00","^blk[.][0-9]+[.](attn_(k|v|q|output)|ffn_(down|gate|up))[.]weight$=CUDA_Hybrid","1","0","0","0","0","0","0","165120","0","64","0","2026-08-12T09:22:00Z","2585149876","1815036","24.756795","0.017373"
logit_checksum,decode,ea317c3ff2b17152,nonfinite=0
result status=ok pp=4234.820740 tg=24.756795 peak=29922.000MiB
case scheme=intertidal_dma phase=dense ws=31.0GiB ctx=165120 control=pp:11.5
remote command: env -u LD_PRELOAD GGML_CUDA_HYBRID_MODE=staging GGML_CUDA_HYBRID_PAGE_BUDGET=950 LD_LIBRARY_PATH=/dev/shm/intertidal-capacity.mEP47j:/home/wici/llama.cpp/build-cuda/bin:/usr/local/cuda/lib64 LLAMA_BENCH_LOGIT_CHECKSUM=1 /home/wici/llama.cpp/build-cuda/bin/llama-bench -m /home/wici/voice-lab/models/gguf/gemma-4-31B-it-Q4_0.gguf -p 512 -n 64 -r 5 -t 8 -b 512 -ub 512 -fa on -ctk f16 -ctv f16 -mmp 1 -o csv --ctx-size 165120 -ot '^blk[.][0-9]+[.](attn_(k|v|q|output)|ffn_(down|gate|up))[.]weight$=CUDA_Hybrid'
ggml_cuda_init: found 1 CUDA devices (Total VRAM: 32109 MiB):
  Device 0: NVIDIA GeForce RTX 5090, compute capability 12.0, VMM: yes, VRAM: 32109 MiB
hybrid_vmm,mode=staging,selection=global_budget,requested_pages=950,requested_bytes=1992294400,requested_mib=1900.000,gross_pages=950,gross_bytes=1992294400,gross_mib=1900.000,staging_bytes=71303168,staging_mib=68.000,net_bytes=1920991232,net_mib=1832.000,eligible_pages=7470,selected_tensors=410,layers=60,buffer_bytes=16524435968,local_physical_bytes=14533263360,page_bytes=2097152,buffer_mib=15758.930,remote_mib=1900.000,local_physical_mib=13860.000,net_saved_mib=1832.000,page_mib=2.000
logit_checksum,prompt,2417196da4492390,nonfinite=0
logit_checksum,prompt,0453392d6142afd3,nonfinite=0
logit_checksum,prompt,8c39d6d410e92623,nonfinite=0
logit_checksum,prompt,ce38b3f3a7a05142,nonfinite=0
logit_checksum,prompt,556c3b871bf91e81,nonfinite=0
build_commit,build_number,cpu_info,gpu_info,backends,model_filename,model_type,model_size,model_n_params,n_batch,n_ubatch,n_threads,cpu_mask,cpu_strict,poll,type_k,type_v,n_gpu_layers,n_cpu_moe,split_mode,main_gpu,no_kv_offload,flash_attn,devices,tensor_split,tensor_buft_overrides,use_mmap,use_direct_io,embeddings,no_op_offload,no_host,fit_target,fit_min_ctx,n_ctx,n_prompt,n_gen,n_depth,test_time,avg_ns,stddev_ns,avg_ts,stddev_ts
"b820cc8","1","Intel(R) Core(TM) Ultra 5 230F","NVIDIA GeForce RTX 5090","CUDA","/home/wici/voice-lab/models/gguf/gemma-4-31B-it-Q4_0.gguf","gemma4 31B Q4_0","17322412272","30697345596","512","512","8","0x0","0","50","f16","f16","-1","0","layer","0","0","1","auto","0.00","^blk[.][0-9]+[.](attn_(k|v|q|output)|ffn_(down|gate|up))[.]weight$=CUDA_Hybrid","1","0","0","0","0","0","0","165120","512","0","0","2026-08-12T09:22:16Z","120967604","1749342","4233.235042","60.239114"
logit_checksum,prompt,c930f979f7f0aed4,nonfinite=0
logit_checksum,decode,0c8e93b3ecced1c6,nonfinite=0
logit_checksum,decode,319a6a234bb9ed88,nonfinite=0
logit_checksum,decode,1e95777bddcc71d5,nonfinite=0
logit_checksum,decode,fc3ff68058ffd54e,nonfinite=0
logit_checksum,decode,92560214e2ee8afd,nonfinite=0
"b820cc8","1","Intel(R) Core(TM) Ultra 5 230F","NVIDIA GeForce RTX 5090","CUDA","/home/wici/voice-lab/models/gguf/gemma-4-31B-it-Q4_0.gguf","gemma4 31B Q4_0","17322412272","30697345596","512","512","8","0x0","0","50","f16","f16","-1","0","layer","0","0","1","auto","0.00","^blk[.][0-9]+[.](attn_(k|v|q|output)|ffn_(down|gate|up))[.]weight$=CUDA_Hybrid","1","0","0","0","0","0","0","165120","0","64","0","2026-08-12T09:22:17Z","2606668794","1528235","24.552416","0.014382"
logit_checksum,decode,ea317c3ff2b17152,nonfinite=0
result status=ok pp=4233.235042 tg=24.552416 peak=29906.000MiB
case scheme=intertidal_dma phase=dense ws=31.0GiB ctx=165120 control=pp:11.6
remote command: env -u LD_PRELOAD GGML_CUDA_HYBRID_MODE=staging GGML_CUDA_HYBRID_PAGE_BUDGET=958 LD_LIBRARY_PATH=/dev/shm/intertidal-capacity.mEP47j:/home/wici/llama.cpp/build-cuda/bin:/usr/local/cuda/lib64 LLAMA_BENCH_LOGIT_CHECKSUM=1 /home/wici/llama.cpp/build-cuda/bin/llama-bench -m /home/wici/voice-lab/models/gguf/gemma-4-31B-it-Q4_0.gguf -p 512 -n 64 -r 5 -t 8 -b 512 -ub 512 -fa on -ctk f16 -ctv f16 -mmp 1 -o csv --ctx-size 165120 -ot '^blk[.][0-9]+[.](attn_(k|v|q|output)|ffn_(down|gate|up))[.]weight$=CUDA_Hybrid'
ggml_cuda_init: found 1 CUDA devices (Total VRAM: 32109 MiB):
  Device 0: NVIDIA GeForce RTX 5090, compute capability 12.0, VMM: yes, VRAM: 32109 MiB
hybrid_vmm,mode=staging,selection=global_budget,requested_pages=958,requested_bytes=2009071616,requested_mib=1916.000,gross_pages=958,gross_bytes=2009071616,gross_mib=1916.000,staging_bytes=71303168,staging_mib=68.000,net_bytes=1937768448,net_mib=1848.000,eligible_pages=7470,selected_tensors=410,layers=60,buffer_bytes=16524435968,local_physical_bytes=14516486144,page_bytes=2097152,buffer_mib=15758.930,remote_mib=1916.000,local_physical_mib=13844.000,net_saved_mib=1848.000,page_mib=2.000
logit_checksum,prompt,2417196da4492390,nonfinite=0
logit_checksum,prompt,0453392d6142afd3,nonfinite=0
logit_checksum,prompt,8c39d6d410e92623,nonfinite=0
logit_checksum,prompt,ce38b3f3a7a05142,nonfinite=0
logit_checksum,prompt,556c3b871bf91e81,nonfinite=0
build_commit,build_number,cpu_info,gpu_info,backends,model_filename,model_type,model_size,model_n_params,n_batch,n_ubatch,n_threads,cpu_mask,cpu_strict,poll,type_k,type_v,n_gpu_layers,n_cpu_moe,split_mode,main_gpu,no_kv_offload,flash_attn,devices,tensor_split,tensor_buft_overrides,use_mmap,use_direct_io,embeddings,no_op_offload,no_host,fit_target,fit_min_ctx,n_ctx,n_prompt,n_gen,n_depth,test_time,avg_ns,stddev_ns,avg_ts,stddev_ts
logit_checksum,prompt,c930f979f7f0aed4,nonfinite=0
"b820cc8","1","Intel(R) Core(TM) Ultra 5 230F","NVIDIA GeForce RTX 5090","CUDA","/home/wici/voice-lab/models/gguf/gemma-4-31B-it-Q4_0.gguf","gemma4 31B Q4_0","17322412272","30697345596","512","512","8","0x0","0","50","f16","f16","-1","0","layer","0","0","1","auto","0.00","^blk[.][0-9]+[.](attn_(k|v|q|output)|ffn_(down|gate|up))[.]weight$=CUDA_Hybrid","1","0","0","0","0","0","0","165120","512","0","0","2026-08-12T09:22:33Z","120896772","1773502","4235.736529","61.234514"
logit_checksum,decode,0c8e93b3ecced1c6,nonfinite=0
logit_checksum,decode,319a6a234bb9ed88,nonfinite=0
logit_checksum,decode,1e95777bddcc71d5,nonfinite=0
logit_checksum,decode,fc3ff68058ffd54e,nonfinite=0
logit_checksum,decode,92560214e2ee8afd,nonfinite=0
"b820cc8","1","Intel(R) Core(TM) Ultra 5 230F","NVIDIA GeForce RTX 5090","CUDA","/home/wici/voice-lab/models/gguf/gemma-4-31B-it-Q4_0.gguf","gemma4 31B Q4_0","17322412272","30697345596","512","512","8","0x0","0","50","f16","f16","-1","0","layer","0","0","1","auto","0.00","^blk[.][0-9]+[.](attn_(k|v|q|output)|ffn_(down|gate|up))[.]weight$=CUDA_Hybrid","1","0","0","0","0","0","0","165120","0","64","0","2026-08-12T09:22:34Z","2626504816","2947188","24.367008","0.027338"
logit_checksum,decode,ea317c3ff2b17152,nonfinite=0
result status=ok pp=4235.736529 tg=24.367008 peak=29890.000MiB
case scheme=intertidal_dma phase=dense ws=31.0GiB ctx=165120 control=pp:11.7
remote command: env -u LD_PRELOAD GGML_CUDA_HYBRID_MODE=staging GGML_CUDA_HYBRID_PAGE_BUDGET=966 LD_LIBRARY_PATH=/dev/shm/intertidal-capacity.mEP47j:/home/wici/llama.cpp/build-cuda/bin:/usr/local/cuda/lib64 LLAMA_BENCH_LOGIT_CHECKSUM=1 /home/wici/llama.cpp/build-cuda/bin/llama-bench -m /home/wici/voice-lab/models/gguf/gemma-4-31B-it-Q4_0.gguf -p 512 -n 64 -r 5 -t 8 -b 512 -ub 512 -fa on -ctk f16 -ctv f16 -mmp 1 -o csv --ctx-size 165120 -ot '^blk[.][0-9]+[.](attn_(k|v|q|output)|ffn_(down|gate|up))[.]weight$=CUDA_Hybrid'
ggml_cuda_init: found 1 CUDA devices (Total VRAM: 32109 MiB):
  Device 0: NVIDIA GeForce RTX 5090, compute capability 12.0, VMM: yes, VRAM: 32109 MiB
hybrid_vmm,mode=staging,selection=global_budget,requested_pages=966,requested_bytes=2025848832,requested_mib=1932.000,gross_pages=966,gross_bytes=2025848832,gross_mib=1932.000,staging_bytes=71303168,staging_mib=68.000,net_bytes=1954545664,net_mib=1864.000,eligible_pages=7470,selected_tensors=410,layers=60,buffer_bytes=16524435968,local_physical_bytes=14499708928,page_bytes=2097152,buffer_mib=15758.930,remote_mib=1932.000,local_physical_mib=13828.000,net_saved_mib=1864.000,page_mib=2.000
logit_checksum,prompt,2417196da4492390,nonfinite=0
logit_checksum,prompt,0453392d6142afd3,nonfinite=0
logit_checksum,prompt,8c39d6d410e92623,nonfinite=0
logit_checksum,prompt,ce38b3f3a7a05142,nonfinite=0
logit_checksum,prompt,556c3b871bf91e81,nonfinite=0
build_commit,build_number,cpu_info,gpu_info,backends,model_filename,model_type,model_size,model_n_params,n_batch,n_ubatch,n_threads,cpu_mask,cpu_strict,poll,type_k,type_v,n_gpu_layers,n_cpu_moe,split_mode,main_gpu,no_kv_offload,flash_attn,devices,tensor_split,tensor_buft_overrides,use_mmap,use_direct_io,embeddings,no_op_offload,no_host,fit_target,fit_min_ctx,n_ctx,n_prompt,n_gen,n_depth,test_time,avg_ns,stddev_ns,avg_ts,stddev_ts
"b820cc8","1","Intel(R) Core(TM) Ultra 5 230F","NVIDIA GeForce RTX 5090","CUDA","/home/wici/voice-lab/models/gguf/gemma-4-31B-it-Q4_0.gguf","gemma4 31B Q4_0","17322412272","30697345596","512","512","8","0x0","0","50","f16","f16","-1","0","layer","0","0","1","auto","0.00","^blk[.][0-9]+[.](attn_(k|v|q|output)|ffn_(down|gate|up))[.]weight$=CUDA_Hybrid","1","0","0","0","0","0","0","165120","512","0","0","2026-08-12T09:22:51Z","120974620","1742058","4232.983827","59.996954"
logit_checksum,prompt,c930f979f7f0aed4,nonfinite=0
logit_checksum,decode,0c8e93b3ecced1c6,nonfinite=0
logit_checksum,decode,319a6a234bb9ed88,nonfinite=0
logit_checksum,decode,1e95777bddcc71d5,nonfinite=0
logit_checksum,decode,fc3ff68058ffd54e,nonfinite=0
logit_checksum,decode,92560214e2ee8afd,nonfinite=0
"b820cc8","1","Intel(R) Core(TM) Ultra 5 230F","NVIDIA GeForce RTX 5090","CUDA","/home/wici/voice-lab/models/gguf/gemma-4-31B-it-Q4_0.gguf","gemma4 31B Q4_0","17322412272","30697345596","512","512","8","0x0","0","50","f16","f16","-1","0","layer","0","0","1","auto","0.00","^blk[.][0-9]+[.](attn_(k|v|q|output)|ffn_(down|gate|up))[.]weight$=CUDA_Hybrid","1","0","0","0","0","0","0","165120","0","64","0","2026-08-12T09:22:51Z","2650868903","2622591","24.143046","0.023866"
logit_checksum,decode,ea317c3ff2b17152,nonfinite=0
result status=ok pp=4232.983827 tg=24.143046 peak=29874.000MiB
case scheme=intertidal_dma phase=dense ws=31.0GiB ctx=165120 control=pp:11.8
remote command: env -u LD_PRELOAD GGML_CUDA_HYBRID_MODE=staging GGML_CUDA_HYBRID_PAGE_BUDGET=975 LD_LIBRARY_PATH=/dev/shm/intertidal-capacity.mEP47j:/home/wici/llama.cpp/build-cuda/bin:/usr/local/cuda/lib64 LLAMA_BENCH_LOGIT_CHECKSUM=1 /home/wici/llama.cpp/build-cuda/bin/llama-bench -m /home/wici/voice-lab/models/gguf/gemma-4-31B-it-Q4_0.gguf -p 512 -n 64 -r 5 -t 8 -b 512 -ub 512 -fa on -ctk f16 -ctv f16 -mmp 1 -o csv --ctx-size 165120 -ot '^blk[.][0-9]+[.](attn_(k|v|q|output)|ffn_(down|gate|up))[.]weight$=CUDA_Hybrid'
ggml_cuda_init: found 1 CUDA devices (Total VRAM: 32109 MiB):
  Device 0: NVIDIA GeForce RTX 5090, compute capability 12.0, VMM: yes, VRAM: 32109 MiB
hybrid_vmm,mode=staging,selection=global_budget,requested_pages=975,requested_bytes=2044723200,requested_mib=1950.000,gross_pages=975,gross_bytes=2044723200,gross_mib=1950.000,staging_bytes=71303168,staging_mib=68.000,net_bytes=1973420032,net_mib=1882.000,eligible_pages=7470,selected_tensors=410,layers=60,buffer_bytes=16524435968,local_physical_bytes=14480834560,page_bytes=2097152,buffer_mib=15758.930,remote_mib=1950.000,local_physical_mib=13810.000,net_saved_mib=1882.000,page_mib=2.000
logit_checksum,prompt,2417196da4492390,nonfinite=0
logit_checksum,prompt,0453392d6142afd3,nonfinite=0
logit_checksum,prompt,8c39d6d410e92623,nonfinite=0
logit_checksum,prompt,ce38b3f3a7a05142,nonfinite=0
logit_checksum,prompt,556c3b871bf91e81,nonfinite=0
build_commit,build_number,cpu_info,gpu_info,backends,model_filename,model_type,model_size,model_n_params,n_batch,n_ubatch,n_threads,cpu_mask,cpu_strict,poll,type_k,type_v,n_gpu_layers,n_cpu_moe,split_mode,main_gpu,no_kv_offload,flash_attn,devices,tensor_split,tensor_buft_overrides,use_mmap,use_direct_io,embeddings,no_op_offload,no_host,fit_target,fit_min_ctx,n_ctx,n_prompt,n_gen,n_depth,test_time,avg_ns,stddev_ns,avg_ts,stddev_ts
"b820cc8","1","Intel(R) Core(TM) Ultra 5 230F","NVIDIA GeForce RTX 5090","CUDA","/home/wici/voice-lab/models/gguf/gemma-4-31B-it-Q4_0.gguf","gemma4 31B Q4_0","17322412272","30697345596","512","512","8","0x0","0","50","f16","f16","-1","0","layer","0","0","1","auto","0.00","^blk[.][0-9]+[.](attn_(k|v|q|output)|ffn_(down|gate|up))[.]weight$=CUDA_Hybrid","1","0","0","0","0","0","0","165120","512","0","0","2026-08-12T09:23:08Z","120937508","1796361","4234.326295","61.844742"
logit_checksum,prompt,c930f979f7f0aed4,nonfinite=0
logit_checksum,decode,0c8e93b3ecced1c6,nonfinite=0
logit_checksum,decode,319a6a234bb9ed88,nonfinite=0
logit_checksum,decode,1e95777bddcc71d5,nonfinite=0
logit_checksum,decode,fc3ff68058ffd54e,nonfinite=0
logit_checksum,decode,92560214e2ee8afd,nonfinite=0
"b820cc8","1","Intel(R) Core(TM) Ultra 5 230F","NVIDIA GeForce RTX 5090","CUDA","/home/wici/voice-lab/models/gguf/gemma-4-31B-it-Q4_0.gguf","gemma4 31B Q4_0","17322412272","30697345596","512","512","8","0x0","0","50","f16","f16","-1","0","layer","0","0","1","auto","0.00","^blk[.][0-9]+[.](attn_(k|v|q|output)|ffn_(down|gate|up))[.]weight$=CUDA_Hybrid","1","0","0","0","0","0","0","165120","0","64","0","2026-08-12T09:23:09Z","2672851384","2824644","23.944488","0.025285"
logit_checksum,decode,ea317c3ff2b17152,nonfinite=0
result status=ok pp=4234.326295 tg=23.944488 peak=29856.000MiB
case scheme=intertidal_dma phase=dense ws=31.0GiB ctx=165120 control=pp:11.9
remote command: env -u LD_PRELOAD GGML_CUDA_HYBRID_MODE=staging GGML_CUDA_HYBRID_PAGE_BUDGET=983 LD_LIBRARY_PATH=/dev/shm/intertidal-capacity.mEP47j:/home/wici/llama.cpp/build-cuda/bin:/usr/local/cuda/lib64 LLAMA_BENCH_LOGIT_CHECKSUM=1 /home/wici/llama.cpp/build-cuda/bin/llama-bench -m /home/wici/voice-lab/models/gguf/gemma-4-31B-it-Q4_0.gguf -p 512 -n 64 -r 5 -t 8 -b 512 -ub 512 -fa on -ctk f16 -ctv f16 -mmp 1 -o csv --ctx-size 165120 -ot '^blk[.][0-9]+[.](attn_(k|v|q|output)|ffn_(down|gate|up))[.]weight$=CUDA_Hybrid'
ggml_cuda_init: found 1 CUDA devices (Total VRAM: 32109 MiB):
  Device 0: NVIDIA GeForce RTX 5090, compute capability 12.0, VMM: yes, VRAM: 32109 MiB
hybrid_vmm,mode=staging,selection=global_budget,requested_pages=983,requested_bytes=2061500416,requested_mib=1966.000,gross_pages=983,gross_bytes=2061500416,gross_mib=1966.000,staging_bytes=71303168,staging_mib=68.000,net_bytes=1990197248,net_mib=1898.000,eligible_pages=7470,selected_tensors=410,layers=60,buffer_bytes=16524435968,local_physical_bytes=14464057344,page_bytes=2097152,buffer_mib=15758.930,remote_mib=1966.000,local_physical_mib=13794.000,net_saved_mib=1898.000,page_mib=2.000
logit_checksum,prompt,2417196da4492390,nonfinite=0
logit_checksum,prompt,0453392d6142afd3,nonfinite=0
logit_checksum,prompt,8c39d6d410e92623,nonfinite=0
build_commit,build_number,cpu_info,gpu_info,backends,model_filename,model_type,model_size,model_n_params,n_batch,n_ubatch,n_threads,cpu_mask,cpu_strict,poll,type_k,type_v,n_gpu_layers,n_cpu_moe,split_mode,main_gpu,no_kv_offload,flash_attn,devices,tensor_split,tensor_buft_overrides,use_mmap,use_direct_io,embeddings,no_op_offload,no_host,fit_target,fit_min_ctx,n_ctx,n_prompt,n_gen,n_depth,test_time,avg_ns,stddev_ns,avg_ts,stddev_ts
logit_checksum,prompt,ce38b3f3a7a05142,nonfinite=0
"b820cc8","1","Intel(R) Core(TM) Ultra 5 230F","NVIDIA GeForce RTX 5090","CUDA","/home/wici/voice-lab/models/gguf/gemma-4-31B-it-Q4_0.gguf","gemma4 31B Q4_0","17322412272","30697345596","512","512","8","0x0","0","50","f16","f16","-1","0","layer","0","0","1","auto","0.00","^blk[.][0-9]+[.](attn_(k|v|q|output)|ffn_(down|gate|up))[.]weight$=CUDA_Hybrid","1","0","0","0","0","0","0","165120","512","0","0","2026-08-12T09:23:26Z","120944009","1671130","4234.000537","57.596736"
logit_checksum,prompt,556c3b871bf91e81,nonfinite=0
logit_checksum,prompt,c930f979f7f0aed4,nonfinite=0
logit_checksum,decode,0c8e93b3ecced1c6,nonfinite=0
logit_checksum,decode,319a6a234bb9ed88,nonfinite=0
logit_checksum,decode,1e95777bddcc71d5,nonfinite=0
logit_checksum,decode,fc3ff68058ffd54e,nonfinite=0
logit_checksum,decode,92560214e2ee8afd,nonfinite=0
"b820cc8","1","Intel(R) Core(TM) Ultra 5 230F","NVIDIA GeForce RTX 5090","CUDA","/home/wici/voice-lab/models/gguf/gemma-4-31B-it-Q4_0.gguf","gemma4 31B Q4_0","17322412272","30697345596","512","512","8","0x0","0","50","f16","f16","-1","0","layer","0","0","1","auto","0.00","^blk[.][0-9]+[.](attn_(k|v|q|output)|ffn_(down|gate|up))[.]weight$=CUDA_Hybrid","1","0","0","0","0","0","0","165120","0","64","0","2026-08-12T09:23:27Z","2696764036","2942409","23.732169","0.025876"
logit_checksum,decode,ea317c3ff2b17152,nonfinite=0
result status=ok pp=4234.000537 tg=23.732169 peak=29840.000MiB
skip intertidal_dma ws=31.0 control=pp:12 status=ok
case scheme=intertidal_dma phase=dense ws=31.0GiB ctx=165120 control=pp:12.1
remote command: env -u LD_PRELOAD GGML_CUDA_HYBRID_MODE=staging GGML_CUDA_HYBRID_PAGE_BUDGET=999 LD_LIBRARY_PATH=/dev/shm/intertidal-capacity.mEP47j:/home/wici/llama.cpp/build-cuda/bin:/usr/local/cuda/lib64 LLAMA_BENCH_LOGIT_CHECKSUM=1 /home/wici/llama.cpp/build-cuda/bin/llama-bench -m /home/wici/voice-lab/models/gguf/gemma-4-31B-it-Q4_0.gguf -p 512 -n 64 -r 5 -t 8 -b 512 -ub 512 -fa on -ctk f16 -ctv f16 -mmp 1 -o csv --ctx-size 165120 -ot '^blk[.][0-9]+[.](attn_(k|v|q|output)|ffn_(down|gate|up))[.]weight$=CUDA_Hybrid'
ggml_cuda_init: found 1 CUDA devices (Total VRAM: 32109 MiB):
  Device 0: NVIDIA GeForce RTX 5090, compute capability 12.0, VMM: yes, VRAM: 32109 MiB
hybrid_vmm,mode=staging,selection=global_budget,requested_pages=999,requested_bytes=2095054848,requested_mib=1998.000,gross_pages=999,gross_bytes=2095054848,gross_mib=1998.000,staging_bytes=71303168,staging_mib=68.000,net_bytes=2023751680,net_mib=1930.000,eligible_pages=7470,selected_tensors=410,layers=60,buffer_bytes=16524435968,local_physical_bytes=14430502912,page_bytes=2097152,buffer_mib=15758.930,remote_mib=1998.000,local_physical_mib=13762.000,net_saved_mib=1930.000,page_mib=2.000
build_commit,build_number,cpu_info,gpu_info,backends,model_filename,model_type,model_size,model_n_params,n_batch,n_ubatch,n_threads,cpu_mask,cpu_strict,poll,type_k,type_v,n_gpu_layers,n_cpu_moe,split_mode,main_gpu,no_kv_offload,flash_attn,devices,tensor_split,tensor_buft_overrides,use_mmap,use_direct_io,embeddings,no_op_offload,no_host,fit_target,fit_min_ctx,n_ctx,n_prompt,n_gen,n_depth,test_time,avg_ns,stddev_ns,avg_ts,stddev_ts
"b820cc8","1","Intel(R) Core(TM) Ultra 5 230F","NVIDIA GeForce RTX 5090","CUDA","/home/wici/voice-lab/models/gguf/gemma-4-31B-it-Q4_0.gguf","gemma4 31B Q4_0","17322412272","30697345596","512","512","8","0x0","0","50","f16","f16","-1","0","layer","0","0","1","auto","0.00","^blk[.][0-9]+[.](attn_(k|v|q|output)|ffn_(down|gate|up))[.]weight$=CUDA_Hybrid","1","0","0","0","0","0","0","165120","512","0","0","2026-08-12T09:23:43Z","120995409","1779018","4232.285540","61.215594"
logit_checksum,prompt,2417196da4492390,nonfinite=0
logit_checksum,prompt,0453392d6142afd3,nonfinite=0
logit_checksum,prompt,8c39d6d410e92623,nonfinite=0
logit_checksum,prompt,ce38b3f3a7a05142,nonfinite=0
logit_checksum,prompt,556c3b871bf91e81,nonfinite=0
logit_checksum,prompt,c930f979f7f0aed4,nonfinite=0
logit_checksum,decode,0c8e93b3ecced1c6,nonfinite=0
logit_checksum,decode,319a6a234bb9ed88,nonfinite=0
logit_checksum,decode,1e95777bddcc71d5,nonfinite=0
logit_checksum,decode,fc3ff68058ffd54e,nonfinite=0
logit_checksum,decode,92560214e2ee8afd,nonfinite=0
"b820cc8","1","Intel(R) Core(TM) Ultra 5 230F","NVIDIA GeForce RTX 5090","CUDA","/home/wici/voice-lab/models/gguf/gemma-4-31B-it-Q4_0.gguf","gemma4 31B Q4_0","17322412272","30697345596","512","512","8","0x0","0","50","f16","f16","-1","0","layer","0","0","1","auto","0.00","^blk[.][0-9]+[.](attn_(k|v|q|output)|ffn_(down|gate|up))[.]weight$=CUDA_Hybrid","1","0","0","0","0","0","0","165120","0","64","0","2026-08-12T09:23:44Z","2739802158","3999478","23.359391","0.034102"
logit_checksum,decode,ea317c3ff2b17152,nonfinite=0
result status=ok pp=4232.285540 tg=23.359391 peak=29808.000MiB
case scheme=intertidal_dma phase=dense ws=31.0GiB ctx=165120 control=pp:12.2
remote command: env -u LD_PRELOAD GGML_CUDA_HYBRID_MODE=staging GGML_CUDA_HYBRID_PAGE_BUDGET=1008 LD_LIBRARY_PATH=/dev/shm/intertidal-capacity.mEP47j:/home/wici/llama.cpp/build-cuda/bin:/usr/local/cuda/lib64 LLAMA_BENCH_LOGIT_CHECKSUM=1 /home/wici/llama.cpp/build-cuda/bin/llama-bench -m /home/wici/voice-lab/models/gguf/gemma-4-31B-it-Q4_0.gguf -p 512 -n 64 -r 5 -t 8 -b 512 -ub 512 -fa on -ctk f16 -ctv f16 -mmp 1 -o csv --ctx-size 165120 -ot '^blk[.][0-9]+[.](attn_(k|v|q|output)|ffn_(down|gate|up))[.]weight$=CUDA_Hybrid'
ggml_cuda_init: found 1 CUDA devices (Total VRAM: 32109 MiB):
  Device 0: NVIDIA GeForce RTX 5090, compute capability 12.0, VMM: yes, VRAM: 32109 MiB
hybrid_vmm,mode=staging,selection=global_budget,requested_pages=1008,requested_bytes=2113929216,requested_mib=2016.000,gross_pages=1008,gross_bytes=2113929216,gross_mib=2016.000,staging_bytes=75497472,staging_mib=72.000,net_bytes=2038431744,net_mib=1944.000,eligible_pages=7470,selected_tensors=410,layers=60,buffer_bytes=16524435968,local_physical_bytes=14411628544,page_bytes=2097152,buffer_mib=15758.930,remote_mib=2016.000,local_physical_mib=13744.000,net_saved_mib=1944.000,page_mib=2.000
logit_checksum,prompt,2417196da4492390,nonfinite=0
logit_checksum,prompt,0453392d6142afd3,nonfinite=0
logit_checksum,prompt,8c39d6d410e92623,nonfinite=0
logit_checksum,prompt,ce38b3f3a7a05142,nonfinite=0
logit_checksum,prompt,556c3b871bf91e81,nonfinite=0
build_commit,build_number,cpu_info,gpu_info,backends,model_filename,model_type,model_size,model_n_params,n_batch,n_ubatch,n_threads,cpu_mask,cpu_strict,poll,type_k,type_v,n_gpu_layers,n_cpu_moe,split_mode,main_gpu,no_kv_offload,flash_attn,devices,tensor_split,tensor_buft_overrides,use_mmap,use_direct_io,embeddings,no_op_offload,no_host,fit_target,fit_min_ctx,n_ctx,n_prompt,n_gen,n_depth,test_time,avg_ns,stddev_ns,avg_ts,stddev_ts
"b820cc8","1","Intel(R) Core(TM) Ultra 5 230F","NVIDIA GeForce RTX 5090","CUDA","/home/wici/voice-lab/models/gguf/gemma-4-31B-it-Q4_0.gguf","gemma4 31B Q4_0","17322412272","30697345596","512","512","8","0x0","0","50","f16","f16","-1","0","layer","0","0","1","auto","0.00","^blk[.][0-9]+[.](attn_(k|v|q|output)|ffn_(down|gate|up))[.]weight$=CUDA_Hybrid","1","0","0","0","0","0","0","165120","512","0","0","2026-08-12T09:24:01Z","120871518","1834868","4236.670196","63.197600"
logit_checksum,prompt,c930f979f7f0aed4,nonfinite=0
logit_checksum,decode,0c8e93b3ecced1c6,nonfinite=0
logit_checksum,decode,319a6a234bb9ed88,nonfinite=0
logit_checksum,decode,1e95777bddcc71d5,nonfinite=0
logit_checksum,decode,fc3ff68058ffd54e,nonfinite=0
logit_checksum,decode,92560214e2ee8afd,nonfinite=0
"b820cc8","1","Intel(R) Core(TM) Ultra 5 230F","NVIDIA GeForce RTX 5090","CUDA","/home/wici/voice-lab/models/gguf/gemma-4-31B-it-Q4_0.gguf","gemma4 31B Q4_0","17322412272","30697345596","512","512","8","0x0","0","50","f16","f16","-1","0","layer","0","0","1","auto","0.00","^blk[.][0-9]+[.](attn_(k|v|q|output)|ffn_(down|gate|up))[.]weight$=CUDA_Hybrid","1","0","0","0","0","0","0","165120","0","64","0","2026-08-12T09:24:02Z","2765456415","2024001","23.142664","0.016933"
logit_checksum,decode,ea317c3ff2b17152,nonfinite=0
result status=ok pp=4236.670196 tg=23.142664 peak=29794.000MiB
case scheme=intertidal_dma phase=dense ws=31.0GiB ctx=165120 control=pp:12.3
remote command: env -u LD_PRELOAD GGML_CUDA_HYBRID_MODE=staging GGML_CUDA_HYBRID_PAGE_BUDGET=1016 LD_LIBRARY_PATH=/dev/shm/intertidal-capacity.mEP47j:/home/wici/llama.cpp/build-cuda/bin:/usr/local/cuda/lib64 LLAMA_BENCH_LOGIT_CHECKSUM=1 /home/wici/llama.cpp/build-cuda/bin/llama-bench -m /home/wici/voice-lab/models/gguf/gemma-4-31B-it-Q4_0.gguf -p 512 -n 64 -r 5 -t 8 -b 512 -ub 512 -fa on -ctk f16 -ctv f16 -mmp 1 -o csv --ctx-size 165120 -ot '^blk[.][0-9]+[.](attn_(k|v|q|output)|ffn_(down|gate|up))[.]weight$=CUDA_Hybrid'
ggml_cuda_init: found 1 CUDA devices (Total VRAM: 32109 MiB):
  Device 0: NVIDIA GeForce RTX 5090, compute capability 12.0, VMM: yes, VRAM: 32109 MiB
hybrid_vmm,mode=staging,selection=global_budget,requested_pages=1016,requested_bytes=2130706432,requested_mib=2032.000,gross_pages=1016,gross_bytes=2130706432,gross_mib=2032.000,staging_bytes=75497472,staging_mib=72.000,net_bytes=2055208960,net_mib=1960.000,eligible_pages=7470,selected_tensors=410,layers=60,buffer_bytes=16524435968,local_physical_bytes=14394851328,page_bytes=2097152,buffer_mib=15758.930,remote_mib=2032.000,local_physical_mib=13728.000,net_saved_mib=1960.000,page_mib=2.000
logit_checksum,prompt,2417196da4492390,nonfinite=0
logit_checksum,prompt,0453392d6142afd3,nonfinite=0
logit_checksum,prompt,8c39d6d410e92623,nonfinite=0
logit_checksum,prompt,ce38b3f3a7a05142,nonfinite=0
logit_checksum,prompt,556c3b871bf91e81,nonfinite=0
build_commit,build_number,cpu_info,gpu_info,backends,model_filename,model_type,model_size,model_n_params,n_batch,n_ubatch,n_threads,cpu_mask,cpu_strict,poll,type_k,type_v,n_gpu_layers,n_cpu_moe,split_mode,main_gpu,no_kv_offload,flash_attn,devices,tensor_split,tensor_buft_overrides,use_mmap,use_direct_io,embeddings,no_op_offload,no_host,fit_target,fit_min_ctx,n_ctx,n_prompt,n_gen,n_depth,test_time,avg_ns,stddev_ns,avg_ts,stddev_ts
"b820cc8","1","Intel(R) Core(TM) Ultra 5 230F","NVIDIA GeForce RTX 5090","CUDA","/home/wici/voice-lab/models/gguf/gemma-4-31B-it-Q4_0.gguf","gemma4 31B Q4_0","17322412272","30697345596","512","512","8","0x0","0","50","f16","f16","-1","0","layer","0","0","1","auto","0.00","^blk[.][0-9]+[.](attn_(k|v|q|output)|ffn_(down|gate|up))[.]weight$=CUDA_Hybrid","1","0","0","0","0","0","0","165120","512","0","0","2026-08-12T09:24:19Z","120820605","1644261","4238.305952","56.782891"
logit_checksum,prompt,c930f979f7f0aed4,nonfinite=0
logit_checksum,decode,0c8e93b3ecced1c6,nonfinite=0
logit_checksum,decode,319a6a234bb9ed88,nonfinite=0
logit_checksum,decode,1e95777bddcc71d5,nonfinite=0
logit_checksum,decode,fc3ff68058ffd54e,nonfinite=0
logit_checksum,decode,92560214e2ee8afd,nonfinite=0
"b820cc8","1","Intel(R) Core(TM) Ultra 5 230F","NVIDIA GeForce RTX 5090","CUDA","/home/wici/voice-lab/models/gguf/gemma-4-31B-it-Q4_0.gguf","gemma4 31B Q4_0","17322412272","30697345596","512","512","8","0x0","0","50","f16","f16","-1","0","layer","0","0","1","auto","0.00","^blk[.][0-9]+[.](attn_(k|v|q|output)|ffn_(down|gate|up))[.]weight$=CUDA_Hybrid","1","0","0","0","0","0","0","165120","0","64","0","2026-08-12T09:24:20Z","2786260780","2861371","22.969872","0.023566"
logit_checksum,decode,ea317c3ff2b17152,nonfinite=0
result status=ok pp=4238.305952 tg=22.969872 peak=29778.000MiB
case scheme=intertidal_dma phase=dense ws=31.0GiB ctx=165120 control=pp:12.4
remote command: env -u LD_PRELOAD GGML_CUDA_HYBRID_MODE=staging GGML_CUDA_HYBRID_PAGE_BUDGET=1024 LD_LIBRARY_PATH=/dev/shm/intertidal-capacity.mEP47j:/home/wici/llama.cpp/build-cuda/bin:/usr/local/cuda/lib64 LLAMA_BENCH_LOGIT_CHECKSUM=1 /home/wici/llama.cpp/build-cuda/bin/llama-bench -m /home/wici/voice-lab/models/gguf/gemma-4-31B-it-Q4_0.gguf -p 512 -n 64 -r 5 -t 8 -b 512 -ub 512 -fa on -ctk f16 -ctv f16 -mmp 1 -o csv --ctx-size 165120 -ot '^blk[.][0-9]+[.](attn_(k|v|q|output)|ffn_(down|gate|up))[.]weight$=CUDA_Hybrid'
ggml_cuda_init: found 1 CUDA devices (Total VRAM: 32109 MiB):
  Device 0: NVIDIA GeForce RTX 5090, compute capability 12.0, VMM: yes, VRAM: 32109 MiB
hybrid_vmm,mode=staging,selection=global_budget,requested_pages=1024,requested_bytes=2147483648,requested_mib=2048.000,gross_pages=1024,gross_bytes=2147483648,gross_mib=2048.000,staging_bytes=75497472,staging_mib=72.000,net_bytes=2071986176,net_mib=1976.000,eligible_pages=7470,selected_tensors=410,layers=60,buffer_bytes=16524435968,local_physical_bytes=14378074112,page_bytes=2097152,buffer_mib=15758.930,remote_mib=2048.000,local_physical_mib=13712.000,net_saved_mib=1976.000,page_mib=2.000
logit_checksum,prompt,2417196da4492390,nonfinite=0
logit_checksum,prompt,0453392d6142afd3,nonfinite=0
logit_checksum,prompt,8c39d6d410e92623,nonfinite=0
logit_checksum,prompt,ce38b3f3a7a05142,nonfinite=0
logit_checksum,prompt,556c3b871bf91e81,nonfinite=0
logit_checksum,prompt,c930f979f7f0aed4,nonfinite=0
build_commit,build_number,cpu_info,gpu_info,backends,model_filename,model_type,model_size,model_n_params,n_batch,n_ubatch,n_threads,cpu_mask,cpu_strict,poll,type_k,type_v,n_gpu_layers,n_cpu_moe,split_mode,main_gpu,no_kv_offload,flash_attn,devices,tensor_split,tensor_buft_overrides,use_mmap,use_direct_io,embeddings,no_op_offload,no_host,fit_target,fit_min_ctx,n_ctx,n_prompt,n_gen,n_depth,test_time,avg_ns,stddev_ns,avg_ts,stddev_ts
"b820cc8","1","Intel(R) Core(TM) Ultra 5 230F","NVIDIA GeForce RTX 5090","CUDA","/home/wici/voice-lab/models/gguf/gemma-4-31B-it-Q4_0.gguf","gemma4 31B Q4_0","17322412272","30697345596","512","512","8","0x0","0","50","f16","f16","-1","0","layer","0","0","1","auto","0.00","^blk[.][0-9]+[.](attn_(k|v|q|output)|ffn_(down|gate|up))[.]weight$=CUDA_Hybrid","1","0","0","0","0","0","0","165120","512","0","0","2026-08-12T09:24:38Z","120798621","1802924","4239.201688","62.205114"
logit_checksum,decode,0c8e93b3ecced1c6,nonfinite=0
logit_checksum,decode,319a6a234bb9ed88,nonfinite=0
logit_checksum,decode,1e95777bddcc71d5,nonfinite=0
logit_checksum,decode,fc3ff68058ffd54e,nonfinite=0
logit_checksum,decode,92560214e2ee8afd,nonfinite=0
"b820cc8","1","Intel(R) Core(TM) Ultra 5 230F","NVIDIA GeForce RTX 5090","CUDA","/home/wici/voice-lab/models/gguf/gemma-4-31B-it-Q4_0.gguf","gemma4 31B Q4_0","17322412272","30697345596","512","512","8","0x0","0","50","f16","f16","-1","0","layer","0","0","1","auto","0.00","^blk[.][0-9]+[.](attn_(k|v|q|output)|ffn_(down|gate|up))[.]weight$=CUDA_Hybrid","1","0","0","0","0","0","0","165120","0","64","0","2026-08-12T09:24:39Z","2810968112","1985471","22.767966","0.016068"
logit_checksum,decode,ea317c3ff2b17152,nonfinite=0
result status=ok pp=4239.201688 tg=22.767966 peak=29762.000MiB
case scheme=intertidal_dma phase=dense ws=31.0GiB ctx=165120 control=pp:12.5
remote command: env -u LD_PRELOAD GGML_CUDA_HYBRID_MODE=staging GGML_CUDA_HYBRID_PAGE_BUDGET=1032 LD_LIBRARY_PATH=/dev/shm/intertidal-capacity.mEP47j:/home/wici/llama.cpp/build-cuda/bin:/usr/local/cuda/lib64 LLAMA_BENCH_LOGIT_CHECKSUM=1 /home/wici/llama.cpp/build-cuda/bin/llama-bench -m /home/wici/voice-lab/models/gguf/gemma-4-31B-it-Q4_0.gguf -p 512 -n 64 -r 5 -t 8 -b 512 -ub 512 -fa on -ctk f16 -ctv f16 -mmp 1 -o csv --ctx-size 165120 -ot '^blk[.][0-9]+[.](attn_(k|v|q|output)|ffn_(down|gate|up))[.]weight$=CUDA_Hybrid'
ggml_cuda_init: found 1 CUDA devices (Total VRAM: 32109 MiB):
  Device 0: NVIDIA GeForce RTX 5090, compute capability 12.0, VMM: yes, VRAM: 32109 MiB
hybrid_vmm,mode=staging,selection=global_budget,requested_pages=1032,requested_bytes=2164260864,requested_mib=2064.000,gross_pages=1032,gross_bytes=2164260864,gross_mib=2064.000,staging_bytes=75497472,staging_mib=72.000,net_bytes=2088763392,net_mib=1992.000,eligible_pages=7470,selected_tensors=410,layers=60,buffer_bytes=16524435968,local_physical_bytes=14361296896,page_bytes=2097152,buffer_mib=15758.930,remote_mib=2064.000,local_physical_mib=13696.000,net_saved_mib=1992.000,page_mib=2.000
logit_checksum,prompt,2417196da4492390,nonfinite=0
logit_checksum,prompt,0453392d6142afd3,nonfinite=0
logit_checksum,prompt,8c39d6d410e92623,nonfinite=0
logit_checksum,prompt,ce38b3f3a7a05142,nonfinite=0
logit_checksum,prompt,556c3b871bf91e81,nonfinite=0
build_commit,build_number,cpu_info,gpu_info,backends,model_filename,model_type,model_size,model_n_params,n_batch,n_ubatch,n_threads,cpu_mask,cpu_strict,poll,type_k,type_v,n_gpu_layers,n_cpu_moe,split_mode,main_gpu,no_kv_offload,flash_attn,devices,tensor_split,tensor_buft_overrides,use_mmap,use_direct_io,embeddings,no_op_offload,no_host,fit_target,fit_min_ctx,n_ctx,n_prompt,n_gen,n_depth,test_time,avg_ns,stddev_ns,avg_ts,stddev_ts
logit_checksum,prompt,c930f979f7f0aed4,nonfinite=0
"b820cc8","1","Intel(R) Core(TM) Ultra 5 230F","NVIDIA GeForce RTX 5090","CUDA","/home/wici/voice-lab/models/gguf/gemma-4-31B-it-Q4_0.gguf","gemma4 31B Q4_0","17322412272","30697345596","512","512","8","0x0","0","50","f16","f16","-1","0","layer","0","0","1","auto","0.00","^blk[.][0-9]+[.](attn_(k|v|q|output)|ffn_(down|gate|up))[.]weight$=CUDA_Hybrid","1","0","0","0","0","0","0","165120","512","0","0","2026-08-12T09:24:56Z","120776316","1709069","4239.909925","59.028047"
logit_checksum,decode,0c8e93b3ecced1c6,nonfinite=0
logit_checksum,decode,319a6a234bb9ed88,nonfinite=0
logit_checksum,decode,1e95777bddcc71d5,nonfinite=0
logit_checksum,decode,fc3ff68058ffd54e,nonfinite=0
logit_checksum,decode,92560214e2ee8afd,nonfinite=0
"b820cc8","1","Intel(R) Core(TM) Ultra 5 230F","NVIDIA GeForce RTX 5090","CUDA","/home/wici/voice-lab/models/gguf/gemma-4-31B-it-Q4_0.gguf","gemma4 31B Q4_0","17322412272","30697345596","512","512","8","0x0","0","50","f16","f16","-1","0","layer","0","0","1","auto","0.00","^blk[.][0-9]+[.](attn_(k|v|q|output)|ffn_(down|gate|up))[.]weight$=CUDA_Hybrid","1","0","0","0","0","0","0","165120","0","64","0","2026-08-12T09:24:57Z","2826800623","3123611","22.640459","0.025019"
logit_checksum,decode,ea317c3ff2b17152,nonfinite=0
result status=ok pp=4239.909925 tg=22.640459 peak=29746.000MiB
case scheme=intertidal_dma phase=dense ws=31.0GiB ctx=165120 control=pp:12.6
remote command: env -u LD_PRELOAD GGML_CUDA_HYBRID_MODE=staging GGML_CUDA_HYBRID_PAGE_BUDGET=1041 LD_LIBRARY_PATH=/dev/shm/intertidal-capacity.mEP47j:/home/wici/llama.cpp/build-cuda/bin:/usr/local/cuda/lib64 LLAMA_BENCH_LOGIT_CHECKSUM=1 /home/wici/llama.cpp/build-cuda/bin/llama-bench -m /home/wici/voice-lab/models/gguf/gemma-4-31B-it-Q4_0.gguf -p 512 -n 64 -r 5 -t 8 -b 512 -ub 512 -fa on -ctk f16 -ctv f16 -mmp 1 -o csv --ctx-size 165120 -ot '^blk[.][0-9]+[.](attn_(k|v|q|output)|ffn_(down|gate|up))[.]weight$=CUDA_Hybrid'
ggml_cuda_init: found 1 CUDA devices (Total VRAM: 32109 MiB):
  Device 0: NVIDIA GeForce RTX 5090, compute capability 12.0, VMM: yes, VRAM: 32109 MiB
hybrid_vmm,mode=staging,selection=global_budget,requested_pages=1041,requested_bytes=2183135232,requested_mib=2082.000,gross_pages=1041,gross_bytes=2183135232,gross_mib=2082.000,staging_bytes=75497472,staging_mib=72.000,net_bytes=2107637760,net_mib=2010.000,eligible_pages=7470,selected_tensors=410,layers=60,buffer_bytes=16524435968,local_physical_bytes=14342422528,page_bytes=2097152,buffer_mib=15758.930,remote_mib=2082.000,local_physical_mib=13678.000,net_saved_mib=2010.000,page_mib=2.000
logit_checksum,prompt,2417196da4492390,nonfinite=0
logit_checksum,prompt,0453392d6142afd3,nonfinite=0
logit_checksum,prompt,8c39d6d410e92623,nonfinite=0
logit_checksum,prompt,ce38b3f3a7a05142,nonfinite=0
logit_checksum,prompt,556c3b871bf91e81,nonfinite=0
build_commit,build_number,cpu_info,gpu_info,backends,model_filename,model_type,model_size,model_n_params,n_batch,n_ubatch,n_threads,cpu_mask,cpu_strict,poll,type_k,type_v,n_gpu_layers,n_cpu_moe,split_mode,main_gpu,no_kv_offload,flash_attn,devices,tensor_split,tensor_buft_overrides,use_mmap,use_direct_io,embeddings,no_op_offload,no_host,fit_target,fit_min_ctx,n_ctx,n_prompt,n_gen,n_depth,test_time,avg_ns,stddev_ns,avg_ts,stddev_ts
"b820cc8","1","Intel(R) Core(TM) Ultra 5 230F","NVIDIA GeForce RTX 5090","CUDA","/home/wici/voice-lab/models/gguf/gemma-4-31B-it-Q4_0.gguf","gemma4 31B Q4_0","17322412272","30697345596","512","512","8","0x0","0","50","f16","f16","-1","0","layer","0","0","1","auto","0.00","^blk[.][0-9]+[.](attn_(k|v|q|output)|ffn_(down|gate|up))[.]weight$=CUDA_Hybrid","1","0","0","0","0","0","0","165120","512","0","0","2026-08-12T09:25:14Z","120898688","1763258","4235.659847","60.772565"
logit_checksum,prompt,c930f979f7f0aed4,nonfinite=0
logit_checksum,decode,0c8e93b3ecced1c6,nonfinite=0
logit_checksum,decode,319a6a234bb9ed88,nonfinite=0
logit_checksum,decode,1e95777bddcc71d5,nonfinite=0
logit_checksum,decode,fc3ff68058ffd54e,nonfinite=0
logit_checksum,decode,92560214e2ee8afd,nonfinite=0
logit_checksum,decode,ea317c3ff2b17152,nonfinite=0
"b820cc8","1","Intel(R) Core(TM) Ultra 5 230F","NVIDIA GeForce RTX 5090","CUDA","/home/wici/voice-lab/models/gguf/gemma-4-31B-it-Q4_0.gguf","gemma4 31B Q4_0","17322412272","30697345596","512","512","8","0x0","0","50","f16","f16","-1","0","layer","0","0","1","auto","0.00","^blk[.][0-9]+[.](attn_(k|v|q|output)|ffn_(down|gate|up))[.]weight$=CUDA_Hybrid","1","0","0","0","0","0","0","165120","0","64","0","2026-08-12T09:25:15Z","2855468428","3424553","22.413161","0.026873"
result status=ok pp=4235.659847 tg=22.413161 peak=29728.000MiB
case scheme=intertidal_dma phase=dense ws=31.0GiB ctx=165120 control=pp:12.7
remote command: env -u LD_PRELOAD GGML_CUDA_HYBRID_MODE=staging GGML_CUDA_HYBRID_PAGE_BUDGET=1049 LD_LIBRARY_PATH=/dev/shm/intertidal-capacity.mEP47j:/home/wici/llama.cpp/build-cuda/bin:/usr/local/cuda/lib64 LLAMA_BENCH_LOGIT_CHECKSUM=1 /home/wici/llama.cpp/build-cuda/bin/llama-bench -m /home/wici/voice-lab/models/gguf/gemma-4-31B-it-Q4_0.gguf -p 512 -n 64 -r 5 -t 8 -b 512 -ub 512 -fa on -ctk f16 -ctv f16 -mmp 1 -o csv --ctx-size 165120 -ot '^blk[.][0-9]+[.](attn_(k|v|q|output)|ffn_(down|gate|up))[.]weight$=CUDA_Hybrid'
ggml_cuda_init: found 1 CUDA devices (Total VRAM: 32109 MiB):
  Device 0: NVIDIA GeForce RTX 5090, compute capability 12.0, VMM: yes, VRAM: 32109 MiB
hybrid_vmm,mode=staging,selection=global_budget,requested_pages=1049,requested_bytes=2199912448,requested_mib=2098.000,gross_pages=1049,gross_bytes=2199912448,gross_mib=2098.000,staging_bytes=75497472,staging_mib=72.000,net_bytes=2124414976,net_mib=2026.000,eligible_pages=7470,selected_tensors=410,layers=60,buffer_bytes=16524435968,local_physical_bytes=14325645312,page_bytes=2097152,buffer_mib=15758.930,remote_mib=2098.000,local_physical_mib=13662.000,net_saved_mib=2026.000,page_mib=2.000
logit_checksum,prompt,2417196da4492390,nonfinite=0
logit_checksum,prompt,0453392d6142afd3,nonfinite=0
logit_checksum,prompt,8c39d6d410e92623,nonfinite=0
logit_checksum,prompt,ce38b3f3a7a05142,nonfinite=0
logit_checksum,prompt,556c3b871bf91e81,nonfinite=0
logit_checksum,prompt,c930f979f7f0aed4,nonfinite=0
build_commit,build_number,cpu_info,gpu_info,backends,model_filename,model_type,model_size,model_n_params,n_batch,n_ubatch,n_threads,cpu_mask,cpu_strict,poll,type_k,type_v,n_gpu_layers,n_cpu_moe,split_mode,main_gpu,no_kv_offload,flash_attn,devices,tensor_split,tensor_buft_overrides,use_mmap,use_direct_io,embeddings,no_op_offload,no_host,fit_target,fit_min_ctx,n_ctx,n_prompt,n_gen,n_depth,test_time,avg_ns,stddev_ns,avg_ts,stddev_ts
"b820cc8","1","Intel(R) Core(TM) Ultra 5 230F","NVIDIA GeForce RTX 5090","CUDA","/home/wici/voice-lab/models/gguf/gemma-4-31B-it-Q4_0.gguf","gemma4 31B Q4_0","17322412272","30697345596","512","512","8","0x0","0","50","f16","f16","-1","0","layer","0","0","1","auto","0.00","^blk[.][0-9]+[.](attn_(k|v|q|output)|ffn_(down|gate|up))[.]weight$=CUDA_Hybrid","1","0","0","0","0","0","0","165120","512","0","0","2026-08-12T09:25:33Z","120764763","1767343","4240.362062","61.058633"
logit_checksum,decode,0c8e93b3ecced1c6,nonfinite=0
logit_checksum,decode,319a6a234bb9ed88,nonfinite=0
logit_checksum,decode,1e95777bddcc71d5,nonfinite=0
logit_checksum,decode,fc3ff68058ffd54e,nonfinite=0
logit_checksum,decode,92560214e2ee8afd,nonfinite=0
logit_checksum,decode,ea317c3ff2b17152,nonfinite=0
"b820cc8","1","Intel(R) Core(TM) Ultra 5 230F","NVIDIA GeForce RTX 5090","CUDA","/home/wici/voice-lab/models/gguf/gemma-4-31B-it-Q4_0.gguf","gemma4 31B Q4_0","17322412272","30697345596","512","512","8","0x0","0","50","f16","f16","-1","0","layer","0","0","1","auto","0.00","^blk[.][0-9]+[.](attn_(k|v|q|output)|ffn_(down|gate|up))[.]weight$=CUDA_Hybrid","1","0","0","0","0","0","0","165120","0","64","0","2026-08-12T09:25:34Z","2877757934","2009931","22.239544","0.015537"
result status=ok pp=4240.362062 tg=22.239544 peak=29712.000MiB
case scheme=intertidal_dma phase=dense ws=31.0GiB ctx=165120 control=pp:12.8
remote command: env -u LD_PRELOAD GGML_CUDA_HYBRID_MODE=staging GGML_CUDA_HYBRID_PAGE_BUDGET=1057 LD_LIBRARY_PATH=/dev/shm/intertidal-capacity.mEP47j:/home/wici/llama.cpp/build-cuda/bin:/usr/local/cuda/lib64 LLAMA_BENCH_LOGIT_CHECKSUM=1 /home/wici/llama.cpp/build-cuda/bin/llama-bench -m /home/wici/voice-lab/models/gguf/gemma-4-31B-it-Q4_0.gguf -p 512 -n 64 -r 5 -t 8 -b 512 -ub 512 -fa on -ctk f16 -ctv f16 -mmp 1 -o csv --ctx-size 165120 -ot '^blk[.][0-9]+[.](attn_(k|v|q|output)|ffn_(down|gate|up))[.]weight$=CUDA_Hybrid'
ggml_cuda_init: found 1 CUDA devices (Total VRAM: 32109 MiB):
  Device 0: NVIDIA GeForce RTX 5090, compute capability 12.0, VMM: yes, VRAM: 32109 MiB
hybrid_vmm,mode=staging,selection=global_budget,requested_pages=1057,requested_bytes=2216689664,requested_mib=2114.000,gross_pages=1057,gross_bytes=2216689664,gross_mib=2114.000,staging_bytes=75497472,staging_mib=72.000,net_bytes=2141192192,net_mib=2042.000,eligible_pages=7470,selected_tensors=410,layers=60,buffer_bytes=16524435968,local_physical_bytes=14308868096,page_bytes=2097152,buffer_mib=15758.930,remote_mib=2114.000,local_physical_mib=13646.000,net_saved_mib=2042.000,page_mib=2.000
logit_checksum,prompt,2417196da4492390,nonfinite=0
logit_checksum,prompt,0453392d6142afd3,nonfinite=0
logit_checksum,prompt,8c39d6d410e92623,nonfinite=0
logit_checksum,prompt,ce38b3f3a7a05142,nonfinite=0
logit_checksum,prompt,556c3b871bf91e81,nonfinite=0
build_commit,build_number,cpu_info,gpu_info,backends,model_filename,model_type,model_size,model_n_params,n_batch,n_ubatch,n_threads,cpu_mask,cpu_strict,poll,type_k,type_v,n_gpu_layers,n_cpu_moe,split_mode,main_gpu,no_kv_offload,flash_attn,devices,tensor_split,tensor_buft_overrides,use_mmap,use_direct_io,embeddings,no_op_offload,no_host,fit_target,fit_min_ctx,n_ctx,n_prompt,n_gen,n_depth,test_time,avg_ns,stddev_ns,avg_ts,stddev_ts
"b820cc8","1","Intel(R) Core(TM) Ultra 5 230F","NVIDIA GeForce RTX 5090","CUDA","/home/wici/voice-lab/models/gguf/gemma-4-31B-it-Q4_0.gguf","gemma4 31B Q4_0","17322412272","30697345596","512","512","8","0x0","0","50","f16","f16","-1","0","layer","0","0","1","auto","0.00","^blk[.][0-9]+[.](attn_(k|v|q|output)|ffn_(down|gate|up))[.]weight$=CUDA_Hybrid","1","0","0","0","0","0","0","165120","512","0","0","2026-08-12T09:25:52Z","120605726","1766176","4245.954788","61.197233"
logit_checksum,prompt,c930f979f7f0aed4,nonfinite=0
logit_checksum,decode,0c8e93b3ecced1c6,nonfinite=0
logit_checksum,decode,319a6a234bb9ed88,nonfinite=0
logit_checksum,decode,1e95777bddcc71d5,nonfinite=0
logit_checksum,decode,fc3ff68058ffd54e,nonfinite=0
logit_checksum,decode,92560214e2ee8afd,nonfinite=0
"b820cc8","1","Intel(R) Core(TM) Ultra 5 230F","NVIDIA GeForce RTX 5090","CUDA","/home/wici/voice-lab/models/gguf/gemma-4-31B-it-Q4_0.gguf","gemma4 31B Q4_0","17322412272","30697345596","512","512","8","0x0","0","50","f16","f16","-1","0","layer","0","0","1","auto","0.00","^blk[.][0-9]+[.](attn_(k|v|q|output)|ffn_(down|gate|up))[.]weight$=CUDA_Hybrid","1","0","0","0","0","0","0","165120","0","64","0","2026-08-12T09:25:53Z","2908274174","12333454","22.006494","0.093202"
logit_checksum,decode,ea317c3ff2b17152,nonfinite=0
result status=ok pp=4245.954788 tg=22.006494 peak=29696.000MiB
case scheme=intertidal_dma phase=dense ws=31.0GiB ctx=165120 control=pp:12.9
remote command: env -u LD_PRELOAD GGML_CUDA_HYBRID_MODE=staging GGML_CUDA_HYBRID_PAGE_BUDGET=1066 LD_LIBRARY_PATH=/dev/shm/intertidal-capacity.mEP47j:/home/wici/llama.cpp/build-cuda/bin:/usr/local/cuda/lib64 LLAMA_BENCH_LOGIT_CHECKSUM=1 /home/wici/llama.cpp/build-cuda/bin/llama-bench -m /home/wici/voice-lab/models/gguf/gemma-4-31B-it-Q4_0.gguf -p 512 -n 64 -r 5 -t 8 -b 512 -ub 512 -fa on -ctk f16 -ctv f16 -mmp 1 -o csv --ctx-size 165120 -ot '^blk[.][0-9]+[.](attn_(k|v|q|output)|ffn_(down|gate|up))[.]weight$=CUDA_Hybrid'
ggml_cuda_init: found 1 CUDA devices (Total VRAM: 32109 MiB):
  Device 0: NVIDIA GeForce RTX 5090, compute capability 12.0, VMM: yes, VRAM: 32109 MiB
hybrid_vmm,mode=staging,selection=global_budget,requested_pages=1066,requested_bytes=2235564032,requested_mib=2132.000,gross_pages=1066,gross_bytes=2235564032,gross_mib=2132.000,staging_bytes=79691776,staging_mib=76.000,net_bytes=2155872256,net_mib=2056.000,eligible_pages=7470,selected_tensors=410,layers=60,buffer_bytes=16524435968,local_physical_bytes=14289993728,page_bytes=2097152,buffer_mib=15758.930,remote_mib=2132.000,local_physical_mib=13628.000,net_saved_mib=2056.000,page_mib=2.000
logit_checksum,prompt,2417196da4492390,nonfinite=0
logit_checksum,prompt,0453392d6142afd3,nonfinite=0
logit_checksum,prompt,8c39d6d410e92623,nonfinite=0
logit_checksum,prompt,ce38b3f3a7a05142,nonfinite=0
logit_checksum,prompt,556c3b871bf91e81,nonfinite=0
build_commit,build_number,cpu_info,gpu_info,backends,model_filename,model_type,model_size,model_n_params,n_batch,n_ubatch,n_threads,cpu_mask,cpu_strict,poll,type_k,type_v,n_gpu_layers,n_cpu_moe,split_mode,main_gpu,no_kv_offload,flash_attn,devices,tensor_split,tensor_buft_overrides,use_mmap,use_direct_io,embeddings,no_op_offload,no_host,fit_target,fit_min_ctx,n_ctx,n_prompt,n_gen,n_depth,test_time,avg_ns,stddev_ns,avg_ts,stddev_ts
logit_checksum,prompt,c930f979f7f0aed4,nonfinite=0
"b820cc8","1","Intel(R) Core(TM) Ultra 5 230F","NVIDIA GeForce RTX 5090","CUDA","/home/wici/voice-lab/models/gguf/gemma-4-31B-it-Q4_0.gguf","gemma4 31B Q4_0","17322412272","30697345596","512","512","8","0x0","0","50","f16","f16","-1","0","layer","0","0","1","auto","0.00","^blk[.][0-9]+[.](attn_(k|v|q|output)|ffn_(down|gate|up))[.]weight$=CUDA_Hybrid","1","0","0","0","0","0","0","165120","512","0","0","2026-08-12T09:26:11Z","120810924","1657724","4238.656152","57.283835"
logit_checksum,decode,0c8e93b3ecced1c6,nonfinite=0
logit_checksum,decode,319a6a234bb9ed88,nonfinite=0
logit_checksum,decode,1e95777bddcc71d5,nonfinite=0
logit_checksum,decode,fc3ff68058ffd54e,nonfinite=0
logit_checksum,decode,92560214e2ee8afd,nonfinite=0
"b820cc8","1","Intel(R) Core(TM) Ultra 5 230F","NVIDIA GeForce RTX 5090","CUDA","/home/wici/voice-lab/models/gguf/gemma-4-31B-it-Q4_0.gguf","gemma4 31B Q4_0","17322412272","30697345596","512","512","8","0x0","0","50","f16","f16","-1","0","layer","0","0","1","auto","0.00","^blk[.][0-9]+[.](attn_(k|v|q|output)|ffn_(down|gate|up))[.]weight$=CUDA_Hybrid","1","0","0","0","0","0","0","165120","0","64","0","2026-08-12T09:26:11Z","2980492576","17056273","21.473523","0.122817"
logit_checksum,decode,ea317c3ff2b17152,nonfinite=0
result status=ok pp=4238.656152 tg=21.473523 peak=29682.000MiB
skip intertidal_dma ws=31.0 control=pp:13 status=ok
case scheme=intertidal_dma phase=dense ws=31.0GiB ctx=165120 control=pp:13.1
remote command: env -u LD_PRELOAD GGML_CUDA_HYBRID_MODE=staging GGML_CUDA_HYBRID_PAGE_BUDGET=1082 LD_LIBRARY_PATH=/dev/shm/intertidal-capacity.mEP47j:/home/wici/llama.cpp/build-cuda/bin:/usr/local/cuda/lib64 LLAMA_BENCH_LOGIT_CHECKSUM=1 /home/wici/llama.cpp/build-cuda/bin/llama-bench -m /home/wici/voice-lab/models/gguf/gemma-4-31B-it-Q4_0.gguf -p 512 -n 64 -r 5 -t 8 -b 512 -ub 512 -fa on -ctk f16 -ctv f16 -mmp 1 -o csv --ctx-size 165120 -ot '^blk[.][0-9]+[.](attn_(k|v|q|output)|ffn_(down|gate|up))[.]weight$=CUDA_Hybrid'
ggml_cuda_init: found 1 CUDA devices (Total VRAM: 32109 MiB):
  Device 0: NVIDIA GeForce RTX 5090, compute capability 12.0, VMM: yes, VRAM: 32109 MiB
hybrid_vmm,mode=staging,selection=global_budget,requested_pages=1082,requested_bytes=2269118464,requested_mib=2164.000,gross_pages=1082,gross_bytes=2269118464,gross_mib=2164.000,staging_bytes=79691776,staging_mib=76.000,net_bytes=2189426688,net_mib=2088.000,eligible_pages=7470,selected_tensors=410,layers=60,buffer_bytes=16524435968,local_physical_bytes=14256439296,page_bytes=2097152,buffer_mib=15758.930,remote_mib=2164.000,local_physical_mib=13596.000,net_saved_mib=2088.000,page_mib=2.000
logit_checksum,prompt,2417196da4492390,nonfinite=0
logit_checksum,prompt,0453392d6142afd3,nonfinite=0
logit_checksum,prompt,8c39d6d410e92623,nonfinite=0
logit_checksum,prompt,ce38b3f3a7a05142,nonfinite=0
logit_checksum,prompt,556c3b871bf91e81,nonfinite=0
build_commit,build_number,cpu_info,gpu_info,backends,model_filename,model_type,model_size,model_n_params,n_batch,n_ubatch,n_threads,cpu_mask,cpu_strict,poll,type_k,type_v,n_gpu_layers,n_cpu_moe,split_mode,main_gpu,no_kv_offload,flash_attn,devices,tensor_split,tensor_buft_overrides,use_mmap,use_direct_io,embeddings,no_op_offload,no_host,fit_target,fit_min_ctx,n_ctx,n_prompt,n_gen,n_depth,test_time,avg_ns,stddev_ns,avg_ts,stddev_ts
"b820cc8","1","Intel(R) Core(TM) Ultra 5 230F","NVIDIA GeForce RTX 5090","CUDA","/home/wici/voice-lab/models/gguf/gemma-4-31B-it-Q4_0.gguf","gemma4 31B Q4_0","17322412272","30697345596","512","512","8","0x0","0","50","f16","f16","-1","0","layer","0","0","1","auto","0.00","^blk[.][0-9]+[.](attn_(k|v|q|output)|ffn_(down|gate|up))[.]weight$=CUDA_Hybrid","1","0","0","0","0","0","0","165120","512","0","0","2026-08-12T09:26:30Z","120715752","1531162","4241.906468","53.010198"
logit_checksum,prompt,c930f979f7f0aed4,nonfinite=0
logit_checksum,decode,0c8e93b3ecced1c6,nonfinite=0
logit_checksum,decode,319a6a234bb9ed88,nonfinite=0
logit_checksum,decode,1e95777bddcc71d5,nonfinite=0
logit_checksum,decode,fc3ff68058ffd54e,nonfinite=0
logit_checksum,decode,92560214e2ee8afd,nonfinite=0
"b820cc8","1","Intel(R) Core(TM) Ultra 5 230F","NVIDIA GeForce RTX 5090","CUDA","/home/wici/voice-lab/models/gguf/gemma-4-31B-it-Q4_0.gguf","gemma4 31B Q4_0","17322412272","30697345596","512","512","8","0x0","0","50","f16","f16","-1","0","layer","0","0","1","auto","0.00","^blk[.][0-9]+[.](attn_(k|v|q|output)|ffn_(down|gate|up))[.]weight$=CUDA_Hybrid","1","0","0","0","0","0","0","165120","0","64","0","2026-08-12T09:26:31Z","3029742982","9865590","21.124083","0.068733"
logit_checksum,decode,ea317c3ff2b17152,nonfinite=0
result status=ok pp=4241.906468 tg=21.124083 peak=29650.000MiB
case scheme=intertidal_dma phase=dense ws=31.0GiB ctx=165120 control=pp:13.2
remote command: env -u LD_PRELOAD GGML_CUDA_HYBRID_MODE=staging GGML_CUDA_HYBRID_PAGE_BUDGET=1090 LD_LIBRARY_PATH=/dev/shm/intertidal-capacity.mEP47j:/home/wici/llama.cpp/build-cuda/bin:/usr/local/cuda/lib64 LLAMA_BENCH_LOGIT_CHECKSUM=1 /home/wici/llama.cpp/build-cuda/bin/llama-bench -m /home/wici/voice-lab/models/gguf/gemma-4-31B-it-Q4_0.gguf -p 512 -n 64 -r 5 -t 8 -b 512 -ub 512 -fa on -ctk f16 -ctv f16 -mmp 1 -o csv --ctx-size 165120 -ot '^blk[.][0-9]+[.](attn_(k|v|q|output)|ffn_(down|gate|up))[.]weight$=CUDA_Hybrid'
ggml_cuda_init: found 1 CUDA devices (Total VRAM: 32109 MiB):
  Device 0: NVIDIA GeForce RTX 5090, compute capability 12.0, VMM: yes, VRAM: 32109 MiB
hybrid_vmm,mode=staging,selection=global_budget,requested_pages=1090,requested_bytes=2285895680,requested_mib=2180.000,gross_pages=1090,gross_bytes=2285895680,gross_mib=2180.000,staging_bytes=79691776,staging_mib=76.000,net_bytes=2206203904,net_mib=2104.000,eligible_pages=7470,selected_tensors=410,layers=60,buffer_bytes=16524435968,local_physical_bytes=14239662080,page_bytes=2097152,buffer_mib=15758.930,remote_mib=2180.000,local_physical_mib=13580.000,net_saved_mib=2104.000,page_mib=2.000
logit_checksum,prompt,2417196da4492390,nonfinite=0
logit_checksum,prompt,0453392d6142afd3,nonfinite=0
logit_checksum,prompt,8c39d6d410e92623,nonfinite=0
logit_checksum,prompt,ce38b3f3a7a05142,nonfinite=0
logit_checksum,prompt,556c3b871bf91e81,nonfinite=0
build_commit,build_number,cpu_info,gpu_info,backends,model_filename,model_type,model_size,model_n_params,n_batch,n_ubatch,n_threads,cpu_mask,cpu_strict,poll,type_k,type_v,n_gpu_layers,n_cpu_moe,split_mode,main_gpu,no_kv_offload,flash_attn,devices,tensor_split,tensor_buft_overrides,use_mmap,use_direct_io,embeddings,no_op_offload,no_host,fit_target,fit_min_ctx,n_ctx,n_prompt,n_gen,n_depth,test_time,avg_ns,stddev_ns,avg_ts,stddev_ts
"b820cc8","1","Intel(R) Core(TM) Ultra 5 230F","NVIDIA GeForce RTX 5090","CUDA","/home/wici/voice-lab/models/gguf/gemma-4-31B-it-Q4_0.gguf","gemma4 31B Q4_0","17322412272","30697345596","512","512","8","0x0","0","50","f16","f16","-1","0","layer","0","0","1","auto","0.00","^blk[.][0-9]+[.](attn_(k|v|q|output)|ffn_(down|gate|up))[.]weight$=CUDA_Hybrid","1","0","0","0","0","0","0","165120","512","0","0","2026-08-12T09:26:50Z","120800679","1915561","4239.225238","66.101545"
logit_checksum,prompt,c930f979f7f0aed4,nonfinite=0
logit_checksum,decode,0c8e93b3ecced1c6,nonfinite=0
logit_checksum,decode,319a6a234bb9ed88,nonfinite=0
logit_checksum,decode,1e95777bddcc71d5,nonfinite=0
logit_checksum,decode,fc3ff68058ffd54e,nonfinite=0
logit_checksum,decode,92560214e2ee8afd,nonfinite=0
"b820cc8","1","Intel(R) Core(TM) Ultra 5 230F","NVIDIA GeForce RTX 5090","CUDA","/home/wici/voice-lab/models/gguf/gemma-4-31B-it-Q4_0.gguf","gemma4 31B Q4_0","17322412272","30697345596","512","512","8","0x0","0","50","f16","f16","-1","0","layer","0","0","1","auto","0.00","^blk[.][0-9]+[.](attn_(k|v|q|output)|ffn_(down|gate|up))[.]weight$=CUDA_Hybrid","1","0","0","0","0","0","0","165120","0","64","0","2026-08-12T09:26:51Z","2991543013","1917120","21.393649","0.013703"
logit_checksum,decode,ea317c3ff2b17152,nonfinite=0
result status=ok pp=4239.225238 tg=21.393649 peak=29634.000MiB
case scheme=intertidal_dma phase=dense ws=31.0GiB ctx=165120 control=pp:13.3
remote command: env -u LD_PRELOAD GGML_CUDA_HYBRID_MODE=staging GGML_CUDA_HYBRID_PAGE_BUDGET=1099 LD_LIBRARY_PATH=/dev/shm/intertidal-capacity.mEP47j:/home/wici/llama.cpp/build-cuda/bin:/usr/local/cuda/lib64 LLAMA_BENCH_LOGIT_CHECKSUM=1 /home/wici/llama.cpp/build-cuda/bin/llama-bench -m /home/wici/voice-lab/models/gguf/gemma-4-31B-it-Q4_0.gguf -p 512 -n 64 -r 5 -t 8 -b 512 -ub 512 -fa on -ctk f16 -ctv f16 -mmp 1 -o csv --ctx-size 165120 -ot '^blk[.][0-9]+[.](attn_(k|v|q|output)|ffn_(down|gate|up))[.]weight$=CUDA_Hybrid'
ggml_cuda_init: found 1 CUDA devices (Total VRAM: 32109 MiB):
  Device 0: NVIDIA GeForce RTX 5090, compute capability 12.0, VMM: yes, VRAM: 32109 MiB
hybrid_vmm,mode=staging,selection=global_budget,requested_pages=1099,requested_bytes=2304770048,requested_mib=2198.000,gross_pages=1099,gross_bytes=2304770048,gross_mib=2198.000,staging_bytes=79691776,staging_mib=76.000,net_bytes=2225078272,net_mib=2122.000,eligible_pages=7470,selected_tensors=410,layers=60,buffer_bytes=16524435968,local_physical_bytes=14220787712,page_bytes=2097152,buffer_mib=15758.930,remote_mib=2198.000,local_physical_mib=13562.000,net_saved_mib=2122.000,page_mib=2.000
logit_checksum,prompt,2417196da4492390,nonfinite=0
logit_checksum,prompt,0453392d6142afd3,nonfinite=0
logit_checksum,prompt,8c39d6d410e92623,nonfinite=0
logit_checksum,prompt,ce38b3f3a7a05142,nonfinite=0
logit_checksum,prompt,556c3b871bf91e81,nonfinite=0
logit_checksum,prompt,c930f979f7f0aed4,nonfinite=0
build_commit,build_number,cpu_info,gpu_info,backends,model_filename,model_type,model_size,model_n_params,n_batch,n_ubatch,n_threads,cpu_mask,cpu_strict,poll,type_k,type_v,n_gpu_layers,n_cpu_moe,split_mode,main_gpu,no_kv_offload,flash_attn,devices,tensor_split,tensor_buft_overrides,use_mmap,use_direct_io,embeddings,no_op_offload,no_host,fit_target,fit_min_ctx,n_ctx,n_prompt,n_gen,n_depth,test_time,avg_ns,stddev_ns,avg_ts,stddev_ts
"b820cc8","1","Intel(R) Core(TM) Ultra 5 230F","NVIDIA GeForce RTX 5090","CUDA","/home/wici/voice-lab/models/gguf/gemma-4-31B-it-Q4_0.gguf","gemma4 31B Q4_0","17322412272","30697345596","512","512","8","0x0","0","50","f16","f16","-1","0","layer","0","0","1","auto","0.00","^blk[.][0-9]+[.](attn_(k|v|q|output)|ffn_(down|gate|up))[.]weight$=CUDA_Hybrid","1","0","0","0","0","0","0","165120","512","0","0","2026-08-12T09:27:09Z","120862108","2021351","4237.164134","69.628844"
logit_checksum,decode,0c8e93b3ecced1c6,nonfinite=0
logit_checksum,decode,319a6a234bb9ed88,nonfinite=0
logit_checksum,decode,1e95777bddcc71d5,nonfinite=0
logit_checksum,decode,fc3ff68058ffd54e,nonfinite=0
logit_checksum,decode,92560214e2ee8afd,nonfinite=0
"b820cc8","1","Intel(R) Core(TM) Ultra 5 230F","NVIDIA GeForce RTX 5090","CUDA","/home/wici/voice-lab/models/gguf/gemma-4-31B-it-Q4_0.gguf","gemma4 31B Q4_0","17322412272","30697345596","512","512","8","0x0","0","50","f16","f16","-1","0","layer","0","0","1","auto","0.00","^blk[.][0-9]+[.](attn_(k|v|q|output)|ffn_(down|gate|up))[.]weight$=CUDA_Hybrid","1","0","0","0","0","0","0","165120","0","64","0","2026-08-12T09:27:10Z","3030850376","14378036","21.116564","0.099693"
logit_checksum,decode,ea317c3ff2b17152,nonfinite=0
result status=ok pp=4237.164134 tg=21.116564 peak=29616.000MiB
case scheme=intertidal_dma phase=dense ws=31.0GiB ctx=165120 control=pp:13.4
remote command: env -u LD_PRELOAD GGML_CUDA_HYBRID_MODE=staging GGML_CUDA_HYBRID_PAGE_BUDGET=1107 LD_LIBRARY_PATH=/dev/shm/intertidal-capacity.mEP47j:/home/wici/llama.cpp/build-cuda/bin:/usr/local/cuda/lib64 LLAMA_BENCH_LOGIT_CHECKSUM=1 /home/wici/llama.cpp/build-cuda/bin/llama-bench -m /home/wici/voice-lab/models/gguf/gemma-4-31B-it-Q4_0.gguf -p 512 -n 64 -r 5 -t 8 -b 512 -ub 512 -fa on -ctk f16 -ctv f16 -mmp 1 -o csv --ctx-size 165120 -ot '^blk[.][0-9]+[.](attn_(k|v|q|output)|ffn_(down|gate|up))[.]weight$=CUDA_Hybrid'
ggml_cuda_init: found 1 CUDA devices (Total VRAM: 32109 MiB):
  Device 0: NVIDIA GeForce RTX 5090, compute capability 12.0, VMM: yes, VRAM: 32109 MiB
hybrid_vmm,mode=staging,selection=global_budget,requested_pages=1107,requested_bytes=2321547264,requested_mib=2214.000,gross_pages=1107,gross_bytes=2321547264,gross_mib=2214.000,staging_bytes=79691776,staging_mib=76.000,net_bytes=2241855488,net_mib=2138.000,eligible_pages=7470,selected_tensors=410,layers=60,buffer_bytes=16524435968,local_physical_bytes=14204010496,page_bytes=2097152,buffer_mib=15758.930,remote_mib=2214.000,local_physical_mib=13546.000,net_saved_mib=2138.000,page_mib=2.000
logit_checksum,prompt,2417196da4492390,nonfinite=0
logit_checksum,prompt,0453392d6142afd3,nonfinite=0
logit_checksum,prompt,8c39d6d410e92623,nonfinite=0
logit_checksum,prompt,ce38b3f3a7a05142,nonfinite=0
logit_checksum,prompt,556c3b871bf91e81,nonfinite=0
logit_checksum,prompt,c930f979f7f0aed4,nonfinite=0
build_commit,build_number,cpu_info,gpu_info,backends,model_filename,model_type,model_size,model_n_params,n_batch,n_ubatch,n_threads,cpu_mask,cpu_strict,poll,type_k,type_v,n_gpu_layers,n_cpu_moe,split_mode,main_gpu,no_kv_offload,flash_attn,devices,tensor_split,tensor_buft_overrides,use_mmap,use_direct_io,embeddings,no_op_offload,no_host,fit_target,fit_min_ctx,n_ctx,n_prompt,n_gen,n_depth,test_time,avg_ns,stddev_ns,avg_ts,stddev_ts
"b820cc8","1","Intel(R) Core(TM) Ultra 5 230F","NVIDIA GeForce RTX 5090","CUDA","/home/wici/voice-lab/models/gguf/gemma-4-31B-it-Q4_0.gguf","gemma4 31B Q4_0","17322412272","30697345596","512","512","8","0x0","0","50","f16","f16","-1","0","layer","0","0","1","auto","0.00","^blk[.][0-9]+[.](attn_(k|v|q|output)|ffn_(down|gate|up))[.]weight$=CUDA_Hybrid","1","0","0","0","0","0","0","165120","512","0","0","2026-08-12T09:27:28Z","120654518","1992563","4244.430701","68.849196"
logit_checksum,decode,0c8e93b3ecced1c6,nonfinite=0
logit_checksum,decode,319a6a234bb9ed88,nonfinite=0
logit_checksum,decode,1e95777bddcc71d5,nonfinite=0
logit_checksum,decode,fc3ff68058ffd54e,nonfinite=0
logit_checksum,decode,92560214e2ee8afd,nonfinite=0
logit_checksum,decode,ea317c3ff2b17152,nonfinite=0
"b820cc8","1","Intel(R) Core(TM) Ultra 5 230F","NVIDIA GeForce RTX 5090","CUDA","/home/wici/voice-lab/models/gguf/gemma-4-31B-it-Q4_0.gguf","gemma4 31B Q4_0","17322412272","30697345596","512","512","8","0x0","0","50","f16","f16","-1","0","layer","0","0","1","auto","0.00","^blk[.][0-9]+[.](attn_(k|v|q|output)|ffn_(down|gate|up))[.]weight$=CUDA_Hybrid","1","0","0","0","0","0","0","165120","0","64","0","2026-08-12T09:27:29Z","3044224636","2513578","21.023427","0.017346"
result status=ok pp=4244.430701 tg=21.023427 peak=29600.000MiB
case scheme=intertidal_dma phase=dense ws=31.0GiB ctx=165120 control=pp:13.5
remote command: env -u LD_PRELOAD GGML_CUDA_HYBRID_MODE=staging GGML_CUDA_HYBRID_PAGE_BUDGET=1115 LD_LIBRARY_PATH=/dev/shm/intertidal-capacity.mEP47j:/home/wici/llama.cpp/build-cuda/bin:/usr/local/cuda/lib64 LLAMA_BENCH_LOGIT_CHECKSUM=1 /home/wici/llama.cpp/build-cuda/bin/llama-bench -m /home/wici/voice-lab/models/gguf/gemma-4-31B-it-Q4_0.gguf -p 512 -n 64 -r 5 -t 8 -b 512 -ub 512 -fa on -ctk f16 -ctv f16 -mmp 1 -o csv --ctx-size 165120 -ot '^blk[.][0-9]+[.](attn_(k|v|q|output)|ffn_(down|gate|up))[.]weight$=CUDA_Hybrid'
ggml_cuda_init: found 1 CUDA devices (Total VRAM: 32109 MiB):
  Device 0: NVIDIA GeForce RTX 5090, compute capability 12.0, VMM: yes, VRAM: 32109 MiB
hybrid_vmm,mode=staging,selection=global_budget,requested_pages=1115,requested_bytes=2338324480,requested_mib=2230.000,gross_pages=1115,gross_bytes=2338324480,gross_mib=2230.000,staging_bytes=79691776,staging_mib=76.000,net_bytes=2258632704,net_mib=2154.000,eligible_pages=7470,selected_tensors=410,layers=60,buffer_bytes=16524435968,local_physical_bytes=14187233280,page_bytes=2097152,buffer_mib=15758.930,remote_mib=2230.000,local_physical_mib=13530.000,net_saved_mib=2154.000,page_mib=2.000
logit_checksum,prompt,2417196da4492390,nonfinite=0
logit_checksum,prompt,0453392d6142afd3,nonfinite=0
logit_checksum,prompt,8c39d6d410e92623,nonfinite=0
logit_checksum,prompt,ce38b3f3a7a05142,nonfinite=0
logit_checksum,prompt,556c3b871bf91e81,nonfinite=0
build_commit,build_number,cpu_info,gpu_info,backends,model_filename,model_type,model_size,model_n_params,n_batch,n_ubatch,n_threads,cpu_mask,cpu_strict,poll,type_k,type_v,n_gpu_layers,n_cpu_moe,split_mode,main_gpu,no_kv_offload,flash_attn,devices,tensor_split,tensor_buft_overrides,use_mmap,use_direct_io,embeddings,no_op_offload,no_host,fit_target,fit_min_ctx,n_ctx,n_prompt,n_gen,n_depth,test_time,avg_ns,stddev_ns,avg_ts,stddev_ts
"b820cc8","1","Intel(R) Core(TM) Ultra 5 230F","NVIDIA GeForce RTX 5090","CUDA","/home/wici/voice-lab/models/gguf/gemma-4-31B-it-Q4_0.gguf","gemma4 31B Q4_0","17322412272","30697345596","512","512","8","0x0","0","50","f16","f16","-1","0","layer","0","0","1","auto","0.00","^blk[.][0-9]+[.](attn_(k|v|q|output)|ffn_(down|gate|up))[.]weight$=CUDA_Hybrid","1","0","0","0","0","0","0","165120","512","0","0","2026-08-12T09:27:48Z","120734887","2130094","4241.732457","73.412715"
logit_checksum,prompt,c930f979f7f0aed4,nonfinite=0
logit_checksum,decode,0c8e93b3ecced1c6,nonfinite=0
logit_checksum,decode,319a6a234bb9ed88,nonfinite=0
logit_checksum,decode,1e95777bddcc71d5,nonfinite=0
logit_checksum,decode,fc3ff68058ffd54e,nonfinite=0
logit_checksum,decode,92560214e2ee8afd,nonfinite=0
"b820cc8","1","Intel(R) Core(TM) Ultra 5 230F","NVIDIA GeForce RTX 5090","CUDA","/home/wici/voice-lab/models/gguf/gemma-4-31B-it-Q4_0.gguf","gemma4 31B Q4_0","17322412272","30697345596","512","512","8","0x0","0","50","f16","f16","-1","0","layer","0","0","1","auto","0.00","^blk[.][0-9]+[.](attn_(k|v|q|output)|ffn_(down|gate|up))[.]weight$=CUDA_Hybrid","1","0","0","0","0","0","0","165120","0","64","0","2026-08-12T09:27:49Z","3064104061","2857252","20.887034","0.019454"
logit_checksum,decode,ea317c3ff2b17152,nonfinite=0
result status=ok pp=4241.732457 tg=20.887034 peak=29584.000MiB
case scheme=intertidal_dma phase=dense ws=31.0GiB ctx=165120 control=pp:13.6
remote command: env -u LD_PRELOAD GGML_CUDA_HYBRID_MODE=staging GGML_CUDA_HYBRID_PAGE_BUDGET=1123 LD_LIBRARY_PATH=/dev/shm/intertidal-capacity.mEP47j:/home/wici/llama.cpp/build-cuda/bin:/usr/local/cuda/lib64 LLAMA_BENCH_LOGIT_CHECKSUM=1 /home/wici/llama.cpp/build-cuda/bin/llama-bench -m /home/wici/voice-lab/models/gguf/gemma-4-31B-it-Q4_0.gguf -p 512 -n 64 -r 5 -t 8 -b 512 -ub 512 -fa on -ctk f16 -ctv f16 -mmp 1 -o csv --ctx-size 165120 -ot '^blk[.][0-9]+[.](attn_(k|v|q|output)|ffn_(down|gate|up))[.]weight$=CUDA_Hybrid'
ggml_cuda_init: found 1 CUDA devices (Total VRAM: 32109 MiB):
  Device 0: NVIDIA GeForce RTX 5090, compute capability 12.0, VMM: yes, VRAM: 32109 MiB
hybrid_vmm,mode=staging,selection=global_budget,requested_pages=1123,requested_bytes=2355101696,requested_mib=2246.000,gross_pages=1123,gross_bytes=2355101696,gross_mib=2246.000,staging_bytes=83886080,staging_mib=80.000,net_bytes=2271215616,net_mib=2166.000,eligible_pages=7470,selected_tensors=410,layers=60,buffer_bytes=16524435968,local_physical_bytes=14170456064,page_bytes=2097152,buffer_mib=15758.930,remote_mib=2246.000,local_physical_mib=13514.000,net_saved_mib=2166.000,page_mib=2.000
logit_checksum,prompt,2417196da4492390,nonfinite=0
logit_checksum,prompt,0453392d6142afd3,nonfinite=0
logit_checksum,prompt,8c39d6d410e92623,nonfinite=0
logit_checksum,prompt,ce38b3f3a7a05142,nonfinite=0
logit_checksum,prompt,556c3b871bf91e81,nonfinite=0
build_commit,build_number,cpu_info,gpu_info,backends,model_filename,model_type,model_size,model_n_params,n_batch,n_ubatch,n_threads,cpu_mask,cpu_strict,poll,type_k,type_v,n_gpu_layers,n_cpu_moe,split_mode,main_gpu,no_kv_offload,flash_attn,devices,tensor_split,tensor_buft_overrides,use_mmap,use_direct_io,embeddings,no_op_offload,no_host,fit_target,fit_min_ctx,n_ctx,n_prompt,n_gen,n_depth,test_time,avg_ns,stddev_ns,avg_ts,stddev_ts
"b820cc8","1","Intel(R) Core(TM) Ultra 5 230F","NVIDIA GeForce RTX 5090","CUDA","/home/wici/voice-lab/models/gguf/gemma-4-31B-it-Q4_0.gguf","gemma4 31B Q4_0","17322412272","30697345596","512","512","8","0x0","0","50","f16","f16","-1","0","layer","0","0","1","auto","0.00","^blk[.][0-9]+[.](attn_(k|v|q|output)|ffn_(down|gate|up))[.]weight$=CUDA_Hybrid","1","0","0","0","0","0","0","165120","512","0","0","2026-08-12T09:28:08Z","120702321","2023973","4242.778175","69.903593"
logit_checksum,prompt,c930f979f7f0aed4,nonfinite=0
logit_checksum,decode,0c8e93b3ecced1c6,nonfinite=0
logit_checksum,decode,319a6a234bb9ed88,nonfinite=0
logit_checksum,decode,1e95777bddcc71d5,nonfinite=0
logit_checksum,decode,fc3ff68058ffd54e,nonfinite=0
logit_checksum,decode,92560214e2ee8afd,nonfinite=0
logit_checksum,decode,ea317c3ff2b17152,nonfinite=0
"b820cc8","1","Intel(R) Core(TM) Ultra 5 230F","NVIDIA GeForce RTX 5090","CUDA","/home/wici/voice-lab/models/gguf/gemma-4-31B-it-Q4_0.gguf","gemma4 31B Q4_0","17322412272","30697345596","512","512","8","0x0","0","50","f16","f16","-1","0","layer","0","0","1","auto","0.00","^blk[.][0-9]+[.](attn_(k|v|q|output)|ffn_(down|gate|up))[.]weight$=CUDA_Hybrid","1","0","0","0","0","0","0","165120","0","64","0","2026-08-12T09:28:08Z","3100337541","11237831","20.643130","0.074720"
result status=ok pp=4242.778175 tg=20.643130 peak=29572.000MiB
case scheme=intertidal_dma phase=dense ws=31.0GiB ctx=165120 control=pp:13.7
remote command: env -u LD_PRELOAD GGML_CUDA_HYBRID_MODE=staging GGML_CUDA_HYBRID_PAGE_BUDGET=1132 LD_LIBRARY_PATH=/dev/shm/intertidal-capacity.mEP47j:/home/wici/llama.cpp/build-cuda/bin:/usr/local/cuda/lib64 LLAMA_BENCH_LOGIT_CHECKSUM=1 /home/wici/llama.cpp/build-cuda/bin/llama-bench -m /home/wici/voice-lab/models/gguf/gemma-4-31B-it-Q4_0.gguf -p 512 -n 64 -r 5 -t 8 -b 512 -ub 512 -fa on -ctk f16 -ctv f16 -mmp 1 -o csv --ctx-size 165120 -ot '^blk[.][0-9]+[.](attn_(k|v|q|output)|ffn_(down|gate|up))[.]weight$=CUDA_Hybrid'
ggml_cuda_init: found 1 CUDA devices (Total VRAM: 32109 MiB):
  Device 0: NVIDIA GeForce RTX 5090, compute capability 12.0, VMM: yes, VRAM: 32109 MiB
hybrid_vmm,mode=staging,selection=global_budget,requested_pages=1132,requested_bytes=2373976064,requested_mib=2264.000,gross_pages=1132,gross_bytes=2373976064,gross_mib=2264.000,staging_bytes=83886080,staging_mib=80.000,net_bytes=2290089984,net_mib=2184.000,eligible_pages=7470,selected_tensors=410,layers=60,buffer_bytes=16524435968,local_physical_bytes=14151581696,page_bytes=2097152,buffer_mib=15758.930,remote_mib=2264.000,local_physical_mib=13496.000,net_saved_mib=2184.000,page_mib=2.000
logit_checksum,prompt,2417196da4492390,nonfinite=0
logit_checksum,prompt,0453392d6142afd3,nonfinite=0
logit_checksum,prompt,8c39d6d410e92623,nonfinite=0
logit_checksum,prompt,ce38b3f3a7a05142,nonfinite=0
logit_checksum,prompt,556c3b871bf91e81,nonfinite=0
logit_checksum,prompt,c930f979f7f0aed4,nonfinite=0
build_commit,build_number,cpu_info,gpu_info,backends,model_filename,model_type,model_size,model_n_params,n_batch,n_ubatch,n_threads,cpu_mask,cpu_strict,poll,type_k,type_v,n_gpu_layers,n_cpu_moe,split_mode,main_gpu,no_kv_offload,flash_attn,devices,tensor_split,tensor_buft_overrides,use_mmap,use_direct_io,embeddings,no_op_offload,no_host,fit_target,fit_min_ctx,n_ctx,n_prompt,n_gen,n_depth,test_time,avg_ns,stddev_ns,avg_ts,stddev_ts
logit_checksum,decode,0c8e93b3ecced1c6,nonfinite=0
"b820cc8","1","Intel(R) Core(TM) Ultra 5 230F","NVIDIA GeForce RTX 5090","CUDA","/home/wici/voice-lab/models/gguf/gemma-4-31B-it-Q4_0.gguf","gemma4 31B Q4_0","17322412272","30697345596","512","512","8","0x0","0","50","f16","f16","-1","0","layer","0","0","1","auto","0.00","^blk[.][0-9]+[.](attn_(k|v|q|output)|ffn_(down|gate|up))[.]weight$=CUDA_Hybrid","1","0","0","0","0","0","0","165120","512","0","0","2026-08-12T09:28:27Z","120737230","1671444","4241.254569","57.834989"
logit_checksum,decode,319a6a234bb9ed88,nonfinite=0
logit_checksum,decode,1e95777bddcc71d5,nonfinite=0
logit_checksum,decode,fc3ff68058ffd54e,nonfinite=0
logit_checksum,decode,92560214e2ee8afd,nonfinite=0
logit_checksum,decode,ea317c3ff2b17152,nonfinite=0
"b820cc8","1","Intel(R) Core(TM) Ultra 5 230F","NVIDIA GeForce RTX 5090","CUDA","/home/wici/voice-lab/models/gguf/gemma-4-31B-it-Q4_0.gguf","gemma4 31B Q4_0","17322412272","30697345596","512","512","8","0x0","0","50","f16","f16","-1","0","layer","0","0","1","auto","0.00","^blk[.][0-9]+[.](attn_(k|v|q|output)|ffn_(down|gate|up))[.]weight$=CUDA_Hybrid","1","0","0","0","0","0","0","165120","0","64","0","2026-08-12T09:28:28Z","3123787244","23343105","20.488857","0.151602"
result status=ok pp=4241.254569 tg=20.488857 peak=29554.000MiB
case scheme=intertidal_dma phase=dense ws=31.0GiB ctx=165120 control=pp:13.8
remote command: env -u LD_PRELOAD GGML_CUDA_HYBRID_MODE=staging GGML_CUDA_HYBRID_PAGE_BUDGET=1140 LD_LIBRARY_PATH=/dev/shm/intertidal-capacity.mEP47j:/home/wici/llama.cpp/build-cuda/bin:/usr/local/cuda/lib64 LLAMA_BENCH_LOGIT_CHECKSUM=1 /home/wici/llama.cpp/build-cuda/bin/llama-bench -m /home/wici/voice-lab/models/gguf/gemma-4-31B-it-Q4_0.gguf -p 512 -n 64 -r 5 -t 8 -b 512 -ub 512 -fa on -ctk f16 -ctv f16 -mmp 1 -o csv --ctx-size 165120 -ot '^blk[.][0-9]+[.](attn_(k|v|q|output)|ffn_(down|gate|up))[.]weight$=CUDA_Hybrid'
ggml_cuda_init: found 1 CUDA devices (Total VRAM: 32109 MiB):
  Device 0: NVIDIA GeForce RTX 5090, compute capability 12.0, VMM: yes, VRAM: 32109 MiB
hybrid_vmm,mode=staging,selection=global_budget,requested_pages=1140,requested_bytes=2390753280,requested_mib=2280.000,gross_pages=1140,gross_bytes=2390753280,gross_mib=2280.000,staging_bytes=83886080,staging_mib=80.000,net_bytes=2306867200,net_mib=2200.000,eligible_pages=7470,selected_tensors=410,layers=60,buffer_bytes=16524435968,local_physical_bytes=14134804480,page_bytes=2097152,buffer_mib=15758.930,remote_mib=2280.000,local_physical_mib=13480.000,net_saved_mib=2200.000,page_mib=2.000
logit_checksum,prompt,2417196da4492390,nonfinite=0
logit_checksum,prompt,0453392d6142afd3,nonfinite=0
logit_checksum,prompt,8c39d6d410e92623,nonfinite=0
logit_checksum,prompt,ce38b3f3a7a05142,nonfinite=0
logit_checksum,prompt,556c3b871bf91e81,nonfinite=0
build_commit,build_number,cpu_info,gpu_info,backends,model_filename,model_type,model_size,model_n_params,n_batch,n_ubatch,n_threads,cpu_mask,cpu_strict,poll,type_k,type_v,n_gpu_layers,n_cpu_moe,split_mode,main_gpu,no_kv_offload,flash_attn,devices,tensor_split,tensor_buft_overrides,use_mmap,use_direct_io,embeddings,no_op_offload,no_host,fit_target,fit_min_ctx,n_ctx,n_prompt,n_gen,n_depth,test_time,avg_ns,stddev_ns,avg_ts,stddev_ts
"b820cc8","1","Intel(R) Core(TM) Ultra 5 230F","NVIDIA GeForce RTX 5090","CUDA","/home/wici/voice-lab/models/gguf/gemma-4-31B-it-Q4_0.gguf","gemma4 31B Q4_0","17322412272","30697345596","512","512","8","0x0","0","50","f16","f16","-1","0","layer","0","0","1","auto","0.00","^blk[.][0-9]+[.](attn_(k|v|q|output)|ffn_(down|gate|up))[.]weight$=CUDA_Hybrid","1","0","0","0","0","0","0","165120","512","0","0","2026-08-12T09:28:48Z","120820353","2144579","4238.745195","73.850311"
logit_checksum,prompt,c930f979f7f0aed4,nonfinite=0
logit_checksum,decode,0c8e93b3ecced1c6,nonfinite=0
logit_checksum,decode,319a6a234bb9ed88,nonfinite=0
logit_checksum,decode,1e95777bddcc71d5,nonfinite=0
logit_checksum,decode,fc3ff68058ffd54e,nonfinite=0
logit_checksum,decode,92560214e2ee8afd,nonfinite=0
"b820cc8","1","Intel(R) Core(TM) Ultra 5 230F","NVIDIA GeForce RTX 5090","CUDA","/home/wici/voice-lab/models/gguf/gemma-4-31B-it-Q4_0.gguf","gemma4 31B Q4_0","17322412272","30697345596","512","512","8","0x0","0","50","f16","f16","-1","0","layer","0","0","1","auto","0.00","^blk[.][0-9]+[.](attn_(k|v|q|output)|ffn_(down|gate|up))[.]weight$=CUDA_Hybrid","1","0","0","0","0","0","0","165120","0","64","0","2026-08-12T09:28:48Z","3170457006","21084645","20.187080","0.134562"
logit_checksum,decode,ea317c3ff2b17152,nonfinite=0
result status=ok pp=4238.745195 tg=20.187080 peak=29538.000MiB
case scheme=intertidal_dma phase=dense ws=31.0GiB ctx=165120 control=pp:13.9
remote command: env -u LD_PRELOAD GGML_CUDA_HYBRID_MODE=staging GGML_CUDA_HYBRID_PAGE_BUDGET=1148 LD_LIBRARY_PATH=/dev/shm/intertidal-capacity.mEP47j:/home/wici/llama.cpp/build-cuda/bin:/usr/local/cuda/lib64 LLAMA_BENCH_LOGIT_CHECKSUM=1 /home/wici/llama.cpp/build-cuda/bin/llama-bench -m /home/wici/voice-lab/models/gguf/gemma-4-31B-it-Q4_0.gguf -p 512 -n 64 -r 5 -t 8 -b 512 -ub 512 -fa on -ctk f16 -ctv f16 -mmp 1 -o csv --ctx-size 165120 -ot '^blk[.][0-9]+[.](attn_(k|v|q|output)|ffn_(down|gate|up))[.]weight$=CUDA_Hybrid'
ggml_cuda_init: found 1 CUDA devices (Total VRAM: 32109 MiB):
  Device 0: NVIDIA GeForce RTX 5090, compute capability 12.0, VMM: yes, VRAM: 32109 MiB
hybrid_vmm,mode=staging,selection=global_budget,requested_pages=1148,requested_bytes=2407530496,requested_mib=2296.000,gross_pages=1148,gross_bytes=2407530496,gross_mib=2296.000,staging_bytes=83886080,staging_mib=80.000,net_bytes=2323644416,net_mib=2216.000,eligible_pages=7470,selected_tensors=410,layers=60,buffer_bytes=16524435968,local_physical_bytes=14118027264,page_bytes=2097152,buffer_mib=15758.930,remote_mib=2296.000,local_physical_mib=13464.000,net_saved_mib=2216.000,page_mib=2.000
logit_checksum,prompt,2417196da4492390,nonfinite=0
logit_checksum,prompt,0453392d6142afd3,nonfinite=0
logit_checksum,prompt,8c39d6d410e92623,nonfinite=0
logit_checksum,prompt,ce38b3f3a7a05142,nonfinite=0
logit_checksum,prompt,556c3b871bf91e81,nonfinite=0
build_commit,build_number,cpu_info,gpu_info,backends,model_filename,model_type,model_size,model_n_params,n_batch,n_ubatch,n_threads,cpu_mask,cpu_strict,poll,type_k,type_v,n_gpu_layers,n_cpu_moe,split_mode,main_gpu,no_kv_offload,flash_attn,devices,tensor_split,tensor_buft_overrides,use_mmap,use_direct_io,embeddings,no_op_offload,no_host,fit_target,fit_min_ctx,n_ctx,n_prompt,n_gen,n_depth,test_time,avg_ns,stddev_ns,avg_ts,stddev_ts
logit_checksum,prompt,c930f979f7f0aed4,nonfinite=0
"b820cc8","1","Intel(R) Core(TM) Ultra 5 230F","NVIDIA GeForce RTX 5090","CUDA","/home/wici/voice-lab/models/gguf/gemma-4-31B-it-Q4_0.gguf","gemma4 31B Q4_0","17322412272","30697345596","512","512","8","0x0","0","50","f16","f16","-1","0","layer","0","0","1","auto","0.00","^blk[.][0-9]+[.](attn_(k|v|q|output)|ffn_(down|gate|up))[.]weight$=CUDA_Hybrid","1","0","0","0","0","0","0","165120","512","0","0","2026-08-12T09:29:08Z","120970767","2346442","4233.674552","80.372735"
logit_checksum,decode,0c8e93b3ecced1c6,nonfinite=0
logit_checksum,decode,319a6a234bb9ed88,nonfinite=0
logit_checksum,decode,1e95777bddcc71d5,nonfinite=0
logit_checksum,decode,fc3ff68058ffd54e,nonfinite=0
logit_checksum,decode,92560214e2ee8afd,nonfinite=0
logit_checksum,decode,ea317c3ff2b17152,nonfinite=0
"b820cc8","1","Intel(R) Core(TM) Ultra 5 230F","NVIDIA GeForce RTX 5090","CUDA","/home/wici/voice-lab/models/gguf/gemma-4-31B-it-Q4_0.gguf","gemma4 31B Q4_0","17322412272","30697345596","512","512","8","0x0","0","50","f16","f16","-1","0","layer","0","0","1","auto","0.00","^blk[.][0-9]+[.](attn_(k|v|q|output)|ffn_(down|gate|up))[.]weight$=CUDA_Hybrid","1","0","0","0","0","0","0","165120","0","64","0","2026-08-12T09:29:09Z","3192095366","31787916","20.051117","0.199635"
result status=ok pp=4233.674552 tg=20.051117 peak=29522.000MiB
skip intertidal_dma ws=31.0 control=pp:14 status=ok
case scheme=intertidal_dma phase=dense ws=31.0GiB ctx=165120 control=pp:14.1
remote command: env -u LD_PRELOAD GGML_CUDA_HYBRID_MODE=staging GGML_CUDA_HYBRID_PAGE_BUDGET=1165 LD_LIBRARY_PATH=/dev/shm/intertidal-capacity.mEP47j:/home/wici/llama.cpp/build-cuda/bin:/usr/local/cuda/lib64 LLAMA_BENCH_LOGIT_CHECKSUM=1 /home/wici/llama.cpp/build-cuda/bin/llama-bench -m /home/wici/voice-lab/models/gguf/gemma-4-31B-it-Q4_0.gguf -p 512 -n 64 -r 5 -t 8 -b 512 -ub 512 -fa on -ctk f16 -ctv f16 -mmp 1 -o csv --ctx-size 165120 -ot '^blk[.][0-9]+[.](attn_(k|v|q|output)|ffn_(down|gate|up))[.]weight$=CUDA_Hybrid'
ggml_cuda_init: found 1 CUDA devices (Total VRAM: 32109 MiB):
  Device 0: NVIDIA GeForce RTX 5090, compute capability 12.0, VMM: yes, VRAM: 32109 MiB
hybrid_vmm,mode=staging,selection=global_budget,requested_pages=1165,requested_bytes=2443182080,requested_mib=2330.000,gross_pages=1165,gross_bytes=2443182080,gross_mib=2330.000,staging_bytes=83886080,staging_mib=80.000,net_bytes=2359296000,net_mib=2250.000,eligible_pages=7470,selected_tensors=410,layers=60,buffer_bytes=16524435968,local_physical_bytes=14082375680,page_bytes=2097152,buffer_mib=15758.930,remote_mib=2330.000,local_physical_mib=13430.000,net_saved_mib=2250.000,page_mib=2.000
logit_checksum,prompt,2417196da4492390,nonfinite=0
logit_checksum,prompt,0453392d6142afd3,nonfinite=0
logit_checksum,prompt,8c39d6d410e92623,nonfinite=0
logit_checksum,prompt,ce38b3f3a7a05142,nonfinite=0
logit_checksum,prompt,556c3b871bf91e81,nonfinite=0
logit_checksum,prompt,c930f979f7f0aed4,nonfinite=0
build_commit,build_number,cpu_info,gpu_info,backends,model_filename,model_type,model_size,model_n_params,n_batch,n_ubatch,n_threads,cpu_mask,cpu_strict,poll,type_k,type_v,n_gpu_layers,n_cpu_moe,split_mode,main_gpu,no_kv_offload,flash_attn,devices,tensor_split,tensor_buft_overrides,use_mmap,use_direct_io,embeddings,no_op_offload,no_host,fit_target,fit_min_ctx,n_ctx,n_prompt,n_gen,n_depth,test_time,avg_ns,stddev_ns,avg_ts,stddev_ts
"b820cc8","1","Intel(R) Core(TM) Ultra 5 230F","NVIDIA GeForce RTX 5090","CUDA","/home/wici/voice-lab/models/gguf/gemma-4-31B-it-Q4_0.gguf","gemma4 31B Q4_0","17322412272","30697345596","512","512","8","0x0","0","50","f16","f16","-1","0","layer","0","0","1","auto","0.00","^blk[.][0-9]+[.](attn_(k|v|q|output)|ffn_(down|gate|up))[.]weight$=CUDA_Hybrid","1","0","0","0","0","0","0","165120","512","0","0","2026-08-12T09:29:32Z","120662204","1998087","4244.165000","69.011685"
logit_checksum,decode,0c8e93b3ecced1c6,nonfinite=0
logit_checksum,decode,319a6a234bb9ed88,nonfinite=0
logit_checksum,decode,1e95777bddcc71d5,nonfinite=0
logit_checksum,decode,fc3ff68058ffd54e,nonfinite=0
logit_checksum,decode,92560214e2ee8afd,nonfinite=0
"b820cc8","1","Intel(R) Core(TM) Ultra 5 230F","NVIDIA GeForce RTX 5090","CUDA","/home/wici/voice-lab/models/gguf/gemma-4-31B-it-Q4_0.gguf","gemma4 31B Q4_0","17322412272","30697345596","512","512","8","0x0","0","50","f16","f16","-1","0","layer","0","0","1","auto","0.00","^blk[.][0-9]+[.](attn_(k|v|q|output)|ffn_(down|gate|up))[.]weight$=CUDA_Hybrid","1","0","0","0","0","0","0","165120","0","64","0","2026-08-12T09:29:33Z","3208241888","3056029","19.948635","0.018978"
logit_checksum,decode,ea317c3ff2b17152,nonfinite=0
result status=ok pp=4244.165000 tg=19.948635 peak=29488.000MiB
case scheme=intertidal_dma phase=dense ws=31.0GiB ctx=165120 control=pp:14.2
remote command: env -u LD_PRELOAD GGML_CUDA_HYBRID_MODE=staging GGML_CUDA_HYBRID_PAGE_BUDGET=1173 LD_LIBRARY_PATH=/dev/shm/intertidal-capacity.mEP47j:/home/wici/llama.cpp/build-cuda/bin:/usr/local/cuda/lib64 LLAMA_BENCH_LOGIT_CHECKSUM=1 /home/wici/llama.cpp/build-cuda/bin/llama-bench -m /home/wici/voice-lab/models/gguf/gemma-4-31B-it-Q4_0.gguf -p 512 -n 64 -r 5 -t 8 -b 512 -ub 512 -fa on -ctk f16 -ctv f16 -mmp 1 -o csv --ctx-size 165120 -ot '^blk[.][0-9]+[.](attn_(k|v|q|output)|ffn_(down|gate|up))[.]weight$=CUDA_Hybrid'
ggml_cuda_init: found 1 CUDA devices (Total VRAM: 32109 MiB):
  Device 0: NVIDIA GeForce RTX 5090, compute capability 12.0, VMM: yes, VRAM: 32109 MiB
hybrid_vmm,mode=staging,selection=global_budget,requested_pages=1173,requested_bytes=2459959296,requested_mib=2346.000,gross_pages=1173,gross_bytes=2459959296,gross_mib=2346.000,staging_bytes=88080384,staging_mib=84.000,net_bytes=2371878912,net_mib=2262.000,eligible_pages=7470,selected_tensors=410,layers=60,buffer_bytes=16524435968,local_physical_bytes=14065598464,page_bytes=2097152,buffer_mib=15758.930,remote_mib=2346.000,local_physical_mib=13414.000,net_saved_mib=2262.000,page_mib=2.000
logit_checksum,prompt,2417196da4492390,nonfinite=0
logit_checksum,prompt,0453392d6142afd3,nonfinite=0
logit_checksum,prompt,8c39d6d410e92623,nonfinite=0
logit_checksum,prompt,ce38b3f3a7a05142,nonfinite=0
logit_checksum,prompt,556c3b871bf91e81,nonfinite=0
logit_checksum,prompt,c930f979f7f0aed4,nonfinite=0
build_commit,build_number,cpu_info,gpu_info,backends,model_filename,model_type,model_size,model_n_params,n_batch,n_ubatch,n_threads,cpu_mask,cpu_strict,poll,type_k,type_v,n_gpu_layers,n_cpu_moe,split_mode,main_gpu,no_kv_offload,flash_attn,devices,tensor_split,tensor_buft_overrides,use_mmap,use_direct_io,embeddings,no_op_offload,no_host,fit_target,fit_min_ctx,n_ctx,n_prompt,n_gen,n_depth,test_time,avg_ns,stddev_ns,avg_ts,stddev_ts
"b820cc8","1","Intel(R) Core(TM) Ultra 5 230F","NVIDIA GeForce RTX 5090","CUDA","/home/wici/voice-lab/models/gguf/gemma-4-31B-it-Q4_0.gguf","gemma4 31B Q4_0","17322412272","30697345596","512","512","8","0x0","0","50","f16","f16","-1","0","layer","0","0","1","auto","0.00","^blk[.][0-9]+[.](attn_(k|v|q|output)|ffn_(down|gate|up))[.]weight$=CUDA_Hybrid","1","0","0","0","0","0","0","165120","512","0","0","2026-08-12T09:29:54Z","120650279","2027107","4244.611578","70.038415"
logit_checksum,decode,0c8e93b3ecced1c6,nonfinite=0
logit_checksum,decode,319a6a234bb9ed88,nonfinite=0
logit_checksum,decode,1e95777bddcc71d5,nonfinite=0
logit_checksum,decode,fc3ff68058ffd54e,nonfinite=0
logit_checksum,decode,92560214e2ee8afd,nonfinite=0
"b820cc8","1","Intel(R) Core(TM) Ultra 5 230F","NVIDIA GeForce RTX 5090","CUDA","/home/wici/voice-lab/models/gguf/gemma-4-31B-it-Q4_0.gguf","gemma4 31B Q4_0","17322412272","30697345596","512","512","8","0x0","0","50","f16","f16","-1","0","layer","0","0","1","auto","0.00","^blk[.][0-9]+[.](attn_(k|v|q|output)|ffn_(down|gate|up))[.]weight$=CUDA_Hybrid","1","0","0","0","0","0","0","165120","0","64","0","2026-08-12T09:29:55Z","3224977928","2919262","19.845110","0.017942"
logit_checksum,decode,ea317c3ff2b17152,nonfinite=0
result status=ok pp=4244.611578 tg=19.845110 peak=29476.000MiB
case scheme=intertidal_dma phase=dense ws=31.0GiB ctx=165120 control=pp:14.3
remote command: env -u LD_PRELOAD GGML_CUDA_HYBRID_MODE=staging GGML_CUDA_HYBRID_PAGE_BUDGET=1181 LD_LIBRARY_PATH=/dev/shm/intertidal-capacity.mEP47j:/home/wici/llama.cpp/build-cuda/bin:/usr/local/cuda/lib64 LLAMA_BENCH_LOGIT_CHECKSUM=1 /home/wici/llama.cpp/build-cuda/bin/llama-bench -m /home/wici/voice-lab/models/gguf/gemma-4-31B-it-Q4_0.gguf -p 512 -n 64 -r 5 -t 8 -b 512 -ub 512 -fa on -ctk f16 -ctv f16 -mmp 1 -o csv --ctx-size 165120 -ot '^blk[.][0-9]+[.](attn_(k|v|q|output)|ffn_(down|gate|up))[.]weight$=CUDA_Hybrid'
ggml_cuda_init: found 1 CUDA devices (Total VRAM: 32109 MiB):
  Device 0: NVIDIA GeForce RTX 5090, compute capability 12.0, VMM: yes, VRAM: 32109 MiB
hybrid_vmm,mode=staging,selection=global_budget,requested_pages=1181,requested_bytes=2476736512,requested_mib=2362.000,gross_pages=1181,gross_bytes=2476736512,gross_mib=2362.000,staging_bytes=88080384,staging_mib=84.000,net_bytes=2388656128,net_mib=2278.000,eligible_pages=7470,selected_tensors=410,layers=60,buffer_bytes=16524435968,local_physical_bytes=14048821248,page_bytes=2097152,buffer_mib=15758.930,remote_mib=2362.000,local_physical_mib=13398.000,net_saved_mib=2278.000,page_mib=2.000
logit_checksum,prompt,2417196da4492390,nonfinite=0
logit_checksum,prompt,0453392d6142afd3,nonfinite=0
logit_checksum,prompt,8c39d6d410e92623,nonfinite=0
logit_checksum,prompt,ce38b3f3a7a05142,nonfinite=0
logit_checksum,prompt,556c3b871bf91e81,nonfinite=0
build_commit,build_number,cpu_info,gpu_info,backends,model_filename,model_type,model_size,model_n_params,n_batch,n_ubatch,n_threads,cpu_mask,cpu_strict,poll,type_k,type_v,n_gpu_layers,n_cpu_moe,split_mode,main_gpu,no_kv_offload,flash_attn,devices,tensor_split,tensor_buft_overrides,use_mmap,use_direct_io,embeddings,no_op_offload,no_host,fit_target,fit_min_ctx,n_ctx,n_prompt,n_gen,n_depth,test_time,avg_ns,stddev_ns,avg_ts,stddev_ts
"b820cc8","1","Intel(R) Core(TM) Ultra 5 230F","NVIDIA GeForce RTX 5090","CUDA","/home/wici/voice-lab/models/gguf/gemma-4-31B-it-Q4_0.gguf","gemma4 31B Q4_0","17322412272","30697345596","512","512","8","0x0","0","50","f16","f16","-1","0","layer","0","0","1","auto","0.00","^blk[.][0-9]+[.](attn_(k|v|q|output)|ffn_(down|gate|up))[.]weight$=CUDA_Hybrid","1","0","0","0","0","0","0","165120","512","0","0","2026-08-12T09:30:17Z","120625233","1965175","4245.436956","67.950091"
logit_checksum,prompt,c930f979f7f0aed4,nonfinite=0
logit_checksum,decode,0c8e93b3ecced1c6,nonfinite=0
logit_checksum,decode,319a6a234bb9ed88,nonfinite=0
logit_checksum,decode,1e95777bddcc71d5,nonfinite=0
logit_checksum,decode,fc3ff68058ffd54e,nonfinite=0
logit_checksum,decode,92560214e2ee8afd,nonfinite=0
"b820cc8","1","Intel(R) Core(TM) Ultra 5 230F","NVIDIA GeForce RTX 5090","CUDA","/home/wici/voice-lab/models/gguf/gemma-4-31B-it-Q4_0.gguf","gemma4 31B Q4_0","17322412272","30697345596","512","512","8","0x0","0","50","f16","f16","-1","0","layer","0","0","1","auto","0.00","^blk[.][0-9]+[.](attn_(k|v|q|output)|ffn_(down|gate|up))[.]weight$=CUDA_Hybrid","1","0","0","0","0","0","0","165120","0","64","0","2026-08-12T09:30:18Z","3249936055","2896006","19.692708","0.017528"
logit_checksum,decode,ea317c3ff2b17152,nonfinite=0
result status=ok pp=4245.436956 tg=19.692708 peak=29460.000MiB
case scheme=intertidal_dma phase=dense ws=31.0GiB ctx=165120 control=pp:14.4
remote command: env -u LD_PRELOAD GGML_CUDA_HYBRID_MODE=staging GGML_CUDA_HYBRID_PAGE_BUDGET=1189 LD_LIBRARY_PATH=/dev/shm/intertidal-capacity.mEP47j:/home/wici/llama.cpp/build-cuda/bin:/usr/local/cuda/lib64 LLAMA_BENCH_LOGIT_CHECKSUM=1 /home/wici/llama.cpp/build-cuda/bin/llama-bench -m /home/wici/voice-lab/models/gguf/gemma-4-31B-it-Q4_0.gguf -p 512 -n 64 -r 5 -t 8 -b 512 -ub 512 -fa on -ctk f16 -ctv f16 -mmp 1 -o csv --ctx-size 165120 -ot '^blk[.][0-9]+[.](attn_(k|v|q|output)|ffn_(down|gate|up))[.]weight$=CUDA_Hybrid'
ggml_cuda_init: found 1 CUDA devices (Total VRAM: 32109 MiB):
  Device 0: NVIDIA GeForce RTX 5090, compute capability 12.0, VMM: yes, VRAM: 32109 MiB
hybrid_vmm,mode=staging,selection=global_budget,requested_pages=1189,requested_bytes=2493513728,requested_mib=2378.000,gross_pages=1189,gross_bytes=2493513728,gross_mib=2378.000,staging_bytes=88080384,staging_mib=84.000,net_bytes=2405433344,net_mib=2294.000,eligible_pages=7470,selected_tensors=410,layers=60,buffer_bytes=16524435968,local_physical_bytes=14032044032,page_bytes=2097152,buffer_mib=15758.930,remote_mib=2378.000,local_physical_mib=13382.000,net_saved_mib=2294.000,page_mib=2.000
logit_checksum,prompt,2417196da4492390,nonfinite=0
logit_checksum,prompt,0453392d6142afd3,nonfinite=0
logit_checksum,prompt,8c39d6d410e92623,nonfinite=0
logit_checksum,prompt,ce38b3f3a7a05142,nonfinite=0
logit_checksum,prompt,556c3b871bf91e81,nonfinite=0
build_commit,build_number,cpu_info,gpu_info,backends,model_filename,model_type,model_size,model_n_params,n_batch,n_ubatch,n_threads,cpu_mask,cpu_strict,poll,type_k,type_v,n_gpu_layers,n_cpu_moe,split_mode,main_gpu,no_kv_offload,flash_attn,devices,tensor_split,tensor_buft_overrides,use_mmap,use_direct_io,embeddings,no_op_offload,no_host,fit_target,fit_min_ctx,n_ctx,n_prompt,n_gen,n_depth,test_time,avg_ns,stddev_ns,avg_ts,stddev_ts
logit_checksum,prompt,c930f979f7f0aed4,nonfinite=0
"b820cc8","1","Intel(R) Core(TM) Ultra 5 230F","NVIDIA GeForce RTX 5090","CUDA","/home/wici/voice-lab/models/gguf/gemma-4-31B-it-Q4_0.gguf","gemma4 31B Q4_0","17322412272","30697345596","512","512","8","0x0","0","50","f16","f16","-1","0","layer","0","0","1","auto","0.00","^blk[.][0-9]+[.](attn_(k|v|q|output)|ffn_(down|gate|up))[.]weight$=CUDA_Hybrid","1","0","0","0","0","0","0","165120","512","0","0","2026-08-12T09:30:44Z","120402384","2244169","4253.566826","77.755052"
logit_checksum,decode,0c8e93b3ecced1c6,nonfinite=0
logit_checksum,decode,319a6a234bb9ed88,nonfinite=0
logit_checksum,decode,1e95777bddcc71d5,nonfinite=0
logit_checksum,decode,fc3ff68058ffd54e,nonfinite=0
logit_checksum,decode,92560214e2ee8afd,nonfinite=0
"b820cc8","1","Intel(R) Core(TM) Ultra 5 230F","NVIDIA GeForce RTX 5090","CUDA","/home/wici/voice-lab/models/gguf/gemma-4-31B-it-Q4_0.gguf","gemma4 31B Q4_0","17322412272","30697345596","512","512","8","0x0","0","50","f16","f16","-1","0","layer","0","0","1","auto","0.00","^blk[.][0-9]+[.](attn_(k|v|q|output)|ffn_(down|gate|up))[.]weight$=CUDA_Hybrid","1","0","0","0","0","0","0","165120","0","64","0","2026-08-12T09:30:45Z","3268157671","2049797","19.582905","0.012271"
logit_checksum,decode,ea317c3ff2b17152,nonfinite=0
result status=ok pp=4253.566826 tg=19.582905 peak=29444.000MiB
case scheme=intertidal_dma phase=dense ws=31.0GiB ctx=165120 control=pp:14.5
remote command: env -u LD_PRELOAD GGML_CUDA_HYBRID_MODE=staging GGML_CUDA_HYBRID_PAGE_BUDGET=1198 LD_LIBRARY_PATH=/dev/shm/intertidal-capacity.mEP47j:/home/wici/llama.cpp/build-cuda/bin:/usr/local/cuda/lib64 LLAMA_BENCH_LOGIT_CHECKSUM=1 /home/wici/llama.cpp/build-cuda/bin/llama-bench -m /home/wici/voice-lab/models/gguf/gemma-4-31B-it-Q4_0.gguf -p 512 -n 64 -r 5 -t 8 -b 512 -ub 512 -fa on -ctk f16 -ctv f16 -mmp 1 -o csv --ctx-size 165120 -ot '^blk[.][0-9]+[.](attn_(k|v|q|output)|ffn_(down|gate|up))[.]weight$=CUDA_Hybrid'
ggml_cuda_init: found 1 CUDA devices (Total VRAM: 32109 MiB):
  Device 0: NVIDIA GeForce RTX 5090, compute capability 12.0, VMM: yes, VRAM: 32109 MiB
hybrid_vmm,mode=staging,selection=global_budget,requested_pages=1198,requested_bytes=2512388096,requested_mib=2396.000,gross_pages=1198,gross_bytes=2512388096,gross_mib=2396.000,staging_bytes=88080384,staging_mib=84.000,net_bytes=2424307712,net_mib=2312.000,eligible_pages=7470,selected_tensors=410,layers=60,buffer_bytes=16524435968,local_physical_bytes=14013169664,page_bytes=2097152,buffer_mib=15758.930,remote_mib=2396.000,local_physical_mib=13364.000,net_saved_mib=2312.000,page_mib=2.000
logit_checksum,prompt,2417196da4492390,nonfinite=0
logit_checksum,prompt,0453392d6142afd3,nonfinite=0
logit_checksum,prompt,8c39d6d410e92623,nonfinite=0
logit_checksum,prompt,ce38b3f3a7a05142,nonfinite=0
logit_checksum,prompt,556c3b871bf91e81,nonfinite=0
logit_checksum,prompt,c930f979f7f0aed4,nonfinite=0
build_commit,build_number,cpu_info,gpu_info,backends,model_filename,model_type,model_size,model_n_params,n_batch,n_ubatch,n_threads,cpu_mask,cpu_strict,poll,type_k,type_v,n_gpu_layers,n_cpu_moe,split_mode,main_gpu,no_kv_offload,flash_attn,devices,tensor_split,tensor_buft_overrides,use_mmap,use_direct_io,embeddings,no_op_offload,no_host,fit_target,fit_min_ctx,n_ctx,n_prompt,n_gen,n_depth,test_time,avg_ns,stddev_ns,avg_ts,stddev_ts
"b820cc8","1","Intel(R) Core(TM) Ultra 5 230F","NVIDIA GeForce RTX 5090","CUDA","/home/wici/voice-lab/models/gguf/gemma-4-31B-it-Q4_0.gguf","gemma4 31B Q4_0","17322412272","30697345596","512","512","8","0x0","0","50","f16","f16","-1","0","layer","0","0","1","auto","0.00","^blk[.][0-9]+[.](attn_(k|v|q|output)|ffn_(down|gate|up))[.]weight$=CUDA_Hybrid","1","0","0","0","0","0","0","165120","512","0","0","2026-08-12T09:31:12Z","120455411","1825311","4251.303594","63.362789"
logit_checksum,decode,0c8e93b3ecced1c6,nonfinite=0
logit_checksum,decode,319a6a234bb9ed88,nonfinite=0
logit_checksum,decode,1e95777bddcc71d5,nonfinite=0
logit_checksum,decode,fc3ff68058ffd54e,nonfinite=0
logit_checksum,decode,92560214e2ee8afd,nonfinite=0
"b820cc8","1","Intel(R) Core(TM) Ultra 5 230F","NVIDIA GeForce RTX 5090","CUDA","/home/wici/voice-lab/models/gguf/gemma-4-31B-it-Q4_0.gguf","gemma4 31B Q4_0","17322412272","30697345596","512","512","8","0x0","0","50","f16","f16","-1","0","layer","0","0","1","auto","0.00","^blk[.][0-9]+[.](attn_(k|v|q|output)|ffn_(down|gate|up))[.]weight$=CUDA_Hybrid","1","0","0","0","0","0","0","165120","0","64","0","2026-08-12T09:31:13Z","3309037501","20659807","19.341571","0.120041"
logit_checksum,decode,ea317c3ff2b17152,nonfinite=0
result status=ok pp=4251.303594 tg=19.341571 peak=29426.000MiB
case scheme=intertidal_dma phase=dense ws=31.0GiB ctx=165120 control=pp:14.6
remote command: env -u LD_PRELOAD GGML_CUDA_HYBRID_MODE=staging GGML_CUDA_HYBRID_PAGE_BUDGET=1206 LD_LIBRARY_PATH=/dev/shm/intertidal-capacity.mEP47j:/home/wici/llama.cpp/build-cuda/bin:/usr/local/cuda/lib64 LLAMA_BENCH_LOGIT_CHECKSUM=1 /home/wici/llama.cpp/build-cuda/bin/llama-bench -m /home/wici/voice-lab/models/gguf/gemma-4-31B-it-Q4_0.gguf -p 512 -n 64 -r 5 -t 8 -b 512 -ub 512 -fa on -ctk f16 -ctv f16 -mmp 1 -o csv --ctx-size 165120 -ot '^blk[.][0-9]+[.](attn_(k|v|q|output)|ffn_(down|gate|up))[.]weight$=CUDA_Hybrid'
ggml_cuda_init: found 1 CUDA devices (Total VRAM: 32109 MiB):
  Device 0: NVIDIA GeForce RTX 5090, compute capability 12.0, VMM: yes, VRAM: 32109 MiB
hybrid_vmm,mode=staging,selection=global_budget,requested_pages=1206,requested_bytes=2529165312,requested_mib=2412.000,gross_pages=1206,gross_bytes=2529165312,gross_mib=2412.000,staging_bytes=88080384,staging_mib=84.000,net_bytes=2441084928,net_mib=2328.000,eligible_pages=7470,selected_tensors=410,layers=60,buffer_bytes=16524435968,local_physical_bytes=13996392448,page_bytes=2097152,buffer_mib=15758.930,remote_mib=2412.000,local_physical_mib=13348.000,net_saved_mib=2328.000,page_mib=2.000
logit_checksum,prompt,2417196da4492390,nonfinite=0
logit_checksum,prompt,0453392d6142afd3,nonfinite=0
logit_checksum,prompt,8c39d6d410e92623,nonfinite=0
logit_checksum,prompt,ce38b3f3a7a05142,nonfinite=0
build_commit,build_number,cpu_info,gpu_info,backends,model_filename,model_type,model_size,model_n_params,n_batch,n_ubatch,n_threads,cpu_mask,cpu_strict,poll,type_k,type_v,n_gpu_layers,n_cpu_moe,split_mode,main_gpu,no_kv_offload,flash_attn,devices,tensor_split,tensor_buft_overrides,use_mmap,use_direct_io,embeddings,no_op_offload,no_host,fit_target,fit_min_ctx,n_ctx,n_prompt,n_gen,n_depth,test_time,avg_ns,stddev_ns,avg_ts,stddev_ts
"b820cc8","1","Intel(R) Core(TM) Ultra 5 230F","NVIDIA GeForce RTX 5090","CUDA","/home/wici/voice-lab/models/gguf/gemma-4-31B-it-Q4_0.gguf","gemma4 31B Q4_0","17322412272","30697345596","512","512","8","0x0","0","50","f16","f16","-1","0","layer","0","0","1","auto","0.00","^blk[.][0-9]+[.](attn_(k|v|q|output)|ffn_(down|gate|up))[.]weight$=CUDA_Hybrid","1","0","0","0","0","0","0","165120","512","0","0","2026-08-12T09:31:49Z","120294856","1872353","4257.019197","65.104009"
logit_checksum,prompt,556c3b871bf91e81,nonfinite=0
logit_checksum,prompt,c930f979f7f0aed4,nonfinite=0
logit_checksum,decode,0c8e93b3ecced1c6,nonfinite=0
logit_checksum,decode,319a6a234bb9ed88,nonfinite=0
logit_checksum,decode,1e95777bddcc71d5,nonfinite=0
logit_checksum,decode,fc3ff68058ffd54e,nonfinite=0
logit_checksum,decode,92560214e2ee8afd,nonfinite=0
"b820cc8","1","Intel(R) Core(TM) Ultra 5 230F","NVIDIA GeForce RTX 5090","CUDA","/home/wici/voice-lab/models/gguf/gemma-4-31B-it-Q4_0.gguf","gemma4 31B Q4_0","17322412272","30697345596","512","512","8","0x0","0","50","f16","f16","-1","0","layer","0","0","1","auto","0.00","^blk[.][0-9]+[.](attn_(k|v|q|output)|ffn_(down|gate|up))[.]weight$=CUDA_Hybrid","1","0","0","0","0","0","0","165120","0","64","0","2026-08-12T09:31:50Z","3312920733","2389636","19.318309","0.013921"
logit_checksum,decode,ea317c3ff2b17152,nonfinite=0
result status=ok pp=4257.019197 tg=19.318309 peak=29410.000MiB
case scheme=intertidal_dma phase=dense ws=31.0GiB ctx=165120 control=pp:14.7
remote command: env -u LD_PRELOAD GGML_CUDA_HYBRID_MODE=staging GGML_CUDA_HYBRID_PAGE_BUDGET=1214 LD_LIBRARY_PATH=/dev/shm/intertidal-capacity.mEP47j:/home/wici/llama.cpp/build-cuda/bin:/usr/local/cuda/lib64 LLAMA_BENCH_LOGIT_CHECKSUM=1 /home/wici/llama.cpp/build-cuda/bin/llama-bench -m /home/wici/voice-lab/models/gguf/gemma-4-31B-it-Q4_0.gguf -p 512 -n 64 -r 5 -t 8 -b 512 -ub 512 -fa on -ctk f16 -ctv f16 -mmp 1 -o csv --ctx-size 165120 -ot '^blk[.][0-9]+[.](attn_(k|v|q|output)|ffn_(down|gate|up))[.]weight$=CUDA_Hybrid'
ggml_cuda_init: found 1 CUDA devices (Total VRAM: 32109 MiB):
  Device 0: NVIDIA GeForce RTX 5090, compute capability 12.0, VMM: yes, VRAM: 32109 MiB
hybrid_vmm,mode=staging,selection=global_budget,requested_pages=1214,requested_bytes=2545942528,requested_mib=2428.000,gross_pages=1214,gross_bytes=2545942528,gross_mib=2428.000,staging_bytes=88080384,staging_mib=84.000,net_bytes=2457862144,net_mib=2344.000,eligible_pages=7470,selected_tensors=410,layers=60,buffer_bytes=16524435968,local_physical_bytes=13979615232,page_bytes=2097152,buffer_mib=15758.930,remote_mib=2428.000,local_physical_mib=13332.000,net_saved_mib=2344.000,page_mib=2.000
logit_checksum,prompt,2417196da4492390,nonfinite=0
build_commit,build_number,cpu_info,gpu_info,backends,model_filename,model_type,model_size,model_n_params,n_batch,n_ubatch,n_threads,cpu_mask,cpu_strict,poll,type_k,type_v,n_gpu_layers,n_cpu_moe,split_mode,main_gpu,no_kv_offload,flash_attn,devices,tensor_split,tensor_buft_overrides,use_mmap,use_direct_io,embeddings,no_op_offload,no_host,fit_target,fit_min_ctx,n_ctx,n_prompt,n_gen,n_depth,test_time,avg_ns,stddev_ns,avg_ts,stddev_ts
logit_checksum,prompt,0453392d6142afd3,nonfinite=0
"b820cc8","1","Intel(R) Core(TM) Ultra 5 230F","NVIDIA GeForce RTX 5090","CUDA","/home/wici/voice-lab/models/gguf/gemma-4-31B-it-Q4_0.gguf","gemma4 31B Q4_0","17322412272","30697345596","512","512","8","0x0","0","50","f16","f16","-1","0","layer","0","0","1","auto","0.00","^blk[.][0-9]+[.](attn_(k|v|q|output)|ffn_(down|gate|up))[.]weight$=CUDA_Hybrid","1","0","0","0","0","0","0","165120","512","0","0","2026-08-12T09:32:23Z","120201285","2045678","4260.491315","71.211609"
logit_checksum,prompt,8c39d6d410e92623,nonfinite=0
logit_checksum,prompt,ce38b3f3a7a05142,nonfinite=0
logit_checksum,prompt,556c3b871bf91e81,nonfinite=0
logit_checksum,prompt,c930f979f7f0aed4,nonfinite=0
logit_checksum,decode,0c8e93b3ecced1c6,nonfinite=0
logit_checksum,decode,319a6a234bb9ed88,nonfinite=0
logit_checksum,decode,1e95777bddcc71d5,nonfinite=0
logit_checksum,decode,fc3ff68058ffd54e,nonfinite=0
logit_checksum,decode,92560214e2ee8afd,nonfinite=0
logit_checksum,decode,ea317c3ff2b17152,nonfinite=0
"b820cc8","1","Intel(R) Core(TM) Ultra 5 230F","NVIDIA GeForce RTX 5090","CUDA","/home/wici/voice-lab/models/gguf/gemma-4-31B-it-Q4_0.gguf","gemma4 31B Q4_0","17322412272","30697345596","512","512","8","0x0","0","50","f16","f16","-1","0","layer","0","0","1","auto","0.00","^blk[.][0-9]+[.](attn_(k|v|q|output)|ffn_(down|gate|up))[.]weight$=CUDA_Hybrid","1","0","0","0","0","0","0","165120","0","64","0","2026-08-12T09:32:24Z","3338976451","3461078","19.167567","0.019847"
result status=ok pp=4260.491315 tg=19.167567 peak=29394.000MiB
case scheme=intertidal_dma phase=dense ws=31.0GiB ctx=165120 control=pp:14.8
remote command: env -u LD_PRELOAD GGML_CUDA_HYBRID_MODE=staging GGML_CUDA_HYBRID_PAGE_BUDGET=1222 LD_LIBRARY_PATH=/dev/shm/intertidal-capacity.mEP47j:/home/wici/llama.cpp/build-cuda/bin:/usr/local/cuda/lib64 LLAMA_BENCH_LOGIT_CHECKSUM=1 /home/wici/llama.cpp/build-cuda/bin/llama-bench -m /home/wici/voice-lab/models/gguf/gemma-4-31B-it-Q4_0.gguf -p 512 -n 64 -r 5 -t 8 -b 512 -ub 512 -fa on -ctk f16 -ctv f16 -mmp 1 -o csv --ctx-size 165120 -ot '^blk[.][0-9]+[.](attn_(k|v|q|output)|ffn_(down|gate|up))[.]weight$=CUDA_Hybrid'
ggml_cuda_init: found 1 CUDA devices (Total VRAM: 32109 MiB):
  Device 0: NVIDIA GeForce RTX 5090, compute capability 12.0, VMM: yes, VRAM: 32109 MiB
hybrid_vmm,mode=staging,selection=global_budget,requested_pages=1222,requested_bytes=2562719744,requested_mib=2444.000,gross_pages=1222,gross_bytes=2562719744,gross_mib=2444.000,staging_bytes=92274688,staging_mib=88.000,net_bytes=2470445056,net_mib=2356.000,eligible_pages=7470,selected_tensors=410,layers=60,buffer_bytes=16524435968,local_physical_bytes=13962838016,page_bytes=2097152,buffer_mib=15758.930,remote_mib=2444.000,local_physical_mib=13316.000,net_saved_mib=2356.000,page_mib=2.000
logit_checksum,prompt,2417196da4492390,nonfinite=0
logit_checksum,prompt,0453392d6142afd3,nonfinite=0
logit_checksum,prompt,8c39d6d410e92623,nonfinite=0
logit_checksum,prompt,ce38b3f3a7a05142,nonfinite=0
logit_checksum,prompt,556c3b871bf91e81,nonfinite=0
build_commit,build_number,cpu_info,gpu_info,backends,model_filename,model_type,model_size,model_n_params,n_batch,n_ubatch,n_threads,cpu_mask,cpu_strict,poll,type_k,type_v,n_gpu_layers,n_cpu_moe,split_mode,main_gpu,no_kv_offload,flash_attn,devices,tensor_split,tensor_buft_overrides,use_mmap,use_direct_io,embeddings,no_op_offload,no_host,fit_target,fit_min_ctx,n_ctx,n_prompt,n_gen,n_depth,test_time,avg_ns,stddev_ns,avg_ts,stddev_ts
logit_checksum,prompt,c930f979f7f0aed4,nonfinite=0
"b820cc8","1","Intel(R) Core(TM) Ultra 5 230F","NVIDIA GeForce RTX 5090","CUDA","/home/wici/voice-lab/models/gguf/gemma-4-31B-it-Q4_0.gguf","gemma4 31B Q4_0","17322412272","30697345596","512","512","8","0x0","0","50","f16","f16","-1","0","layer","0","0","1","auto","0.00","^blk[.][0-9]+[.](attn_(k|v|q|output)|ffn_(down|gate|up))[.]weight$=CUDA_Hybrid","1","0","0","0","0","0","0","165120","512","0","0","2026-08-12T09:32:44Z","120297574","2074443","4257.105677","72.002665"
logit_checksum,decode,0c8e93b3ecced1c6,nonfinite=0
logit_checksum,decode,319a6a234bb9ed88,nonfinite=0
logit_checksum,decode,1e95777bddcc71d5,nonfinite=0
logit_checksum,decode,fc3ff68058ffd54e,nonfinite=0
logit_checksum,decode,92560214e2ee8afd,nonfinite=0
logit_checksum,decode,ea317c3ff2b17152,nonfinite=0
"b820cc8","1","Intel(R) Core(TM) Ultra 5 230F","NVIDIA GeForce RTX 5090","CUDA","/home/wici/voice-lab/models/gguf/gemma-4-31B-it-Q4_0.gguf","gemma4 31B Q4_0","17322412272","30697345596","512","512","8","0x0","0","50","f16","f16","-1","0","layer","0","0","1","auto","0.00","^blk[.][0-9]+[.](attn_(k|v|q|output)|ffn_(down|gate|up))[.]weight$=CUDA_Hybrid","1","0","0","0","0","0","0","165120","0","64","0","2026-08-12T09:32:45Z","3359013965","3298374","19.053225","0.018689"
result status=ok pp=4257.105677 tg=19.053225 peak=29382.000MiB
case scheme=intertidal_dma phase=dense ws=31.0GiB ctx=165120 control=pp:14.9
remote command: env -u LD_PRELOAD GGML_CUDA_HYBRID_MODE=staging GGML_CUDA_HYBRID_PAGE_BUDGET=1231 LD_LIBRARY_PATH=/dev/shm/intertidal-capacity.mEP47j:/home/wici/llama.cpp/build-cuda/bin:/usr/local/cuda/lib64 LLAMA_BENCH_LOGIT_CHECKSUM=1 /home/wici/llama.cpp/build-cuda/bin/llama-bench -m /home/wici/voice-lab/models/gguf/gemma-4-31B-it-Q4_0.gguf -p 512 -n 64 -r 5 -t 8 -b 512 -ub 512 -fa on -ctk f16 -ctv f16 -mmp 1 -o csv --ctx-size 165120 -ot '^blk[.][0-9]+[.](attn_(k|v|q|output)|ffn_(down|gate|up))[.]weight$=CUDA_Hybrid'
ggml_cuda_init: found 1 CUDA devices (Total VRAM: 32109 MiB):
  Device 0: NVIDIA GeForce RTX 5090, compute capability 12.0, VMM: yes, VRAM: 32109 MiB
hybrid_vmm,mode=staging,selection=global_budget,requested_pages=1231,requested_bytes=2581594112,requested_mib=2462.000,gross_pages=1231,gross_bytes=2581594112,gross_mib=2462.000,staging_bytes=92274688,staging_mib=88.000,net_bytes=2489319424,net_mib=2374.000,eligible_pages=7470,selected_tensors=410,layers=60,buffer_bytes=16524435968,local_physical_bytes=13943963648,page_bytes=2097152,buffer_mib=15758.930,remote_mib=2462.000,local_physical_mib=13298.000,net_saved_mib=2374.000,page_mib=2.000
logit_checksum,prompt,2417196da4492390,nonfinite=0
logit_checksum,prompt,0453392d6142afd3,nonfinite=0
logit_checksum,prompt,8c39d6d410e92623,nonfinite=0
logit_checksum,prompt,ce38b3f3a7a05142,nonfinite=0
logit_checksum,prompt,556c3b871bf91e81,nonfinite=0
logit_checksum,prompt,c930f979f7f0aed4,nonfinite=0
build_commit,build_number,cpu_info,gpu_info,backends,model_filename,model_type,model_size,model_n_params,n_batch,n_ubatch,n_threads,cpu_mask,cpu_strict,poll,type_k,type_v,n_gpu_layers,n_cpu_moe,split_mode,main_gpu,no_kv_offload,flash_attn,devices,tensor_split,tensor_buft_overrides,use_mmap,use_direct_io,embeddings,no_op_offload,no_host,fit_target,fit_min_ctx,n_ctx,n_prompt,n_gen,n_depth,test_time,avg_ns,stddev_ns,avg_ts,stddev_ts
"b820cc8","1","Intel(R) Core(TM) Ultra 5 230F","NVIDIA GeForce RTX 5090","CUDA","/home/wici/voice-lab/models/gguf/gemma-4-31B-it-Q4_0.gguf","gemma4 31B Q4_0","17322412272","30697345596","512","512","8","0x0","0","50","f16","f16","-1","0","layer","0","0","1","auto","0.00","^blk[.][0-9]+[.](attn_(k|v|q|output)|ffn_(down|gate|up))[.]weight$=CUDA_Hybrid","1","0","0","0","0","0","0","165120","512","0","0","2026-08-12T09:33:05Z","120306777","2142842","4256.847753","74.458699"
logit_checksum,decode,0c8e93b3ecced1c6,nonfinite=0
logit_checksum,decode,319a6a234bb9ed88,nonfinite=0
logit_checksum,decode,1e95777bddcc71d5,nonfinite=0
logit_checksum,decode,fc3ff68058ffd54e,nonfinite=0
logit_checksum,decode,92560214e2ee8afd,nonfinite=0
logit_checksum,decode,ea317c3ff2b17152,nonfinite=0
"b820cc8","1","Intel(R) Core(TM) Ultra 5 230F","NVIDIA GeForce RTX 5090","CUDA","/home/wici/voice-lab/models/gguf/gemma-4-31B-it-Q4_0.gguf","gemma4 31B Q4_0","17322412272","30697345596","512","512","8","0x0","0","50","f16","f16","-1","0","layer","0","0","1","auto","0.00","^blk[.][0-9]+[.](attn_(k|v|q|output)|ffn_(down|gate|up))[.]weight$=CUDA_Hybrid","1","0","0","0","0","0","0","165120","0","64","0","2026-08-12T09:33:06Z","3385067353","1283021","18.906568","0.007162"
result status=ok pp=4256.847753 tg=18.906568 peak=29364.000MiB
skip intertidal_dma ws=31.0 control=pp:15 status=ok
case scheme=intertidal_dma phase=dense ws=31.0GiB ctx=165120 control=pp:15.1
remote command: env -u LD_PRELOAD GGML_CUDA_HYBRID_MODE=staging GGML_CUDA_HYBRID_PAGE_BUDGET=1247 LD_LIBRARY_PATH=/dev/shm/intertidal-capacity.mEP47j:/home/wici/llama.cpp/build-cuda/bin:/usr/local/cuda/lib64 LLAMA_BENCH_LOGIT_CHECKSUM=1 /home/wici/llama.cpp/build-cuda/bin/llama-bench -m /home/wici/voice-lab/models/gguf/gemma-4-31B-it-Q4_0.gguf -p 512 -n 64 -r 5 -t 8 -b 512 -ub 512 -fa on -ctk f16 -ctv f16 -mmp 1 -o csv --ctx-size 165120 -ot '^blk[.][0-9]+[.](attn_(k|v|q|output)|ffn_(down|gate|up))[.]weight$=CUDA_Hybrid'
ggml_cuda_init: found 1 CUDA devices (Total VRAM: 32109 MiB):
  Device 0: NVIDIA GeForce RTX 5090, compute capability 12.0, VMM: yes, VRAM: 32109 MiB
hybrid_vmm,mode=staging,selection=global_budget,requested_pages=1247,requested_bytes=2615148544,requested_mib=2494.000,gross_pages=1247,gross_bytes=2615148544,gross_mib=2494.000,staging_bytes=92274688,staging_mib=88.000,net_bytes=2522873856,net_mib=2406.000,eligible_pages=7470,selected_tensors=410,layers=60,buffer_bytes=16524435968,local_physical_bytes=13910409216,page_bytes=2097152,buffer_mib=15758.930,remote_mib=2494.000,local_physical_mib=13266.000,net_saved_mib=2406.000,page_mib=2.000
logit_checksum,prompt,2417196da4492390,nonfinite=0
logit_checksum,prompt,0453392d6142afd3,nonfinite=0
logit_checksum,prompt,8c39d6d410e92623,nonfinite=0
logit_checksum,prompt,ce38b3f3a7a05142,nonfinite=0
logit_checksum,prompt,556c3b871bf91e81,nonfinite=0
build_commit,build_number,cpu_info,gpu_info,backends,model_filename,model_type,model_size,model_n_params,n_batch,n_ubatch,n_threads,cpu_mask,cpu_strict,poll,type_k,type_v,n_gpu_layers,n_cpu_moe,split_mode,main_gpu,no_kv_offload,flash_attn,devices,tensor_split,tensor_buft_overrides,use_mmap,use_direct_io,embeddings,no_op_offload,no_host,fit_target,fit_min_ctx,n_ctx,n_prompt,n_gen,n_depth,test_time,avg_ns,stddev_ns,avg_ts,stddev_ts
"b820cc8","1","Intel(R) Core(TM) Ultra 5 230F","NVIDIA GeForce RTX 5090","CUDA","/home/wici/voice-lab/models/gguf/gemma-4-31B-it-Q4_0.gguf","gemma4 31B Q4_0","17322412272","30697345596","512","512","8","0x0","0","50","f16","f16","-1","0","layer","0","0","1","auto","0.00","^blk[.][0-9]+[.](attn_(k|v|q|output)|ffn_(down|gate|up))[.]weight$=CUDA_Hybrid","1","0","0","0","0","0","0","165120","512","0","0","2026-08-12T09:33:26Z","120374590","1945115","4254.262350","67.537332"
logit_checksum,prompt,c930f979f7f0aed4,nonfinite=0
logit_checksum,decode,0c8e93b3ecced1c6,nonfinite=0
logit_checksum,decode,319a6a234bb9ed88,nonfinite=0
logit_checksum,decode,1e95777bddcc71d5,nonfinite=0
logit_checksum,decode,fc3ff68058ffd54e,nonfinite=0
logit_checksum,decode,92560214e2ee8afd,nonfinite=0
logit_checksum,decode,ea317c3ff2b17152,nonfinite=0
"b820cc8","1","Intel(R) Core(TM) Ultra 5 230F","NVIDIA GeForce RTX 5090","CUDA","/home/wici/voice-lab/models/gguf/gemma-4-31B-it-Q4_0.gguf","gemma4 31B Q4_0","17322412272","30697345596","512","512","8","0x0","0","50","f16","f16","-1","0","layer","0","0","1","auto","0.00","^blk[.][0-9]+[.](attn_(k|v|q|output)|ffn_(down|gate|up))[.]weight$=CUDA_Hybrid","1","0","0","0","0","0","0","165120","0","64","0","2026-08-12T09:33:27Z","3435982369","10800514","18.626552","0.058346"
result status=ok pp=4254.262350 tg=18.626552 peak=29332.000MiB
case scheme=intertidal_dma phase=dense ws=31.0GiB ctx=165120 control=pp:15.2
remote command: env -u LD_PRELOAD GGML_CUDA_HYBRID_MODE=staging GGML_CUDA_HYBRID_PAGE_BUDGET=1256 LD_LIBRARY_PATH=/dev/shm/intertidal-capacity.mEP47j:/home/wici/llama.cpp/build-cuda/bin:/usr/local/cuda/lib64 LLAMA_BENCH_LOGIT_CHECKSUM=1 /home/wici/llama.cpp/build-cuda/bin/llama-bench -m /home/wici/voice-lab/models/gguf/gemma-4-31B-it-Q4_0.gguf -p 512 -n 64 -r 5 -t 8 -b 512 -ub 512 -fa on -ctk f16 -ctv f16 -mmp 1 -o csv --ctx-size 165120 -ot '^blk[.][0-9]+[.](attn_(k|v|q|output)|ffn_(down|gate|up))[.]weight$=CUDA_Hybrid'
ggml_cuda_init: found 1 CUDA devices (Total VRAM: 32109 MiB):
  Device 0: NVIDIA GeForce RTX 5090, compute capability 12.0, VMM: yes, VRAM: 32109 MiB
hybrid_vmm,mode=staging,selection=global_budget,requested_pages=1256,requested_bytes=2634022912,requested_mib=2512.000,gross_pages=1256,gross_bytes=2634022912,gross_mib=2512.000,staging_bytes=92274688,staging_mib=88.000,net_bytes=2541748224,net_mib=2424.000,eligible_pages=7470,selected_tensors=410,layers=60,buffer_bytes=16524435968,local_physical_bytes=13891534848,page_bytes=2097152,buffer_mib=15758.930,remote_mib=2512.000,local_physical_mib=13248.000,net_saved_mib=2424.000,page_mib=2.000
logit_checksum,prompt,2417196da4492390,nonfinite=0
build_commit,build_number,cpu_info,gpu_info,backends,model_filename,model_type,model_size,model_n_params,n_batch,n_ubatch,n_threads,cpu_mask,cpu_strict,poll,type_k,type_v,n_gpu_layers,n_cpu_moe,split_mode,main_gpu,no_kv_offload,flash_attn,devices,tensor_split,tensor_buft_overrides,use_mmap,use_direct_io,embeddings,no_op_offload,no_host,fit_target,fit_min_ctx,n_ctx,n_prompt,n_gen,n_depth,test_time,avg_ns,stddev_ns,avg_ts,stddev_ts
logit_checksum,prompt,0453392d6142afd3,nonfinite=0
"b820cc8","1","Intel(R) Core(TM) Ultra 5 230F","NVIDIA GeForce RTX 5090","CUDA","/home/wici/voice-lab/models/gguf/gemma-4-31B-it-Q4_0.gguf","gemma4 31B Q4_0","17322412272","30697345596","512","512","8","0x0","0","50","f16","f16","-1","0","layer","0","0","1","auto","0.00","^blk[.][0-9]+[.](attn_(k|v|q|output)|ffn_(down|gate|up))[.]weight$=CUDA_Hybrid","1","0","0","0","0","0","0","165120","512","0","0","2026-08-12T09:33:48Z","120489327","2029192","4250.285825","70.276877"
logit_checksum,prompt,8c39d6d410e92623,nonfinite=0
logit_checksum,prompt,ce38b3f3a7a05142,nonfinite=0
logit_checksum,prompt,556c3b871bf91e81,nonfinite=0
logit_checksum,prompt,c930f979f7f0aed4,nonfinite=0
logit_checksum,decode,0c8e93b3ecced1c6,nonfinite=0
logit_checksum,decode,319a6a234bb9ed88,nonfinite=0
logit_checksum,decode,1e95777bddcc71d5,nonfinite=0
logit_checksum,decode,fc3ff68058ffd54e,nonfinite=0
logit_checksum,decode,92560214e2ee8afd,nonfinite=0
logit_checksum,decode,ea317c3ff2b17152,nonfinite=0
"b820cc8","1","Intel(R) Core(TM) Ultra 5 230F","NVIDIA GeForce RTX 5090","CUDA","/home/wici/voice-lab/models/gguf/gemma-4-31B-it-Q4_0.gguf","gemma4 31B Q4_0","17322412272","30697345596","512","512","8","0x0","0","50","f16","f16","-1","0","layer","0","0","1","auto","0.00","^blk[.][0-9]+[.](attn_(k|v|q|output)|ffn_(down|gate|up))[.]weight$=CUDA_Hybrid","1","0","0","0","0","0","0","165120","0","64","0","2026-08-12T09:33:49Z","3547954393","44217730","18.040811","0.225445"
result status=ok pp=4250.285825 tg=18.040811 peak=29314.000MiB
case scheme=intertidal_dma phase=dense ws=31.0GiB ctx=165120 control=pp:15.3
remote command: env -u LD_PRELOAD GGML_CUDA_HYBRID_MODE=staging GGML_CUDA_HYBRID_PAGE_BUDGET=1264 LD_LIBRARY_PATH=/dev/shm/intertidal-capacity.mEP47j:/home/wici/llama.cpp/build-cuda/bin:/usr/local/cuda/lib64 LLAMA_BENCH_LOGIT_CHECKSUM=1 /home/wici/llama.cpp/build-cuda/bin/llama-bench -m /home/wici/voice-lab/models/gguf/gemma-4-31B-it-Q4_0.gguf -p 512 -n 64 -r 5 -t 8 -b 512 -ub 512 -fa on -ctk f16 -ctv f16 -mmp 1 -o csv --ctx-size 165120 -ot '^blk[.][0-9]+[.](attn_(k|v|q|output)|ffn_(down|gate|up))[.]weight$=CUDA_Hybrid'
ggml_cuda_init: found 1 CUDA devices (Total VRAM: 32109 MiB):
  Device 0: NVIDIA GeForce RTX 5090, compute capability 12.0, VMM: yes, VRAM: 32109 MiB
hybrid_vmm,mode=staging,selection=global_budget,requested_pages=1264,requested_bytes=2650800128,requested_mib=2528.000,gross_pages=1264,gross_bytes=2650800128,gross_mib=2528.000,staging_bytes=92274688,staging_mib=88.000,net_bytes=2558525440,net_mib=2440.000,eligible_pages=7470,selected_tensors=410,layers=60,buffer_bytes=16524435968,local_physical_bytes=13874757632,page_bytes=2097152,buffer_mib=15758.930,remote_mib=2528.000,local_physical_mib=13232.000,net_saved_mib=2440.000,page_mib=2.000
logit_checksum,prompt,2417196da4492390,nonfinite=0
logit_checksum,prompt,0453392d6142afd3,nonfinite=0
logit_checksum,prompt,8c39d6d410e92623,nonfinite=0
logit_checksum,prompt,ce38b3f3a7a05142,nonfinite=0
logit_checksum,prompt,556c3b871bf91e81,nonfinite=0
build_commit,build_number,cpu_info,gpu_info,backends,model_filename,model_type,model_size,model_n_params,n_batch,n_ubatch,n_threads,cpu_mask,cpu_strict,poll,type_k,type_v,n_gpu_layers,n_cpu_moe,split_mode,main_gpu,no_kv_offload,flash_attn,devices,tensor_split,tensor_buft_overrides,use_mmap,use_direct_io,embeddings,no_op_offload,no_host,fit_target,fit_min_ctx,n_ctx,n_prompt,n_gen,n_depth,test_time,avg_ns,stddev_ns,avg_ts,stddev_ts
"b820cc8","1","Intel(R) Core(TM) Ultra 5 230F","NVIDIA GeForce RTX 5090","CUDA","/home/wici/voice-lab/models/gguf/gemma-4-31B-it-Q4_0.gguf","gemma4 31B Q4_0","17322412272","30697345596","512","512","8","0x0","0","50","f16","f16","-1","0","layer","0","0","1","auto","0.00","^blk[.][0-9]+[.](attn_(k|v|q|output)|ffn_(down|gate|up))[.]weight$=CUDA_Hybrid","1","0","0","0","0","0","0","165120","512","0","0","2026-08-12T09:34:11Z","120667313","2227289","4244.205355","76.812226"
logit_checksum,prompt,c930f979f7f0aed4,nonfinite=0
logit_checksum,decode,0c8e93b3ecced1c6,nonfinite=0
logit_checksum,decode,319a6a234bb9ed88,nonfinite=0
logit_checksum,decode,1e95777bddcc71d5,nonfinite=0
logit_checksum,decode,fc3ff68058ffd54e,nonfinite=0
logit_checksum,decode,92560214e2ee8afd,nonfinite=0
"b820cc8","1","Intel(R) Core(TM) Ultra 5 230F","NVIDIA GeForce RTX 5090","CUDA","/home/wici/voice-lab/models/gguf/gemma-4-31B-it-Q4_0.gguf","gemma4 31B Q4_0","17322412272","30697345596","512","512","8","0x0","0","50","f16","f16","-1","0","layer","0","0","1","auto","0.00","^blk[.][0-9]+[.](attn_(k|v|q|output)|ffn_(down|gate|up))[.]weight$=CUDA_Hybrid","1","0","0","0","0","0","0","165120","0","64","0","2026-08-12T09:34:12Z","3560179266","31671747","17.977756","0.159272"
logit_checksum,decode,ea317c3ff2b17152,nonfinite=0
result status=ok pp=4244.205355 tg=17.977756 peak=29298.000MiB
case scheme=intertidal_dma phase=dense ws=31.0GiB ctx=165120 control=pp:15.4
remote command: env -u LD_PRELOAD GGML_CUDA_HYBRID_MODE=staging GGML_CUDA_HYBRID_PAGE_BUDGET=1272 LD_LIBRARY_PATH=/dev/shm/intertidal-capacity.mEP47j:/home/wici/llama.cpp/build-cuda/bin:/usr/local/cuda/lib64 LLAMA_BENCH_LOGIT_CHECKSUM=1 /home/wici/llama.cpp/build-cuda/bin/llama-bench -m /home/wici/voice-lab/models/gguf/gemma-4-31B-it-Q4_0.gguf -p 512 -n 64 -r 5 -t 8 -b 512 -ub 512 -fa on -ctk f16 -ctv f16 -mmp 1 -o csv --ctx-size 165120 -ot '^blk[.][0-9]+[.](attn_(k|v|q|output)|ffn_(down|gate|up))[.]weight$=CUDA_Hybrid'
ggml_cuda_init: found 1 CUDA devices (Total VRAM: 32109 MiB):
  Device 0: NVIDIA GeForce RTX 5090, compute capability 12.0, VMM: yes, VRAM: 32109 MiB
hybrid_vmm,mode=staging,selection=global_budget,requested_pages=1272,requested_bytes=2667577344,requested_mib=2544.000,gross_pages=1272,gross_bytes=2667577344,gross_mib=2544.000,staging_bytes=92274688,staging_mib=88.000,net_bytes=2575302656,net_mib=2456.000,eligible_pages=7470,selected_tensors=410,layers=60,buffer_bytes=16524435968,local_physical_bytes=13857980416,page_bytes=2097152,buffer_mib=15758.930,remote_mib=2544.000,local_physical_mib=13216.000,net_saved_mib=2456.000,page_mib=2.000
logit_checksum,prompt,2417196da4492390,nonfinite=0
logit_checksum,prompt,0453392d6142afd3,nonfinite=0
logit_checksum,prompt,8c39d6d410e92623,nonfinite=0
logit_checksum,prompt,ce38b3f3a7a05142,nonfinite=0
logit_checksum,prompt,556c3b871bf91e81,nonfinite=0
build_commit,build_number,cpu_info,gpu_info,backends,model_filename,model_type,model_size,model_n_params,n_batch,n_ubatch,n_threads,cpu_mask,cpu_strict,poll,type_k,type_v,n_gpu_layers,n_cpu_moe,split_mode,main_gpu,no_kv_offload,flash_attn,devices,tensor_split,tensor_buft_overrides,use_mmap,use_direct_io,embeddings,no_op_offload,no_host,fit_target,fit_min_ctx,n_ctx,n_prompt,n_gen,n_depth,test_time,avg_ns,stddev_ns,avg_ts,stddev_ts
logit_checksum,prompt,c930f979f7f0aed4,nonfinite=0
"b820cc8","1","Intel(R) Core(TM) Ultra 5 230F","NVIDIA GeForce RTX 5090","CUDA","/home/wici/voice-lab/models/gguf/gemma-4-31B-it-Q4_0.gguf","gemma4 31B Q4_0","17322412272","30697345596","512","512","8","0x0","0","50","f16","f16","-1","0","layer","0","0","1","auto","0.00","^blk[.][0-9]+[.](attn_(k|v|q|output)|ffn_(down|gate|up))[.]weight$=CUDA_Hybrid","1","0","0","0","0","0","0","165120","512","0","0","2026-08-12T09:34:33Z","120554976","1840166","4247.804155","63.808122"
logit_checksum,decode,0c8e93b3ecced1c6,nonfinite=0
logit_checksum,decode,319a6a234bb9ed88,nonfinite=0
logit_checksum,decode,1e95777bddcc71d5,nonfinite=0
logit_checksum,decode,fc3ff68058ffd54e,nonfinite=0
logit_checksum,decode,92560214e2ee8afd,nonfinite=0
"b820cc8","1","Intel(R) Core(TM) Ultra 5 230F","NVIDIA GeForce RTX 5090","CUDA","/home/wici/voice-lab/models/gguf/gemma-4-31B-it-Q4_0.gguf","gemma4 31B Q4_0","17322412272","30697345596","512","512","8","0x0","0","50","f16","f16","-1","0","layer","0","0","1","auto","0.00","^blk[.][0-9]+[.](attn_(k|v|q|output)|ffn_(down|gate|up))[.]weight$=CUDA_Hybrid","1","0","0","0","0","0","0","165120","0","64","0","2026-08-12T09:34:34Z","3521072931","30482890","18.177362","0.156546"
logit_checksum,decode,ea317c3ff2b17152,nonfinite=0
result status=ok pp=4247.804155 tg=18.177362 peak=29282.000MiB
case scheme=intertidal_dma phase=dense ws=31.0GiB ctx=165120 control=pp:15.5
remote command: env -u LD_PRELOAD GGML_CUDA_HYBRID_MODE=staging GGML_CUDA_HYBRID_PAGE_BUDGET=1280 LD_LIBRARY_PATH=/dev/shm/intertidal-capacity.mEP47j:/home/wici/llama.cpp/build-cuda/bin:/usr/local/cuda/lib64 LLAMA_BENCH_LOGIT_CHECKSUM=1 /home/wici/llama.cpp/build-cuda/bin/llama-bench -m /home/wici/voice-lab/models/gguf/gemma-4-31B-it-Q4_0.gguf -p 512 -n 64 -r 5 -t 8 -b 512 -ub 512 -fa on -ctk f16 -ctv f16 -mmp 1 -o csv --ctx-size 165120 -ot '^blk[.][0-9]+[.](attn_(k|v|q|output)|ffn_(down|gate|up))[.]weight$=CUDA_Hybrid'
ggml_cuda_init: found 1 CUDA devices (Total VRAM: 32109 MiB):
  Device 0: NVIDIA GeForce RTX 5090, compute capability 12.0, VMM: yes, VRAM: 32109 MiB
hybrid_vmm,mode=staging,selection=global_budget,requested_pages=1280,requested_bytes=2684354560,requested_mib=2560.000,gross_pages=1280,gross_bytes=2684354560,gross_mib=2560.000,staging_bytes=92274688,staging_mib=88.000,net_bytes=2592079872,net_mib=2472.000,eligible_pages=7470,selected_tensors=410,layers=60,buffer_bytes=16524435968,local_physical_bytes=13841203200,page_bytes=2097152,buffer_mib=15758.930,remote_mib=2560.000,local_physical_mib=13200.000,net_saved_mib=2472.000,page_mib=2.000
logit_checksum,prompt,2417196da4492390,nonfinite=0
logit_checksum,prompt,0453392d6142afd3,nonfinite=0
logit_checksum,prompt,8c39d6d410e92623,nonfinite=0
logit_checksum,prompt,ce38b3f3a7a05142,nonfinite=0
logit_checksum,prompt,556c3b871bf91e81,nonfinite=0
build_commit,build_number,cpu_info,gpu_info,backends,model_filename,model_type,model_size,model_n_params,n_batch,n_ubatch,n_threads,cpu_mask,cpu_strict,poll,type_k,type_v,n_gpu_layers,n_cpu_moe,split_mode,main_gpu,no_kv_offload,flash_attn,devices,tensor_split,tensor_buft_overrides,use_mmap,use_direct_io,embeddings,no_op_offload,no_host,fit_target,fit_min_ctx,n_ctx,n_prompt,n_gen,n_depth,test_time,avg_ns,stddev_ns,avg_ts,stddev_ts
logit_checksum,prompt,c930f979f7f0aed4,nonfinite=0
"b820cc8","1","Intel(R) Core(TM) Ultra 5 230F","NVIDIA GeForce RTX 5090","CUDA","/home/wici/voice-lab/models/gguf/gemma-4-31B-it-Q4_0.gguf","gemma4 31B Q4_0","17322412272","30697345596","512","512","8","0x0","0","50","f16","f16","-1","0","layer","0","0","1","auto","0.00","^blk[.][0-9]+[.](attn_(k|v|q|output)|ffn_(down|gate|up))[.]weight$=CUDA_Hybrid","1","0","0","0","0","0","0","165120","512","0","0","2026-08-12T09:34:55Z","120642834","2068471","4244.912970","71.516445"
logit_checksum,decode,0c8e93b3ecced1c6,nonfinite=0
logit_checksum,decode,319a6a234bb9ed88,nonfinite=0
logit_checksum,decode,1e95777bddcc71d5,nonfinite=0
logit_checksum,decode,fc3ff68058ffd54e,nonfinite=0
logit_checksum,decode,92560214e2ee8afd,nonfinite=0
"b820cc8","1","Intel(R) Core(TM) Ultra 5 230F","NVIDIA GeForce RTX 5090","CUDA","/home/wici/voice-lab/models/gguf/gemma-4-31B-it-Q4_0.gguf","gemma4 31B Q4_0","17322412272","30697345596","512","512","8","0x0","0","50","f16","f16","-1","0","layer","0","0","1","auto","0.00","^blk[.][0-9]+[.](attn_(k|v|q|output)|ffn_(down|gate|up))[.]weight$=CUDA_Hybrid","1","0","0","0","0","0","0","165120","0","64","0","2026-08-12T09:34:56Z","3519161155","3174454","18.186164","0.016391"
logit_checksum,decode,ea317c3ff2b17152,nonfinite=0
result status=ok pp=4244.912970 tg=18.186164 peak=29266.000MiB
case scheme=intertidal_dma phase=dense ws=31.0GiB ctx=165120 control=pp:15.6
remote command: env -u LD_PRELOAD GGML_CUDA_HYBRID_MODE=staging GGML_CUDA_HYBRID_PAGE_BUDGET=1289 LD_LIBRARY_PATH=/dev/shm/intertidal-capacity.mEP47j:/home/wici/llama.cpp/build-cuda/bin:/usr/local/cuda/lib64 LLAMA_BENCH_LOGIT_CHECKSUM=1 /home/wici/llama.cpp/build-cuda/bin/llama-bench -m /home/wici/voice-lab/models/gguf/gemma-4-31B-it-Q4_0.gguf -p 512 -n 64 -r 5 -t 8 -b 512 -ub 512 -fa on -ctk f16 -ctv f16 -mmp 1 -o csv --ctx-size 165120 -ot '^blk[.][0-9]+[.](attn_(k|v|q|output)|ffn_(down|gate|up))[.]weight$=CUDA_Hybrid'
ggml_cuda_init: found 1 CUDA devices (Total VRAM: 32109 MiB):
  Device 0: NVIDIA GeForce RTX 5090, compute capability 12.0, VMM: yes, VRAM: 32109 MiB
hybrid_vmm,mode=staging,selection=global_budget,requested_pages=1289,requested_bytes=2703228928,requested_mib=2578.000,gross_pages=1289,gross_bytes=2703228928,gross_mib=2578.000,staging_bytes=96468992,staging_mib=92.000,net_bytes=2606759936,net_mib=2486.000,eligible_pages=7470,selected_tensors=410,layers=60,buffer_bytes=16524435968,local_physical_bytes=13822328832,page_bytes=2097152,buffer_mib=15758.930,remote_mib=2578.000,local_physical_mib=13182.000,net_saved_mib=2486.000,page_mib=2.000
logit_checksum,prompt,2417196da4492390,nonfinite=0
logit_checksum,prompt,0453392d6142afd3,nonfinite=0
logit_checksum,prompt,8c39d6d410e92623,nonfinite=0
logit_checksum,prompt,ce38b3f3a7a05142,nonfinite=0
logit_checksum,prompt,556c3b871bf91e81,nonfinite=0
build_commit,build_number,cpu_info,gpu_info,backends,model_filename,model_type,model_size,model_n_params,n_batch,n_ubatch,n_threads,cpu_mask,cpu_strict,poll,type_k,type_v,n_gpu_layers,n_cpu_moe,split_mode,main_gpu,no_kv_offload,flash_attn,devices,tensor_split,tensor_buft_overrides,use_mmap,use_direct_io,embeddings,no_op_offload,no_host,fit_target,fit_min_ctx,n_ctx,n_prompt,n_gen,n_depth,test_time,avg_ns,stddev_ns,avg_ts,stddev_ts
logit_checksum,prompt,c930f979f7f0aed4,nonfinite=0
"b820cc8","1","Intel(R) Core(TM) Ultra 5 230F","NVIDIA GeForce RTX 5090","CUDA","/home/wici/voice-lab/models/gguf/gemma-4-31B-it-Q4_0.gguf","gemma4 31B Q4_0","17322412272","30697345596","512","512","8","0x0","0","50","f16","f16","-1","0","layer","0","0","1","auto","0.00","^blk[.][0-9]+[.](attn_(k|v|q|output)|ffn_(down|gate|up))[.]weight$=CUDA_Hybrid","1","0","0","0","0","0","0","165120","512","0","0","2026-08-12T09:35:18Z","120526564","1743675","4248.726153","60.480984"
logit_checksum,decode,0c8e93b3ecced1c6,nonfinite=0
logit_checksum,decode,319a6a234bb9ed88,nonfinite=0
logit_checksum,decode,1e95777bddcc71d5,nonfinite=0
logit_checksum,decode,fc3ff68058ffd54e,nonfinite=0
logit_checksum,decode,92560214e2ee8afd,nonfinite=0
"b820cc8","1","Intel(R) Core(TM) Ultra 5 230F","NVIDIA GeForce RTX 5090","CUDA","/home/wici/voice-lab/models/gguf/gemma-4-31B-it-Q4_0.gguf","gemma4 31B Q4_0","17322412272","30697345596","512","512","8","0x0","0","50","f16","f16","-1","0","layer","0","0","1","auto","0.00","^blk[.][0-9]+[.](attn_(k|v|q|output)|ffn_(down|gate|up))[.]weight$=CUDA_Hybrid","1","0","0","0","0","0","0","165120","0","64","0","2026-08-12T09:35:18Z","3566309473","32900275","17.946933","0.164037"
logit_checksum,decode,ea317c3ff2b17152,nonfinite=0
result status=ok pp=4248.726153 tg=17.946933 peak=29252.000MiB
case scheme=intertidal_dma phase=dense ws=31.0GiB ctx=165120 control=pp:15.7
remote command: env -u LD_PRELOAD GGML_CUDA_HYBRID_MODE=staging GGML_CUDA_HYBRID_PAGE_BUDGET=1297 LD_LIBRARY_PATH=/dev/shm/intertidal-capacity.mEP47j:/home/wici/llama.cpp/build-cuda/bin:/usr/local/cuda/lib64 LLAMA_BENCH_LOGIT_CHECKSUM=1 /home/wici/llama.cpp/build-cuda/bin/llama-bench -m /home/wici/voice-lab/models/gguf/gemma-4-31B-it-Q4_0.gguf -p 512 -n 64 -r 5 -t 8 -b 512 -ub 512 -fa on -ctk f16 -ctv f16 -mmp 1 -o csv --ctx-size 165120 -ot '^blk[.][0-9]+[.](attn_(k|v|q|output)|ffn_(down|gate|up))[.]weight$=CUDA_Hybrid'
ggml_cuda_init: found 1 CUDA devices (Total VRAM: 32109 MiB):
  Device 0: NVIDIA GeForce RTX 5090, compute capability 12.0, VMM: yes, VRAM: 32109 MiB
hybrid_vmm,mode=staging,selection=global_budget,requested_pages=1297,requested_bytes=2720006144,requested_mib=2594.000,gross_pages=1297,gross_bytes=2720006144,gross_mib=2594.000,staging_bytes=96468992,staging_mib=92.000,net_bytes=2623537152,net_mib=2502.000,eligible_pages=7470,selected_tensors=410,layers=60,buffer_bytes=16524435968,local_physical_bytes=13805551616,page_bytes=2097152,buffer_mib=15758.930,remote_mib=2594.000,local_physical_mib=13166.000,net_saved_mib=2502.000,page_mib=2.000
logit_checksum,prompt,2417196da4492390,nonfinite=0
logit_checksum,prompt,0453392d6142afd3,nonfinite=0
logit_checksum,prompt,8c39d6d410e92623,nonfinite=0
logit_checksum,prompt,ce38b3f3a7a05142,nonfinite=0
logit_checksum,prompt,556c3b871bf91e81,nonfinite=0
build_commit,build_number,cpu_info,gpu_info,backends,model_filename,model_type,model_size,model_n_params,n_batch,n_ubatch,n_threads,cpu_mask,cpu_strict,poll,type_k,type_v,n_gpu_layers,n_cpu_moe,split_mode,main_gpu,no_kv_offload,flash_attn,devices,tensor_split,tensor_buft_overrides,use_mmap,use_direct_io,embeddings,no_op_offload,no_host,fit_target,fit_min_ctx,n_ctx,n_prompt,n_gen,n_depth,test_time,avg_ns,stddev_ns,avg_ts,stddev_ts
"b820cc8","1","Intel(R) Core(TM) Ultra 5 230F","NVIDIA GeForce RTX 5090","CUDA","/home/wici/voice-lab/models/gguf/gemma-4-31B-it-Q4_0.gguf","gemma4 31B Q4_0","17322412272","30697345596","512","512","8","0x0","0","50","f16","f16","-1","0","layer","0","0","1","auto","0.00","^blk[.][0-9]+[.](attn_(k|v|q|output)|ffn_(down|gate|up))[.]weight$=CUDA_Hybrid","1","0","0","0","0","0","0","165120","512","0","0","2026-08-12T09:35:40Z","120539889","1902663","4248.387729","65.822028"
logit_checksum,prompt,c930f979f7f0aed4,nonfinite=0
logit_checksum,decode,0c8e93b3ecced1c6,nonfinite=0
logit_checksum,decode,319a6a234bb9ed88,nonfinite=0
logit_checksum,decode,1e95777bddcc71d5,nonfinite=0
logit_checksum,decode,fc3ff68058ffd54e,nonfinite=0
logit_checksum,decode,92560214e2ee8afd,nonfinite=0
logit_checksum,decode,ea317c3ff2b17152,nonfinite=0
"b820cc8","1","Intel(R) Core(TM) Ultra 5 230F","NVIDIA GeForce RTX 5090","CUDA","/home/wici/voice-lab/models/gguf/gemma-4-31B-it-Q4_0.gguf","gemma4 31B Q4_0","17322412272","30697345596","512","512","8","0x0","0","50","f16","f16","-1","0","layer","0","0","1","auto","0.00","^blk[.][0-9]+[.](attn_(k|v|q|output)|ffn_(down|gate|up))[.]weight$=CUDA_Hybrid","1","0","0","0","0","0","0","165120","0","64","0","2026-08-12T09:35:41Z","3570659257","7549031","17.923925","0.037818"
result status=ok pp=4248.387729 tg=17.923925 peak=29236.000MiB
case scheme=intertidal_dma phase=dense ws=31.0GiB ctx=165120 control=pp:15.8
remote command: env -u LD_PRELOAD GGML_CUDA_HYBRID_MODE=staging GGML_CUDA_HYBRID_PAGE_BUDGET=1305 LD_LIBRARY_PATH=/dev/shm/intertidal-capacity.mEP47j:/home/wici/llama.cpp/build-cuda/bin:/usr/local/cuda/lib64 LLAMA_BENCH_LOGIT_CHECKSUM=1 /home/wici/llama.cpp/build-cuda/bin/llama-bench -m /home/wici/voice-lab/models/gguf/gemma-4-31B-it-Q4_0.gguf -p 512 -n 64 -r 5 -t 8 -b 512 -ub 512 -fa on -ctk f16 -ctv f16 -mmp 1 -o csv --ctx-size 165120 -ot '^blk[.][0-9]+[.](attn_(k|v|q|output)|ffn_(down|gate|up))[.]weight$=CUDA_Hybrid'
ggml_cuda_init: found 1 CUDA devices (Total VRAM: 32109 MiB):
  Device 0: NVIDIA GeForce RTX 5090, compute capability 12.0, VMM: yes, VRAM: 32109 MiB
hybrid_vmm,mode=staging,selection=global_budget,requested_pages=1305,requested_bytes=2736783360,requested_mib=2610.000,gross_pages=1305,gross_bytes=2736783360,gross_mib=2610.000,staging_bytes=96468992,staging_mib=92.000,net_bytes=2640314368,net_mib=2518.000,eligible_pages=7470,selected_tensors=410,layers=60,buffer_bytes=16524435968,local_physical_bytes=13788774400,page_bytes=2097152,buffer_mib=15758.930,remote_mib=2610.000,local_physical_mib=13150.000,net_saved_mib=2518.000,page_mib=2.000
logit_checksum,prompt,2417196da4492390,nonfinite=0
logit_checksum,prompt,0453392d6142afd3,nonfinite=0
logit_checksum,prompt,8c39d6d410e92623,nonfinite=0
logit_checksum,prompt,ce38b3f3a7a05142,nonfinite=0
logit_checksum,prompt,556c3b871bf91e81,nonfinite=0
build_commit,build_number,cpu_info,gpu_info,backends,model_filename,model_type,model_size,model_n_params,n_batch,n_ubatch,n_threads,cpu_mask,cpu_strict,poll,type_k,type_v,n_gpu_layers,n_cpu_moe,split_mode,main_gpu,no_kv_offload,flash_attn,devices,tensor_split,tensor_buft_overrides,use_mmap,use_direct_io,embeddings,no_op_offload,no_host,fit_target,fit_min_ctx,n_ctx,n_prompt,n_gen,n_depth,test_time,avg_ns,stddev_ns,avg_ts,stddev_ts
"b820cc8","1","Intel(R) Core(TM) Ultra 5 230F","NVIDIA GeForce RTX 5090","CUDA","/home/wici/voice-lab/models/gguf/gemma-4-31B-it-Q4_0.gguf","gemma4 31B Q4_0","17322412272","30697345596","512","512","8","0x0","0","50","f16","f16","-1","0","layer","0","0","1","auto","0.00","^blk[.][0-9]+[.](attn_(k|v|q|output)|ffn_(down|gate|up))[.]weight$=CUDA_Hybrid","1","0","0","0","0","0","0","165120","512","0","0","2026-08-12T09:36:03Z","120510123","1923256","4249.456935","66.672718"
logit_checksum,prompt,c930f979f7f0aed4,nonfinite=0
logit_checksum,decode,0c8e93b3ecced1c6,nonfinite=0
logit_checksum,decode,319a6a234bb9ed88,nonfinite=0
logit_checksum,decode,1e95777bddcc71d5,nonfinite=0
logit_checksum,decode,fc3ff68058ffd54e,nonfinite=0
logit_checksum,decode,92560214e2ee8afd,nonfinite=0
"b820cc8","1","Intel(R) Core(TM) Ultra 5 230F","NVIDIA GeForce RTX 5090","CUDA","/home/wici/voice-lab/models/gguf/gemma-4-31B-it-Q4_0.gguf","gemma4 31B Q4_0","17322412272","30697345596","512","512","8","0x0","0","50","f16","f16","-1","0","layer","0","0","1","auto","0.00","^blk[.][0-9]+[.](attn_(k|v|q|output)|ffn_(down|gate|up))[.]weight$=CUDA_Hybrid","1","0","0","0","0","0","0","165120","0","64","0","2026-08-12T09:36:03Z","3606974560","17602567","17.743740","0.086512"
logit_checksum,decode,ea317c3ff2b17152,nonfinite=0
result status=ok pp=4249.456935 tg=17.743740 peak=29220.000MiB
case scheme=intertidal_dma phase=dense ws=31.0GiB ctx=165120 control=pp:15.9
remote command: env -u LD_PRELOAD GGML_CUDA_HYBRID_MODE=staging GGML_CUDA_HYBRID_PAGE_BUDGET=1313 LD_LIBRARY_PATH=/dev/shm/intertidal-capacity.mEP47j:/home/wici/llama.cpp/build-cuda/bin:/usr/local/cuda/lib64 LLAMA_BENCH_LOGIT_CHECKSUM=1 /home/wici/llama.cpp/build-cuda/bin/llama-bench -m /home/wici/voice-lab/models/gguf/gemma-4-31B-it-Q4_0.gguf -p 512 -n 64 -r 5 -t 8 -b 512 -ub 512 -fa on -ctk f16 -ctv f16 -mmp 1 -o csv --ctx-size 165120 -ot '^blk[.][0-9]+[.](attn_(k|v|q|output)|ffn_(down|gate|up))[.]weight$=CUDA_Hybrid'
ggml_cuda_init: found 1 CUDA devices (Total VRAM: 32109 MiB):
  Device 0: NVIDIA GeForce RTX 5090, compute capability 12.0, VMM: yes, VRAM: 32109 MiB
hybrid_vmm,mode=staging,selection=global_budget,requested_pages=1313,requested_bytes=2753560576,requested_mib=2626.000,gross_pages=1313,gross_bytes=2753560576,gross_mib=2626.000,staging_bytes=96468992,staging_mib=92.000,net_bytes=2657091584,net_mib=2534.000,eligible_pages=7470,selected_tensors=410,layers=60,buffer_bytes=16524435968,local_physical_bytes=13771997184,page_bytes=2097152,buffer_mib=15758.930,remote_mib=2626.000,local_physical_mib=13134.000,net_saved_mib=2534.000,page_mib=2.000
logit_checksum,prompt,2417196da4492390,nonfinite=0
logit_checksum,prompt,0453392d6142afd3,nonfinite=0
logit_checksum,prompt,8c39d6d410e92623,nonfinite=0
logit_checksum,prompt,ce38b3f3a7a05142,nonfinite=0
logit_checksum,prompt,556c3b871bf91e81,nonfinite=0
logit_checksum,prompt,c930f979f7f0aed4,nonfinite=0
build_commit,build_number,cpu_info,gpu_info,backends,model_filename,model_type,model_size,model_n_params,n_batch,n_ubatch,n_threads,cpu_mask,cpu_strict,poll,type_k,type_v,n_gpu_layers,n_cpu_moe,split_mode,main_gpu,no_kv_offload,flash_attn,devices,tensor_split,tensor_buft_overrides,use_mmap,use_direct_io,embeddings,no_op_offload,no_host,fit_target,fit_min_ctx,n_ctx,n_prompt,n_gen,n_depth,test_time,avg_ns,stddev_ns,avg_ts,stddev_ts
"b820cc8","1","Intel(R) Core(TM) Ultra 5 230F","NVIDIA GeForce RTX 5090","CUDA","/home/wici/voice-lab/models/gguf/gemma-4-31B-it-Q4_0.gguf","gemma4 31B Q4_0","17322412272","30697345596","512","512","8","0x0","0","50","f16","f16","-1","0","layer","0","0","1","auto","0.00","^blk[.][0-9]+[.](attn_(k|v|q|output)|ffn_(down|gate|up))[.]weight$=CUDA_Hybrid","1","0","0","0","0","0","0","165120","512","0","0","2026-08-12T09:36:25Z","120539108","1569575","4248.151657","54.489076"
logit_checksum,decode,0c8e93b3ecced1c6,nonfinite=0
logit_checksum,decode,319a6a234bb9ed88,nonfinite=0
logit_checksum,decode,1e95777bddcc71d5,nonfinite=0
logit_checksum,decode,fc3ff68058ffd54e,nonfinite=0
logit_checksum,decode,92560214e2ee8afd,nonfinite=0
"b820cc8","1","Intel(R) Core(TM) Ultra 5 230F","NVIDIA GeForce RTX 5090","CUDA","/home/wici/voice-lab/models/gguf/gemma-4-31B-it-Q4_0.gguf","gemma4 31B Q4_0","17322412272","30697345596","512","512","8","0x0","0","50","f16","f16","-1","0","layer","0","0","1","auto","0.00","^blk[.][0-9]+[.](attn_(k|v|q|output)|ffn_(down|gate|up))[.]weight$=CUDA_Hybrid","1","0","0","0","0","0","0","165120","0","64","0","2026-08-12T09:36:26Z","3611624628","3070795","17.720567","0.015051"
logit_checksum,decode,ea317c3ff2b17152,nonfinite=0
result status=ok pp=4248.151657 tg=17.720567 peak=29204.000MiB
skip intertidal_dma ws=31.0 control=pp:16 status=ok
case scheme=intertidal_dma phase=dense ws=31.0GiB ctx=165120 control=pp:16.1
remote command: env -u LD_PRELOAD GGML_CUDA_HYBRID_MODE=staging GGML_CUDA_HYBRID_PAGE_BUDGET=1330 LD_LIBRARY_PATH=/dev/shm/intertidal-capacity.mEP47j:/home/wici/llama.cpp/build-cuda/bin:/usr/local/cuda/lib64 LLAMA_BENCH_LOGIT_CHECKSUM=1 /home/wici/llama.cpp/build-cuda/bin/llama-bench -m /home/wici/voice-lab/models/gguf/gemma-4-31B-it-Q4_0.gguf -p 512 -n 64 -r 5 -t 8 -b 512 -ub 512 -fa on -ctk f16 -ctv f16 -mmp 1 -o csv --ctx-size 165120 -ot '^blk[.][0-9]+[.](attn_(k|v|q|output)|ffn_(down|gate|up))[.]weight$=CUDA_Hybrid'
ggml_cuda_init: found 1 CUDA devices (Total VRAM: 32109 MiB):
  Device 0: NVIDIA GeForce RTX 5090, compute capability 12.0, VMM: yes, VRAM: 32109 MiB
hybrid_vmm,mode=staging,selection=global_budget,requested_pages=1330,requested_bytes=2789212160,requested_mib=2660.000,gross_pages=1330,gross_bytes=2789212160,gross_mib=2660.000,staging_bytes=96468992,staging_mib=92.000,net_bytes=2692743168,net_mib=2568.000,eligible_pages=7470,selected_tensors=410,layers=60,buffer_bytes=16524435968,local_physical_bytes=13736345600,page_bytes=2097152,buffer_mib=15758.930,remote_mib=2660.000,local_physical_mib=13100.000,net_saved_mib=2568.000,page_mib=2.000
logit_checksum,prompt,2417196da4492390,nonfinite=0
logit_checksum,prompt,0453392d6142afd3,nonfinite=0
logit_checksum,prompt,8c39d6d410e92623,nonfinite=0
logit_checksum,prompt,ce38b3f3a7a05142,nonfinite=0
logit_checksum,prompt,556c3b871bf91e81,nonfinite=0
logit_checksum,prompt,c930f979f7f0aed4,nonfinite=0
build_commit,build_number,cpu_info,gpu_info,backends,model_filename,model_type,model_size,model_n_params,n_batch,n_ubatch,n_threads,cpu_mask,cpu_strict,poll,type_k,type_v,n_gpu_layers,n_cpu_moe,split_mode,main_gpu,no_kv_offload,flash_attn,devices,tensor_split,tensor_buft_overrides,use_mmap,use_direct_io,embeddings,no_op_offload,no_host,fit_target,fit_min_ctx,n_ctx,n_prompt,n_gen,n_depth,test_time,avg_ns,stddev_ns,avg_ts,stddev_ts
"b820cc8","1","Intel(R) Core(TM) Ultra 5 230F","NVIDIA GeForce RTX 5090","CUDA","/home/wici/voice-lab/models/gguf/gemma-4-31B-it-Q4_0.gguf","gemma4 31B Q4_0","17322412272","30697345596","512","512","8","0x0","0","50","f16","f16","-1","0","layer","0","0","1","auto","0.00","^blk[.][0-9]+[.](attn_(k|v|q|output)|ffn_(down|gate|up))[.]weight$=CUDA_Hybrid","1","0","0","0","0","0","0","165120","512","0","0","2026-08-12T09:36:48Z","120682510","1866594","4243.335087","64.514568"
logit_checksum,decode,0c8e93b3ecced1c6,nonfinite=0
logit_checksum,decode,319a6a234bb9ed88,nonfinite=0
logit_checksum,decode,1e95777bddcc71d5,nonfinite=0
logit_checksum,decode,fc3ff68058ffd54e,nonfinite=0
logit_checksum,decode,92560214e2ee8afd,nonfinite=0
"b820cc8","1","Intel(R) Core(TM) Ultra 5 230F","NVIDIA GeForce RTX 5090","CUDA","/home/wici/voice-lab/models/gguf/gemma-4-31B-it-Q4_0.gguf","gemma4 31B Q4_0","17322412272","30697345596","512","512","8","0x0","0","50","f16","f16","-1","0","layer","0","0","1","auto","0.00","^blk[.][0-9]+[.](attn_(k|v|q|output)|ffn_(down|gate|up))[.]weight$=CUDA_Hybrid","1","0","0","0","0","0","0","165120","0","64","0","2026-08-12T09:36:49Z","3660191890","3268319","17.485433","0.015596"
logit_checksum,decode,ea317c3ff2b17152,nonfinite=0
result status=ok pp=4243.335087 tg=17.485433 peak=29170.000MiB
case scheme=intertidal_dma phase=dense ws=31.0GiB ctx=165120 control=pp:16.2
remote command: env -u LD_PRELOAD GGML_CUDA_HYBRID_MODE=staging GGML_CUDA_HYBRID_PAGE_BUDGET=1338 LD_LIBRARY_PATH=/dev/shm/intertidal-capacity.mEP47j:/home/wici/llama.cpp/build-cuda/bin:/usr/local/cuda/lib64 LLAMA_BENCH_LOGIT_CHECKSUM=1 /home/wici/llama.cpp/build-cuda/bin/llama-bench -m /home/wici/voice-lab/models/gguf/gemma-4-31B-it-Q4_0.gguf -p 512 -n 64 -r 5 -t 8 -b 512 -ub 512 -fa on -ctk f16 -ctv f16 -mmp 1 -o csv --ctx-size 165120 -ot '^blk[.][0-9]+[.](attn_(k|v|q|output)|ffn_(down|gate|up))[.]weight$=CUDA_Hybrid'
ggml_cuda_init: found 1 CUDA devices (Total VRAM: 32109 MiB):
  Device 0: NVIDIA GeForce RTX 5090, compute capability 12.0, VMM: yes, VRAM: 32109 MiB
hybrid_vmm,mode=staging,selection=global_budget,requested_pages=1338,requested_bytes=2805989376,requested_mib=2676.000,gross_pages=1338,gross_bytes=2805989376,gross_mib=2676.000,staging_bytes=96468992,staging_mib=92.000,net_bytes=2709520384,net_mib=2584.000,eligible_pages=7470,selected_tensors=410,layers=60,buffer_bytes=16524435968,local_physical_bytes=13719568384,page_bytes=2097152,buffer_mib=15758.930,remote_mib=2676.000,local_physical_mib=13084.000,net_saved_mib=2584.000,page_mib=2.000
logit_checksum,prompt,2417196da4492390,nonfinite=0
logit_checksum,prompt,0453392d6142afd3,nonfinite=0
logit_checksum,prompt,8c39d6d410e92623,nonfinite=0
logit_checksum,prompt,ce38b3f3a7a05142,nonfinite=0
logit_checksum,prompt,556c3b871bf91e81,nonfinite=0
build_commit,build_number,cpu_info,gpu_info,backends,model_filename,model_type,model_size,model_n_params,n_batch,n_ubatch,n_threads,cpu_mask,cpu_strict,poll,type_k,type_v,n_gpu_layers,n_cpu_moe,split_mode,main_gpu,no_kv_offload,flash_attn,devices,tensor_split,tensor_buft_overrides,use_mmap,use_direct_io,embeddings,no_op_offload,no_host,fit_target,fit_min_ctx,n_ctx,n_prompt,n_gen,n_depth,test_time,avg_ns,stddev_ns,avg_ts,stddev_ts
"b820cc8","1","Intel(R) Core(TM) Ultra 5 230F","NVIDIA GeForce RTX 5090","CUDA","/home/wici/voice-lab/models/gguf/gemma-4-31B-it-Q4_0.gguf","gemma4 31B Q4_0","17322412272","30697345596","512","512","8","0x0","0","50","f16","f16","-1","0","layer","0","0","1","auto","0.00","^blk[.][0-9]+[.](attn_(k|v|q|output)|ffn_(down|gate|up))[.]weight$=CUDA_Hybrid","1","0","0","0","0","0","0","165120","512","0","0","2026-08-12T09:37:11Z","120594058","1674997","4246.294458","58.127005"
logit_checksum,prompt,c930f979f7f0aed4,nonfinite=0
logit_checksum,decode,0c8e93b3ecced1c6,nonfinite=0
logit_checksum,decode,319a6a234bb9ed88,nonfinite=0
logit_checksum,decode,1e95777bddcc71d5,nonfinite=0
logit_checksum,decode,fc3ff68058ffd54e,nonfinite=0
logit_checksum,decode,92560214e2ee8afd,nonfinite=0
"b820cc8","1","Intel(R) Core(TM) Ultra 5 230F","NVIDIA GeForce RTX 5090","CUDA","/home/wici/voice-lab/models/gguf/gemma-4-31B-it-Q4_0.gguf","gemma4 31B Q4_0","17322412272","30697345596","512","512","8","0x0","0","50","f16","f16","-1","0","layer","0","0","1","auto","0.00","^blk[.][0-9]+[.](attn_(k|v|q|output)|ffn_(down|gate|up))[.]weight$=CUDA_Hybrid","1","0","0","0","0","0","0","165120","0","64","0","2026-08-12T09:37:12Z","3693699403","15247739","17.327038","0.071329"
logit_checksum,decode,ea317c3ff2b17152,nonfinite=0
result status=ok pp=4246.294458 tg=17.327038 peak=29154.000MiB
case scheme=intertidal_dma phase=dense ws=31.0GiB ctx=165120 control=pp:16.3
remote command: env -u LD_PRELOAD GGML_CUDA_HYBRID_MODE=staging GGML_CUDA_HYBRID_PAGE_BUDGET=1346 LD_LIBRARY_PATH=/dev/shm/intertidal-capacity.mEP47j:/home/wici/llama.cpp/build-cuda/bin:/usr/local/cuda/lib64 LLAMA_BENCH_LOGIT_CHECKSUM=1 /home/wici/llama.cpp/build-cuda/bin/llama-bench -m /home/wici/voice-lab/models/gguf/gemma-4-31B-it-Q4_0.gguf -p 512 -n 64 -r 5 -t 8 -b 512 -ub 512 -fa on -ctk f16 -ctv f16 -mmp 1 -o csv --ctx-size 165120 -ot '^blk[.][0-9]+[.](attn_(k|v|q|output)|ffn_(down|gate|up))[.]weight$=CUDA_Hybrid'
ggml_cuda_init: found 1 CUDA devices (Total VRAM: 32109 MiB):
  Device 0: NVIDIA GeForce RTX 5090, compute capability 12.0, VMM: yes, VRAM: 32109 MiB
hybrid_vmm,mode=staging,selection=global_budget,requested_pages=1346,requested_bytes=2822766592,requested_mib=2692.000,gross_pages=1346,gross_bytes=2822766592,gross_mib=2692.000,staging_bytes=100663296,staging_mib=96.000,net_bytes=2722103296,net_mib=2596.000,eligible_pages=7470,selected_tensors=410,layers=60,buffer_bytes=16524435968,local_physical_bytes=13702791168,page_bytes=2097152,buffer_mib=15758.930,remote_mib=2692.000,local_physical_mib=13068.000,net_saved_mib=2596.000,page_mib=2.000
logit_checksum,prompt,2417196da4492390,nonfinite=0
logit_checksum,prompt,0453392d6142afd3,nonfinite=0
logit_checksum,prompt,8c39d6d410e92623,nonfinite=0
logit_checksum,prompt,ce38b3f3a7a05142,nonfinite=0
logit_checksum,prompt,556c3b871bf91e81,nonfinite=0
build_commit,build_number,cpu_info,gpu_info,backends,model_filename,model_type,model_size,model_n_params,n_batch,n_ubatch,n_threads,cpu_mask,cpu_strict,poll,type_k,type_v,n_gpu_layers,n_cpu_moe,split_mode,main_gpu,no_kv_offload,flash_attn,devices,tensor_split,tensor_buft_overrides,use_mmap,use_direct_io,embeddings,no_op_offload,no_host,fit_target,fit_min_ctx,n_ctx,n_prompt,n_gen,n_depth,test_time,avg_ns,stddev_ns,avg_ts,stddev_ts
"b820cc8","1","Intel(R) Core(TM) Ultra 5 230F","NVIDIA GeForce RTX 5090","CUDA","/home/wici/voice-lab/models/gguf/gemma-4-31B-it-Q4_0.gguf","gemma4 31B Q4_0","17322412272","30697345596","512","512","8","0x0","0","50","f16","f16","-1","0","layer","0","0","1","auto","0.00","^blk[.][0-9]+[.](attn_(k|v|q|output)|ffn_(down|gate|up))[.]weight$=CUDA_Hybrid","1","0","0","0","0","0","0","165120","512","0","0","2026-08-12T09:37:34Z","120472287","1911205","4250.781178","66.278820"
logit_checksum,prompt,c930f979f7f0aed4,nonfinite=0
logit_checksum,decode,0c8e93b3ecced1c6,nonfinite=0
logit_checksum,decode,319a6a234bb9ed88,nonfinite=0
logit_checksum,decode,1e95777bddcc71d5,nonfinite=0
logit_checksum,decode,fc3ff68058ffd54e,nonfinite=0
logit_checksum,decode,92560214e2ee8afd,nonfinite=0
"b820cc8","1","Intel(R) Core(TM) Ultra 5 230F","NVIDIA GeForce RTX 5090","CUDA","/home/wici/voice-lab/models/gguf/gemma-4-31B-it-Q4_0.gguf","gemma4 31B Q4_0","17322412272","30697345596","512","512","8","0x0","0","50","f16","f16","-1","0","layer","0","0","1","auto","0.00","^blk[.][0-9]+[.](attn_(k|v|q|output)|ffn_(down|gate|up))[.]weight$=CUDA_Hybrid","1","0","0","0","0","0","0","165120","0","64","0","2026-08-12T09:37:35Z","3754675410","4481550","17.045434","0.020365"
logit_checksum,decode,ea317c3ff2b17152,nonfinite=0
result status=ok pp=4250.781178 tg=17.045434 peak=29142.000MiB
case scheme=intertidal_dma phase=dense ws=31.0GiB ctx=165120 control=pp:16.4
remote command: env -u LD_PRELOAD GGML_CUDA_HYBRID_MODE=staging GGML_CUDA_HYBRID_PAGE_BUDGET=1355 LD_LIBRARY_PATH=/dev/shm/intertidal-capacity.mEP47j:/home/wici/llama.cpp/build-cuda/bin:/usr/local/cuda/lib64 LLAMA_BENCH_LOGIT_CHECKSUM=1 /home/wici/llama.cpp/build-cuda/bin/llama-bench -m /home/wici/voice-lab/models/gguf/gemma-4-31B-it-Q4_0.gguf -p 512 -n 64 -r 5 -t 8 -b 512 -ub 512 -fa on -ctk f16 -ctv f16 -mmp 1 -o csv --ctx-size 165120 -ot '^blk[.][0-9]+[.](attn_(k|v|q|output)|ffn_(down|gate|up))[.]weight$=CUDA_Hybrid'
ggml_cuda_init: found 1 CUDA devices (Total VRAM: 32109 MiB):
  Device 0: NVIDIA GeForce RTX 5090, compute capability 12.0, VMM: yes, VRAM: 32109 MiB
hybrid_vmm,mode=staging,selection=global_budget,requested_pages=1355,requested_bytes=2841640960,requested_mib=2710.000,gross_pages=1355,gross_bytes=2841640960,gross_mib=2710.000,staging_bytes=100663296,staging_mib=96.000,net_bytes=2740977664,net_mib=2614.000,eligible_pages=7470,selected_tensors=410,layers=60,buffer_bytes=16524435968,local_physical_bytes=13683916800,page_bytes=2097152,buffer_mib=15758.930,remote_mib=2710.000,local_physical_mib=13050.000,net_saved_mib=2614.000,page_mib=2.000
logit_checksum,prompt,2417196da4492390,nonfinite=0
logit_checksum,prompt,0453392d6142afd3,nonfinite=0
logit_checksum,prompt,8c39d6d410e92623,nonfinite=0
logit_checksum,prompt,ce38b3f3a7a05142,nonfinite=0
logit_checksum,prompt,556c3b871bf91e81,nonfinite=0
build_commit,build_number,cpu_info,gpu_info,backends,model_filename,model_type,model_size,model_n_params,n_batch,n_ubatch,n_threads,cpu_mask,cpu_strict,poll,type_k,type_v,n_gpu_layers,n_cpu_moe,split_mode,main_gpu,no_kv_offload,flash_attn,devices,tensor_split,tensor_buft_overrides,use_mmap,use_direct_io,embeddings,no_op_offload,no_host,fit_target,fit_min_ctx,n_ctx,n_prompt,n_gen,n_depth,test_time,avg_ns,stddev_ns,avg_ts,stddev_ts
"b820cc8","1","Intel(R) Core(TM) Ultra 5 230F","NVIDIA GeForce RTX 5090","CUDA","/home/wici/voice-lab/models/gguf/gemma-4-31B-it-Q4_0.gguf","gemma4 31B Q4_0","17322412272","30697345596","512","512","8","0x0","0","50","f16","f16","-1","0","layer","0","0","1","auto","0.00","^blk[.][0-9]+[.](attn_(k|v|q|output)|ffn_(down|gate|up))[.]weight$=CUDA_Hybrid","1","0","0","0","0","0","0","165120","512","0","0","2026-08-12T09:37:57Z","120669182","1746427","4243.705548","60.471529"
logit_checksum,prompt,c930f979f7f0aed4,nonfinite=0
logit_checksum,decode,0c8e93b3ecced1c6,nonfinite=0
logit_checksum,decode,319a6a234bb9ed88,nonfinite=0
logit_checksum,decode,1e95777bddcc71d5,nonfinite=0
logit_checksum,decode,fc3ff68058ffd54e,nonfinite=0
logit_checksum,decode,92560214e2ee8afd,nonfinite=0
logit_checksum,decode,ea317c3ff2b17152,nonfinite=0
"b820cc8","1","Intel(R) Core(TM) Ultra 5 230F","NVIDIA GeForce RTX 5090","CUDA","/home/wici/voice-lab/models/gguf/gemma-4-31B-it-Q4_0.gguf","gemma4 31B Q4_0","17322412272","30697345596","512","512","8","0x0","0","50","f16","f16","-1","0","layer","0","0","1","auto","0.00","^blk[.][0-9]+[.](attn_(k|v|q|output)|ffn_(down|gate|up))[.]weight$=CUDA_Hybrid","1","0","0","0","0","0","0","165120","0","64","0","2026-08-12T09:37:58Z","3817027376","55190341","16.769761","0.240951"
result status=ok pp=4243.705548 tg=16.769761 peak=29124.000MiB
case scheme=intertidal_dma phase=dense ws=31.0GiB ctx=165120 control=pp:16.5
remote command: env -u LD_PRELOAD GGML_CUDA_HYBRID_MODE=staging GGML_CUDA_HYBRID_PAGE_BUDGET=1363 LD_LIBRARY_PATH=/dev/shm/intertidal-capacity.mEP47j:/home/wici/llama.cpp/build-cuda/bin:/usr/local/cuda/lib64 LLAMA_BENCH_LOGIT_CHECKSUM=1 /home/wici/llama.cpp/build-cuda/bin/llama-bench -m /home/wici/voice-lab/models/gguf/gemma-4-31B-it-Q4_0.gguf -p 512 -n 64 -r 5 -t 8 -b 512 -ub 512 -fa on -ctk f16 -ctv f16 -mmp 1 -o csv --ctx-size 165120 -ot '^blk[.][0-9]+[.](attn_(k|v|q|output)|ffn_(down|gate|up))[.]weight$=CUDA_Hybrid'
ggml_cuda_init: found 1 CUDA devices (Total VRAM: 32109 MiB):
  Device 0: NVIDIA GeForce RTX 5090, compute capability 12.0, VMM: yes, VRAM: 32109 MiB
hybrid_vmm,mode=staging,selection=global_budget,requested_pages=1363,requested_bytes=2858418176,requested_mib=2726.000,gross_pages=1363,gross_bytes=2858418176,gross_mib=2726.000,staging_bytes=100663296,staging_mib=96.000,net_bytes=2757754880,net_mib=2630.000,eligible_pages=7470,selected_tensors=410,layers=60,buffer_bytes=16524435968,local_physical_bytes=13667139584,page_bytes=2097152,buffer_mib=15758.930,remote_mib=2726.000,local_physical_mib=13034.000,net_saved_mib=2630.000,page_mib=2.000
logit_checksum,prompt,2417196da4492390,nonfinite=0
logit_checksum,prompt,0453392d6142afd3,nonfinite=0
logit_checksum,prompt,8c39d6d410e92623,nonfinite=0
logit_checksum,prompt,ce38b3f3a7a05142,nonfinite=0
logit_checksum,prompt,556c3b871bf91e81,nonfinite=0
build_commit,build_number,cpu_info,gpu_info,backends,model_filename,model_type,model_size,model_n_params,n_batch,n_ubatch,n_threads,cpu_mask,cpu_strict,poll,type_k,type_v,n_gpu_layers,n_cpu_moe,split_mode,main_gpu,no_kv_offload,flash_attn,devices,tensor_split,tensor_buft_overrides,use_mmap,use_direct_io,embeddings,no_op_offload,no_host,fit_target,fit_min_ctx,n_ctx,n_prompt,n_gen,n_depth,test_time,avg_ns,stddev_ns,avg_ts,stddev_ts
"b820cc8","1","Intel(R) Core(TM) Ultra 5 230F","NVIDIA GeForce RTX 5090","CUDA","/home/wici/voice-lab/models/gguf/gemma-4-31B-it-Q4_0.gguf","gemma4 31B Q4_0","17322412272","30697345596","512","512","8","0x0","0","50","f16","f16","-1","0","layer","0","0","1","auto","0.00","^blk[.][0-9]+[.](attn_(k|v|q|output)|ffn_(down|gate|up))[.]weight$=CUDA_Hybrid","1","0","0","0","0","0","0","165120","512","0","0","2026-08-12T09:38:21Z","120731208","1780469","4241.551806","61.555761"
logit_checksum,prompt,c930f979f7f0aed4,nonfinite=0
logit_checksum,decode,0c8e93b3ecced1c6,nonfinite=0
logit_checksum,decode,319a6a234bb9ed88,nonfinite=0
logit_checksum,decode,1e95777bddcc71d5,nonfinite=0
logit_checksum,decode,fc3ff68058ffd54e,nonfinite=0
logit_checksum,decode,92560214e2ee8afd,nonfinite=0
logit_checksum,decode,ea317c3ff2b17152,nonfinite=0
"b820cc8","1","Intel(R) Core(TM) Ultra 5 230F","NVIDIA GeForce RTX 5090","CUDA","/home/wici/voice-lab/models/gguf/gemma-4-31B-it-Q4_0.gguf","gemma4 31B Q4_0","17322412272","30697345596","512","512","8","0x0","0","50","f16","f16","-1","0","layer","0","0","1","auto","0.00","^blk[.][0-9]+[.](attn_(k|v|q|output)|ffn_(down|gate|up))[.]weight$=CUDA_Hybrid","1","0","0","0","0","0","0","165120","0","64","0","2026-08-12T09:38:22Z","3818192627","44103348","16.763650","0.194031"
result status=ok pp=4241.551806 tg=16.763650 peak=29108.000MiB
case scheme=intertidal_dma phase=dense ws=31.0GiB ctx=165120 control=pp:16.6
remote command: env -u LD_PRELOAD GGML_CUDA_HYBRID_MODE=staging GGML_CUDA_HYBRID_PAGE_BUDGET=1371 LD_LIBRARY_PATH=/dev/shm/intertidal-capacity.mEP47j:/home/wici/llama.cpp/build-cuda/bin:/usr/local/cuda/lib64 LLAMA_BENCH_LOGIT_CHECKSUM=1 /home/wici/llama.cpp/build-cuda/bin/llama-bench -m /home/wici/voice-lab/models/gguf/gemma-4-31B-it-Q4_0.gguf -p 512 -n 64 -r 5 -t 8 -b 512 -ub 512 -fa on -ctk f16 -ctv f16 -mmp 1 -o csv --ctx-size 165120 -ot '^blk[.][0-9]+[.](attn_(k|v|q|output)|ffn_(down|gate|up))[.]weight$=CUDA_Hybrid'
ggml_cuda_init: found 1 CUDA devices (Total VRAM: 32109 MiB):
  Device 0: NVIDIA GeForce RTX 5090, compute capability 12.0, VMM: yes, VRAM: 32109 MiB
hybrid_vmm,mode=staging,selection=global_budget,requested_pages=1371,requested_bytes=2875195392,requested_mib=2742.000,gross_pages=1371,gross_bytes=2875195392,gross_mib=2742.000,staging_bytes=100663296,staging_mib=96.000,net_bytes=2774532096,net_mib=2646.000,eligible_pages=7470,selected_tensors=410,layers=60,buffer_bytes=16524435968,local_physical_bytes=13650362368,page_bytes=2097152,buffer_mib=15758.930,remote_mib=2742.000,local_physical_mib=13018.000,net_saved_mib=2646.000,page_mib=2.000
logit_checksum,prompt,2417196da4492390,nonfinite=0
logit_checksum,prompt,0453392d6142afd3,nonfinite=0
build_commit,build_number,cpu_info,gpu_info,backends,model_filename,model_type,model_size,model_n_params,n_batch,n_ubatch,n_threads,cpu_mask,cpu_strict,poll,type_k,type_v,n_gpu_layers,n_cpu_moe,split_mode,main_gpu,no_kv_offload,flash_attn,devices,tensor_split,tensor_buft_overrides,use_mmap,use_direct_io,embeddings,no_op_offload,no_host,fit_target,fit_min_ctx,n_ctx,n_prompt,n_gen,n_depth,test_time,avg_ns,stddev_ns,avg_ts,stddev_ts
"b820cc8","1","Intel(R) Core(TM) Ultra 5 230F","NVIDIA GeForce RTX 5090","CUDA","/home/wici/voice-lab/models/gguf/gemma-4-31B-it-Q4_0.gguf","gemma4 31B Q4_0","17322412272","30697345596","512","512","8","0x0","0","50","f16","f16","-1","0","layer","0","0","1","auto","0.00","^blk[.][0-9]+[.](attn_(k|v|q|output)|ffn_(down|gate|up))[.]weight$=CUDA_Hybrid","1","0","0","0","0","0","0","165120","512","0","0","2026-08-12T09:38:45Z","120546363","1604123","4247.921274","55.687381"
logit_checksum,prompt,8c39d6d410e92623,nonfinite=0
logit_checksum,prompt,ce38b3f3a7a05142,nonfinite=0
logit_checksum,prompt,556c3b871bf91e81,nonfinite=0
logit_checksum,prompt,c930f979f7f0aed4,nonfinite=0
logit_checksum,decode,0c8e93b3ecced1c6,nonfinite=0
logit_checksum,decode,319a6a234bb9ed88,nonfinite=0
logit_checksum,decode,1e95777bddcc71d5,nonfinite=0
logit_checksum,decode,fc3ff68058ffd54e,nonfinite=0
logit_checksum,decode,92560214e2ee8afd,nonfinite=0
"b820cc8","1","Intel(R) Core(TM) Ultra 5 230F","NVIDIA GeForce RTX 5090","CUDA","/home/wici/voice-lab/models/gguf/gemma-4-31B-it-Q4_0.gguf","gemma4 31B Q4_0","17322412272","30697345596","512","512","8","0x0","0","50","f16","f16","-1","0","layer","0","0","1","auto","0.00","^blk[.][0-9]+[.](attn_(k|v|q|output)|ffn_(down|gate|up))[.]weight$=CUDA_Hybrid","1","0","0","0","0","0","0","165120","0","64","0","2026-08-12T09:38:46Z","3778956576","1360219","16.935894","0.006088"
logit_checksum,decode,ea317c3ff2b17152,nonfinite=0
result status=ok pp=4247.921274 tg=16.935894 peak=29092.000MiB
case scheme=intertidal_dma phase=dense ws=31.0GiB ctx=165120 control=pp:16.7
remote command: env -u LD_PRELOAD GGML_CUDA_HYBRID_MODE=staging GGML_CUDA_HYBRID_PAGE_BUDGET=1379 LD_LIBRARY_PATH=/dev/shm/intertidal-capacity.mEP47j:/home/wici/llama.cpp/build-cuda/bin:/usr/local/cuda/lib64 LLAMA_BENCH_LOGIT_CHECKSUM=1 /home/wici/llama.cpp/build-cuda/bin/llama-bench -m /home/wici/voice-lab/models/gguf/gemma-4-31B-it-Q4_0.gguf -p 512 -n 64 -r 5 -t 8 -b 512 -ub 512 -fa on -ctk f16 -ctv f16 -mmp 1 -o csv --ctx-size 165120 -ot '^blk[.][0-9]+[.](attn_(k|v|q|output)|ffn_(down|gate|up))[.]weight$=CUDA_Hybrid'
ggml_cuda_init: found 1 CUDA devices (Total VRAM: 32109 MiB):
  Device 0: NVIDIA GeForce RTX 5090, compute capability 12.0, VMM: yes, VRAM: 32109 MiB
hybrid_vmm,mode=staging,selection=global_budget,requested_pages=1379,requested_bytes=2891972608,requested_mib=2758.000,gross_pages=1379,gross_bytes=2891972608,gross_mib=2758.000,staging_bytes=100663296,staging_mib=96.000,net_bytes=2791309312,net_mib=2662.000,eligible_pages=7470,selected_tensors=410,layers=60,buffer_bytes=16524435968,local_physical_bytes=13633585152,page_bytes=2097152,buffer_mib=15758.930,remote_mib=2758.000,local_physical_mib=13002.000,net_saved_mib=2662.000,page_mib=2.000
logit_checksum,prompt,2417196da4492390,nonfinite=0
logit_checksum,prompt,0453392d6142afd3,nonfinite=0
logit_checksum,prompt,8c39d6d410e92623,nonfinite=0
logit_checksum,prompt,ce38b3f3a7a05142,nonfinite=0
logit_checksum,prompt,556c3b871bf91e81,nonfinite=0
logit_checksum,prompt,c930f979f7f0aed4,nonfinite=0
build_commit,build_number,cpu_info,gpu_info,backends,model_filename,model_type,model_size,model_n_params,n_batch,n_ubatch,n_threads,cpu_mask,cpu_strict,poll,type_k,type_v,n_gpu_layers,n_cpu_moe,split_mode,main_gpu,no_kv_offload,flash_attn,devices,tensor_split,tensor_buft_overrides,use_mmap,use_direct_io,embeddings,no_op_offload,no_host,fit_target,fit_min_ctx,n_ctx,n_prompt,n_gen,n_depth,test_time,avg_ns,stddev_ns,avg_ts,stddev_ts
"b820cc8","1","Intel(R) Core(TM) Ultra 5 230F","NVIDIA GeForce RTX 5090","CUDA","/home/wici/voice-lab/models/gguf/gemma-4-31B-it-Q4_0.gguf","gemma4 31B Q4_0","17322412272","30697345596","512","512","8","0x0","0","50","f16","f16","-1","0","layer","0","0","1","auto","0.00","^blk[.][0-9]+[.](attn_(k|v|q|output)|ffn_(down|gate|up))[.]weight$=CUDA_Hybrid","1","0","0","0","0","0","0","165120","512","0","0","2026-08-12T09:39:08Z","121443165","4228420","4219.886349","140.831592"
logit_checksum,decode,0c8e93b3ecced1c6,nonfinite=0
logit_checksum,decode,319a6a234bb9ed88,nonfinite=0
logit_checksum,decode,1e95777bddcc71d5,nonfinite=0
logit_checksum,decode,fc3ff68058ffd54e,nonfinite=0
logit_checksum,decode,92560214e2ee8afd,nonfinite=0
logit_checksum,decode,ea317c3ff2b17152,nonfinite=0
"b820cc8","1","Intel(R) Core(TM) Ultra 5 230F","NVIDIA GeForce RTX 5090","CUDA","/home/wici/voice-lab/models/gguf/gemma-4-31B-it-Q4_0.gguf","gemma4 31B Q4_0","17322412272","30697345596","512","512","8","0x0","0","50","f16","f16","-1","0","layer","0","0","1","auto","0.00","^blk[.][0-9]+[.](attn_(k|v|q|output)|ffn_(down|gate|up))[.]weight$=CUDA_Hybrid","1","0","0","0","0","0","0","165120","0","64","0","2026-08-12T09:39:09Z","3842149488","60558469","16.660592","0.257677"
result status=ok pp=4219.886349 tg=16.660592 peak=29076.000MiB
case scheme=intertidal_dma phase=dense ws=31.0GiB ctx=165120 control=pp:16.8
remote command: env -u LD_PRELOAD GGML_CUDA_HYBRID_MODE=staging GGML_CUDA_HYBRID_PAGE_BUDGET=1388 LD_LIBRARY_PATH=/dev/shm/intertidal-capacity.mEP47j:/home/wici/llama.cpp/build-cuda/bin:/usr/local/cuda/lib64 LLAMA_BENCH_LOGIT_CHECKSUM=1 /home/wici/llama.cpp/build-cuda/bin/llama-bench -m /home/wici/voice-lab/models/gguf/gemma-4-31B-it-Q4_0.gguf -p 512 -n 64 -r 5 -t 8 -b 512 -ub 512 -fa on -ctk f16 -ctv f16 -mmp 1 -o csv --ctx-size 165120 -ot '^blk[.][0-9]+[.](attn_(k|v|q|output)|ffn_(down|gate|up))[.]weight$=CUDA_Hybrid'
ggml_cuda_init: found 1 CUDA devices (Total VRAM: 32109 MiB):
  Device 0: NVIDIA GeForce RTX 5090, compute capability 12.0, VMM: yes, VRAM: 32109 MiB
hybrid_vmm,mode=staging,selection=global_budget,requested_pages=1388,requested_bytes=2910846976,requested_mib=2776.000,gross_pages=1388,gross_bytes=2910846976,gross_mib=2776.000,staging_bytes=100663296,staging_mib=96.000,net_bytes=2810183680,net_mib=2680.000,eligible_pages=7470,selected_tensors=410,layers=60,buffer_bytes=16524435968,local_physical_bytes=13614710784,page_bytes=2097152,buffer_mib=15758.930,remote_mib=2776.000,local_physical_mib=12984.000,net_saved_mib=2680.000,page_mib=2.000
logit_checksum,prompt,2417196da4492390,nonfinite=0
logit_checksum,prompt,0453392d6142afd3,nonfinite=0
logit_checksum,prompt,8c39d6d410e92623,nonfinite=0
logit_checksum,prompt,ce38b3f3a7a05142,nonfinite=0
logit_checksum,prompt,556c3b871bf91e81,nonfinite=0
logit_checksum,prompt,c930f979f7f0aed4,nonfinite=0
build_commit,build_number,cpu_info,gpu_info,backends,model_filename,model_type,model_size,model_n_params,n_batch,n_ubatch,n_threads,cpu_mask,cpu_strict,poll,type_k,type_v,n_gpu_layers,n_cpu_moe,split_mode,main_gpu,no_kv_offload,flash_attn,devices,tensor_split,tensor_buft_overrides,use_mmap,use_direct_io,embeddings,no_op_offload,no_host,fit_target,fit_min_ctx,n_ctx,n_prompt,n_gen,n_depth,test_time,avg_ns,stddev_ns,avg_ts,stddev_ts
"b820cc8","1","Intel(R) Core(TM) Ultra 5 230F","NVIDIA GeForce RTX 5090","CUDA","/home/wici/voice-lab/models/gguf/gemma-4-31B-it-Q4_0.gguf","gemma4 31B Q4_0","17322412272","30697345596","512","512","8","0x0","0","50","f16","f16","-1","0","layer","0","0","1","auto","0.00","^blk[.][0-9]+[.](attn_(k|v|q|output)|ffn_(down|gate|up))[.]weight$=CUDA_Hybrid","1","0","0","0","0","0","0","165120","512","0","0","2026-08-12T09:39:32Z","120553628","1900663","4247.902225","65.787286"
logit_checksum,decode,0c8e93b3ecced1c6,nonfinite=0
logit_checksum,decode,319a6a234bb9ed88,nonfinite=0
logit_checksum,decode,1e95777bddcc71d5,nonfinite=0
logit_checksum,decode,fc3ff68058ffd54e,nonfinite=0
logit_checksum,decode,92560214e2ee8afd,nonfinite=0
"b820cc8","1","Intel(R) Core(TM) Ultra 5 230F","NVIDIA GeForce RTX 5090","CUDA","/home/wici/voice-lab/models/gguf/gemma-4-31B-it-Q4_0.gguf","gemma4 31B Q4_0","17322412272","30697345596","512","512","8","0x0","0","50","f16","f16","-1","0","layer","0","0","1","auto","0.00","^blk[.][0-9]+[.](attn_(k|v|q|output)|ffn_(down|gate|up))[.]weight$=CUDA_Hybrid","1","0","0","0","0","0","0","165120","0","64","0","2026-08-12T09:39:33Z","3827434222","4066438","16.721400","0.017770"
logit_checksum,decode,ea317c3ff2b17152,nonfinite=0
result status=ok pp=4247.902225 tg=16.721400 peak=29058.000MiB
case scheme=intertidal_dma phase=dense ws=31.0GiB ctx=165120 control=pp:16.9
remote command: env -u LD_PRELOAD GGML_CUDA_HYBRID_MODE=staging GGML_CUDA_HYBRID_PAGE_BUDGET=1396 LD_LIBRARY_PATH=/dev/shm/intertidal-capacity.mEP47j:/home/wici/llama.cpp/build-cuda/bin:/usr/local/cuda/lib64 LLAMA_BENCH_LOGIT_CHECKSUM=1 /home/wici/llama.cpp/build-cuda/bin/llama-bench -m /home/wici/voice-lab/models/gguf/gemma-4-31B-it-Q4_0.gguf -p 512 -n 64 -r 5 -t 8 -b 512 -ub 512 -fa on -ctk f16 -ctv f16 -mmp 1 -o csv --ctx-size 165120 -ot '^blk[.][0-9]+[.](attn_(k|v|q|output)|ffn_(down|gate|up))[.]weight$=CUDA_Hybrid'
ggml_cuda_init: found 1 CUDA devices (Total VRAM: 32109 MiB):
  Device 0: NVIDIA GeForce RTX 5090, compute capability 12.0, VMM: yes, VRAM: 32109 MiB
hybrid_vmm,mode=staging,selection=global_budget,requested_pages=1396,requested_bytes=2927624192,requested_mib=2792.000,gross_pages=1396,gross_bytes=2927624192,gross_mib=2792.000,staging_bytes=100663296,staging_mib=96.000,net_bytes=2826960896,net_mib=2696.000,eligible_pages=7470,selected_tensors=410,layers=60,buffer_bytes=16524435968,local_physical_bytes=13597933568,page_bytes=2097152,buffer_mib=15758.930,remote_mib=2792.000,local_physical_mib=12968.000,net_saved_mib=2696.000,page_mib=2.000
logit_checksum,prompt,2417196da4492390,nonfinite=0
logit_checksum,prompt,0453392d6142afd3,nonfinite=0
logit_checksum,prompt,8c39d6d410e92623,nonfinite=0
logit_checksum,prompt,ce38b3f3a7a05142,nonfinite=0
logit_checksum,prompt,556c3b871bf91e81,nonfinite=0
build_commit,build_number,cpu_info,gpu_info,backends,model_filename,model_type,model_size,model_n_params,n_batch,n_ubatch,n_threads,cpu_mask,cpu_strict,poll,type_k,type_v,n_gpu_layers,n_cpu_moe,split_mode,main_gpu,no_kv_offload,flash_attn,devices,tensor_split,tensor_buft_overrides,use_mmap,use_direct_io,embeddings,no_op_offload,no_host,fit_target,fit_min_ctx,n_ctx,n_prompt,n_gen,n_depth,test_time,avg_ns,stddev_ns,avg_ts,stddev_ts
logit_checksum,prompt,c930f979f7f0aed4,nonfinite=0
"b820cc8","1","Intel(R) Core(TM) Ultra 5 230F","NVIDIA GeForce RTX 5090","CUDA","/home/wici/voice-lab/models/gguf/gemma-4-31B-it-Q4_0.gguf","gemma4 31B Q4_0","17322412272","30697345596","512","512","8","0x0","0","50","f16","f16","-1","0","layer","0","0","1","auto","0.00","^blk[.][0-9]+[.](attn_(k|v|q|output)|ffn_(down|gate|up))[.]weight$=CUDA_Hybrid","1","0","0","0","0","0","0","165120","512","0","0","2026-08-12T09:39:56Z","120617801","2064443","4245.789352","71.318181"
logit_checksum,decode,0c8e93b3ecced1c6,nonfinite=0
logit_checksum,decode,319a6a234bb9ed88,nonfinite=0
logit_checksum,decode,1e95777bddcc71d5,nonfinite=0
logit_checksum,decode,fc3ff68058ffd54e,nonfinite=0
logit_checksum,decode,92560214e2ee8afd,nonfinite=0
logit_checksum,decode,ea317c3ff2b17152,nonfinite=0
"b820cc8","1","Intel(R) Core(TM) Ultra 5 230F","NVIDIA GeForce RTX 5090","CUDA","/home/wici/voice-lab/models/gguf/gemma-4-31B-it-Q4_0.gguf","gemma4 31B Q4_0","17322412272","30697345596","512","512","8","0x0","0","50","f16","f16","-1","0","layer","0","0","1","auto","0.00","^blk[.][0-9]+[.](attn_(k|v|q|output)|ffn_(down|gate|up))[.]weight$=CUDA_Hybrid","1","0","0","0","0","0","0","165120","0","64","0","2026-08-12T09:39:57Z","3852770269","5420145","16.611450","0.023333"
result status=ok pp=4245.789352 tg=16.611450 peak=29042.000MiB
skip intertidal_dma ws=31.0 control=pp:17 status=ok
case scheme=intertidal_dma phase=dense ws=31.0GiB ctx=165120 control=pp:17.1
remote command: env -u LD_PRELOAD GGML_CUDA_HYBRID_MODE=staging GGML_CUDA_HYBRID_PAGE_BUDGET=1412 LD_LIBRARY_PATH=/dev/shm/intertidal-capacity.mEP47j:/home/wici/llama.cpp/build-cuda/bin:/usr/local/cuda/lib64 LLAMA_BENCH_LOGIT_CHECKSUM=1 /home/wici/llama.cpp/build-cuda/bin/llama-bench -m /home/wici/voice-lab/models/gguf/gemma-4-31B-it-Q4_0.gguf -p 512 -n 64 -r 5 -t 8 -b 512 -ub 512 -fa on -ctk f16 -ctv f16 -mmp 1 -o csv --ctx-size 165120 -ot '^blk[.][0-9]+[.](attn_(k|v|q|output)|ffn_(down|gate|up))[.]weight$=CUDA_Hybrid'
ggml_cuda_init: found 1 CUDA devices (Total VRAM: 32109 MiB):
  Device 0: NVIDIA GeForce RTX 5090, compute capability 12.0, VMM: yes, VRAM: 32109 MiB
hybrid_vmm,mode=staging,selection=global_budget,requested_pages=1412,requested_bytes=2961178624,requested_mib=2824.000,gross_pages=1412,gross_bytes=2961178624,gross_mib=2824.000,staging_bytes=104857600,staging_mib=100.000,net_bytes=2856321024,net_mib=2724.000,eligible_pages=7470,selected_tensors=410,layers=60,buffer_bytes=16524435968,local_physical_bytes=13564379136,page_bytes=2097152,buffer_mib=15758.930,remote_mib=2824.000,local_physical_mib=12936.000,net_saved_mib=2724.000,page_mib=2.000
logit_checksum,prompt,2417196da4492390,nonfinite=0
logit_checksum,prompt,0453392d6142afd3,nonfinite=0
logit_checksum,prompt,8c39d6d410e92623,nonfinite=0
logit_checksum,prompt,ce38b3f3a7a05142,nonfinite=0
logit_checksum,prompt,556c3b871bf91e81,nonfinite=0
logit_checksum,prompt,c930f979f7f0aed4,nonfinite=0
build_commit,build_number,cpu_info,gpu_info,backends,model_filename,model_type,model_size,model_n_params,n_batch,n_ubatch,n_threads,cpu_mask,cpu_strict,poll,type_k,type_v,n_gpu_layers,n_cpu_moe,split_mode,main_gpu,no_kv_offload,flash_attn,devices,tensor_split,tensor_buft_overrides,use_mmap,use_direct_io,embeddings,no_op_offload,no_host,fit_target,fit_min_ctx,n_ctx,n_prompt,n_gen,n_depth,test_time,avg_ns,stddev_ns,avg_ts,stddev_ts
"b820cc8","1","Intel(R) Core(TM) Ultra 5 230F","NVIDIA GeForce RTX 5090","CUDA","/home/wici/voice-lab/models/gguf/gemma-4-31B-it-Q4_0.gguf","gemma4 31B Q4_0","17322412272","30697345596","512","512","8","0x0","0","50","f16","f16","-1","0","layer","0","0","1","auto","0.00","^blk[.][0-9]+[.](attn_(k|v|q|output)|ffn_(down|gate|up))[.]weight$=CUDA_Hybrid","1","0","0","0","0","0","0","165120","512","0","0","2026-08-12T09:40:20Z","120599084","1829764","4246.240479","63.338489"
logit_checksum,decode,0c8e93b3ecced1c6,nonfinite=0
logit_checksum,decode,319a6a234bb9ed88,nonfinite=0
logit_checksum,decode,1e95777bddcc71d5,nonfinite=0
logit_checksum,decode,fc3ff68058ffd54e,nonfinite=0
logit_checksum,decode,92560214e2ee8afd,nonfinite=0
"b820cc8","1","Intel(R) Core(TM) Ultra 5 230F","NVIDIA GeForce RTX 5090","CUDA","/home/wici/voice-lab/models/gguf/gemma-4-31B-it-Q4_0.gguf","gemma4 31B Q4_0","17322412272","30697345596","512","512","8","0x0","0","50","f16","f16","-1","0","layer","0","0","1","auto","0.00","^blk[.][0-9]+[.](attn_(k|v|q|output)|ffn_(down|gate|up))[.]weight$=CUDA_Hybrid","1","0","0","0","0","0","0","165120","0","64","0","2026-08-12T09:40:21Z","3893469367","1994280","16.437785","0.008417"
logit_checksum,decode,ea317c3ff2b17152,nonfinite=0
result status=ok pp=4246.240479 tg=16.437785 peak=29014.000MiB
case scheme=intertidal_dma phase=dense ws=31.0GiB ctx=165120 control=pp:17.2
remote command: env -u LD_PRELOAD GGML_CUDA_HYBRID_MODE=staging GGML_CUDA_HYBRID_PAGE_BUDGET=1421 LD_LIBRARY_PATH=/dev/shm/intertidal-capacity.mEP47j:/home/wici/llama.cpp/build-cuda/bin:/usr/local/cuda/lib64 LLAMA_BENCH_LOGIT_CHECKSUM=1 /home/wici/llama.cpp/build-cuda/bin/llama-bench -m /home/wici/voice-lab/models/gguf/gemma-4-31B-it-Q4_0.gguf -p 512 -n 64 -r 5 -t 8 -b 512 -ub 512 -fa on -ctk f16 -ctv f16 -mmp 1 -o csv --ctx-size 165120 -ot '^blk[.][0-9]+[.](attn_(k|v|q|output)|ffn_(down|gate|up))[.]weight$=CUDA_Hybrid'
ggml_cuda_init: found 1 CUDA devices (Total VRAM: 32109 MiB):
  Device 0: NVIDIA GeForce RTX 5090, compute capability 12.0, VMM: yes, VRAM: 32109 MiB
hybrid_vmm,mode=staging,selection=global_budget,requested_pages=1421,requested_bytes=2980052992,requested_mib=2842.000,gross_pages=1421,gross_bytes=2980052992,gross_mib=2842.000,staging_bytes=104857600,staging_mib=100.000,net_bytes=2875195392,net_mib=2742.000,eligible_pages=7470,selected_tensors=410,layers=60,buffer_bytes=16524435968,local_physical_bytes=13545504768,page_bytes=2097152,buffer_mib=15758.930,remote_mib=2842.000,local_physical_mib=12918.000,net_saved_mib=2742.000,page_mib=2.000
logit_checksum,prompt,2417196da4492390,nonfinite=0
logit_checksum,prompt,0453392d6142afd3,nonfinite=0
logit_checksum,prompt,8c39d6d410e92623,nonfinite=0
logit_checksum,prompt,ce38b3f3a7a05142,nonfinite=0
logit_checksum,prompt,556c3b871bf91e81,nonfinite=0
build_commit,build_number,cpu_info,gpu_info,backends,model_filename,model_type,model_size,model_n_params,n_batch,n_ubatch,n_threads,cpu_mask,cpu_strict,poll,type_k,type_v,n_gpu_layers,n_cpu_moe,split_mode,main_gpu,no_kv_offload,flash_attn,devices,tensor_split,tensor_buft_overrides,use_mmap,use_direct_io,embeddings,no_op_offload,no_host,fit_target,fit_min_ctx,n_ctx,n_prompt,n_gen,n_depth,test_time,avg_ns,stddev_ns,avg_ts,stddev_ts
logit_checksum,prompt,c930f979f7f0aed4,nonfinite=0
"b820cc8","1","Intel(R) Core(TM) Ultra 5 230F","NVIDIA GeForce RTX 5090","CUDA","/home/wici/voice-lab/models/gguf/gemma-4-31B-it-Q4_0.gguf","gemma4 31B Q4_0","17322412272","30697345596","512","512","8","0x0","0","50","f16","f16","-1","0","layer","0","0","1","auto","0.00","^blk[.][0-9]+[.](attn_(k|v|q|output)|ffn_(down|gate|up))[.]weight$=CUDA_Hybrid","1","0","0","0","0","0","0","165120","512","0","0","2026-08-12T09:40:44Z","120611118","2136030","4246.093028","73.756797"
logit_checksum,decode,0c8e93b3ecced1c6,nonfinite=0
logit_checksum,decode,319a6a234bb9ed88,nonfinite=0
logit_checksum,decode,1e95777bddcc71d5,nonfinite=0
logit_checksum,decode,fc3ff68058ffd54e,nonfinite=0
logit_checksum,decode,92560214e2ee8afd,nonfinite=0
"b820cc8","1","Intel(R) Core(TM) Ultra 5 230F","NVIDIA GeForce RTX 5090","CUDA","/home/wici/voice-lab/models/gguf/gemma-4-31B-it-Q4_0.gguf","gemma4 31B Q4_0","17322412272","30697345596","512","512","8","0x0","0","50","f16","f16","-1","0","layer","0","0","1","auto","0.00","^blk[.][0-9]+[.](attn_(k|v|q|output)|ffn_(down|gate|up))[.]weight$=CUDA_Hybrid","1","0","0","0","0","0","0","165120","0","64","0","2026-08-12T09:40:45Z","3919327704","4632538","16.329349","0.019297"
logit_checksum,decode,ea317c3ff2b17152,nonfinite=0
result status=ok pp=4246.093028 tg=16.329349 peak=28996.000MiB
case scheme=intertidal_dma phase=dense ws=31.0GiB ctx=165120 control=pp:17.3
remote command: env -u LD_PRELOAD GGML_CUDA_HYBRID_MODE=staging GGML_CUDA_HYBRID_PAGE_BUDGET=1429 LD_LIBRARY_PATH=/dev/shm/intertidal-capacity.mEP47j:/home/wici/llama.cpp/build-cuda/bin:/usr/local/cuda/lib64 LLAMA_BENCH_LOGIT_CHECKSUM=1 /home/wici/llama.cpp/build-cuda/bin/llama-bench -m /home/wici/voice-lab/models/gguf/gemma-4-31B-it-Q4_0.gguf -p 512 -n 64 -r 5 -t 8 -b 512 -ub 512 -fa on -ctk f16 -ctv f16 -mmp 1 -o csv --ctx-size 165120 -ot '^blk[.][0-9]+[.](attn_(k|v|q|output)|ffn_(down|gate|up))[.]weight$=CUDA_Hybrid'
ggml_cuda_init: found 1 CUDA devices (Total VRAM: 32109 MiB):
  Device 0: NVIDIA GeForce RTX 5090, compute capability 12.0, VMM: yes, VRAM: 32109 MiB
hybrid_vmm,mode=staging,selection=global_budget,requested_pages=1429,requested_bytes=2996830208,requested_mib=2858.000,gross_pages=1429,gross_bytes=2996830208,gross_mib=2858.000,staging_bytes=104857600,staging_mib=100.000,net_bytes=2891972608,net_mib=2758.000,eligible_pages=7470,selected_tensors=410,layers=60,buffer_bytes=16524435968,local_physical_bytes=13528727552,page_bytes=2097152,buffer_mib=15758.930,remote_mib=2858.000,local_physical_mib=12902.000,net_saved_mib=2758.000,page_mib=2.000
logit_checksum,prompt,2417196da4492390,nonfinite=0
logit_checksum,prompt,0453392d6142afd3,nonfinite=0
logit_checksum,prompt,8c39d6d410e92623,nonfinite=0
logit_checksum,prompt,ce38b3f3a7a05142,nonfinite=0
logit_checksum,prompt,556c3b871bf91e81,nonfinite=0
build_commit,build_number,cpu_info,gpu_info,backends,model_filename,model_type,model_size,model_n_params,n_batch,n_ubatch,n_threads,cpu_mask,cpu_strict,poll,type_k,type_v,n_gpu_layers,n_cpu_moe,split_mode,main_gpu,no_kv_offload,flash_attn,devices,tensor_split,tensor_buft_overrides,use_mmap,use_direct_io,embeddings,no_op_offload,no_host,fit_target,fit_min_ctx,n_ctx,n_prompt,n_gen,n_depth,test_time,avg_ns,stddev_ns,avg_ts,stddev_ts
"b820cc8","1","Intel(R) Core(TM) Ultra 5 230F","NVIDIA GeForce RTX 5090","CUDA","/home/wici/voice-lab/models/gguf/gemma-4-31B-it-Q4_0.gguf","gemma4 31B Q4_0","17322412272","30697345596","512","512","8","0x0","0","50","f16","f16","-1","0","layer","0","0","1","auto","0.00","^blk[.][0-9]+[.](attn_(k|v|q|output)|ffn_(down|gate|up))[.]weight$=CUDA_Hybrid","1","0","0","0","0","0","0","165120","512","0","0","2026-08-12T09:41:08Z","120569834","1773957","4247.225109","61.470017"
logit_checksum,prompt,c930f979f7f0aed4,nonfinite=0
logit_checksum,decode,0c8e93b3ecced1c6,nonfinite=0
logit_checksum,decode,319a6a234bb9ed88,nonfinite=0
logit_checksum,decode,1e95777bddcc71d5,nonfinite=0
logit_checksum,decode,fc3ff68058ffd54e,nonfinite=0
logit_checksum,decode,92560214e2ee8afd,nonfinite=0
"b820cc8","1","Intel(R) Core(TM) Ultra 5 230F","NVIDIA GeForce RTX 5090","CUDA","/home/wici/voice-lab/models/gguf/gemma-4-31B-it-Q4_0.gguf","gemma4 31B Q4_0","17322412272","30697345596","512","512","8","0x0","0","50","f16","f16","-1","0","layer","0","0","1","auto","0.00","^blk[.][0-9]+[.](attn_(k|v|q|output)|ffn_(down|gate|up))[.]weight$=CUDA_Hybrid","1","0","0","0","0","0","0","165120","0","64","0","2026-08-12T09:41:09Z","3938561695","3236420","16.249596","0.013356"
logit_checksum,decode,ea317c3ff2b17152,nonfinite=0
result status=ok pp=4247.225109 tg=16.249596 peak=28980.000MiB
case scheme=intertidal_dma phase=dense ws=31.0GiB ctx=165120 control=pp:17.4
remote command: env -u LD_PRELOAD GGML_CUDA_HYBRID_MODE=staging GGML_CUDA_HYBRID_PAGE_BUDGET=1437 LD_LIBRARY_PATH=/dev/shm/intertidal-capacity.mEP47j:/home/wici/llama.cpp/build-cuda/bin:/usr/local/cuda/lib64 LLAMA_BENCH_LOGIT_CHECKSUM=1 /home/wici/llama.cpp/build-cuda/bin/llama-bench -m /home/wici/voice-lab/models/gguf/gemma-4-31B-it-Q4_0.gguf -p 512 -n 64 -r 5 -t 8 -b 512 -ub 512 -fa on -ctk f16 -ctv f16 -mmp 1 -o csv --ctx-size 165120 -ot '^blk[.][0-9]+[.](attn_(k|v|q|output)|ffn_(down|gate|up))[.]weight$=CUDA_Hybrid'
ggml_cuda_init: found 1 CUDA devices (Total VRAM: 32109 MiB):
  Device 0: NVIDIA GeForce RTX 5090, compute capability 12.0, VMM: yes, VRAM: 32109 MiB
hybrid_vmm,mode=staging,selection=global_budget,requested_pages=1437,requested_bytes=3013607424,requested_mib=2874.000,gross_pages=1437,gross_bytes=3013607424,gross_mib=2874.000,staging_bytes=104857600,staging_mib=100.000,net_bytes=2908749824,net_mib=2774.000,eligible_pages=7470,selected_tensors=410,layers=60,buffer_bytes=16524435968,local_physical_bytes=13511950336,page_bytes=2097152,buffer_mib=15758.930,remote_mib=2874.000,local_physical_mib=12886.000,net_saved_mib=2774.000,page_mib=2.000
logit_checksum,prompt,2417196da4492390,nonfinite=0
logit_checksum,prompt,0453392d6142afd3,nonfinite=0
logit_checksum,prompt,8c39d6d410e92623,nonfinite=0
logit_checksum,prompt,ce38b3f3a7a05142,nonfinite=0
logit_checksum,prompt,556c3b871bf91e81,nonfinite=0
build_commit,build_number,cpu_info,gpu_info,backends,model_filename,model_type,model_size,model_n_params,n_batch,n_ubatch,n_threads,cpu_mask,cpu_strict,poll,type_k,type_v,n_gpu_layers,n_cpu_moe,split_mode,main_gpu,no_kv_offload,flash_attn,devices,tensor_split,tensor_buft_overrides,use_mmap,use_direct_io,embeddings,no_op_offload,no_host,fit_target,fit_min_ctx,n_ctx,n_prompt,n_gen,n_depth,test_time,avg_ns,stddev_ns,avg_ts,stddev_ts
"b820cc8","1","Intel(R) Core(TM) Ultra 5 230F","NVIDIA GeForce RTX 5090","CUDA","/home/wici/voice-lab/models/gguf/gemma-4-31B-it-Q4_0.gguf","gemma4 31B Q4_0","17322412272","30697345596","512","512","8","0x0","0","50","f16","f16","-1","0","layer","0","0","1","auto","0.00","^blk[.][0-9]+[.](attn_(k|v|q|output)|ffn_(down|gate|up))[.]weight$=CUDA_Hybrid","1","0","0","0","0","0","0","165120","512","0","0","2026-08-12T09:41:32Z","120583917","2164667","4247.080052","74.816318"
logit_checksum,prompt,c930f979f7f0aed4,nonfinite=0
logit_checksum,decode,0c8e93b3ecced1c6,nonfinite=0
logit_checksum,decode,319a6a234bb9ed88,nonfinite=0
logit_checksum,decode,1e95777bddcc71d5,nonfinite=0
logit_checksum,decode,fc3ff68058ffd54e,nonfinite=0
logit_checksum,decode,92560214e2ee8afd,nonfinite=0
"b820cc8","1","Intel(R) Core(TM) Ultra 5 230F","NVIDIA GeForce RTX 5090","CUDA","/home/wici/voice-lab/models/gguf/gemma-4-31B-it-Q4_0.gguf","gemma4 31B Q4_0","17322412272","30697345596","512","512","8","0x0","0","50","f16","f16","-1","0","layer","0","0","1","auto","0.00","^blk[.][0-9]+[.](attn_(k|v|q|output)|ffn_(down|gate|up))[.]weight$=CUDA_Hybrid","1","0","0","0","0","0","0","165120","0","64","0","2026-08-12T09:41:33Z","3962397887","3551812","16.151846","0.014481"
logit_checksum,decode,ea317c3ff2b17152,nonfinite=0
result status=ok pp=4247.080052 tg=16.151846 peak=28964.000MiB
case scheme=intertidal_dma phase=dense ws=31.0GiB ctx=165120 control=pp:17.5
remote command: env -u LD_PRELOAD GGML_CUDA_HYBRID_MODE=staging GGML_CUDA_HYBRID_PAGE_BUDGET=1445 LD_LIBRARY_PATH=/dev/shm/intertidal-capacity.mEP47j:/home/wici/llama.cpp/build-cuda/bin:/usr/local/cuda/lib64 LLAMA_BENCH_LOGIT_CHECKSUM=1 /home/wici/llama.cpp/build-cuda/bin/llama-bench -m /home/wici/voice-lab/models/gguf/gemma-4-31B-it-Q4_0.gguf -p 512 -n 64 -r 5 -t 8 -b 512 -ub 512 -fa on -ctk f16 -ctv f16 -mmp 1 -o csv --ctx-size 165120 -ot '^blk[.][0-9]+[.](attn_(k|v|q|output)|ffn_(down|gate|up))[.]weight$=CUDA_Hybrid'
ggml_cuda_init: found 1 CUDA devices (Total VRAM: 32109 MiB):
  Device 0: NVIDIA GeForce RTX 5090, compute capability 12.0, VMM: yes, VRAM: 32109 MiB
hybrid_vmm,mode=staging,selection=global_budget,requested_pages=1445,requested_bytes=3030384640,requested_mib=2890.000,gross_pages=1445,gross_bytes=3030384640,gross_mib=2890.000,staging_bytes=104857600,staging_mib=100.000,net_bytes=2925527040,net_mib=2790.000,eligible_pages=7470,selected_tensors=410,layers=60,buffer_bytes=16524435968,local_physical_bytes=13495173120,page_bytes=2097152,buffer_mib=15758.930,remote_mib=2890.000,local_physical_mib=12870.000,net_saved_mib=2790.000,page_mib=2.000
logit_checksum,prompt,2417196da4492390,nonfinite=0
logit_checksum,prompt,0453392d6142afd3,nonfinite=0
logit_checksum,prompt,8c39d6d410e92623,nonfinite=0
logit_checksum,prompt,ce38b3f3a7a05142,nonfinite=0
logit_checksum,prompt,556c3b871bf91e81,nonfinite=0
logit_checksum,prompt,c930f979f7f0aed4,nonfinite=0
build_commit,build_number,cpu_info,gpu_info,backends,model_filename,model_type,model_size,model_n_params,n_batch,n_ubatch,n_threads,cpu_mask,cpu_strict,poll,type_k,type_v,n_gpu_layers,n_cpu_moe,split_mode,main_gpu,no_kv_offload,flash_attn,devices,tensor_split,tensor_buft_overrides,use_mmap,use_direct_io,embeddings,no_op_offload,no_host,fit_target,fit_min_ctx,n_ctx,n_prompt,n_gen,n_depth,test_time,avg_ns,stddev_ns,avg_ts,stddev_ts
"b820cc8","1","Intel(R) Core(TM) Ultra 5 230F","NVIDIA GeForce RTX 5090","CUDA","/home/wici/voice-lab/models/gguf/gemma-4-31B-it-Q4_0.gguf","gemma4 31B Q4_0","17322412272","30697345596","512","512","8","0x0","0","50","f16","f16","-1","0","layer","0","0","1","auto","0.00","^blk[.][0-9]+[.](attn_(k|v|q|output)|ffn_(down|gate|up))[.]weight$=CUDA_Hybrid","1","0","0","0","0","0","0","165120","512","0","0","2026-08-12T09:41:57Z","120478427","2013534","4250.656155","69.760905"
logit_checksum,decode,0c8e93b3ecced1c6,nonfinite=0
logit_checksum,decode,319a6a234bb9ed88,nonfinite=0
logit_checksum,decode,1e95777bddcc71d5,nonfinite=0
logit_checksum,decode,fc3ff68058ffd54e,nonfinite=0
logit_checksum,decode,92560214e2ee8afd,nonfinite=0
logit_checksum,decode,ea317c3ff2b17152,nonfinite=0
"b820cc8","1","Intel(R) Core(TM) Ultra 5 230F","NVIDIA GeForce RTX 5090","CUDA","/home/wici/voice-lab/models/gguf/gemma-4-31B-it-Q4_0.gguf","gemma4 31B Q4_0","17322412272","30697345596","512","512","8","0x0","0","50","f16","f16","-1","0","layer","0","0","1","auto","0.00","^blk[.][0-9]+[.](attn_(k|v|q|output)|ffn_(down|gate|up))[.]weight$=CUDA_Hybrid","1","0","0","0","0","0","0","165120","0","64","0","2026-08-12T09:41:57Z","3983568120","2317796","16.066003","0.009339"
result status=ok pp=4250.656155 tg=16.066003 peak=28948.000MiB
case scheme=intertidal_dma phase=dense ws=31.0GiB ctx=165120 control=pp:17.6
remote command: env -u LD_PRELOAD GGML_CUDA_HYBRID_MODE=staging GGML_CUDA_HYBRID_PAGE_BUDGET=1454 LD_LIBRARY_PATH=/dev/shm/intertidal-capacity.mEP47j:/home/wici/llama.cpp/build-cuda/bin:/usr/local/cuda/lib64 LLAMA_BENCH_LOGIT_CHECKSUM=1 /home/wici/llama.cpp/build-cuda/bin/llama-bench -m /home/wici/voice-lab/models/gguf/gemma-4-31B-it-Q4_0.gguf -p 512 -n 64 -r 5 -t 8 -b 512 -ub 512 -fa on -ctk f16 -ctv f16 -mmp 1 -o csv --ctx-size 165120 -ot '^blk[.][0-9]+[.](attn_(k|v|q|output)|ffn_(down|gate|up))[.]weight$=CUDA_Hybrid'
ggml_cuda_init: found 1 CUDA devices (Total VRAM: 32109 MiB):
  Device 0: NVIDIA GeForce RTX 5090, compute capability 12.0, VMM: yes, VRAM: 32109 MiB
hybrid_vmm,mode=staging,selection=global_budget,requested_pages=1454,requested_bytes=3049259008,requested_mib=2908.000,gross_pages=1454,gross_bytes=3049259008,gross_mib=2908.000,staging_bytes=104857600,staging_mib=100.000,net_bytes=2944401408,net_mib=2808.000,eligible_pages=7470,selected_tensors=410,layers=60,buffer_bytes=16524435968,local_physical_bytes=13476298752,page_bytes=2097152,buffer_mib=15758.930,remote_mib=2908.000,local_physical_mib=12852.000,net_saved_mib=2808.000,page_mib=2.000
logit_checksum,prompt,2417196da4492390,nonfinite=0
logit_checksum,prompt,0453392d6142afd3,nonfinite=0
logit_checksum,prompt,8c39d6d410e92623,nonfinite=0
logit_checksum,prompt,ce38b3f3a7a05142,nonfinite=0
logit_checksum,prompt,556c3b871bf91e81,nonfinite=0
build_commit,build_number,cpu_info,gpu_info,backends,model_filename,model_type,model_size,model_n_params,n_batch,n_ubatch,n_threads,cpu_mask,cpu_strict,poll,type_k,type_v,n_gpu_layers,n_cpu_moe,split_mode,main_gpu,no_kv_offload,flash_attn,devices,tensor_split,tensor_buft_overrides,use_mmap,use_direct_io,embeddings,no_op_offload,no_host,fit_target,fit_min_ctx,n_ctx,n_prompt,n_gen,n_depth,test_time,avg_ns,stddev_ns,avg_ts,stddev_ts
logit_checksum,prompt,c930f979f7f0aed4,nonfinite=0
"b820cc8","1","Intel(R) Core(TM) Ultra 5 230F","NVIDIA GeForce RTX 5090","CUDA","/home/wici/voice-lab/models/gguf/gemma-4-31B-it-Q4_0.gguf","gemma4 31B Q4_0","17322412272","30697345596","512","512","8","0x0","0","50","f16","f16","-1","0","layer","0","0","1","auto","0.00","^blk[.][0-9]+[.](attn_(k|v|q|output)|ffn_(down|gate|up))[.]weight$=CUDA_Hybrid","1","0","0","0","0","0","0","165120","512","0","0","2026-08-12T09:42:21Z","120495857","1551766","4249.665105","54.005228"
logit_checksum,decode,0c8e93b3ecced1c6,nonfinite=0
logit_checksum,decode,319a6a234bb9ed88,nonfinite=0
logit_checksum,decode,1e95777bddcc71d5,nonfinite=0
logit_checksum,decode,fc3ff68058ffd54e,nonfinite=0
logit_checksum,decode,92560214e2ee8afd,nonfinite=0
"b820cc8","1","Intel(R) Core(TM) Ultra 5 230F","NVIDIA GeForce RTX 5090","CUDA","/home/wici/voice-lab/models/gguf/gemma-4-31B-it-Q4_0.gguf","gemma4 31B Q4_0","17322412272","30697345596","512","512","8","0x0","0","50","f16","f16","-1","0","layer","0","0","1","auto","0.00","^blk[.][0-9]+[.](attn_(k|v|q|output)|ffn_(down|gate|up))[.]weight$=CUDA_Hybrid","1","0","0","0","0","0","0","165120","0","64","0","2026-08-12T09:42:22Z","4008416536","3095173","15.966412","0.012321"
logit_checksum,decode,ea317c3ff2b17152,nonfinite=0
result status=ok pp=4249.665105 tg=15.966412 peak=28930.000MiB
case scheme=intertidal_dma phase=dense ws=31.0GiB ctx=165120 control=pp:17.7
remote command: env -u LD_PRELOAD GGML_CUDA_HYBRID_MODE=staging GGML_CUDA_HYBRID_PAGE_BUDGET=1462 LD_LIBRARY_PATH=/dev/shm/intertidal-capacity.mEP47j:/home/wici/llama.cpp/build-cuda/bin:/usr/local/cuda/lib64 LLAMA_BENCH_LOGIT_CHECKSUM=1 /home/wici/llama.cpp/build-cuda/bin/llama-bench -m /home/wici/voice-lab/models/gguf/gemma-4-31B-it-Q4_0.gguf -p 512 -n 64 -r 5 -t 8 -b 512 -ub 512 -fa on -ctk f16 -ctv f16 -mmp 1 -o csv --ctx-size 165120 -ot '^blk[.][0-9]+[.](attn_(k|v|q|output)|ffn_(down|gate|up))[.]weight$=CUDA_Hybrid'
ggml_cuda_init: found 1 CUDA devices (Total VRAM: 32109 MiB):
  Device 0: NVIDIA GeForce RTX 5090, compute capability 12.0, VMM: yes, VRAM: 32109 MiB
hybrid_vmm,mode=staging,selection=global_budget,requested_pages=1462,requested_bytes=3066036224,requested_mib=2924.000,gross_pages=1462,gross_bytes=3066036224,gross_mib=2924.000,staging_bytes=109051904,staging_mib=104.000,net_bytes=2956984320,net_mib=2820.000,eligible_pages=7470,selected_tensors=410,layers=60,buffer_bytes=16524435968,local_physical_bytes=13459521536,page_bytes=2097152,buffer_mib=15758.930,remote_mib=2924.000,local_physical_mib=12836.000,net_saved_mib=2820.000,page_mib=2.000
logit_checksum,prompt,2417196da4492390,nonfinite=0
logit_checksum,prompt,0453392d6142afd3,nonfinite=0
logit_checksum,prompt,8c39d6d410e92623,nonfinite=0
logit_checksum,prompt,ce38b3f3a7a05142,nonfinite=0
logit_checksum,prompt,556c3b871bf91e81,nonfinite=0
build_commit,build_number,cpu_info,gpu_info,backends,model_filename,model_type,model_size,model_n_params,n_batch,n_ubatch,n_threads,cpu_mask,cpu_strict,poll,type_k,type_v,n_gpu_layers,n_cpu_moe,split_mode,main_gpu,no_kv_offload,flash_attn,devices,tensor_split,tensor_buft_overrides,use_mmap,use_direct_io,embeddings,no_op_offload,no_host,fit_target,fit_min_ctx,n_ctx,n_prompt,n_gen,n_depth,test_time,avg_ns,stddev_ns,avg_ts,stddev_ts
logit_checksum,prompt,c930f979f7f0aed4,nonfinite=0
"b820cc8","1","Intel(R) Core(TM) Ultra 5 230F","NVIDIA GeForce RTX 5090","CUDA","/home/wici/voice-lab/models/gguf/gemma-4-31B-it-Q4_0.gguf","gemma4 31B Q4_0","17322412272","30697345596","512","512","8","0x0","0","50","f16","f16","-1","0","layer","0","0","1","auto","0.00","^blk[.][0-9]+[.](attn_(k|v|q|output)|ffn_(down|gate|up))[.]weight$=CUDA_Hybrid","1","0","0","0","0","0","0","165120","512","0","0","2026-08-12T09:42:46Z","120319518","1846279","4256.125110","64.272185"
logit_checksum,decode,0c8e93b3ecced1c6,nonfinite=0
logit_checksum,decode,319a6a234bb9ed88,nonfinite=0
logit_checksum,decode,1e95777bddcc71d5,nonfinite=0
logit_checksum,decode,fc3ff68058ffd54e,nonfinite=0
logit_checksum,decode,92560214e2ee8afd,nonfinite=0
logit_checksum,decode,ea317c3ff2b17152,nonfinite=0
"b820cc8","1","Intel(R) Core(TM) Ultra 5 230F","NVIDIA GeForce RTX 5090","CUDA","/home/wici/voice-lab/models/gguf/gemma-4-31B-it-Q4_0.gguf","gemma4 31B Q4_0","17322412272","30697345596","512","512","8","0x0","0","50","f16","f16","-1","0","layer","0","0","1","auto","0.00","^blk[.][0-9]+[.](attn_(k|v|q|output)|ffn_(down|gate|up))[.]weight$=CUDA_Hybrid","1","0","0","0","0","0","0","165120","0","64","0","2026-08-12T09:42:47Z","4033239750","4561536","15.868153","0.017930"
result status=ok pp=4256.125110 tg=15.868153 peak=28918.000MiB
case scheme=intertidal_dma phase=dense ws=31.0GiB ctx=165120 control=pp:17.8
remote command: env -u LD_PRELOAD GGML_CUDA_HYBRID_MODE=staging GGML_CUDA_HYBRID_PAGE_BUDGET=1470 LD_LIBRARY_PATH=/dev/shm/intertidal-capacity.mEP47j:/home/wici/llama.cpp/build-cuda/bin:/usr/local/cuda/lib64 LLAMA_BENCH_LOGIT_CHECKSUM=1 /home/wici/llama.cpp/build-cuda/bin/llama-bench -m /home/wici/voice-lab/models/gguf/gemma-4-31B-it-Q4_0.gguf -p 512 -n 64 -r 5 -t 8 -b 512 -ub 512 -fa on -ctk f16 -ctv f16 -mmp 1 -o csv --ctx-size 165120 -ot '^blk[.][0-9]+[.](attn_(k|v|q|output)|ffn_(down|gate|up))[.]weight$=CUDA_Hybrid'
ggml_cuda_init: found 1 CUDA devices (Total VRAM: 32109 MiB):
  Device 0: NVIDIA GeForce RTX 5090, compute capability 12.0, VMM: yes, VRAM: 32109 MiB
hybrid_vmm,mode=staging,selection=global_budget,requested_pages=1470,requested_bytes=3082813440,requested_mib=2940.000,gross_pages=1470,gross_bytes=3082813440,gross_mib=2940.000,staging_bytes=109051904,staging_mib=104.000,net_bytes=2973761536,net_mib=2836.000,eligible_pages=7470,selected_tensors=410,layers=60,buffer_bytes=16524435968,local_physical_bytes=13442744320,page_bytes=2097152,buffer_mib=15758.930,remote_mib=2940.000,local_physical_mib=12820.000,net_saved_mib=2836.000,page_mib=2.000
logit_checksum,prompt,2417196da4492390,nonfinite=0
logit_checksum,prompt,0453392d6142afd3,nonfinite=0
logit_checksum,prompt,8c39d6d410e92623,nonfinite=0
logit_checksum,prompt,ce38b3f3a7a05142,nonfinite=0
logit_checksum,prompt,556c3b871bf91e81,nonfinite=0
logit_checksum,prompt,c930f979f7f0aed4,nonfinite=0
build_commit,build_number,cpu_info,gpu_info,backends,model_filename,model_type,model_size,model_n_params,n_batch,n_ubatch,n_threads,cpu_mask,cpu_strict,poll,type_k,type_v,n_gpu_layers,n_cpu_moe,split_mode,main_gpu,no_kv_offload,flash_attn,devices,tensor_split,tensor_buft_overrides,use_mmap,use_direct_io,embeddings,no_op_offload,no_host,fit_target,fit_min_ctx,n_ctx,n_prompt,n_gen,n_depth,test_time,avg_ns,stddev_ns,avg_ts,stddev_ts
"b820cc8","1","Intel(R) Core(TM) Ultra 5 230F","NVIDIA GeForce RTX 5090","CUDA","/home/wici/voice-lab/models/gguf/gemma-4-31B-it-Q4_0.gguf","gemma4 31B Q4_0","17322412272","30697345596","512","512","8","0x0","0","50","f16","f16","-1","0","layer","0","0","1","auto","0.00","^blk[.][0-9]+[.](attn_(k|v|q|output)|ffn_(down|gate|up))[.]weight$=CUDA_Hybrid","1","0","0","0","0","0","0","165120","512","0","0","2026-08-12T09:43:11Z","120422400","1595597","4252.289036","55.512074"
logit_checksum,decode,0c8e93b3ecced1c6,nonfinite=0
logit_checksum,decode,319a6a234bb9ed88,nonfinite=0
logit_checksum,decode,1e95777bddcc71d5,nonfinite=0
logit_checksum,decode,fc3ff68058ffd54e,nonfinite=0
logit_checksum,decode,92560214e2ee8afd,nonfinite=0
"b820cc8","1","Intel(R) Core(TM) Ultra 5 230F","NVIDIA GeForce RTX 5090","CUDA","/home/wici/voice-lab/models/gguf/gemma-4-31B-it-Q4_0.gguf","gemma4 31B Q4_0","17322412272","30697345596","512","512","8","0x0","0","50","f16","f16","-1","0","layer","0","0","1","auto","0.00","^blk[.][0-9]+[.](attn_(k|v|q|output)|ffn_(down|gate|up))[.]weight$=CUDA_Hybrid","1","0","0","0","0","0","0","165120","0","64","0","2026-08-12T09:43:12Z","4055549732","4391185","15.780859","0.017087"
logit_checksum,decode,ea317c3ff2b17152,nonfinite=0
result status=ok pp=4252.289036 tg=15.780859 peak=28902.000MiB
case scheme=intertidal_dma phase=dense ws=31.0GiB ctx=165120 control=pp:17.9
remote command: env -u LD_PRELOAD GGML_CUDA_HYBRID_MODE=staging GGML_CUDA_HYBRID_PAGE_BUDGET=1479 LD_LIBRARY_PATH=/dev/shm/intertidal-capacity.mEP47j:/home/wici/llama.cpp/build-cuda/bin:/usr/local/cuda/lib64 LLAMA_BENCH_LOGIT_CHECKSUM=1 /home/wici/llama.cpp/build-cuda/bin/llama-bench -m /home/wici/voice-lab/models/gguf/gemma-4-31B-it-Q4_0.gguf -p 512 -n 64 -r 5 -t 8 -b 512 -ub 512 -fa on -ctk f16 -ctv f16 -mmp 1 -o csv --ctx-size 165120 -ot '^blk[.][0-9]+[.](attn_(k|v|q|output)|ffn_(down|gate|up))[.]weight$=CUDA_Hybrid'
ggml_cuda_init: found 1 CUDA devices (Total VRAM: 32109 MiB):
  Device 0: NVIDIA GeForce RTX 5090, compute capability 12.0, VMM: yes, VRAM: 32109 MiB
hybrid_vmm,mode=staging,selection=global_budget,requested_pages=1479,requested_bytes=3101687808,requested_mib=2958.000,gross_pages=1479,gross_bytes=3101687808,gross_mib=2958.000,staging_bytes=109051904,staging_mib=104.000,net_bytes=2992635904,net_mib=2854.000,eligible_pages=7470,selected_tensors=410,layers=60,buffer_bytes=16524435968,local_physical_bytes=13423869952,page_bytes=2097152,buffer_mib=15758.930,remote_mib=2958.000,local_physical_mib=12802.000,net_saved_mib=2854.000,page_mib=2.000
logit_checksum,prompt,2417196da4492390,nonfinite=0
logit_checksum,prompt,0453392d6142afd3,nonfinite=0
logit_checksum,prompt,8c39d6d410e92623,nonfinite=0
logit_checksum,prompt,ce38b3f3a7a05142,nonfinite=0
logit_checksum,prompt,556c3b871bf91e81,nonfinite=0
build_commit,build_number,cpu_info,gpu_info,backends,model_filename,model_type,model_size,model_n_params,n_batch,n_ubatch,n_threads,cpu_mask,cpu_strict,poll,type_k,type_v,n_gpu_layers,n_cpu_moe,split_mode,main_gpu,no_kv_offload,flash_attn,devices,tensor_split,tensor_buft_overrides,use_mmap,use_direct_io,embeddings,no_op_offload,no_host,fit_target,fit_min_ctx,n_ctx,n_prompt,n_gen,n_depth,test_time,avg_ns,stddev_ns,avg_ts,stddev_ts
logit_checksum,prompt,c930f979f7f0aed4,nonfinite=0
"b820cc8","1","Intel(R) Core(TM) Ultra 5 230F","NVIDIA GeForce RTX 5090","CUDA","/home/wici/voice-lab/models/gguf/gemma-4-31B-it-Q4_0.gguf","gemma4 31B Q4_0","17322412272","30697345596","512","512","8","0x0","0","50","f16","f16","-1","0","layer","0","0","1","auto","0.00","^blk[.][0-9]+[.](attn_(k|v|q|output)|ffn_(down|gate|up))[.]weight$=CUDA_Hybrid","1","0","0","0","0","0","0","165120","512","0","0","2026-08-12T09:43:36Z","120604895","1983311","4246.169721","68.610412"
logit_checksum,decode,0c8e93b3ecced1c6,nonfinite=0
logit_checksum,decode,319a6a234bb9ed88,nonfinite=0
logit_checksum,decode,1e95777bddcc71d5,nonfinite=0
logit_checksum,decode,fc3ff68058ffd54e,nonfinite=0
logit_checksum,decode,92560214e2ee8afd,nonfinite=0
logit_checksum,decode,ea317c3ff2b17152,nonfinite=0
"b820cc8","1","Intel(R) Core(TM) Ultra 5 230F","NVIDIA GeForce RTX 5090","CUDA","/home/wici/voice-lab/models/gguf/gemma-4-31B-it-Q4_0.gguf","gemma4 31B Q4_0","17322412272","30697345596","512","512","8","0x0","0","50","f16","f16","-1","0","layer","0","0","1","auto","0.00","^blk[.][0-9]+[.](attn_(k|v|q|output)|ffn_(down|gate|up))[.]weight$=CUDA_Hybrid","1","0","0","0","0","0","0","165120","0","64","0","2026-08-12T09:43:36Z","4075529716","3889952","15.703492","0.014979"
result status=ok pp=4246.169721 tg=15.703492 peak=28884.000MiB
skip intertidal_dma ws=31.0 control=pp:18 status=ok
case scheme=intertidal_dma phase=dense ws=31.0GiB ctx=165120 control=pp:18.1
remote command: env -u LD_PRELOAD GGML_CUDA_HYBRID_MODE=staging GGML_CUDA_HYBRID_PAGE_BUDGET=1495 LD_LIBRARY_PATH=/dev/shm/intertidal-capacity.mEP47j:/home/wici/llama.cpp/build-cuda/bin:/usr/local/cuda/lib64 LLAMA_BENCH_LOGIT_CHECKSUM=1 /home/wici/llama.cpp/build-cuda/bin/llama-bench -m /home/wici/voice-lab/models/gguf/gemma-4-31B-it-Q4_0.gguf -p 512 -n 64 -r 5 -t 8 -b 512 -ub 512 -fa on -ctk f16 -ctv f16 -mmp 1 -o csv --ctx-size 165120 -ot '^blk[.][0-9]+[.](attn_(k|v|q|output)|ffn_(down|gate|up))[.]weight$=CUDA_Hybrid'
ggml_cuda_init: found 1 CUDA devices (Total VRAM: 32109 MiB):
  Device 0: NVIDIA GeForce RTX 5090, compute capability 12.0, VMM: yes, VRAM: 32109 MiB
hybrid_vmm,mode=staging,selection=global_budget,requested_pages=1495,requested_bytes=3135242240,requested_mib=2990.000,gross_pages=1495,gross_bytes=3135242240,gross_mib=2990.000,staging_bytes=109051904,staging_mib=104.000,net_bytes=3026190336,net_mib=2886.000,eligible_pages=7470,selected_tensors=410,layers=60,buffer_bytes=16524435968,local_physical_bytes=13390315520,page_bytes=2097152,buffer_mib=15758.930,remote_mib=2990.000,local_physical_mib=12770.000,net_saved_mib=2886.000,page_mib=2.000
logit_checksum,prompt,2417196da4492390,nonfinite=0
logit_checksum,prompt,0453392d6142afd3,nonfinite=0
logit_checksum,prompt,8c39d6d410e92623,nonfinite=0
logit_checksum,prompt,ce38b3f3a7a05142,nonfinite=0
logit_checksum,prompt,556c3b871bf91e81,nonfinite=0
build_commit,build_number,cpu_info,gpu_info,backends,model_filename,model_type,model_size,model_n_params,n_batch,n_ubatch,n_threads,cpu_mask,cpu_strict,poll,type_k,type_v,n_gpu_layers,n_cpu_moe,split_mode,main_gpu,no_kv_offload,flash_attn,devices,tensor_split,tensor_buft_overrides,use_mmap,use_direct_io,embeddings,no_op_offload,no_host,fit_target,fit_min_ctx,n_ctx,n_prompt,n_gen,n_depth,test_time,avg_ns,stddev_ns,avg_ts,stddev_ts
"b820cc8","1","Intel(R) Core(TM) Ultra 5 230F","NVIDIA GeForce RTX 5090","CUDA","/home/wici/voice-lab/models/gguf/gemma-4-31B-it-Q4_0.gguf","gemma4 31B Q4_0","17322412272","30697345596","512","512","8","0x0","0","50","f16","f16","-1","0","layer","0","0","1","auto","0.00","^blk[.][0-9]+[.](attn_(k|v|q|output)|ffn_(down|gate|up))[.]weight$=CUDA_Hybrid","1","0","0","0","0","0","0","165120","512","0","0","2026-08-12T09:44:00Z","120600775","1566090","4245.976971","54.367390"
logit_checksum,prompt,c930f979f7f0aed4,nonfinite=0
logit_checksum,decode,0c8e93b3ecced1c6,nonfinite=0
logit_checksum,decode,319a6a234bb9ed88,nonfinite=0
logit_checksum,decode,1e95777bddcc71d5,nonfinite=0
logit_checksum,decode,fc3ff68058ffd54e,nonfinite=0
logit_checksum,decode,92560214e2ee8afd,nonfinite=0
"b820cc8","1","Intel(R) Core(TM) Ultra 5 230F","NVIDIA GeForce RTX 5090","CUDA","/home/wici/voice-lab/models/gguf/gemma-4-31B-it-Q4_0.gguf","gemma4 31B Q4_0","17322412272","30697345596","512","512","8","0x0","0","50","f16","f16","-1","0","layer","0","0","1","auto","0.00","^blk[.][0-9]+[.](attn_(k|v|q|output)|ffn_(down|gate|up))[.]weight$=CUDA_Hybrid","1","0","0","0","0","0","0","165120","0","64","0","2026-08-12T09:44:01Z","4118584454","3567141","15.539329","0.013458"
logit_checksum,decode,ea317c3ff2b17152,nonfinite=0
result status=ok pp=4245.976971 tg=15.539329 peak=28852.000MiB
case scheme=intertidal_dma phase=dense ws=31.0GiB ctx=165120 control=pp:18.2
remote command: env -u LD_PRELOAD GGML_CUDA_HYBRID_MODE=staging GGML_CUDA_HYBRID_PAGE_BUDGET=1503 LD_LIBRARY_PATH=/dev/shm/intertidal-capacity.mEP47j:/home/wici/llama.cpp/build-cuda/bin:/usr/local/cuda/lib64 LLAMA_BENCH_LOGIT_CHECKSUM=1 /home/wici/llama.cpp/build-cuda/bin/llama-bench -m /home/wici/voice-lab/models/gguf/gemma-4-31B-it-Q4_0.gguf -p 512 -n 64 -r 5 -t 8 -b 512 -ub 512 -fa on -ctk f16 -ctv f16 -mmp 1 -o csv --ctx-size 165120 -ot '^blk[.][0-9]+[.](attn_(k|v|q|output)|ffn_(down|gate|up))[.]weight$=CUDA_Hybrid'
ggml_cuda_init: found 1 CUDA devices (Total VRAM: 32109 MiB):
  Device 0: NVIDIA GeForce RTX 5090, compute capability 12.0, VMM: yes, VRAM: 32109 MiB
hybrid_vmm,mode=staging,selection=global_budget,requested_pages=1503,requested_bytes=3152019456,requested_mib=3006.000,gross_pages=1503,gross_bytes=3152019456,gross_mib=3006.000,staging_bytes=109051904,staging_mib=104.000,net_bytes=3042967552,net_mib=2902.000,eligible_pages=7470,selected_tensors=410,layers=60,buffer_bytes=16524435968,local_physical_bytes=13373538304,page_bytes=2097152,buffer_mib=15758.930,remote_mib=3006.000,local_physical_mib=12754.000,net_saved_mib=2902.000,page_mib=2.000
logit_checksum,prompt,2417196da4492390,nonfinite=0
logit_checksum,prompt,0453392d6142afd3,nonfinite=0
logit_checksum,prompt,8c39d6d410e92623,nonfinite=0
logit_checksum,prompt,ce38b3f3a7a05142,nonfinite=0
logit_checksum,prompt,556c3b871bf91e81,nonfinite=0
logit_checksum,prompt,c930f979f7f0aed4,nonfinite=0
build_commit,build_number,cpu_info,gpu_info,backends,model_filename,model_type,model_size,model_n_params,n_batch,n_ubatch,n_threads,cpu_mask,cpu_strict,poll,type_k,type_v,n_gpu_layers,n_cpu_moe,split_mode,main_gpu,no_kv_offload,flash_attn,devices,tensor_split,tensor_buft_overrides,use_mmap,use_direct_io,embeddings,no_op_offload,no_host,fit_target,fit_min_ctx,n_ctx,n_prompt,n_gen,n_depth,test_time,avg_ns,stddev_ns,avg_ts,stddev_ts
"b820cc8","1","Intel(R) Core(TM) Ultra 5 230F","NVIDIA GeForce RTX 5090","CUDA","/home/wici/voice-lab/models/gguf/gemma-4-31B-it-Q4_0.gguf","gemma4 31B Q4_0","17322412272","30697345596","512","512","8","0x0","0","50","f16","f16","-1","0","layer","0","0","1","auto","0.00","^blk[.][0-9]+[.](attn_(k|v|q|output)|ffn_(down|gate|up))[.]weight$=CUDA_Hybrid","1","0","0","0","0","0","0","165120","512","0","0","2026-08-12T09:44:26Z","120579074","2008026","4247.101314","69.441501"
logit_checksum,decode,0c8e93b3ecced1c6,nonfinite=0
logit_checksum,decode,319a6a234bb9ed88,nonfinite=0
logit_checksum,decode,1e95777bddcc71d5,nonfinite=0
logit_checksum,decode,fc3ff68058ffd54e,nonfinite=0
logit_checksum,decode,92560214e2ee8afd,nonfinite=0
"b820cc8","1","Intel(R) Core(TM) Ultra 5 230F","NVIDIA GeForce RTX 5090","CUDA","/home/wici/voice-lab/models/gguf/gemma-4-31B-it-Q4_0.gguf","gemma4 31B Q4_0","17322412272","30697345596","512","512","8","0x0","0","50","f16","f16","-1","0","layer","0","0","1","auto","0.00","^blk[.][0-9]+[.](attn_(k|v|q|output)|ffn_(down|gate|up))[.]weight$=CUDA_Hybrid","1","0","0","0","0","0","0","165120","0","64","0","2026-08-12T09:44:27Z","4145101800","5323984","15.439931","0.019833"
logit_checksum,decode,ea317c3ff2b17152,nonfinite=0
result status=ok pp=4247.101314 tg=15.439931 peak=28836.000MiB
case scheme=intertidal_dma phase=dense ws=31.0GiB ctx=165120 control=pp:18.3
remote command: env -u LD_PRELOAD GGML_CUDA_HYBRID_MODE=staging GGML_CUDA_HYBRID_PAGE_BUDGET=1512 LD_LIBRARY_PATH=/dev/shm/intertidal-capacity.mEP47j:/home/wici/llama.cpp/build-cuda/bin:/usr/local/cuda/lib64 LLAMA_BENCH_LOGIT_CHECKSUM=1 /home/wici/llama.cpp/build-cuda/bin/llama-bench -m /home/wici/voice-lab/models/gguf/gemma-4-31B-it-Q4_0.gguf -p 512 -n 64 -r 5 -t 8 -b 512 -ub 512 -fa on -ctk f16 -ctv f16 -mmp 1 -o csv --ctx-size 165120 -ot '^blk[.][0-9]+[.](attn_(k|v|q|output)|ffn_(down|gate|up))[.]weight$=CUDA_Hybrid'
ggml_cuda_init: found 1 CUDA devices (Total VRAM: 32109 MiB):
  Device 0: NVIDIA GeForce RTX 5090, compute capability 12.0, VMM: yes, VRAM: 32109 MiB
hybrid_vmm,mode=staging,selection=global_budget,requested_pages=1512,requested_bytes=3170893824,requested_mib=3024.000,gross_pages=1512,gross_bytes=3170893824,gross_mib=3024.000,staging_bytes=109051904,staging_mib=104.000,net_bytes=3061841920,net_mib=2920.000,eligible_pages=7470,selected_tensors=410,layers=60,buffer_bytes=16524435968,local_physical_bytes=13354663936,page_bytes=2097152,buffer_mib=15758.930,remote_mib=3024.000,local_physical_mib=12736.000,net_saved_mib=2920.000,page_mib=2.000
logit_checksum,prompt,2417196da4492390,nonfinite=0
logit_checksum,prompt,0453392d6142afd3,nonfinite=0
logit_checksum,prompt,8c39d6d410e92623,nonfinite=0
logit_checksum,prompt,ce38b3f3a7a05142,nonfinite=0
logit_checksum,prompt,556c3b871bf91e81,nonfinite=0
logit_checksum,prompt,c930f979f7f0aed4,nonfinite=0
build_commit,build_number,cpu_info,gpu_info,backends,model_filename,model_type,model_size,model_n_params,n_batch,n_ubatch,n_threads,cpu_mask,cpu_strict,poll,type_k,type_v,n_gpu_layers,n_cpu_moe,split_mode,main_gpu,no_kv_offload,flash_attn,devices,tensor_split,tensor_buft_overrides,use_mmap,use_direct_io,embeddings,no_op_offload,no_host,fit_target,fit_min_ctx,n_ctx,n_prompt,n_gen,n_depth,test_time,avg_ns,stddev_ns,avg_ts,stddev_ts
"b820cc8","1","Intel(R) Core(TM) Ultra 5 230F","NVIDIA GeForce RTX 5090","CUDA","/home/wici/voice-lab/models/gguf/gemma-4-31B-it-Q4_0.gguf","gemma4 31B Q4_0","17322412272","30697345596","512","512","8","0x0","0","50","f16","f16","-1","0","layer","0","0","1","auto","0.00","^blk[.][0-9]+[.](attn_(k|v|q|output)|ffn_(down|gate|up))[.]weight$=CUDA_Hybrid","1","0","0","0","0","0","0","165120","512","0","0","2026-08-12T09:44:51Z","120481341","1531766","4250.161944","53.215940"
logit_checksum,decode,0c8e93b3ecced1c6,nonfinite=0
logit_checksum,decode,319a6a234bb9ed88,nonfinite=0
logit_checksum,decode,1e95777bddcc71d5,nonfinite=0
logit_checksum,decode,fc3ff68058ffd54e,nonfinite=0
logit_checksum,decode,92560214e2ee8afd,nonfinite=0
"b820cc8","1","Intel(R) Core(TM) Ultra 5 230F","NVIDIA GeForce RTX 5090","CUDA","/home/wici/voice-lab/models/gguf/gemma-4-31B-it-Q4_0.gguf","gemma4 31B Q4_0","17322412272","30697345596","512","512","8","0x0","0","50","f16","f16","-1","0","layer","0","0","1","auto","0.00","^blk[.][0-9]+[.](attn_(k|v|q|output)|ffn_(down|gate|up))[.]weight$=CUDA_Hybrid","1","0","0","0","0","0","0","165120","0","64","0","2026-08-12T09:44:52Z","4171506825","3141158","15.342185","0.011551"
logit_checksum,decode,ea317c3ff2b17152,nonfinite=0
result status=ok pp=4250.161944 tg=15.342185 peak=28818.000MiB
case scheme=intertidal_dma phase=dense ws=31.0GiB ctx=165120 control=pp:18.4
remote command: env -u LD_PRELOAD GGML_CUDA_HYBRID_MODE=staging GGML_CUDA_HYBRID_PAGE_BUDGET=1520 LD_LIBRARY_PATH=/dev/shm/intertidal-capacity.mEP47j:/home/wici/llama.cpp/build-cuda/bin:/usr/local/cuda/lib64 LLAMA_BENCH_LOGIT_CHECKSUM=1 /home/wici/llama.cpp/build-cuda/bin/llama-bench -m /home/wici/voice-lab/models/gguf/gemma-4-31B-it-Q4_0.gguf -p 512 -n 64 -r 5 -t 8 -b 512 -ub 512 -fa on -ctk f16 -ctv f16 -mmp 1 -o csv --ctx-size 165120 -ot '^blk[.][0-9]+[.](attn_(k|v|q|output)|ffn_(down|gate|up))[.]weight$=CUDA_Hybrid'
ggml_cuda_init: found 1 CUDA devices (Total VRAM: 32109 MiB):
  Device 0: NVIDIA GeForce RTX 5090, compute capability 12.0, VMM: yes, VRAM: 32109 MiB
hybrid_vmm,mode=staging,selection=global_budget,requested_pages=1520,requested_bytes=3187671040,requested_mib=3040.000,gross_pages=1520,gross_bytes=3187671040,gross_mib=3040.000,staging_bytes=109051904,staging_mib=104.000,net_bytes=3078619136,net_mib=2936.000,eligible_pages=7470,selected_tensors=410,layers=60,buffer_bytes=16524435968,local_physical_bytes=13337886720,page_bytes=2097152,buffer_mib=15758.930,remote_mib=3040.000,local_physical_mib=12720.000,net_saved_mib=2936.000,page_mib=2.000
logit_checksum,prompt,2417196da4492390,nonfinite=0
logit_checksum,prompt,0453392d6142afd3,nonfinite=0
logit_checksum,prompt,8c39d6d410e92623,nonfinite=0
logit_checksum,prompt,ce38b3f3a7a05142,nonfinite=0
logit_checksum,prompt,556c3b871bf91e81,nonfinite=0
logit_checksum,prompt,c930f979f7f0aed4,nonfinite=0
build_commit,build_number,cpu_info,gpu_info,backends,model_filename,model_type,model_size,model_n_params,n_batch,n_ubatch,n_threads,cpu_mask,cpu_strict,poll,type_k,type_v,n_gpu_layers,n_cpu_moe,split_mode,main_gpu,no_kv_offload,flash_attn,devices,tensor_split,tensor_buft_overrides,use_mmap,use_direct_io,embeddings,no_op_offload,no_host,fit_target,fit_min_ctx,n_ctx,n_prompt,n_gen,n_depth,test_time,avg_ns,stddev_ns,avg_ts,stddev_ts
"b820cc8","1","Intel(R) Core(TM) Ultra 5 230F","NVIDIA GeForce RTX 5090","CUDA","/home/wici/voice-lab/models/gguf/gemma-4-31B-it-Q4_0.gguf","gemma4 31B Q4_0","17322412272","30697345596","512","512","8","0x0","0","50","f16","f16","-1","0","layer","0","0","1","auto","0.00","^blk[.][0-9]+[.](attn_(k|v|q|output)|ffn_(down|gate|up))[.]weight$=CUDA_Hybrid","1","0","0","0","0","0","0","165120","512","0","0","2026-08-12T09:45:17Z","120578689","1530370","4246.728111","53.019646"
logit_checksum,decode,0c8e93b3ecced1c6,nonfinite=0
logit_checksum,decode,319a6a234bb9ed88,nonfinite=0
logit_checksum,decode,1e95777bddcc71d5,nonfinite=0
logit_checksum,decode,fc3ff68058ffd54e,nonfinite=0
logit_checksum,decode,92560214e2ee8afd,nonfinite=0
logit_checksum,decode,ea317c3ff2b17152,nonfinite=0
"b820cc8","1","Intel(R) Core(TM) Ultra 5 230F","NVIDIA GeForce RTX 5090","CUDA","/home/wici/voice-lab/models/gguf/gemma-4-31B-it-Q4_0.gguf","gemma4 31B Q4_0","17322412272","30697345596","512","512","8","0x0","0","50","f16","f16","-1","0","layer","0","0","1","auto","0.00","^blk[.][0-9]+[.](attn_(k|v|q|output)|ffn_(down|gate|up))[.]weight$=CUDA_Hybrid","1","0","0","0","0","0","0","165120","0","64","0","2026-08-12T09:45:18Z","4192710404","3445211","15.264597","0.012552"
result status=ok pp=4246.728111 tg=15.264597 peak=28802.000MiB
case scheme=intertidal_dma phase=dense ws=31.0GiB ctx=165120 control=pp:18.5
remote command: env -u LD_PRELOAD GGML_CUDA_HYBRID_MODE=staging GGML_CUDA_HYBRID_PAGE_BUDGET=1528 LD_LIBRARY_PATH=/dev/shm/intertidal-capacity.mEP47j:/home/wici/llama.cpp/build-cuda/bin:/usr/local/cuda/lib64 LLAMA_BENCH_LOGIT_CHECKSUM=1 /home/wici/llama.cpp/build-cuda/bin/llama-bench -m /home/wici/voice-lab/models/gguf/gemma-4-31B-it-Q4_0.gguf -p 512 -n 64 -r 5 -t 8 -b 512 -ub 512 -fa on -ctk f16 -ctv f16 -mmp 1 -o csv --ctx-size 165120 -ot '^blk[.][0-9]+[.](attn_(k|v|q|output)|ffn_(down|gate|up))[.]weight$=CUDA_Hybrid'
ggml_cuda_init: found 1 CUDA devices (Total VRAM: 32109 MiB):
  Device 0: NVIDIA GeForce RTX 5090, compute capability 12.0, VMM: yes, VRAM: 32109 MiB
hybrid_vmm,mode=staging,selection=global_budget,requested_pages=1528,requested_bytes=3204448256,requested_mib=3056.000,gross_pages=1528,gross_bytes=3204448256,gross_mib=3056.000,staging_bytes=113246208,staging_mib=108.000,net_bytes=3091202048,net_mib=2948.000,eligible_pages=7470,selected_tensors=410,layers=60,buffer_bytes=16524435968,local_physical_bytes=13321109504,page_bytes=2097152,buffer_mib=15758.930,remote_mib=3056.000,local_physical_mib=12704.000,net_saved_mib=2948.000,page_mib=2.000
logit_checksum,prompt,2417196da4492390,nonfinite=0
logit_checksum,prompt,0453392d6142afd3,nonfinite=0
logit_checksum,prompt,8c39d6d410e92623,nonfinite=0
logit_checksum,prompt,ce38b3f3a7a05142,nonfinite=0
logit_checksum,prompt,556c3b871bf91e81,nonfinite=0
build_commit,build_number,cpu_info,gpu_info,backends,model_filename,model_type,model_size,model_n_params,n_batch,n_ubatch,n_threads,cpu_mask,cpu_strict,poll,type_k,type_v,n_gpu_layers,n_cpu_moe,split_mode,main_gpu,no_kv_offload,flash_attn,devices,tensor_split,tensor_buft_overrides,use_mmap,use_direct_io,embeddings,no_op_offload,no_host,fit_target,fit_min_ctx,n_ctx,n_prompt,n_gen,n_depth,test_time,avg_ns,stddev_ns,avg_ts,stddev_ts
logit_checksum,prompt,c930f979f7f0aed4,nonfinite=0
"b820cc8","1","Intel(R) Core(TM) Ultra 5 230F","NVIDIA GeForce RTX 5090","CUDA","/home/wici/voice-lab/models/gguf/gemma-4-31B-it-Q4_0.gguf","gemma4 31B Q4_0","17322412272","30697345596","512","512","8","0x0","0","50","f16","f16","-1","0","layer","0","0","1","auto","0.00","^blk[.][0-9]+[.](attn_(k|v|q|output)|ffn_(down|gate|up))[.]weight$=CUDA_Hybrid","1","0","0","0","0","0","0","165120","512","0","0","2026-08-12T09:45:42Z","120451322","1624725","4251.289073","56.464070"
logit_checksum,decode,0c8e93b3ecced1c6,nonfinite=0
logit_checksum,decode,319a6a234bb9ed88,nonfinite=0
logit_checksum,decode,1e95777bddcc71d5,nonfinite=0
logit_checksum,decode,fc3ff68058ffd54e,nonfinite=0
logit_checksum,decode,92560214e2ee8afd,nonfinite=0
logit_checksum,decode,ea317c3ff2b17152,nonfinite=0
"b820cc8","1","Intel(R) Core(TM) Ultra 5 230F","NVIDIA GeForce RTX 5090","CUDA","/home/wici/voice-lab/models/gguf/gemma-4-31B-it-Q4_0.gguf","gemma4 31B Q4_0","17322412272","30697345596","512","512","8","0x0","0","50","f16","f16","-1","0","layer","0","0","1","auto","0.00","^blk[.][0-9]+[.](attn_(k|v|q|output)|ffn_(down|gate|up))[.]weight$=CUDA_Hybrid","1","0","0","0","0","0","0","165120","0","64","0","2026-08-12T09:45:43Z","4215607000","4784194","15.181696","0.017228"
result status=ok pp=4251.289073 tg=15.181696 peak=28790.000MiB
case scheme=intertidal_dma phase=dense ws=31.0GiB ctx=165120 control=pp:18.6
remote command: env -u LD_PRELOAD GGML_CUDA_HYBRID_MODE=staging GGML_CUDA_HYBRID_PAGE_BUDGET=1536 LD_LIBRARY_PATH=/dev/shm/intertidal-capacity.mEP47j:/home/wici/llama.cpp/build-cuda/bin:/usr/local/cuda/lib64 LLAMA_BENCH_LOGIT_CHECKSUM=1 /home/wici/llama.cpp/build-cuda/bin/llama-bench -m /home/wici/voice-lab/models/gguf/gemma-4-31B-it-Q4_0.gguf -p 512 -n 64 -r 5 -t 8 -b 512 -ub 512 -fa on -ctk f16 -ctv f16 -mmp 1 -o csv --ctx-size 165120 -ot '^blk[.][0-9]+[.](attn_(k|v|q|output)|ffn_(down|gate|up))[.]weight$=CUDA_Hybrid'
ggml_cuda_init: found 1 CUDA devices (Total VRAM: 32109 MiB):
  Device 0: NVIDIA GeForce RTX 5090, compute capability 12.0, VMM: yes, VRAM: 32109 MiB
hybrid_vmm,mode=staging,selection=global_budget,requested_pages=1536,requested_bytes=3221225472,requested_mib=3072.000,gross_pages=1536,gross_bytes=3221225472,gross_mib=3072.000,staging_bytes=113246208,staging_mib=108.000,net_bytes=3107979264,net_mib=2964.000,eligible_pages=7470,selected_tensors=410,layers=60,buffer_bytes=16524435968,local_physical_bytes=13304332288,page_bytes=2097152,buffer_mib=15758.930,remote_mib=3072.000,local_physical_mib=12688.000,net_saved_mib=2964.000,page_mib=2.000
logit_checksum,prompt,2417196da4492390,nonfinite=0
logit_checksum,prompt,0453392d6142afd3,nonfinite=0
logit_checksum,prompt,8c39d6d410e92623,nonfinite=0
logit_checksum,prompt,ce38b3f3a7a05142,nonfinite=0
logit_checksum,prompt,556c3b871bf91e81,nonfinite=0
build_commit,build_number,cpu_info,gpu_info,backends,model_filename,model_type,model_size,model_n_params,n_batch,n_ubatch,n_threads,cpu_mask,cpu_strict,poll,type_k,type_v,n_gpu_layers,n_cpu_moe,split_mode,main_gpu,no_kv_offload,flash_attn,devices,tensor_split,tensor_buft_overrides,use_mmap,use_direct_io,embeddings,no_op_offload,no_host,fit_target,fit_min_ctx,n_ctx,n_prompt,n_gen,n_depth,test_time,avg_ns,stddev_ns,avg_ts,stddev_ts
logit_checksum,prompt,c930f979f7f0aed4,nonfinite=0
"b820cc8","1","Intel(R) Core(TM) Ultra 5 230F","NVIDIA GeForce RTX 5090","CUDA","/home/wici/voice-lab/models/gguf/gemma-4-31B-it-Q4_0.gguf","gemma4 31B Q4_0","17322412272","30697345596","512","512","8","0x0","0","50","f16","f16","-1","0","layer","0","0","1","auto","0.00","^blk[.][0-9]+[.](attn_(k|v|q|output)|ffn_(down|gate|up))[.]weight$=CUDA_Hybrid","1","0","0","0","0","0","0","165120","512","0","0","2026-08-12T09:46:08Z","120850884","1872674","4237.425163","64.467257"
logit_checksum,decode,0c8e93b3ecced1c6,nonfinite=0
logit_checksum,decode,319a6a234bb9ed88,nonfinite=0
logit_checksum,decode,1e95777bddcc71d5,nonfinite=0
logit_checksum,decode,fc3ff68058ffd54e,nonfinite=0
logit_checksum,decode,92560214e2ee8afd,nonfinite=0
"b820cc8","1","Intel(R) Core(TM) Ultra 5 230F","NVIDIA GeForce RTX 5090","CUDA","/home/wici/voice-lab/models/gguf/gemma-4-31B-it-Q4_0.gguf","gemma4 31B Q4_0","17322412272","30697345596","512","512","8","0x0","0","50","f16","f16","-1","0","layer","0","0","1","auto","0.00","^blk[.][0-9]+[.](attn_(k|v|q|output)|ffn_(down|gate|up))[.]weight$=CUDA_Hybrid","1","0","0","0","0","0","0","165120","0","64","0","2026-08-12T09:46:09Z","4236500437","1293178","15.106809","0.004602"
logit_checksum,decode,ea317c3ff2b17152,nonfinite=0
result status=ok pp=4237.425163 tg=15.106809 peak=28774.000MiB
case scheme=intertidal_dma phase=dense ws=31.0GiB ctx=165120 control=pp:18.7
remote command: env -u LD_PRELOAD GGML_CUDA_HYBRID_MODE=staging GGML_CUDA_HYBRID_PAGE_BUDGET=1545 LD_LIBRARY_PATH=/dev/shm/intertidal-capacity.mEP47j:/home/wici/llama.cpp/build-cuda/bin:/usr/local/cuda/lib64 LLAMA_BENCH_LOGIT_CHECKSUM=1 /home/wici/llama.cpp/build-cuda/bin/llama-bench -m /home/wici/voice-lab/models/gguf/gemma-4-31B-it-Q4_0.gguf -p 512 -n 64 -r 5 -t 8 -b 512 -ub 512 -fa on -ctk f16 -ctv f16 -mmp 1 -o csv --ctx-size 165120 -ot '^blk[.][0-9]+[.](attn_(k|v|q|output)|ffn_(down|gate|up))[.]weight$=CUDA_Hybrid'
ggml_cuda_init: found 1 CUDA devices (Total VRAM: 32109 MiB):
  Device 0: NVIDIA GeForce RTX 5090, compute capability 12.0, VMM: yes, VRAM: 32109 MiB
hybrid_vmm,mode=staging,selection=global_budget,requested_pages=1545,requested_bytes=3240099840,requested_mib=3090.000,gross_pages=1545,gross_bytes=3240099840,gross_mib=3090.000,staging_bytes=113246208,staging_mib=108.000,net_bytes=3126853632,net_mib=2982.000,eligible_pages=7470,selected_tensors=410,layers=60,buffer_bytes=16524435968,local_physical_bytes=13285457920,page_bytes=2097152,buffer_mib=15758.930,remote_mib=3090.000,local_physical_mib=12670.000,net_saved_mib=2982.000,page_mib=2.000
logit_checksum,prompt,2417196da4492390,nonfinite=0
logit_checksum,prompt,0453392d6142afd3,nonfinite=0
logit_checksum,prompt,8c39d6d410e92623,nonfinite=0
logit_checksum,prompt,ce38b3f3a7a05142,nonfinite=0
logit_checksum,prompt,556c3b871bf91e81,nonfinite=0
build_commit,build_number,cpu_info,gpu_info,backends,model_filename,model_type,model_size,model_n_params,n_batch,n_ubatch,n_threads,cpu_mask,cpu_strict,poll,type_k,type_v,n_gpu_layers,n_cpu_moe,split_mode,main_gpu,no_kv_offload,flash_attn,devices,tensor_split,tensor_buft_overrides,use_mmap,use_direct_io,embeddings,no_op_offload,no_host,fit_target,fit_min_ctx,n_ctx,n_prompt,n_gen,n_depth,test_time,avg_ns,stddev_ns,avg_ts,stddev_ts
"b820cc8","1","Intel(R) Core(TM) Ultra 5 230F","NVIDIA GeForce RTX 5090","CUDA","/home/wici/voice-lab/models/gguf/gemma-4-31B-it-Q4_0.gguf","gemma4 31B Q4_0","17322412272","30697345596","512","512","8","0x0","0","50","f16","f16","-1","0","layer","0","0","1","auto","0.00","^blk[.][0-9]+[.](attn_(k|v|q|output)|ffn_(down|gate|up))[.]weight$=CUDA_Hybrid","1","0","0","0","0","0","0","165120","512","0","0","2026-08-12T09:46:34Z","120634835","1661365","4244.848441","57.630443"
logit_checksum,prompt,c930f979f7f0aed4,nonfinite=0
logit_checksum,decode,0c8e93b3ecced1c6,nonfinite=0
logit_checksum,decode,319a6a234bb9ed88,nonfinite=0
logit_checksum,decode,1e95777bddcc71d5,nonfinite=0
logit_checksum,decode,fc3ff68058ffd54e,nonfinite=0
logit_checksum,decode,92560214e2ee8afd,nonfinite=0
"b820cc8","1","Intel(R) Core(TM) Ultra 5 230F","NVIDIA GeForce RTX 5090","CUDA","/home/wici/voice-lab/models/gguf/gemma-4-31B-it-Q4_0.gguf","gemma4 31B Q4_0","17322412272","30697345596","512","512","8","0x0","0","50","f16","f16","-1","0","layer","0","0","1","auto","0.00","^blk[.][0-9]+[.](attn_(k|v|q|output)|ffn_(down|gate|up))[.]weight$=CUDA_Hybrid","1","0","0","0","0","0","0","165120","0","64","0","2026-08-12T09:46:35Z","4262181865","4326203","15.015796","0.015254"
logit_checksum,decode,ea317c3ff2b17152,nonfinite=0
result status=ok pp=4244.848441 tg=15.015796 peak=28756.000MiB
case scheme=intertidal_dma phase=dense ws=31.0GiB ctx=165120 control=pp:18.8
remote command: env -u LD_PRELOAD GGML_CUDA_HYBRID_MODE=staging GGML_CUDA_HYBRID_PAGE_BUDGET=1553 LD_LIBRARY_PATH=/dev/shm/intertidal-capacity.mEP47j:/home/wici/llama.cpp/build-cuda/bin:/usr/local/cuda/lib64 LLAMA_BENCH_LOGIT_CHECKSUM=1 /home/wici/llama.cpp/build-cuda/bin/llama-bench -m /home/wici/voice-lab/models/gguf/gemma-4-31B-it-Q4_0.gguf -p 512 -n 64 -r 5 -t 8 -b 512 -ub 512 -fa on -ctk f16 -ctv f16 -mmp 1 -o csv --ctx-size 165120 -ot '^blk[.][0-9]+[.](attn_(k|v|q|output)|ffn_(down|gate|up))[.]weight$=CUDA_Hybrid'
ggml_cuda_init: found 1 CUDA devices (Total VRAM: 32109 MiB):
  Device 0: NVIDIA GeForce RTX 5090, compute capability 12.0, VMM: yes, VRAM: 32109 MiB
hybrid_vmm,mode=staging,selection=global_budget,requested_pages=1553,requested_bytes=3256877056,requested_mib=3106.000,gross_pages=1553,gross_bytes=3256877056,gross_mib=3106.000,staging_bytes=113246208,staging_mib=108.000,net_bytes=3143630848,net_mib=2998.000,eligible_pages=7470,selected_tensors=410,layers=60,buffer_bytes=16524435968,local_physical_bytes=13268680704,page_bytes=2097152,buffer_mib=15758.930,remote_mib=3106.000,local_physical_mib=12654.000,net_saved_mib=2998.000,page_mib=2.000
logit_checksum,prompt,2417196da4492390,nonfinite=0
logit_checksum,prompt,0453392d6142afd3,nonfinite=0
logit_checksum,prompt,8c39d6d410e92623,nonfinite=0
logit_checksum,prompt,ce38b3f3a7a05142,nonfinite=0
logit_checksum,prompt,556c3b871bf91e81,nonfinite=0
build_commit,build_number,cpu_info,gpu_info,backends,model_filename,model_type,model_size,model_n_params,n_batch,n_ubatch,n_threads,cpu_mask,cpu_strict,poll,type_k,type_v,n_gpu_layers,n_cpu_moe,split_mode,main_gpu,no_kv_offload,flash_attn,devices,tensor_split,tensor_buft_overrides,use_mmap,use_direct_io,embeddings,no_op_offload,no_host,fit_target,fit_min_ctx,n_ctx,n_prompt,n_gen,n_depth,test_time,avg_ns,stddev_ns,avg_ts,stddev_ts
"b820cc8","1","Intel(R) Core(TM) Ultra 5 230F","NVIDIA GeForce RTX 5090","CUDA","/home/wici/voice-lab/models/gguf/gemma-4-31B-it-Q4_0.gguf","gemma4 31B Q4_0","17322412272","30697345596","512","512","8","0x0","0","50","f16","f16","-1","0","layer","0","0","1","auto","0.00","^blk[.][0-9]+[.](attn_(k|v|q|output)|ffn_(down|gate|up))[.]weight$=CUDA_Hybrid","1","0","0","0","0","0","0","165120","512","0","0","2026-08-12T09:47:00Z","120615461","2187140","4245.990544","75.509652"
logit_checksum,prompt,c930f979f7f0aed4,nonfinite=0
logit_checksum,decode,0c8e93b3ecced1c6,nonfinite=0
logit_checksum,decode,319a6a234bb9ed88,nonfinite=0
logit_checksum,decode,1e95777bddcc71d5,nonfinite=0
logit_checksum,decode,fc3ff68058ffd54e,nonfinite=0
logit_checksum,decode,92560214e2ee8afd,nonfinite=0
"b820cc8","1","Intel(R) Core(TM) Ultra 5 230F","NVIDIA GeForce RTX 5090","CUDA","/home/wici/voice-lab/models/gguf/gemma-4-31B-it-Q4_0.gguf","gemma4 31B Q4_0","17322412272","30697345596","512","512","8","0x0","0","50","f16","f16","-1","0","layer","0","0","1","auto","0.00","^blk[.][0-9]+[.](attn_(k|v|q|output)|ffn_(down|gate|up))[.]weight$=CUDA_Hybrid","1","0","0","0","0","0","0","165120","0","64","0","2026-08-12T09:47:01Z","4283799803","3954433","14.940017","0.013789"
logit_checksum,decode,ea317c3ff2b17152,nonfinite=0
result status=ok pp=4245.990544 tg=14.940017 peak=28740.000MiB
case scheme=intertidal_dma phase=dense ws=31.0GiB ctx=165120 control=pp:18.9
remote command: env -u LD_PRELOAD GGML_CUDA_HYBRID_MODE=staging GGML_CUDA_HYBRID_PAGE_BUDGET=1561 LD_LIBRARY_PATH=/dev/shm/intertidal-capacity.mEP47j:/home/wici/llama.cpp/build-cuda/bin:/usr/local/cuda/lib64 LLAMA_BENCH_LOGIT_CHECKSUM=1 /home/wici/llama.cpp/build-cuda/bin/llama-bench -m /home/wici/voice-lab/models/gguf/gemma-4-31B-it-Q4_0.gguf -p 512 -n 64 -r 5 -t 8 -b 512 -ub 512 -fa on -ctk f16 -ctv f16 -mmp 1 -o csv --ctx-size 165120 -ot '^blk[.][0-9]+[.](attn_(k|v|q|output)|ffn_(down|gate|up))[.]weight$=CUDA_Hybrid'
ggml_cuda_init: found 1 CUDA devices (Total VRAM: 32109 MiB):
  Device 0: NVIDIA GeForce RTX 5090, compute capability 12.0, VMM: yes, VRAM: 32109 MiB
hybrid_vmm,mode=staging,selection=global_budget,requested_pages=1561,requested_bytes=3273654272,requested_mib=3122.000,gross_pages=1561,gross_bytes=3273654272,gross_mib=3122.000,staging_bytes=113246208,staging_mib=108.000,net_bytes=3160408064,net_mib=3014.000,eligible_pages=7470,selected_tensors=410,layers=60,buffer_bytes=16524435968,local_physical_bytes=13251903488,page_bytes=2097152,buffer_mib=15758.930,remote_mib=3122.000,local_physical_mib=12638.000,net_saved_mib=3014.000,page_mib=2.000
logit_checksum,prompt,2417196da4492390,nonfinite=0
logit_checksum,prompt,0453392d6142afd3,nonfinite=0
logit_checksum,prompt,8c39d6d410e92623,nonfinite=0
logit_checksum,prompt,ce38b3f3a7a05142,nonfinite=0
logit_checksum,prompt,556c3b871bf91e81,nonfinite=0
build_commit,build_number,cpu_info,gpu_info,backends,model_filename,model_type,model_size,model_n_params,n_batch,n_ubatch,n_threads,cpu_mask,cpu_strict,poll,type_k,type_v,n_gpu_layers,n_cpu_moe,split_mode,main_gpu,no_kv_offload,flash_attn,devices,tensor_split,tensor_buft_overrides,use_mmap,use_direct_io,embeddings,no_op_offload,no_host,fit_target,fit_min_ctx,n_ctx,n_prompt,n_gen,n_depth,test_time,avg_ns,stddev_ns,avg_ts,stddev_ts
logit_checksum,prompt,c930f979f7f0aed4,nonfinite=0
"b820cc8","1","Intel(R) Core(TM) Ultra 5 230F","NVIDIA GeForce RTX 5090","CUDA","/home/wici/voice-lab/models/gguf/gemma-4-31B-it-Q4_0.gguf","gemma4 31B Q4_0","17322412272","30697345596","512","512","8","0x0","0","50","f16","f16","-1","0","layer","0","0","1","auto","0.00","^blk[.][0-9]+[.](attn_(k|v|q|output)|ffn_(down|gate|up))[.]weight$=CUDA_Hybrid","1","0","0","0","0","0","0","165120","512","0","0","2026-08-12T09:47:26Z","120635669","1564245","4244.747016","54.263161"
logit_checksum,decode,0c8e93b3ecced1c6,nonfinite=0
logit_checksum,decode,319a6a234bb9ed88,nonfinite=0
logit_checksum,decode,1e95777bddcc71d5,nonfinite=0
logit_checksum,decode,fc3ff68058ffd54e,nonfinite=0
logit_checksum,decode,92560214e2ee8afd,nonfinite=0
"b820cc8","1","Intel(R) Core(TM) Ultra 5 230F","NVIDIA GeForce RTX 5090","CUDA","/home/wici/voice-lab/models/gguf/gemma-4-31B-it-Q4_0.gguf","gemma4 31B Q4_0","17322412272","30697345596","512","512","8","0x0","0","50","f16","f16","-1","0","layer","0","0","1","auto","0.00","^blk[.][0-9]+[.](attn_(k|v|q|output)|ffn_(down|gate|up))[.]weight$=CUDA_Hybrid","1","0","0","0","0","0","0","165120","0","64","0","2026-08-12T09:47:27Z","4305449531","3752198","14.864891","0.012945"
logit_checksum,decode,ea317c3ff2b17152,nonfinite=0
result status=ok pp=4244.747016 tg=14.864891 peak=28724.000MiB
skip intertidal_dma ws=31.0 control=pp:19 status=ok
case scheme=intertidal_dma phase=dense ws=31.0GiB ctx=165120 control=pp:19.1
remote command: env -u LD_PRELOAD GGML_CUDA_HYBRID_MODE=staging GGML_CUDA_HYBRID_PAGE_BUDGET=1578 LD_LIBRARY_PATH=/dev/shm/intertidal-capacity.mEP47j:/home/wici/llama.cpp/build-cuda/bin:/usr/local/cuda/lib64 LLAMA_BENCH_LOGIT_CHECKSUM=1 /home/wici/llama.cpp/build-cuda/bin/llama-bench -m /home/wici/voice-lab/models/gguf/gemma-4-31B-it-Q4_0.gguf -p 512 -n 64 -r 5 -t 8 -b 512 -ub 512 -fa on -ctk f16 -ctv f16 -mmp 1 -o csv --ctx-size 165120 -ot '^blk[.][0-9]+[.](attn_(k|v|q|output)|ffn_(down|gate|up))[.]weight$=CUDA_Hybrid'
ggml_cuda_init: found 1 CUDA devices (Total VRAM: 32109 MiB):
  Device 0: NVIDIA GeForce RTX 5090, compute capability 12.0, VMM: yes, VRAM: 32109 MiB
hybrid_vmm,mode=staging,selection=global_budget,requested_pages=1578,requested_bytes=3309305856,requested_mib=3156.000,gross_pages=1578,gross_bytes=3309305856,gross_mib=3156.000,staging_bytes=117440512,staging_mib=112.000,net_bytes=3191865344,net_mib=3044.000,eligible_pages=7470,selected_tensors=410,layers=60,buffer_bytes=16524435968,local_physical_bytes=13216251904,page_bytes=2097152,buffer_mib=15758.930,remote_mib=3156.000,local_physical_mib=12604.000,net_saved_mib=3044.000,page_mib=2.000
logit_checksum,prompt,2417196da4492390,nonfinite=0
logit_checksum,prompt,0453392d6142afd3,nonfinite=0
logit_checksum,prompt,8c39d6d410e92623,nonfinite=0
logit_checksum,prompt,ce38b3f3a7a05142,nonfinite=0
logit_checksum,prompt,556c3b871bf91e81,nonfinite=0
logit_checksum,prompt,c930f979f7f0aed4,nonfinite=0
build_commit,build_number,cpu_info,gpu_info,backends,model_filename,model_type,model_size,model_n_params,n_batch,n_ubatch,n_threads,cpu_mask,cpu_strict,poll,type_k,type_v,n_gpu_layers,n_cpu_moe,split_mode,main_gpu,no_kv_offload,flash_attn,devices,tensor_split,tensor_buft_overrides,use_mmap,use_direct_io,embeddings,no_op_offload,no_host,fit_target,fit_min_ctx,n_ctx,n_prompt,n_gen,n_depth,test_time,avg_ns,stddev_ns,avg_ts,stddev_ts
"b820cc8","1","Intel(R) Core(TM) Ultra 5 230F","NVIDIA GeForce RTX 5090","CUDA","/home/wici/voice-lab/models/gguf/gemma-4-31B-it-Q4_0.gguf","gemma4 31B Q4_0","17322412272","30697345596","512","512","8","0x0","0","50","f16","f16","-1","0","layer","0","0","1","auto","0.00","^blk[.][0-9]+[.](attn_(k|v|q|output)|ffn_(down|gate|up))[.]weight$=CUDA_Hybrid","1","0","0","0","0","0","0","165120","512","0","0","2026-08-12T09:47:53Z","120627215","1629948","4245.092592","56.523440"
logit_checksum,decode,0c8e93b3ecced1c6,nonfinite=0
logit_checksum,decode,319a6a234bb9ed88,nonfinite=0
logit_checksum,decode,1e95777bddcc71d5,nonfinite=0
logit_checksum,decode,fc3ff68058ffd54e,nonfinite=0
logit_checksum,decode,92560214e2ee8afd,nonfinite=0
"b820cc8","1","Intel(R) Core(TM) Ultra 5 230F","NVIDIA GeForce RTX 5090","CUDA","/home/wici/voice-lab/models/gguf/gemma-4-31B-it-Q4_0.gguf","gemma4 31B Q4_0","17322412272","30697345596","512","512","8","0x0","0","50","f16","f16","-1","0","layer","0","0","1","auto","0.00","^blk[.][0-9]+[.](attn_(k|v|q|output)|ffn_(down|gate|up))[.]weight$=CUDA_Hybrid","1","0","0","0","0","0","0","165120","0","64","0","2026-08-12T09:47:53Z","4356756865","5393040","14.689844","0.018168"
logit_checksum,decode,ea317c3ff2b17152,nonfinite=0
result status=ok pp=4245.092592 tg=14.689844 peak=28694.000MiB
case scheme=intertidal_dma phase=dense ws=31.0GiB ctx=165120 control=pp:19.2
remote command: env -u LD_PRELOAD GGML_CUDA_HYBRID_MODE=staging GGML_CUDA_HYBRID_PAGE_BUDGET=1586 LD_LIBRARY_PATH=/dev/shm/intertidal-capacity.mEP47j:/home/wici/llama.cpp/build-cuda/bin:/usr/local/cuda/lib64 LLAMA_BENCH_LOGIT_CHECKSUM=1 /home/wici/llama.cpp/build-cuda/bin/llama-bench -m /home/wici/voice-lab/models/gguf/gemma-4-31B-it-Q4_0.gguf -p 512 -n 64 -r 5 -t 8 -b 512 -ub 512 -fa on -ctk f16 -ctv f16 -mmp 1 -o csv --ctx-size 165120 -ot '^blk[.][0-9]+[.](attn_(k|v|q|output)|ffn_(down|gate|up))[.]weight$=CUDA_Hybrid'
ggml_cuda_init: found 1 CUDA devices (Total VRAM: 32109 MiB):
  Device 0: NVIDIA GeForce RTX 5090, compute capability 12.0, VMM: yes, VRAM: 32109 MiB
hybrid_vmm,mode=staging,selection=global_budget,requested_pages=1586,requested_bytes=3326083072,requested_mib=3172.000,gross_pages=1586,gross_bytes=3326083072,gross_mib=3172.000,staging_bytes=117440512,staging_mib=112.000,net_bytes=3208642560,net_mib=3060.000,eligible_pages=7470,selected_tensors=410,layers=60,buffer_bytes=16524435968,local_physical_bytes=13199474688,page_bytes=2097152,buffer_mib=15758.930,remote_mib=3172.000,local_physical_mib=12588.000,net_saved_mib=3060.000,page_mib=2.000
logit_checksum,prompt,2417196da4492390,nonfinite=0
logit_checksum,prompt,0453392d6142afd3,nonfinite=0
logit_checksum,prompt,8c39d6d410e92623,nonfinite=0
logit_checksum,prompt,ce38b3f3a7a05142,nonfinite=0
logit_checksum,prompt,556c3b871bf91e81,nonfinite=0
logit_checksum,prompt,c930f979f7f0aed4,nonfinite=0
build_commit,build_number,cpu_info,gpu_info,backends,model_filename,model_type,model_size,model_n_params,n_batch,n_ubatch,n_threads,cpu_mask,cpu_strict,poll,type_k,type_v,n_gpu_layers,n_cpu_moe,split_mode,main_gpu,no_kv_offload,flash_attn,devices,tensor_split,tensor_buft_overrides,use_mmap,use_direct_io,embeddings,no_op_offload,no_host,fit_target,fit_min_ctx,n_ctx,n_prompt,n_gen,n_depth,test_time,avg_ns,stddev_ns,avg_ts,stddev_ts
"b820cc8","1","Intel(R) Core(TM) Ultra 5 230F","NVIDIA GeForce RTX 5090","CUDA","/home/wici/voice-lab/models/gguf/gemma-4-31B-it-Q4_0.gguf","gemma4 31B Q4_0","17322412272","30697345596","512","512","8","0x0","0","50","f16","f16","-1","0","layer","0","0","1","auto","0.00","^blk[.][0-9]+[.](attn_(k|v|q|output)|ffn_(down|gate|up))[.]weight$=CUDA_Hybrid","1","0","0","0","0","0","0","165120","512","0","0","2026-08-12T09:48:19Z","120690585","1970399","4243.141278","68.013383"
logit_checksum,decode,0c8e93b3ecced1c6,nonfinite=0
logit_checksum,decode,319a6a234bb9ed88,nonfinite=0
logit_checksum,decode,1e95777bddcc71d5,nonfinite=0
logit_checksum,decode,fc3ff68058ffd54e,nonfinite=0
logit_checksum,decode,92560214e2ee8afd,nonfinite=0
logit_checksum,decode,ea317c3ff2b17152,nonfinite=0
"b820cc8","1","Intel(R) Core(TM) Ultra 5 230F","NVIDIA GeForce RTX 5090","CUDA","/home/wici/voice-lab/models/gguf/gemma-4-31B-it-Q4_0.gguf","gemma4 31B Q4_0","17322412272","30697345596","512","512","8","0x0","0","50","f16","f16","-1","0","layer","0","0","1","auto","0.00","^blk[.][0-9]+[.](attn_(k|v|q|output)|ffn_(down|gate|up))[.]weight$=CUDA_Hybrid","1","0","0","0","0","0","0","165120","0","64","0","2026-08-12T09:48:20Z","4371950838","5354259","14.638792","0.017926"
result status=ok pp=4243.141278 tg=14.638792 peak=28678.000MiB
case scheme=intertidal_dma phase=dense ws=31.0GiB ctx=165120 control=pp:19.3
remote command: env -u LD_PRELOAD GGML_CUDA_HYBRID_MODE=staging GGML_CUDA_HYBRID_PAGE_BUDGET=1594 LD_LIBRARY_PATH=/dev/shm/intertidal-capacity.mEP47j:/home/wici/llama.cpp/build-cuda/bin:/usr/local/cuda/lib64 LLAMA_BENCH_LOGIT_CHECKSUM=1 /home/wici/llama.cpp/build-cuda/bin/llama-bench -m /home/wici/voice-lab/models/gguf/gemma-4-31B-it-Q4_0.gguf -p 512 -n 64 -r 5 -t 8 -b 512 -ub 512 -fa on -ctk f16 -ctv f16 -mmp 1 -o csv --ctx-size 165120 -ot '^blk[.][0-9]+[.](attn_(k|v|q|output)|ffn_(down|gate|up))[.]weight$=CUDA_Hybrid'
ggml_cuda_init: found 1 CUDA devices (Total VRAM: 32109 MiB):
  Device 0: NVIDIA GeForce RTX 5090, compute capability 12.0, VMM: yes, VRAM: 32109 MiB
hybrid_vmm,mode=staging,selection=global_budget,requested_pages=1594,requested_bytes=3342860288,requested_mib=3188.000,gross_pages=1594,gross_bytes=3342860288,gross_mib=3188.000,staging_bytes=117440512,staging_mib=112.000,net_bytes=3225419776,net_mib=3076.000,eligible_pages=7470,selected_tensors=410,layers=60,buffer_bytes=16524435968,local_physical_bytes=13182697472,page_bytes=2097152,buffer_mib=15758.930,remote_mib=3188.000,local_physical_mib=12572.000,net_saved_mib=3076.000,page_mib=2.000
logit_checksum,prompt,2417196da4492390,nonfinite=0
logit_checksum,prompt,0453392d6142afd3,nonfinite=0
logit_checksum,prompt,8c39d6d410e92623,nonfinite=0
logit_checksum,prompt,ce38b3f3a7a05142,nonfinite=0
logit_checksum,prompt,556c3b871bf91e81,nonfinite=0
logit_checksum,prompt,c930f979f7f0aed4,nonfinite=0
build_commit,build_number,cpu_info,gpu_info,backends,model_filename,model_type,model_size,model_n_params,n_batch,n_ubatch,n_threads,cpu_mask,cpu_strict,poll,type_k,type_v,n_gpu_layers,n_cpu_moe,split_mode,main_gpu,no_kv_offload,flash_attn,devices,tensor_split,tensor_buft_overrides,use_mmap,use_direct_io,embeddings,no_op_offload,no_host,fit_target,fit_min_ctx,n_ctx,n_prompt,n_gen,n_depth,test_time,avg_ns,stddev_ns,avg_ts,stddev_ts
"b820cc8","1","Intel(R) Core(TM) Ultra 5 230F","NVIDIA GeForce RTX 5090","CUDA","/home/wici/voice-lab/models/gguf/gemma-4-31B-it-Q4_0.gguf","gemma4 31B Q4_0","17322412272","30697345596","512","512","8","0x0","0","50","f16","f16","-1","0","layer","0","0","1","auto","0.00","^blk[.][0-9]+[.](attn_(k|v|q|output)|ffn_(down|gate|up))[.]weight$=CUDA_Hybrid","1","0","0","0","0","0","0","165120","512","0","0","2026-08-12T09:48:46Z","120681062","1996309","4243.499802","68.923780"
logit_checksum,decode,0c8e93b3ecced1c6,nonfinite=0
logit_checksum,decode,319a6a234bb9ed88,nonfinite=0
logit_checksum,decode,1e95777bddcc71d5,nonfinite=0
logit_checksum,decode,fc3ff68058ffd54e,nonfinite=0
logit_checksum,decode,92560214e2ee8afd,nonfinite=0
"b820cc8","1","Intel(R) Core(TM) Ultra 5 230F","NVIDIA GeForce RTX 5090","CUDA","/home/wici/voice-lab/models/gguf/gemma-4-31B-it-Q4_0.gguf","gemma4 31B Q4_0","17322412272","30697345596","512","512","8","0x0","0","50","f16","f16","-1","0","layer","0","0","1","auto","0.00","^blk[.][0-9]+[.](attn_(k|v|q|output)|ffn_(down|gate|up))[.]weight$=CUDA_Hybrid","1","0","0","0","0","0","0","165120","0","64","0","2026-08-12T09:48:46Z","4398862668","2383853","14.549219","0.007877"
logit_checksum,decode,ea317c3ff2b17152,nonfinite=0
result status=ok pp=4243.499802 tg=14.549219 peak=28662.000MiB
case scheme=intertidal_dma phase=dense ws=31.0GiB ctx=165120 control=pp:19.4
remote command: env -u LD_PRELOAD GGML_CUDA_HYBRID_MODE=staging GGML_CUDA_HYBRID_PAGE_BUDGET=1602 LD_LIBRARY_PATH=/dev/shm/intertidal-capacity.mEP47j:/home/wici/llama.cpp/build-cuda/bin:/usr/local/cuda/lib64 LLAMA_BENCH_LOGIT_CHECKSUM=1 /home/wici/llama.cpp/build-cuda/bin/llama-bench -m /home/wici/voice-lab/models/gguf/gemma-4-31B-it-Q4_0.gguf -p 512 -n 64 -r 5 -t 8 -b 512 -ub 512 -fa on -ctk f16 -ctv f16 -mmp 1 -o csv --ctx-size 165120 -ot '^blk[.][0-9]+[.](attn_(k|v|q|output)|ffn_(down|gate|up))[.]weight$=CUDA_Hybrid'
ggml_cuda_init: found 1 CUDA devices (Total VRAM: 32109 MiB):
  Device 0: NVIDIA GeForce RTX 5090, compute capability 12.0, VMM: yes, VRAM: 32109 MiB
hybrid_vmm,mode=staging,selection=global_budget,requested_pages=1602,requested_bytes=3359637504,requested_mib=3204.000,gross_pages=1602,gross_bytes=3359637504,gross_mib=3204.000,staging_bytes=117440512,staging_mib=112.000,net_bytes=3242196992,net_mib=3092.000,eligible_pages=7470,selected_tensors=410,layers=60,buffer_bytes=16524435968,local_physical_bytes=13165920256,page_bytes=2097152,buffer_mib=15758.930,remote_mib=3204.000,local_physical_mib=12556.000,net_saved_mib=3092.000,page_mib=2.000
logit_checksum,prompt,2417196da4492390,nonfinite=0
logit_checksum,prompt,0453392d6142afd3,nonfinite=0
logit_checksum,prompt,8c39d6d410e92623,nonfinite=0
logit_checksum,prompt,ce38b3f3a7a05142,nonfinite=0
logit_checksum,prompt,556c3b871bf91e81,nonfinite=0
logit_checksum,prompt,c930f979f7f0aed4,nonfinite=0
build_commit,build_number,cpu_info,gpu_info,backends,model_filename,model_type,model_size,model_n_params,n_batch,n_ubatch,n_threads,cpu_mask,cpu_strict,poll,type_k,type_v,n_gpu_layers,n_cpu_moe,split_mode,main_gpu,no_kv_offload,flash_attn,devices,tensor_split,tensor_buft_overrides,use_mmap,use_direct_io,embeddings,no_op_offload,no_host,fit_target,fit_min_ctx,n_ctx,n_prompt,n_gen,n_depth,test_time,avg_ns,stddev_ns,avg_ts,stddev_ts
"b820cc8","1","Intel(R) Core(TM) Ultra 5 230F","NVIDIA GeForce RTX 5090","CUDA","/home/wici/voice-lab/models/gguf/gemma-4-31B-it-Q4_0.gguf","gemma4 31B Q4_0","17322412272","30697345596","512","512","8","0x0","0","50","f16","f16","-1","0","layer","0","0","1","auto","0.00","^blk[.][0-9]+[.](attn_(k|v|q|output)|ffn_(down|gate|up))[.]weight$=CUDA_Hybrid","1","0","0","0","0","0","0","165120","512","0","0","2026-08-12T09:49:13Z","120587257","2084702","4246.883784","71.996717"
logit_checksum,decode,0c8e93b3ecced1c6,nonfinite=0
logit_checksum,decode,319a6a234bb9ed88,nonfinite=0
logit_checksum,decode,1e95777bddcc71d5,nonfinite=0
logit_checksum,decode,fc3ff68058ffd54e,nonfinite=0
logit_checksum,decode,92560214e2ee8afd,nonfinite=0
logit_checksum,decode,ea317c3ff2b17152,nonfinite=0
"b820cc8","1","Intel(R) Core(TM) Ultra 5 230F","NVIDIA GeForce RTX 5090","CUDA","/home/wici/voice-lab/models/gguf/gemma-4-31B-it-Q4_0.gguf","gemma4 31B Q4_0","17322412272","30697345596","512","512","8","0x0","0","50","f16","f16","-1","0","layer","0","0","1","auto","0.00","^blk[.][0-9]+[.](attn_(k|v|q|output)|ffn_(down|gate|up))[.]weight$=CUDA_Hybrid","1","0","0","0","0","0","0","165120","0","64","0","2026-08-12T09:49:14Z","4422474942","4635867","14.471548","0.015189"
result status=ok pp=4246.883784 tg=14.471548 peak=28646.000MiB
case scheme=intertidal_dma phase=dense ws=31.0GiB ctx=165120 control=pp:19.5
remote command: env -u LD_PRELOAD GGML_CUDA_HYBRID_MODE=staging GGML_CUDA_HYBRID_PAGE_BUDGET=1611 LD_LIBRARY_PATH=/dev/shm/intertidal-capacity.mEP47j:/home/wici/llama.cpp/build-cuda/bin:/usr/local/cuda/lib64 LLAMA_BENCH_LOGIT_CHECKSUM=1 /home/wici/llama.cpp/build-cuda/bin/llama-bench -m /home/wici/voice-lab/models/gguf/gemma-4-31B-it-Q4_0.gguf -p 512 -n 64 -r 5 -t 8 -b 512 -ub 512 -fa on -ctk f16 -ctv f16 -mmp 1 -o csv --ctx-size 165120 -ot '^blk[.][0-9]+[.](attn_(k|v|q|output)|ffn_(down|gate|up))[.]weight$=CUDA_Hybrid'
ggml_cuda_init: found 1 CUDA devices (Total VRAM: 32109 MiB):
  Device 0: NVIDIA GeForce RTX 5090, compute capability 12.0, VMM: yes, VRAM: 32109 MiB
hybrid_vmm,mode=staging,selection=global_budget,requested_pages=1611,requested_bytes=3378511872,requested_mib=3222.000,gross_pages=1611,gross_bytes=3378511872,gross_mib=3222.000,staging_bytes=117440512,staging_mib=112.000,net_bytes=3261071360,net_mib=3110.000,eligible_pages=7470,selected_tensors=410,layers=60,buffer_bytes=16524435968,local_physical_bytes=13147045888,page_bytes=2097152,buffer_mib=15758.930,remote_mib=3222.000,local_physical_mib=12538.000,net_saved_mib=3110.000,page_mib=2.000
logit_checksum,prompt,2417196da4492390,nonfinite=0
logit_checksum,prompt,0453392d6142afd3,nonfinite=0
logit_checksum,prompt,8c39d6d410e92623,nonfinite=0
logit_checksum,prompt,ce38b3f3a7a05142,nonfinite=0
logit_checksum,prompt,556c3b871bf91e81,nonfinite=0
build_commit,build_number,cpu_info,gpu_info,backends,model_filename,model_type,model_size,model_n_params,n_batch,n_ubatch,n_threads,cpu_mask,cpu_strict,poll,type_k,type_v,n_gpu_layers,n_cpu_moe,split_mode,main_gpu,no_kv_offload,flash_attn,devices,tensor_split,tensor_buft_overrides,use_mmap,use_direct_io,embeddings,no_op_offload,no_host,fit_target,fit_min_ctx,n_ctx,n_prompt,n_gen,n_depth,test_time,avg_ns,stddev_ns,avg_ts,stddev_ts
"b820cc8","1","Intel(R) Core(TM) Ultra 5 230F","NVIDIA GeForce RTX 5090","CUDA","/home/wici/voice-lab/models/gguf/gemma-4-31B-it-Q4_0.gguf","gemma4 31B Q4_0","17322412272","30697345596","512","512","8","0x0","0","50","f16","f16","-1","0","layer","0","0","1","auto","0.00","^blk[.][0-9]+[.](attn_(k|v|q|output)|ffn_(down|gate|up))[.]weight$=CUDA_Hybrid","1","0","0","0","0","0","0","165120","512","0","0","2026-08-12T09:49:40Z","120507588","1803615","4249.443659","62.520359"
logit_checksum,prompt,c930f979f7f0aed4,nonfinite=0
logit_checksum,decode,0c8e93b3ecced1c6,nonfinite=0
logit_checksum,decode,319a6a234bb9ed88,nonfinite=0
logit_checksum,decode,1e95777bddcc71d5,nonfinite=0
logit_checksum,decode,fc3ff68058ffd54e,nonfinite=0
logit_checksum,decode,92560214e2ee8afd,nonfinite=0
logit_checksum,decode,ea317c3ff2b17152,nonfinite=0
"b820cc8","1","Intel(R) Core(TM) Ultra 5 230F","NVIDIA GeForce RTX 5090","CUDA","/home/wici/voice-lab/models/gguf/gemma-4-31B-it-Q4_0.gguf","gemma4 31B Q4_0","17322412272","30697345596","512","512","8","0x0","0","50","f16","f16","-1","0","layer","0","0","1","auto","0.00","^blk[.][0-9]+[.](attn_(k|v|q|output)|ffn_(down|gate|up))[.]weight$=CUDA_Hybrid","1","0","0","0","0","0","0","165120","0","64","0","2026-08-12T09:49:40Z","4445686443","3057250","14.395982","0.009893"
result status=ok pp=4249.443659 tg=14.395982 peak=28628.000MiB
case scheme=intertidal_dma phase=dense ws=31.0GiB ctx=165120 control=pp:19.6
remote command: env -u LD_PRELOAD GGML_CUDA_HYBRID_MODE=staging GGML_CUDA_HYBRID_PAGE_BUDGET=1619 LD_LIBRARY_PATH=/dev/shm/intertidal-capacity.mEP47j:/home/wici/llama.cpp/build-cuda/bin:/usr/local/cuda/lib64 LLAMA_BENCH_LOGIT_CHECKSUM=1 /home/wici/llama.cpp/build-cuda/bin/llama-bench -m /home/wici/voice-lab/models/gguf/gemma-4-31B-it-Q4_0.gguf -p 512 -n 64 -r 5 -t 8 -b 512 -ub 512 -fa on -ctk f16 -ctv f16 -mmp 1 -o csv --ctx-size 165120 -ot '^blk[.][0-9]+[.](attn_(k|v|q|output)|ffn_(down|gate|up))[.]weight$=CUDA_Hybrid'
ggml_cuda_init: found 1 CUDA devices (Total VRAM: 32109 MiB):
  Device 0: NVIDIA GeForce RTX 5090, compute capability 12.0, VMM: yes, VRAM: 32109 MiB
hybrid_vmm,mode=staging,selection=global_budget,requested_pages=1619,requested_bytes=3395289088,requested_mib=3238.000,gross_pages=1619,gross_bytes=3395289088,gross_mib=3238.000,staging_bytes=117440512,staging_mib=112.000,net_bytes=3277848576,net_mib=3126.000,eligible_pages=7470,selected_tensors=410,layers=60,buffer_bytes=16524435968,local_physical_bytes=13130268672,page_bytes=2097152,buffer_mib=15758.930,remote_mib=3238.000,local_physical_mib=12522.000,net_saved_mib=3126.000,page_mib=2.000
logit_checksum,prompt,2417196da4492390,nonfinite=0
logit_checksum,prompt,0453392d6142afd3,nonfinite=0
logit_checksum,prompt,8c39d6d410e92623,nonfinite=0
logit_checksum,prompt,ce38b3f3a7a05142,nonfinite=0
logit_checksum,prompt,556c3b871bf91e81,nonfinite=0
build_commit,build_number,cpu_info,gpu_info,backends,model_filename,model_type,model_size,model_n_params,n_batch,n_ubatch,n_threads,cpu_mask,cpu_strict,poll,type_k,type_v,n_gpu_layers,n_cpu_moe,split_mode,main_gpu,no_kv_offload,flash_attn,devices,tensor_split,tensor_buft_overrides,use_mmap,use_direct_io,embeddings,no_op_offload,no_host,fit_target,fit_min_ctx,n_ctx,n_prompt,n_gen,n_depth,test_time,avg_ns,stddev_ns,avg_ts,stddev_ts
"b820cc8","1","Intel(R) Core(TM) Ultra 5 230F","NVIDIA GeForce RTX 5090","CUDA","/home/wici/voice-lab/models/gguf/gemma-4-31B-it-Q4_0.gguf","gemma4 31B Q4_0","17322412272","30697345596","512","512","8","0x0","0","50","f16","f16","-1","0","layer","0","0","1","auto","0.00","^blk[.][0-9]+[.](attn_(k|v|q|output)|ffn_(down|gate|up))[.]weight$=CUDA_Hybrid","1","0","0","0","0","0","0","165120","512","0","0","2026-08-12T09:50:06Z","120588970","1989433","4246.736326","68.845164"
logit_checksum,prompt,c930f979f7f0aed4,nonfinite=0
logit_checksum,decode,0c8e93b3ecced1c6,nonfinite=0
logit_checksum,decode,319a6a234bb9ed88,nonfinite=0
logit_checksum,decode,1e95777bddcc71d5,nonfinite=0
logit_checksum,decode,fc3ff68058ffd54e,nonfinite=0
logit_checksum,decode,92560214e2ee8afd,nonfinite=0
logit_checksum,decode,ea317c3ff2b17152,nonfinite=0
"b820cc8","1","Intel(R) Core(TM) Ultra 5 230F","NVIDIA GeForce RTX 5090","CUDA","/home/wici/voice-lab/models/gguf/gemma-4-31B-it-Q4_0.gguf","gemma4 31B Q4_0","17322412272","30697345596","512","512","8","0x0","0","50","f16","f16","-1","0","layer","0","0","1","auto","0.00","^blk[.][0-9]+[.](attn_(k|v|q|output)|ffn_(down|gate|up))[.]weight$=CUDA_Hybrid","1","0","0","0","0","0","0","165120","0","64","0","2026-08-12T09:50:07Z","4464651476","3657997","14.334833","0.011751"
result status=ok pp=4246.736326 tg=14.334833 peak=28612.000MiB
case scheme=intertidal_dma phase=dense ws=31.0GiB ctx=165120 control=pp:19.7
remote command: env -u LD_PRELOAD GGML_CUDA_HYBRID_MODE=staging GGML_CUDA_HYBRID_PAGE_BUDGET=1627 LD_LIBRARY_PATH=/dev/shm/intertidal-capacity.mEP47j:/home/wici/llama.cpp/build-cuda/bin:/usr/local/cuda/lib64 LLAMA_BENCH_LOGIT_CHECKSUM=1 /home/wici/llama.cpp/build-cuda/bin/llama-bench -m /home/wici/voice-lab/models/gguf/gemma-4-31B-it-Q4_0.gguf -p 512 -n 64 -r 5 -t 8 -b 512 -ub 512 -fa on -ctk f16 -ctv f16 -mmp 1 -o csv --ctx-size 165120 -ot '^blk[.][0-9]+[.](attn_(k|v|q|output)|ffn_(down|gate|up))[.]weight$=CUDA_Hybrid'
ggml_cuda_init: found 1 CUDA devices (Total VRAM: 32109 MiB):
  Device 0: NVIDIA GeForce RTX 5090, compute capability 12.0, VMM: yes, VRAM: 32109 MiB
hybrid_vmm,mode=staging,selection=global_budget,requested_pages=1627,requested_bytes=3412066304,requested_mib=3254.000,gross_pages=1627,gross_bytes=3412066304,gross_mib=3254.000,staging_bytes=121634816,staging_mib=116.000,net_bytes=3290431488,net_mib=3138.000,eligible_pages=7470,selected_tensors=410,layers=60,buffer_bytes=16524435968,local_physical_bytes=13113491456,page_bytes=2097152,buffer_mib=15758.930,remote_mib=3254.000,local_physical_mib=12506.000,net_saved_mib=3138.000,page_mib=2.000
logit_checksum,prompt,2417196da4492390,nonfinite=0
logit_checksum,prompt,0453392d6142afd3,nonfinite=0
logit_checksum,prompt,8c39d6d410e92623,nonfinite=0
logit_checksum,prompt,ce38b3f3a7a05142,nonfinite=0
logit_checksum,prompt,556c3b871bf91e81,nonfinite=0
logit_checksum,prompt,c930f979f7f0aed4,nonfinite=0
build_commit,build_number,cpu_info,gpu_info,backends,model_filename,model_type,model_size,model_n_params,n_batch,n_ubatch,n_threads,cpu_mask,cpu_strict,poll,type_k,type_v,n_gpu_layers,n_cpu_moe,split_mode,main_gpu,no_kv_offload,flash_attn,devices,tensor_split,tensor_buft_overrides,use_mmap,use_direct_io,embeddings,no_op_offload,no_host,fit_target,fit_min_ctx,n_ctx,n_prompt,n_gen,n_depth,test_time,avg_ns,stddev_ns,avg_ts,stddev_ts
"b820cc8","1","Intel(R) Core(TM) Ultra 5 230F","NVIDIA GeForce RTX 5090","CUDA","/home/wici/voice-lab/models/gguf/gemma-4-31B-it-Q4_0.gguf","gemma4 31B Q4_0","17322412272","30697345596","512","512","8","0x0","0","50","f16","f16","-1","0","layer","0","0","1","auto","0.00","^blk[.][0-9]+[.](attn_(k|v|q|output)|ffn_(down|gate|up))[.]weight$=CUDA_Hybrid","1","0","0","0","0","0","0","165120","512","0","0","2026-08-12T09:50:34Z","120553142","1927522","4247.944289","66.821627"
logit_checksum,decode,0c8e93b3ecced1c6,nonfinite=0
logit_checksum,decode,319a6a234bb9ed88,nonfinite=0
logit_checksum,decode,1e95777bddcc71d5,nonfinite=0
logit_checksum,decode,fc3ff68058ffd54e,nonfinite=0
logit_checksum,decode,92560214e2ee8afd,nonfinite=0
logit_checksum,decode,ea317c3ff2b17152,nonfinite=0
"b820cc8","1","Intel(R) Core(TM) Ultra 5 230F","NVIDIA GeForce RTX 5090","CUDA","/home/wici/voice-lab/models/gguf/gemma-4-31B-it-Q4_0.gguf","gemma4 31B Q4_0","17322412272","30697345596","512","512","8","0x0","0","50","f16","f16","-1","0","layer","0","0","1","auto","0.00","^blk[.][0-9]+[.](attn_(k|v|q|output)|ffn_(down|gate|up))[.]weight$=CUDA_Hybrid","1","0","0","0","0","0","0","165120","0","64","0","2026-08-12T09:50:35Z","4487715211","4999365","14.261169","0.015889"
result status=ok pp=4247.944289 tg=14.261169 peak=28600.000MiB
case scheme=intertidal_dma phase=dense ws=31.0GiB ctx=165120 control=pp:19.8
remote command: env -u LD_PRELOAD GGML_CUDA_HYBRID_MODE=staging GGML_CUDA_HYBRID_PAGE_BUDGET=1635 LD_LIBRARY_PATH=/dev/shm/intertidal-capacity.mEP47j:/home/wici/llama.cpp/build-cuda/bin:/usr/local/cuda/lib64 LLAMA_BENCH_LOGIT_CHECKSUM=1 /home/wici/llama.cpp/build-cuda/bin/llama-bench -m /home/wici/voice-lab/models/gguf/gemma-4-31B-it-Q4_0.gguf -p 512 -n 64 -r 5 -t 8 -b 512 -ub 512 -fa on -ctk f16 -ctv f16 -mmp 1 -o csv --ctx-size 165120 -ot '^blk[.][0-9]+[.](attn_(k|v|q|output)|ffn_(down|gate|up))[.]weight$=CUDA_Hybrid'
ggml_cuda_init: found 1 CUDA devices (Total VRAM: 32109 MiB):
  Device 0: NVIDIA GeForce RTX 5090, compute capability 12.0, VMM: yes, VRAM: 32109 MiB
hybrid_vmm,mode=staging,selection=global_budget,requested_pages=1635,requested_bytes=3428843520,requested_mib=3270.000,gross_pages=1635,gross_bytes=3428843520,gross_mib=3270.000,staging_bytes=121634816,staging_mib=116.000,net_bytes=3307208704,net_mib=3154.000,eligible_pages=7470,selected_tensors=410,layers=60,buffer_bytes=16524435968,local_physical_bytes=13096714240,page_bytes=2097152,buffer_mib=15758.930,remote_mib=3270.000,local_physical_mib=12490.000,net_saved_mib=3154.000,page_mib=2.000
logit_checksum,prompt,2417196da4492390,nonfinite=0
logit_checksum,prompt,0453392d6142afd3,nonfinite=0
logit_checksum,prompt,8c39d6d410e92623,nonfinite=0
logit_checksum,prompt,ce38b3f3a7a05142,nonfinite=0
logit_checksum,prompt,556c3b871bf91e81,nonfinite=0
logit_checksum,prompt,c930f979f7f0aed4,nonfinite=0
build_commit,build_number,cpu_info,gpu_info,backends,model_filename,model_type,model_size,model_n_params,n_batch,n_ubatch,n_threads,cpu_mask,cpu_strict,poll,type_k,type_v,n_gpu_layers,n_cpu_moe,split_mode,main_gpu,no_kv_offload,flash_attn,devices,tensor_split,tensor_buft_overrides,use_mmap,use_direct_io,embeddings,no_op_offload,no_host,fit_target,fit_min_ctx,n_ctx,n_prompt,n_gen,n_depth,test_time,avg_ns,stddev_ns,avg_ts,stddev_ts
"b820cc8","1","Intel(R) Core(TM) Ultra 5 230F","NVIDIA GeForce RTX 5090","CUDA","/home/wici/voice-lab/models/gguf/gemma-4-31B-it-Q4_0.gguf","gemma4 31B Q4_0","17322412272","30697345596","512","512","8","0x0","0","50","f16","f16","-1","0","layer","0","0","1","auto","0.00","^blk[.][0-9]+[.](attn_(k|v|q|output)|ffn_(down|gate|up))[.]weight$=CUDA_Hybrid","1","0","0","0","0","0","0","165120","512","0","0","2026-08-12T09:51:01Z","120459103","1964143","4251.293132","68.073707"
logit_checksum,decode,0c8e93b3ecced1c6,nonfinite=0
logit_checksum,decode,319a6a234bb9ed88,nonfinite=0
logit_checksum,decode,1e95777bddcc71d5,nonfinite=0
logit_checksum,decode,fc3ff68058ffd54e,nonfinite=0
logit_checksum,decode,92560214e2ee8afd,nonfinite=0
logit_checksum,decode,ea317c3ff2b17152,nonfinite=0
"b820cc8","1","Intel(R) Core(TM) Ultra 5 230F","NVIDIA GeForce RTX 5090","CUDA","/home/wici/voice-lab/models/gguf/gemma-4-31B-it-Q4_0.gguf","gemma4 31B Q4_0","17322412272","30697345596","512","512","8","0x0","0","50","f16","f16","-1","0","layer","0","0","1","auto","0.00","^blk[.][0-9]+[.](attn_(k|v|q|output)|ffn_(down|gate|up))[.]weight$=CUDA_Hybrid","1","0","0","0","0","0","0","165120","0","64","0","2026-08-12T09:51:02Z","4510431415","1459463","14.189331","0.004591"
result status=ok pp=4251.293132 tg=14.189331 peak=28584.000MiB
case scheme=intertidal_dma phase=dense ws=31.0GiB ctx=165120 control=pp:19.9
remote command: env -u LD_PRELOAD GGML_CUDA_HYBRID_MODE=staging GGML_CUDA_HYBRID_PAGE_BUDGET=1644 LD_LIBRARY_PATH=/dev/shm/intertidal-capacity.mEP47j:/home/wici/llama.cpp/build-cuda/bin:/usr/local/cuda/lib64 LLAMA_BENCH_LOGIT_CHECKSUM=1 /home/wici/llama.cpp/build-cuda/bin/llama-bench -m /home/wici/voice-lab/models/gguf/gemma-4-31B-it-Q4_0.gguf -p 512 -n 64 -r 5 -t 8 -b 512 -ub 512 -fa on -ctk f16 -ctv f16 -mmp 1 -o csv --ctx-size 165120 -ot '^blk[.][0-9]+[.](attn_(k|v|q|output)|ffn_(down|gate|up))[.]weight$=CUDA_Hybrid'
ggml_cuda_init: found 1 CUDA devices (Total VRAM: 32109 MiB):
  Device 0: NVIDIA GeForce RTX 5090, compute capability 12.0, VMM: yes, VRAM: 32109 MiB
hybrid_vmm,mode=staging,selection=global_budget,requested_pages=1644,requested_bytes=3447717888,requested_mib=3288.000,gross_pages=1644,gross_bytes=3447717888,gross_mib=3288.000,staging_bytes=121634816,staging_mib=116.000,net_bytes=3326083072,net_mib=3172.000,eligible_pages=7470,selected_tensors=410,layers=60,buffer_bytes=16524435968,local_physical_bytes=13077839872,page_bytes=2097152,buffer_mib=15758.930,remote_mib=3288.000,local_physical_mib=12472.000,net_saved_mib=3172.000,page_mib=2.000
logit_checksum,prompt,2417196da4492390,nonfinite=0
logit_checksum,prompt,0453392d6142afd3,nonfinite=0
logit_checksum,prompt,8c39d6d410e92623,nonfinite=0
logit_checksum,prompt,ce38b3f3a7a05142,nonfinite=0
logit_checksum,prompt,556c3b871bf91e81,nonfinite=0
build_commit,build_number,cpu_info,gpu_info,backends,model_filename,model_type,model_size,model_n_params,n_batch,n_ubatch,n_threads,cpu_mask,cpu_strict,poll,type_k,type_v,n_gpu_layers,n_cpu_moe,split_mode,main_gpu,no_kv_offload,flash_attn,devices,tensor_split,tensor_buft_overrides,use_mmap,use_direct_io,embeddings,no_op_offload,no_host,fit_target,fit_min_ctx,n_ctx,n_prompt,n_gen,n_depth,test_time,avg_ns,stddev_ns,avg_ts,stddev_ts
"b820cc8","1","Intel(R) Core(TM) Ultra 5 230F","NVIDIA GeForce RTX 5090","CUDA","/home/wici/voice-lab/models/gguf/gemma-4-31B-it-Q4_0.gguf","gemma4 31B Q4_0","17322412272","30697345596","512","512","8","0x0","0","50","f16","f16","-1","0","layer","0","0","1","auto","0.00","^blk[.][0-9]+[.](attn_(k|v|q|output)|ffn_(down|gate|up))[.]weight$=CUDA_Hybrid","1","0","0","0","0","0","0","165120","512","0","0","2026-08-12T09:51:29Z","120517721","1670426","4248.981836","58.082368"
logit_checksum,prompt,c930f979f7f0aed4,nonfinite=0
logit_checksum,decode,0c8e93b3ecced1c6,nonfinite=0
logit_checksum,decode,319a6a234bb9ed88,nonfinite=0
logit_checksum,decode,1e95777bddcc71d5,nonfinite=0
logit_checksum,decode,fc3ff68058ffd54e,nonfinite=0
logit_checksum,decode,92560214e2ee8afd,nonfinite=0
logit_checksum,decode,ea317c3ff2b17152,nonfinite=0
"b820cc8","1","Intel(R) Core(TM) Ultra 5 230F","NVIDIA GeForce RTX 5090","CUDA","/home/wici/voice-lab/models/gguf/gemma-4-31B-it-Q4_0.gguf","gemma4 31B Q4_0","17322412272","30697345596","512","512","8","0x0","0","50","f16","f16","-1","0","layer","0","0","1","auto","0.00","^blk[.][0-9]+[.](attn_(k|v|q|output)|ffn_(down|gate|up))[.]weight$=CUDA_Hybrid","1","0","0","0","0","0","0","165120","0","64","0","2026-08-12T09:51:30Z","4533902183","2629656","14.115880","0.008186"
result status=ok pp=4248.981836 tg=14.115880 peak=28566.000MiB
skip intertidal_dma ws=31.0 control=pp:20 status=ok
case scheme=intertidal_dma phase=dense ws=31.0GiB ctx=165120 control=pp:20.1
remote command: env -u LD_PRELOAD GGML_CUDA_HYBRID_MODE=staging GGML_CUDA_HYBRID_PAGE_BUDGET=1660 LD_LIBRARY_PATH=/dev/shm/intertidal-capacity.mEP47j:/home/wici/llama.cpp/build-cuda/bin:/usr/local/cuda/lib64 LLAMA_BENCH_LOGIT_CHECKSUM=1 /home/wici/llama.cpp/build-cuda/bin/llama-bench -m /home/wici/voice-lab/models/gguf/gemma-4-31B-it-Q4_0.gguf -p 512 -n 64 -r 5 -t 8 -b 512 -ub 512 -fa on -ctk f16 -ctv f16 -mmp 1 -o csv --ctx-size 165120 -ot '^blk[.][0-9]+[.](attn_(k|v|q|output)|ffn_(down|gate|up))[.]weight$=CUDA_Hybrid'
ggml_cuda_init: found 1 CUDA devices (Total VRAM: 32109 MiB):
  Device 0: NVIDIA GeForce RTX 5090, compute capability 12.0, VMM: yes, VRAM: 32109 MiB
hybrid_vmm,mode=staging,selection=global_budget,requested_pages=1660,requested_bytes=3481272320,requested_mib=3320.000,gross_pages=1660,gross_bytes=3481272320,gross_mib=3320.000,staging_bytes=121634816,staging_mib=116.000,net_bytes=3359637504,net_mib=3204.000,eligible_pages=7470,selected_tensors=410,layers=60,buffer_bytes=16524435968,local_physical_bytes=13044285440,page_bytes=2097152,buffer_mib=15758.930,remote_mib=3320.000,local_physical_mib=12440.000,net_saved_mib=3204.000,page_mib=2.000
logit_checksum,prompt,2417196da4492390,nonfinite=0
logit_checksum,prompt,0453392d6142afd3,nonfinite=0
logit_checksum,prompt,8c39d6d410e92623,nonfinite=0
logit_checksum,prompt,ce38b3f3a7a05142,nonfinite=0
logit_checksum,prompt,556c3b871bf91e81,nonfinite=0
build_commit,build_number,cpu_info,gpu_info,backends,model_filename,model_type,model_size,model_n_params,n_batch,n_ubatch,n_threads,cpu_mask,cpu_strict,poll,type_k,type_v,n_gpu_layers,n_cpu_moe,split_mode,main_gpu,no_kv_offload,flash_attn,devices,tensor_split,tensor_buft_overrides,use_mmap,use_direct_io,embeddings,no_op_offload,no_host,fit_target,fit_min_ctx,n_ctx,n_prompt,n_gen,n_depth,test_time,avg_ns,stddev_ns,avg_ts,stddev_ts
"b820cc8","1","Intel(R) Core(TM) Ultra 5 230F","NVIDIA GeForce RTX 5090","CUDA","/home/wici/voice-lab/models/gguf/gemma-4-31B-it-Q4_0.gguf","gemma4 31B Q4_0","17322412272","30697345596","512","512","8","0x0","0","50","f16","f16","-1","0","layer","0","0","1","auto","0.00","^blk[.][0-9]+[.](attn_(k|v|q|output)|ffn_(down|gate|up))[.]weight$=CUDA_Hybrid","1","0","0","0","0","0","0","165120","512","0","0","2026-08-12T09:51:56Z","120597429","1774957","4246.255211","61.602078"
logit_checksum,prompt,c930f979f7f0aed4,nonfinite=0
logit_checksum,decode,0c8e93b3ecced1c6,nonfinite=0
logit_checksum,decode,319a6a234bb9ed88,nonfinite=0
logit_checksum,decode,1e95777bddcc71d5,nonfinite=0
logit_checksum,decode,fc3ff68058ffd54e,nonfinite=0
logit_checksum,decode,92560214e2ee8afd,nonfinite=0
"b820cc8","1","Intel(R) Core(TM) Ultra 5 230F","NVIDIA GeForce RTX 5090","CUDA","/home/wici/voice-lab/models/gguf/gemma-4-31B-it-Q4_0.gguf","gemma4 31B Q4_0","17322412272","30697345596","512","512","8","0x0","0","50","f16","f16","-1","0","layer","0","0","1","auto","0.00","^blk[.][0-9]+[.](attn_(k|v|q|output)|ffn_(down|gate|up))[.]weight$=CUDA_Hybrid","1","0","0","0","0","0","0","165120","0","64","0","2026-08-12T09:51:57Z","4576946745","6208060","13.983142","0.018954"
logit_checksum,decode,ea317c3ff2b17152,nonfinite=0
result status=ok pp=4246.255211 tg=13.983142 peak=28534.000MiB
case scheme=intertidal_dma phase=dense ws=31.0GiB ctx=165120 control=pp:20.2
remote command: env -u LD_PRELOAD GGML_CUDA_HYBRID_MODE=staging GGML_CUDA_HYBRID_PAGE_BUDGET=1669 LD_LIBRARY_PATH=/dev/shm/intertidal-capacity.mEP47j:/home/wici/llama.cpp/build-cuda/bin:/usr/local/cuda/lib64 LLAMA_BENCH_LOGIT_CHECKSUM=1 /home/wici/llama.cpp/build-cuda/bin/llama-bench -m /home/wici/voice-lab/models/gguf/gemma-4-31B-it-Q4_0.gguf -p 512 -n 64 -r 5 -t 8 -b 512 -ub 512 -fa on -ctk f16 -ctv f16 -mmp 1 -o csv --ctx-size 165120 -ot '^blk[.][0-9]+[.](attn_(k|v|q|output)|ffn_(down|gate|up))[.]weight$=CUDA_Hybrid'
ggml_cuda_init: found 1 CUDA devices (Total VRAM: 32109 MiB):
  Device 0: NVIDIA GeForce RTX 5090, compute capability 12.0, VMM: yes, VRAM: 32109 MiB
hybrid_vmm,mode=staging,selection=global_budget,requested_pages=1669,requested_bytes=3500146688,requested_mib=3338.000,gross_pages=1669,gross_bytes=3500146688,gross_mib=3338.000,staging_bytes=121634816,staging_mib=116.000,net_bytes=3378511872,net_mib=3222.000,eligible_pages=7470,selected_tensors=410,layers=60,buffer_bytes=16524435968,local_physical_bytes=13025411072,page_bytes=2097152,buffer_mib=15758.930,remote_mib=3338.000,local_physical_mib=12422.000,net_saved_mib=3222.000,page_mib=2.000
logit_checksum,prompt,2417196da4492390,nonfinite=0
logit_checksum,prompt,0453392d6142afd3,nonfinite=0
build_commit,build_number,cpu_info,gpu_info,backends,model_filename,model_type,model_size,model_n_params,n_batch,n_ubatch,n_threads,cpu_mask,cpu_strict,poll,type_k,type_v,n_gpu_layers,n_cpu_moe,split_mode,main_gpu,no_kv_offload,flash_attn,devices,tensor_split,tensor_buft_overrides,use_mmap,use_direct_io,embeddings,no_op_offload,no_host,fit_target,fit_min_ctx,n_ctx,n_prompt,n_gen,n_depth,test_time,avg_ns,stddev_ns,avg_ts,stddev_ts
"b820cc8","1","Intel(R) Core(TM) Ultra 5 230F","NVIDIA GeForce RTX 5090","CUDA","/home/wici/voice-lab/models/gguf/gemma-4-31B-it-Q4_0.gguf","gemma4 31B Q4_0","17322412272","30697345596","512","512","8","0x0","0","50","f16","f16","-1","0","layer","0","0","1","auto","0.00","^blk[.][0-9]+[.](attn_(k|v|q|output)|ffn_(down|gate|up))[.]weight$=CUDA_Hybrid","1","0","0","0","0","0","0","165120","512","0","0","2026-08-12T09:52:24Z","120607848","1751900","4245.869521","60.788886"
logit_checksum,prompt,8c39d6d410e92623,nonfinite=0
logit_checksum,prompt,ce38b3f3a7a05142,nonfinite=0
logit_checksum,prompt,556c3b871bf91e81,nonfinite=0
logit_checksum,prompt,c930f979f7f0aed4,nonfinite=0
logit_checksum,decode,0c8e93b3ecced1c6,nonfinite=0
logit_checksum,decode,319a6a234bb9ed88,nonfinite=0
logit_checksum,decode,1e95777bddcc71d5,nonfinite=0
logit_checksum,decode,fc3ff68058ffd54e,nonfinite=0
logit_checksum,decode,92560214e2ee8afd,nonfinite=0
"b820cc8","1","Intel(R) Core(TM) Ultra 5 230F","NVIDIA GeForce RTX 5090","CUDA","/home/wici/voice-lab/models/gguf/gemma-4-31B-it-Q4_0.gguf","gemma4 31B Q4_0","17322412272","30697345596","512","512","8","0x0","0","50","f16","f16","-1","0","layer","0","0","1","auto","0.00","^blk[.][0-9]+[.](attn_(k|v|q|output)|ffn_(down|gate|up))[.]weight$=CUDA_Hybrid","1","0","0","0","0","0","0","165120","0","64","0","2026-08-12T09:52:25Z","4600926941","2518725","13.910244","0.007613"
logit_checksum,decode,ea317c3ff2b17152,nonfinite=0
result status=ok pp=4245.869521 tg=13.910244 peak=28516.000MiB
case scheme=intertidal_dma phase=dense ws=31.0GiB ctx=165120 control=pp:20.3
remote command: env -u LD_PRELOAD GGML_CUDA_HYBRID_MODE=staging GGML_CUDA_HYBRID_PAGE_BUDGET=1677 LD_LIBRARY_PATH=/dev/shm/intertidal-capacity.mEP47j:/home/wici/llama.cpp/build-cuda/bin:/usr/local/cuda/lib64 LLAMA_BENCH_LOGIT_CHECKSUM=1 /home/wici/llama.cpp/build-cuda/bin/llama-bench -m /home/wici/voice-lab/models/gguf/gemma-4-31B-it-Q4_0.gguf -p 512 -n 64 -r 5 -t 8 -b 512 -ub 512 -fa on -ctk f16 -ctv f16 -mmp 1 -o csv --ctx-size 165120 -ot '^blk[.][0-9]+[.](attn_(k|v|q|output)|ffn_(down|gate|up))[.]weight$=CUDA_Hybrid'
ggml_cuda_init: found 1 CUDA devices (Total VRAM: 32109 MiB):
  Device 0: NVIDIA GeForce RTX 5090, compute capability 12.0, VMM: yes, VRAM: 32109 MiB
hybrid_vmm,mode=staging,selection=global_budget,requested_pages=1677,requested_bytes=3516923904,requested_mib=3354.000,gross_pages=1677,gross_bytes=3516923904,gross_mib=3354.000,staging_bytes=121634816,staging_mib=116.000,net_bytes=3395289088,net_mib=3238.000,eligible_pages=7470,selected_tensors=410,layers=60,buffer_bytes=16524435968,local_physical_bytes=13008633856,page_bytes=2097152,buffer_mib=15758.930,remote_mib=3354.000,local_physical_mib=12406.000,net_saved_mib=3238.000,page_mib=2.000
logit_checksum,prompt,2417196da4492390,nonfinite=0
logit_checksum,prompt,0453392d6142afd3,nonfinite=0
logit_checksum,prompt,8c39d6d410e92623,nonfinite=0
logit_checksum,prompt,ce38b3f3a7a05142,nonfinite=0
logit_checksum,prompt,556c3b871bf91e81,nonfinite=0
logit_checksum,prompt,c930f979f7f0aed4,nonfinite=0
build_commit,build_number,cpu_info,gpu_info,backends,model_filename,model_type,model_size,model_n_params,n_batch,n_ubatch,n_threads,cpu_mask,cpu_strict,poll,type_k,type_v,n_gpu_layers,n_cpu_moe,split_mode,main_gpu,no_kv_offload,flash_attn,devices,tensor_split,tensor_buft_overrides,use_mmap,use_direct_io,embeddings,no_op_offload,no_host,fit_target,fit_min_ctx,n_ctx,n_prompt,n_gen,n_depth,test_time,avg_ns,stddev_ns,avg_ts,stddev_ts
"b820cc8","1","Intel(R) Core(TM) Ultra 5 230F","NVIDIA GeForce RTX 5090","CUDA","/home/wici/voice-lab/models/gguf/gemma-4-31B-it-Q4_0.gguf","gemma4 31B Q4_0","17322412272","30697345596","512","512","8","0x0","0","50","f16","f16","-1","0","layer","0","0","1","auto","0.00","^blk[.][0-9]+[.](attn_(k|v|q|output)|ffn_(down|gate|up))[.]weight$=CUDA_Hybrid","1","0","0","0","0","0","0","165120","512","0","0","2026-08-12T09:52:52Z","120600012","1811134","4246.193668","62.817971"
logit_checksum,decode,0c8e93b3ecced1c6,nonfinite=0
logit_checksum,decode,319a6a234bb9ed88,nonfinite=0
logit_checksum,decode,1e95777bddcc71d5,nonfinite=0
logit_checksum,decode,fc3ff68058ffd54e,nonfinite=0
logit_checksum,decode,92560214e2ee8afd,nonfinite=0
"b820cc8","1","Intel(R) Core(TM) Ultra 5 230F","NVIDIA GeForce RTX 5090","CUDA","/home/wici/voice-lab/models/gguf/gemma-4-31B-it-Q4_0.gguf","gemma4 31B Q4_0","17322412272","30697345596","512","512","8","0x0","0","50","f16","f16","-1","0","layer","0","0","1","auto","0.00","^blk[.][0-9]+[.](attn_(k|v|q|output)|ffn_(down|gate|up))[.]weight$=CUDA_Hybrid","1","0","0","0","0","0","0","165120","0","64","0","2026-08-12T09:52:53Z","4627984814","3751831","13.828920","0.011200"
logit_checksum,decode,ea317c3ff2b17152,nonfinite=0
result status=ok pp=4246.193668 tg=13.828920 peak=28500.000MiB
case scheme=intertidal_dma phase=dense ws=31.0GiB ctx=165120 control=pp:20.4
remote command: env -u LD_PRELOAD GGML_CUDA_HYBRID_MODE=staging GGML_CUDA_HYBRID_PAGE_BUDGET=1685 LD_LIBRARY_PATH=/dev/shm/intertidal-capacity.mEP47j:/home/wici/llama.cpp/build-cuda/bin:/usr/local/cuda/lib64 LLAMA_BENCH_LOGIT_CHECKSUM=1 /home/wici/llama.cpp/build-cuda/bin/llama-bench -m /home/wici/voice-lab/models/gguf/gemma-4-31B-it-Q4_0.gguf -p 512 -n 64 -r 5 -t 8 -b 512 -ub 512 -fa on -ctk f16 -ctv f16 -mmp 1 -o csv --ctx-size 165120 -ot '^blk[.][0-9]+[.](attn_(k|v|q|output)|ffn_(down|gate|up))[.]weight$=CUDA_Hybrid'
ggml_cuda_init: found 1 CUDA devices (Total VRAM: 32109 MiB):
  Device 0: NVIDIA GeForce RTX 5090, compute capability 12.0, VMM: yes, VRAM: 32109 MiB
hybrid_vmm,mode=staging,selection=global_budget,requested_pages=1685,requested_bytes=3533701120,requested_mib=3370.000,gross_pages=1685,gross_bytes=3533701120,gross_mib=3370.000,staging_bytes=125829120,staging_mib=120.000,net_bytes=3407872000,net_mib=3250.000,eligible_pages=7470,selected_tensors=410,layers=60,buffer_bytes=16524435968,local_physical_bytes=12991856640,page_bytes=2097152,buffer_mib=15758.930,remote_mib=3370.000,local_physical_mib=12390.000,net_saved_mib=3250.000,page_mib=2.000
logit_checksum,prompt,2417196da4492390,nonfinite=0
logit_checksum,prompt,0453392d6142afd3,nonfinite=0
logit_checksum,prompt,8c39d6d410e92623,nonfinite=0
logit_checksum,prompt,ce38b3f3a7a05142,nonfinite=0
logit_checksum,prompt,556c3b871bf91e81,nonfinite=0
logit_checksum,prompt,c930f979f7f0aed4,nonfinite=0
build_commit,build_number,cpu_info,gpu_info,backends,model_filename,model_type,model_size,model_n_params,n_batch,n_ubatch,n_threads,cpu_mask,cpu_strict,poll,type_k,type_v,n_gpu_layers,n_cpu_moe,split_mode,main_gpu,no_kv_offload,flash_attn,devices,tensor_split,tensor_buft_overrides,use_mmap,use_direct_io,embeddings,no_op_offload,no_host,fit_target,fit_min_ctx,n_ctx,n_prompt,n_gen,n_depth,test_time,avg_ns,stddev_ns,avg_ts,stddev_ts
"b820cc8","1","Intel(R) Core(TM) Ultra 5 230F","NVIDIA GeForce RTX 5090","CUDA","/home/wici/voice-lab/models/gguf/gemma-4-31B-it-Q4_0.gguf","gemma4 31B Q4_0","17322412272","30697345596","512","512","8","0x0","0","50","f16","f16","-1","0","layer","0","0","1","auto","0.00","^blk[.][0-9]+[.](attn_(k|v|q|output)|ffn_(down|gate|up))[.]weight$=CUDA_Hybrid","1","0","0","0","0","0","0","165120","512","0","0","2026-08-12T09:53:20Z","120528020","1714176","4248.652107","59.529031"
logit_checksum,decode,0c8e93b3ecced1c6,nonfinite=0
logit_checksum,decode,319a6a234bb9ed88,nonfinite=0
logit_checksum,decode,1e95777bddcc71d5,nonfinite=0
logit_checksum,decode,fc3ff68058ffd54e,nonfinite=0
logit_checksum,decode,92560214e2ee8afd,nonfinite=0
"b820cc8","1","Intel(R) Core(TM) Ultra 5 230F","NVIDIA GeForce RTX 5090","CUDA","/home/wici/voice-lab/models/gguf/gemma-4-31B-it-Q4_0.gguf","gemma4 31B Q4_0","17322412272","30697345596","512","512","8","0x0","0","50","f16","f16","-1","0","layer","0","0","1","auto","0.00","^blk[.][0-9]+[.](attn_(k|v|q|output)|ffn_(down|gate|up))[.]weight$=CUDA_Hybrid","1","0","0","0","0","0","0","165120","0","64","0","2026-08-12T09:53:21Z","4643841030","4513929","13.781705","0.013394"
logit_checksum,decode,ea317c3ff2b17152,nonfinite=0
result status=ok pp=4248.652107 tg=13.781705 peak=28488.000MiB
case scheme=intertidal_dma phase=dense ws=31.0GiB ctx=165120 control=pp:20.5
remote command: env -u LD_PRELOAD GGML_CUDA_HYBRID_MODE=staging GGML_CUDA_HYBRID_PAGE_BUDGET=1693 LD_LIBRARY_PATH=/dev/shm/intertidal-capacity.mEP47j:/home/wici/llama.cpp/build-cuda/bin:/usr/local/cuda/lib64 LLAMA_BENCH_LOGIT_CHECKSUM=1 /home/wici/llama.cpp/build-cuda/bin/llama-bench -m /home/wici/voice-lab/models/gguf/gemma-4-31B-it-Q4_0.gguf -p 512 -n 64 -r 5 -t 8 -b 512 -ub 512 -fa on -ctk f16 -ctv f16 -mmp 1 -o csv --ctx-size 165120 -ot '^blk[.][0-9]+[.](attn_(k|v|q|output)|ffn_(down|gate|up))[.]weight$=CUDA_Hybrid'
ggml_cuda_init: found 1 CUDA devices (Total VRAM: 32109 MiB):
  Device 0: NVIDIA GeForce RTX 5090, compute capability 12.0, VMM: yes, VRAM: 32109 MiB
hybrid_vmm,mode=staging,selection=global_budget,requested_pages=1693,requested_bytes=3550478336,requested_mib=3386.000,gross_pages=1693,gross_bytes=3550478336,gross_mib=3386.000,staging_bytes=125829120,staging_mib=120.000,net_bytes=3424649216,net_mib=3266.000,eligible_pages=7470,selected_tensors=410,layers=60,buffer_bytes=16524435968,local_physical_bytes=12975079424,page_bytes=2097152,buffer_mib=15758.930,remote_mib=3386.000,local_physical_mib=12374.000,net_saved_mib=3266.000,page_mib=2.000
logit_checksum,prompt,2417196da4492390,nonfinite=0
logit_checksum,prompt,0453392d6142afd3,nonfinite=0
logit_checksum,prompt,8c39d6d410e92623,nonfinite=0
logit_checksum,prompt,ce38b3f3a7a05142,nonfinite=0
logit_checksum,prompt,556c3b871bf91e81,nonfinite=0
build_commit,build_number,cpu_info,gpu_info,backends,model_filename,model_type,model_size,model_n_params,n_batch,n_ubatch,n_threads,cpu_mask,cpu_strict,poll,type_k,type_v,n_gpu_layers,n_cpu_moe,split_mode,main_gpu,no_kv_offload,flash_attn,devices,tensor_split,tensor_buft_overrides,use_mmap,use_direct_io,embeddings,no_op_offload,no_host,fit_target,fit_min_ctx,n_ctx,n_prompt,n_gen,n_depth,test_time,avg_ns,stddev_ns,avg_ts,stddev_ts
"b820cc8","1","Intel(R) Core(TM) Ultra 5 230F","NVIDIA GeForce RTX 5090","CUDA","/home/wici/voice-lab/models/gguf/gemma-4-31B-it-Q4_0.gguf","gemma4 31B Q4_0","17322412272","30697345596","512","512","8","0x0","0","50","f16","f16","-1","0","layer","0","0","1","auto","0.00","^blk[.][0-9]+[.](attn_(k|v|q|output)|ffn_(down|gate|up))[.]weight$=CUDA_Hybrid","1","0","0","0","0","0","0","165120","512","0","0","2026-08-12T09:53:48Z","120588147","2144537","4246.909590","74.004937"
logit_checksum,prompt,c930f979f7f0aed4,nonfinite=0
logit_checksum,decode,0c8e93b3ecced1c6,nonfinite=0
logit_checksum,decode,319a6a234bb9ed88,nonfinite=0
logit_checksum,decode,1e95777bddcc71d5,nonfinite=0
logit_checksum,decode,fc3ff68058ffd54e,nonfinite=0
logit_checksum,decode,92560214e2ee8afd,nonfinite=0
"b820cc8","1","Intel(R) Core(TM) Ultra 5 230F","NVIDIA GeForce RTX 5090","CUDA","/home/wici/voice-lab/models/gguf/gemma-4-31B-it-Q4_0.gguf","gemma4 31B Q4_0","17322412272","30697345596","512","512","8","0x0","0","50","f16","f16","-1","0","layer","0","0","1","auto","0.00","^blk[.][0-9]+[.](attn_(k|v|q|output)|ffn_(down|gate|up))[.]weight$=CUDA_Hybrid","1","0","0","0","0","0","0","165120","0","64","0","2026-08-12T09:53:49Z","4672182786","2910247","13.698098","0.008531"
logit_checksum,decode,ea317c3ff2b17152,nonfinite=0
result status=ok pp=4246.909590 tg=13.698098 peak=28472.000MiB
case scheme=intertidal_dma phase=dense ws=31.0GiB ctx=165120 control=pp:20.6
remote command: env -u LD_PRELOAD GGML_CUDA_HYBRID_MODE=staging GGML_CUDA_HYBRID_PAGE_BUDGET=1702 LD_LIBRARY_PATH=/dev/shm/intertidal-capacity.mEP47j:/home/wici/llama.cpp/build-cuda/bin:/usr/local/cuda/lib64 LLAMA_BENCH_LOGIT_CHECKSUM=1 /home/wici/llama.cpp/build-cuda/bin/llama-bench -m /home/wici/voice-lab/models/gguf/gemma-4-31B-it-Q4_0.gguf -p 512 -n 64 -r 5 -t 8 -b 512 -ub 512 -fa on -ctk f16 -ctv f16 -mmp 1 -o csv --ctx-size 165120 -ot '^blk[.][0-9]+[.](attn_(k|v|q|output)|ffn_(down|gate|up))[.]weight$=CUDA_Hybrid'
ggml_cuda_init: found 1 CUDA devices (Total VRAM: 32109 MiB):
  Device 0: NVIDIA GeForce RTX 5090, compute capability 12.0, VMM: yes, VRAM: 32109 MiB
hybrid_vmm,mode=staging,selection=global_budget,requested_pages=1702,requested_bytes=3569352704,requested_mib=3404.000,gross_pages=1702,gross_bytes=3569352704,gross_mib=3404.000,staging_bytes=125829120,staging_mib=120.000,net_bytes=3443523584,net_mib=3284.000,eligible_pages=7470,selected_tensors=410,layers=60,buffer_bytes=16524435968,local_physical_bytes=12956205056,page_bytes=2097152,buffer_mib=15758.930,remote_mib=3404.000,local_physical_mib=12356.000,net_saved_mib=3284.000,page_mib=2.000
logit_checksum,prompt,2417196da4492390,nonfinite=0
logit_checksum,prompt,0453392d6142afd3,nonfinite=0
logit_checksum,prompt,8c39d6d410e92623,nonfinite=0
logit_checksum,prompt,ce38b3f3a7a05142,nonfinite=0
logit_checksum,prompt,556c3b871bf91e81,nonfinite=0
logit_checksum,prompt,c930f979f7f0aed4,nonfinite=0
build_commit,build_number,cpu_info,gpu_info,backends,model_filename,model_type,model_size,model_n_params,n_batch,n_ubatch,n_threads,cpu_mask,cpu_strict,poll,type_k,type_v,n_gpu_layers,n_cpu_moe,split_mode,main_gpu,no_kv_offload,flash_attn,devices,tensor_split,tensor_buft_overrides,use_mmap,use_direct_io,embeddings,no_op_offload,no_host,fit_target,fit_min_ctx,n_ctx,n_prompt,n_gen,n_depth,test_time,avg_ns,stddev_ns,avg_ts,stddev_ts
"b820cc8","1","Intel(R) Core(TM) Ultra 5 230F","NVIDIA GeForce RTX 5090","CUDA","/home/wici/voice-lab/models/gguf/gemma-4-31B-it-Q4_0.gguf","gemma4 31B Q4_0","17322412272","30697345596","512","512","8","0x0","0","50","f16","f16","-1","0","layer","0","0","1","auto","0.00","^blk[.][0-9]+[.](attn_(k|v|q|output)|ffn_(down|gate|up))[.]weight$=CUDA_Hybrid","1","0","0","0","0","0","0","165120","512","0","0","2026-08-12T09:54:16Z","120537953","2053507","4248.592321","70.993200"
logit_checksum,decode,0c8e93b3ecced1c6,nonfinite=0
logit_checksum,decode,319a6a234bb9ed88,nonfinite=0
logit_checksum,decode,1e95777bddcc71d5,nonfinite=0
logit_checksum,decode,fc3ff68058ffd54e,nonfinite=0
logit_checksum,decode,92560214e2ee8afd,nonfinite=0
"b820cc8","1","Intel(R) Core(TM) Ultra 5 230F","NVIDIA GeForce RTX 5090","CUDA","/home/wici/voice-lab/models/gguf/gemma-4-31B-it-Q4_0.gguf","gemma4 31B Q4_0","17322412272","30697345596","512","512","8","0x0","0","50","f16","f16","-1","0","layer","0","0","1","auto","0.00","^blk[.][0-9]+[.](attn_(k|v|q|output)|ffn_(down|gate|up))[.]weight$=CUDA_Hybrid","1","0","0","0","0","0","0","165120","0","64","0","2026-08-12T09:54:17Z","4696289969","3199234","13.627784","0.009280"
logit_checksum,decode,ea317c3ff2b17152,nonfinite=0
result status=ok pp=4248.592321 tg=13.627784 peak=28454.000MiB
case scheme=intertidal_dma phase=dense ws=31.0GiB ctx=165120 control=pp:20.7
remote command: env -u LD_PRELOAD GGML_CUDA_HYBRID_MODE=staging GGML_CUDA_HYBRID_PAGE_BUDGET=1710 LD_LIBRARY_PATH=/dev/shm/intertidal-capacity.mEP47j:/home/wici/llama.cpp/build-cuda/bin:/usr/local/cuda/lib64 LLAMA_BENCH_LOGIT_CHECKSUM=1 /home/wici/llama.cpp/build-cuda/bin/llama-bench -m /home/wici/voice-lab/models/gguf/gemma-4-31B-it-Q4_0.gguf -p 512 -n 64 -r 5 -t 8 -b 512 -ub 512 -fa on -ctk f16 -ctv f16 -mmp 1 -o csv --ctx-size 165120 -ot '^blk[.][0-9]+[.](attn_(k|v|q|output)|ffn_(down|gate|up))[.]weight$=CUDA_Hybrid'
ggml_cuda_init: found 1 CUDA devices (Total VRAM: 32109 MiB):
  Device 0: NVIDIA GeForce RTX 5090, compute capability 12.0, VMM: yes, VRAM: 32109 MiB
hybrid_vmm,mode=staging,selection=global_budget,requested_pages=1710,requested_bytes=3586129920,requested_mib=3420.000,gross_pages=1710,gross_bytes=3586129920,gross_mib=3420.000,staging_bytes=125829120,staging_mib=120.000,net_bytes=3460300800,net_mib=3300.000,eligible_pages=7470,selected_tensors=410,layers=60,buffer_bytes=16524435968,local_physical_bytes=12939427840,page_bytes=2097152,buffer_mib=15758.930,remote_mib=3420.000,local_physical_mib=12340.000,net_saved_mib=3300.000,page_mib=2.000
logit_checksum,prompt,2417196da4492390,nonfinite=0
logit_checksum,prompt,0453392d6142afd3,nonfinite=0
logit_checksum,prompt,8c39d6d410e92623,nonfinite=0
logit_checksum,prompt,ce38b3f3a7a05142,nonfinite=0
logit_checksum,prompt,556c3b871bf91e81,nonfinite=0
build_commit,build_number,cpu_info,gpu_info,backends,model_filename,model_type,model_size,model_n_params,n_batch,n_ubatch,n_threads,cpu_mask,cpu_strict,poll,type_k,type_v,n_gpu_layers,n_cpu_moe,split_mode,main_gpu,no_kv_offload,flash_attn,devices,tensor_split,tensor_buft_overrides,use_mmap,use_direct_io,embeddings,no_op_offload,no_host,fit_target,fit_min_ctx,n_ctx,n_prompt,n_gen,n_depth,test_time,avg_ns,stddev_ns,avg_ts,stddev_ts
logit_checksum,prompt,c930f979f7f0aed4,nonfinite=0
logit_checksum,decode,0c8e93b3ecced1c6,nonfinite=0
"b820cc8","1","Intel(R) Core(TM) Ultra 5 230F","NVIDIA GeForce RTX 5090","CUDA","/home/wici/voice-lab/models/gguf/gemma-4-31B-it-Q4_0.gguf","gemma4 31B Q4_0","17322412272","30697345596","512","512","8","0x0","0","50","f16","f16","-1","0","layer","0","0","1","auto","0.00","^blk[.][0-9]+[.](attn_(k|v|q|output)|ffn_(down|gate|up))[.]weight$=CUDA_Hybrid","1","0","0","0","0","0","0","165120","512","0","0","2026-08-12T09:54:45Z","120727535","2228672","4242.088670","76.795147"
logit_checksum,decode,319a6a234bb9ed88,nonfinite=0
logit_checksum,decode,1e95777bddcc71d5,nonfinite=0
logit_checksum,decode,fc3ff68058ffd54e,nonfinite=0
logit_checksum,decode,92560214e2ee8afd,nonfinite=0
logit_checksum,decode,ea317c3ff2b17152,nonfinite=0
"b820cc8","1","Intel(R) Core(TM) Ultra 5 230F","NVIDIA GeForce RTX 5090","CUDA","/home/wici/voice-lab/models/gguf/gemma-4-31B-it-Q4_0.gguf","gemma4 31B Q4_0","17322412272","30697345596","512","512","8","0x0","0","50","f16","f16","-1","0","layer","0","0","1","auto","0.00","^blk[.][0-9]+[.](attn_(k|v|q|output)|ffn_(down|gate|up))[.]weight$=CUDA_Hybrid","1","0","0","0","0","0","0","165120","0","64","0","2026-08-12T09:54:45Z","4711706461","5635944","13.583205","0.016263"
result status=ok pp=4242.088670 tg=13.583205 peak=28438.000MiB
case scheme=intertidal_dma phase=dense ws=31.0GiB ctx=165120 control=pp:20.8
remote command: env -u LD_PRELOAD GGML_CUDA_HYBRID_MODE=staging GGML_CUDA_HYBRID_PAGE_BUDGET=1718 LD_LIBRARY_PATH=/dev/shm/intertidal-capacity.mEP47j:/home/wici/llama.cpp/build-cuda/bin:/usr/local/cuda/lib64 LLAMA_BENCH_LOGIT_CHECKSUM=1 /home/wici/llama.cpp/build-cuda/bin/llama-bench -m /home/wici/voice-lab/models/gguf/gemma-4-31B-it-Q4_0.gguf -p 512 -n 64 -r 5 -t 8 -b 512 -ub 512 -fa on -ctk f16 -ctv f16 -mmp 1 -o csv --ctx-size 165120 -ot '^blk[.][0-9]+[.](attn_(k|v|q|output)|ffn_(down|gate|up))[.]weight$=CUDA_Hybrid'
ggml_cuda_init: found 1 CUDA devices (Total VRAM: 32109 MiB):
  Device 0: NVIDIA GeForce RTX 5090, compute capability 12.0, VMM: yes, VRAM: 32109 MiB
hybrid_vmm,mode=staging,selection=global_budget,requested_pages=1718,requested_bytes=3602907136,requested_mib=3436.000,gross_pages=1718,gross_bytes=3602907136,gross_mib=3436.000,staging_bytes=125829120,staging_mib=120.000,net_bytes=3477078016,net_mib=3316.000,eligible_pages=7470,selected_tensors=410,layers=60,buffer_bytes=16524435968,local_physical_bytes=12922650624,page_bytes=2097152,buffer_mib=15758.930,remote_mib=3436.000,local_physical_mib=12324.000,net_saved_mib=3316.000,page_mib=2.000
logit_checksum,prompt,2417196da4492390,nonfinite=0
logit_checksum,prompt,0453392d6142afd3,nonfinite=0
logit_checksum,prompt,8c39d6d410e92623,nonfinite=0
logit_checksum,prompt,ce38b3f3a7a05142,nonfinite=0
logit_checksum,prompt,556c3b871bf91e81,nonfinite=0
logit_checksum,prompt,c930f979f7f0aed4,nonfinite=0
build_commit,build_number,cpu_info,gpu_info,backends,model_filename,model_type,model_size,model_n_params,n_batch,n_ubatch,n_threads,cpu_mask,cpu_strict,poll,type_k,type_v,n_gpu_layers,n_cpu_moe,split_mode,main_gpu,no_kv_offload,flash_attn,devices,tensor_split,tensor_buft_overrides,use_mmap,use_direct_io,embeddings,no_op_offload,no_host,fit_target,fit_min_ctx,n_ctx,n_prompt,n_gen,n_depth,test_time,avg_ns,stddev_ns,avg_ts,stddev_ts
"b820cc8","1","Intel(R) Core(TM) Ultra 5 230F","NVIDIA GeForce RTX 5090","CUDA","/home/wici/voice-lab/models/gguf/gemma-4-31B-it-Q4_0.gguf","gemma4 31B Q4_0","17322412272","30697345596","512","512","8","0x0","0","50","f16","f16","-1","0","layer","0","0","1","auto","0.00","^blk[.][0-9]+[.](attn_(k|v|q|output)|ffn_(down|gate|up))[.]weight$=CUDA_Hybrid","1","0","0","0","0","0","0","165120","512","0","0","2026-08-12T09:55:13Z","120534088","1823633","4248.526016","63.206321"
logit_checksum,decode,0c8e93b3ecced1c6,nonfinite=0
logit_checksum,decode,319a6a234bb9ed88,nonfinite=0
logit_checksum,decode,1e95777bddcc71d5,nonfinite=0
logit_checksum,decode,fc3ff68058ffd54e,nonfinite=0
logit_checksum,decode,92560214e2ee8afd,nonfinite=0
logit_checksum,decode,ea317c3ff2b17152,nonfinite=0
"b820cc8","1","Intel(R) Core(TM) Ultra 5 230F","NVIDIA GeForce RTX 5090","CUDA","/home/wici/voice-lab/models/gguf/gemma-4-31B-it-Q4_0.gguf","gemma4 31B Q4_0","17322412272","30697345596","512","512","8","0x0","0","50","f16","f16","-1","0","layer","0","0","1","auto","0.00","^blk[.][0-9]+[.](attn_(k|v|q|output)|ffn_(down|gate|up))[.]weight$=CUDA_Hybrid","1","0","0","0","0","0","0","165120","0","64","0","2026-08-12T09:55:14Z","4739315421","5550103","13.504075","0.015805"
result status=ok pp=4248.526016 tg=13.504075 peak=28422.000MiB
case scheme=intertidal_dma phase=dense ws=31.0GiB ctx=165120 control=pp:20.9
remote command: env -u LD_PRELOAD GGML_CUDA_HYBRID_MODE=staging GGML_CUDA_HYBRID_PAGE_BUDGET=1726 LD_LIBRARY_PATH=/dev/shm/intertidal-capacity.mEP47j:/home/wici/llama.cpp/build-cuda/bin:/usr/local/cuda/lib64 LLAMA_BENCH_LOGIT_CHECKSUM=1 /home/wici/llama.cpp/build-cuda/bin/llama-bench -m /home/wici/voice-lab/models/gguf/gemma-4-31B-it-Q4_0.gguf -p 512 -n 64 -r 5 -t 8 -b 512 -ub 512 -fa on -ctk f16 -ctv f16 -mmp 1 -o csv --ctx-size 165120 -ot '^blk[.][0-9]+[.](attn_(k|v|q|output)|ffn_(down|gate|up))[.]weight$=CUDA_Hybrid'
ggml_cuda_init: found 1 CUDA devices (Total VRAM: 32109 MiB):
  Device 0: NVIDIA GeForce RTX 5090, compute capability 12.0, VMM: yes, VRAM: 32109 MiB
hybrid_vmm,mode=staging,selection=global_budget,requested_pages=1726,requested_bytes=3619684352,requested_mib=3452.000,gross_pages=1726,gross_bytes=3619684352,gross_mib=3452.000,staging_bytes=125829120,staging_mib=120.000,net_bytes=3493855232,net_mib=3332.000,eligible_pages=7470,selected_tensors=410,layers=60,buffer_bytes=16524435968,local_physical_bytes=12905873408,page_bytes=2097152,buffer_mib=15758.930,remote_mib=3452.000,local_physical_mib=12308.000,net_saved_mib=3332.000,page_mib=2.000
logit_checksum,prompt,2417196da4492390,nonfinite=0
logit_checksum,prompt,0453392d6142afd3,nonfinite=0
logit_checksum,prompt,8c39d6d410e92623,nonfinite=0
logit_checksum,prompt,ce38b3f3a7a05142,nonfinite=0
logit_checksum,prompt,556c3b871bf91e81,nonfinite=0
build_commit,build_number,cpu_info,gpu_info,backends,model_filename,model_type,model_size,model_n_params,n_batch,n_ubatch,n_threads,cpu_mask,cpu_strict,poll,type_k,type_v,n_gpu_layers,n_cpu_moe,split_mode,main_gpu,no_kv_offload,flash_attn,devices,tensor_split,tensor_buft_overrides,use_mmap,use_direct_io,embeddings,no_op_offload,no_host,fit_target,fit_min_ctx,n_ctx,n_prompt,n_gen,n_depth,test_time,avg_ns,stddev_ns,avg_ts,stddev_ts
"b820cc8","1","Intel(R) Core(TM) Ultra 5 230F","NVIDIA GeForce RTX 5090","CUDA","/home/wici/voice-lab/models/gguf/gemma-4-31B-it-Q4_0.gguf","gemma4 31B Q4_0","17322412272","30697345596","512","512","8","0x0","0","50","f16","f16","-1","0","layer","0","0","1","auto","0.00","^blk[.][0-9]+[.](attn_(k|v|q|output)|ffn_(down|gate|up))[.]weight$=CUDA_Hybrid","1","0","0","0","0","0","0","165120","512","0","0","2026-08-12T09:55:42Z","120700684","2333145","4243.141046","80.387514"
logit_checksum,prompt,c930f979f7f0aed4,nonfinite=0
logit_checksum,decode,0c8e93b3ecced1c6,nonfinite=0
logit_checksum,decode,319a6a234bb9ed88,nonfinite=0
logit_checksum,decode,1e95777bddcc71d5,nonfinite=0
logit_checksum,decode,fc3ff68058ffd54e,nonfinite=0
logit_checksum,decode,92560214e2ee8afd,nonfinite=0
logit_checksum,decode,ea317c3ff2b17152,nonfinite=0
"b820cc8","1","Intel(R) Core(TM) Ultra 5 230F","NVIDIA GeForce RTX 5090","CUDA","/home/wici/voice-lab/models/gguf/gemma-4-31B-it-Q4_0.gguf","gemma4 31B Q4_0","17322412272","30697345596","512","512","8","0x0","0","50","f16","f16","-1","0","layer","0","0","1","auto","0.00","^blk[.][0-9]+[.](attn_(k|v|q|output)|ffn_(down|gate|up))[.]weight$=CUDA_Hybrid","1","0","0","0","0","0","0","165120","0","64","0","2026-08-12T09:55:43Z","4759297099","5220008","13.447377","0.014742"
result status=ok pp=4243.141046 tg=13.447377 peak=28406.000MiB
skip intertidal_dma ws=31.0 control=pp:21 status=ok
case scheme=intertidal_dma phase=dense ws=31.0GiB ctx=165120 control=pp:21.1
remote command: env -u LD_PRELOAD GGML_CUDA_HYBRID_MODE=staging GGML_CUDA_HYBRID_PAGE_BUDGET=1743 LD_LIBRARY_PATH=/dev/shm/intertidal-capacity.mEP47j:/home/wici/llama.cpp/build-cuda/bin:/usr/local/cuda/lib64 LLAMA_BENCH_LOGIT_CHECKSUM=1 /home/wici/llama.cpp/build-cuda/bin/llama-bench -m /home/wici/voice-lab/models/gguf/gemma-4-31B-it-Q4_0.gguf -p 512 -n 64 -r 5 -t 8 -b 512 -ub 512 -fa on -ctk f16 -ctv f16 -mmp 1 -o csv --ctx-size 165120 -ot '^blk[.][0-9]+[.](attn_(k|v|q|output)|ffn_(down|gate|up))[.]weight$=CUDA_Hybrid'
ggml_cuda_init: found 1 CUDA devices (Total VRAM: 32109 MiB):
  Device 0: NVIDIA GeForce RTX 5090, compute capability 12.0, VMM: yes, VRAM: 32109 MiB
hybrid_vmm,mode=staging,selection=global_budget,requested_pages=1743,requested_bytes=3655335936,requested_mib=3486.000,gross_pages=1743,gross_bytes=3655335936,gross_mib=3486.000,staging_bytes=130023424,staging_mib=124.000,net_bytes=3525312512,net_mib=3362.000,eligible_pages=7470,selected_tensors=410,layers=60,buffer_bytes=16524435968,local_physical_bytes=12870221824,page_bytes=2097152,buffer_mib=15758.930,remote_mib=3486.000,local_physical_mib=12274.000,net_saved_mib=3362.000,page_mib=2.000
logit_checksum,prompt,2417196da4492390,nonfinite=0
logit_checksum,prompt,0453392d6142afd3,nonfinite=0
logit_checksum,prompt,8c39d6d410e92623,nonfinite=0
logit_checksum,prompt,ce38b3f3a7a05142,nonfinite=0
logit_checksum,prompt,556c3b871bf91e81,nonfinite=0
build_commit,build_number,cpu_info,gpu_info,backends,model_filename,model_type,model_size,model_n_params,n_batch,n_ubatch,n_threads,cpu_mask,cpu_strict,poll,type_k,type_v,n_gpu_layers,n_cpu_moe,split_mode,main_gpu,no_kv_offload,flash_attn,devices,tensor_split,tensor_buft_overrides,use_mmap,use_direct_io,embeddings,no_op_offload,no_host,fit_target,fit_min_ctx,n_ctx,n_prompt,n_gen,n_depth,test_time,avg_ns,stddev_ns,avg_ts,stddev_ts
"b820cc8","1","Intel(R) Core(TM) Ultra 5 230F","NVIDIA GeForce RTX 5090","CUDA","/home/wici/voice-lab/models/gguf/gemma-4-31B-it-Q4_0.gguf","gemma4 31B Q4_0","17322412272","30697345596","512","512","8","0x0","0","50","f16","f16","-1","0","layer","0","0","1","auto","0.00","^blk[.][0-9]+[.](attn_(k|v|q|output)|ffn_(down|gate|up))[.]weight$=CUDA_Hybrid","1","0","0","0","0","0","0","165120","512","0","0","2026-08-12T09:56:11Z","120662667","1932174","4244.091150","66.870774"
logit_checksum,prompt,c930f979f7f0aed4,nonfinite=0
logit_checksum,decode,0c8e93b3ecced1c6,nonfinite=0
logit_checksum,decode,319a6a234bb9ed88,nonfinite=0
logit_checksum,decode,1e95777bddcc71d5,nonfinite=0
logit_checksum,decode,fc3ff68058ffd54e,nonfinite=0
logit_checksum,decode,92560214e2ee8afd,nonfinite=0
logit_checksum,decode,ea317c3ff2b17152,nonfinite=0
"b820cc8","1","Intel(R) Core(TM) Ultra 5 230F","NVIDIA GeForce RTX 5090","CUDA","/home/wici/voice-lab/models/gguf/gemma-4-31B-it-Q4_0.gguf","gemma4 31B Q4_0","17322412272","30697345596","512","512","8","0x0","0","50","f16","f16","-1","0","layer","0","0","1","auto","0.00","^blk[.][0-9]+[.](attn_(k|v|q|output)|ffn_(down|gate|up))[.]weight$=CUDA_Hybrid","1","0","0","0","0","0","0","165120","0","64","0","2026-08-12T09:56:12Z","4799486309","1883302","13.334762","0.005227"
result status=ok pp=4244.091150 tg=13.334762 peak=28376.000MiB
case scheme=intertidal_dma phase=dense ws=31.0GiB ctx=165120 control=pp:21.2
remote command: env -u LD_PRELOAD GGML_CUDA_HYBRID_MODE=staging GGML_CUDA_HYBRID_PAGE_BUDGET=1751 LD_LIBRARY_PATH=/dev/shm/intertidal-capacity.mEP47j:/home/wici/llama.cpp/build-cuda/bin:/usr/local/cuda/lib64 LLAMA_BENCH_LOGIT_CHECKSUM=1 /home/wici/llama.cpp/build-cuda/bin/llama-bench -m /home/wici/voice-lab/models/gguf/gemma-4-31B-it-Q4_0.gguf -p 512 -n 64 -r 5 -t 8 -b 512 -ub 512 -fa on -ctk f16 -ctv f16 -mmp 1 -o csv --ctx-size 165120 -ot '^blk[.][0-9]+[.](attn_(k|v|q|output)|ffn_(down|gate|up))[.]weight$=CUDA_Hybrid'
ggml_cuda_init: found 1 CUDA devices (Total VRAM: 32109 MiB):
  Device 0: NVIDIA GeForce RTX 5090, compute capability 12.0, VMM: yes, VRAM: 32109 MiB
hybrid_vmm,mode=staging,selection=global_budget,requested_pages=1751,requested_bytes=3672113152,requested_mib=3502.000,gross_pages=1751,gross_bytes=3672113152,gross_mib=3502.000,staging_bytes=130023424,staging_mib=124.000,net_bytes=3542089728,net_mib=3378.000,eligible_pages=7470,selected_tensors=410,layers=60,buffer_bytes=16524435968,local_physical_bytes=12853444608,page_bytes=2097152,buffer_mib=15758.930,remote_mib=3502.000,local_physical_mib=12258.000,net_saved_mib=3378.000,page_mib=2.000
logit_checksum,prompt,2417196da4492390,nonfinite=0
logit_checksum,prompt,0453392d6142afd3,nonfinite=0
logit_checksum,prompt,8c39d6d410e92623,nonfinite=0
logit_checksum,prompt,ce38b3f3a7a05142,nonfinite=0
logit_checksum,prompt,556c3b871bf91e81,nonfinite=0
build_commit,build_number,cpu_info,gpu_info,backends,model_filename,model_type,model_size,model_n_params,n_batch,n_ubatch,n_threads,cpu_mask,cpu_strict,poll,type_k,type_v,n_gpu_layers,n_cpu_moe,split_mode,main_gpu,no_kv_offload,flash_attn,devices,tensor_split,tensor_buft_overrides,use_mmap,use_direct_io,embeddings,no_op_offload,no_host,fit_target,fit_min_ctx,n_ctx,n_prompt,n_gen,n_depth,test_time,avg_ns,stddev_ns,avg_ts,stddev_ts
"b820cc8","1","Intel(R) Core(TM) Ultra 5 230F","NVIDIA GeForce RTX 5090","CUDA","/home/wici/voice-lab/models/gguf/gemma-4-31B-it-Q4_0.gguf","gemma4 31B Q4_0","17322412272","30697345596","512","512","8","0x0","0","50","f16","f16","-1","0","layer","0","0","1","auto","0.00","^blk[.][0-9]+[.](attn_(k|v|q|output)|ffn_(down|gate|up))[.]weight$=CUDA_Hybrid","1","0","0","0","0","0","0","165120","512","0","0","2026-08-12T09:56:39Z","120607075","1564369","4245.754060","54.324894"
logit_checksum,prompt,c930f979f7f0aed4,nonfinite=0
logit_checksum,decode,0c8e93b3ecced1c6,nonfinite=0
logit_checksum,decode,319a6a234bb9ed88,nonfinite=0
logit_checksum,decode,1e95777bddcc71d5,nonfinite=0
logit_checksum,decode,fc3ff68058ffd54e,nonfinite=0
logit_checksum,decode,92560214e2ee8afd,nonfinite=0
logit_checksum,decode,ea317c3ff2b17152,nonfinite=0
"b820cc8","1","Intel(R) Core(TM) Ultra 5 230F","NVIDIA GeForce RTX 5090","CUDA","/home/wici/voice-lab/models/gguf/gemma-4-31B-it-Q4_0.gguf","gemma4 31B Q4_0","17322412272","30697345596","512","512","8","0x0","0","50","f16","f16","-1","0","layer","0","0","1","auto","0.00","^blk[.][0-9]+[.](attn_(k|v|q|output)|ffn_(down|gate|up))[.]weight$=CUDA_Hybrid","1","0","0","0","0","0","0","165120","0","64","0","2026-08-12T09:56:40Z","4868635178","43201500","13.146195","0.116541"
result status=ok pp=4245.754060 tg=13.146195 peak=28360.000MiB
case scheme=intertidal_dma phase=dense ws=31.0GiB ctx=165120 control=pp:21.3
remote command: env -u LD_PRELOAD GGML_CUDA_HYBRID_MODE=staging GGML_CUDA_HYBRID_PAGE_BUDGET=1759 LD_LIBRARY_PATH=/dev/shm/intertidal-capacity.mEP47j:/home/wici/llama.cpp/build-cuda/bin:/usr/local/cuda/lib64 LLAMA_BENCH_LOGIT_CHECKSUM=1 /home/wici/llama.cpp/build-cuda/bin/llama-bench -m /home/wici/voice-lab/models/gguf/gemma-4-31B-it-Q4_0.gguf -p 512 -n 64 -r 5 -t 8 -b 512 -ub 512 -fa on -ctk f16 -ctv f16 -mmp 1 -o csv --ctx-size 165120 -ot '^blk[.][0-9]+[.](attn_(k|v|q|output)|ffn_(down|gate|up))[.]weight$=CUDA_Hybrid'
ggml_cuda_init: found 1 CUDA devices (Total VRAM: 32109 MiB):
  Device 0: NVIDIA GeForce RTX 5090, compute capability 12.0, VMM: yes, VRAM: 32109 MiB
hybrid_vmm,mode=staging,selection=global_budget,requested_pages=1759,requested_bytes=3688890368,requested_mib=3518.000,gross_pages=1759,gross_bytes=3688890368,gross_mib=3518.000,staging_bytes=130023424,staging_mib=124.000,net_bytes=3558866944,net_mib=3394.000,eligible_pages=7470,selected_tensors=410,layers=60,buffer_bytes=16524435968,local_physical_bytes=12836667392,page_bytes=2097152,buffer_mib=15758.930,remote_mib=3518.000,local_physical_mib=12242.000,net_saved_mib=3394.000,page_mib=2.000
logit_checksum,prompt,2417196da4492390,nonfinite=0
logit_checksum,prompt,0453392d6142afd3,nonfinite=0
logit_checksum,prompt,8c39d6d410e92623,nonfinite=0
logit_checksum,prompt,ce38b3f3a7a05142,nonfinite=0
logit_checksum,prompt,556c3b871bf91e81,nonfinite=0
logit_checksum,prompt,c930f979f7f0aed4,nonfinite=0
build_commit,build_number,cpu_info,gpu_info,backends,model_filename,model_type,model_size,model_n_params,n_batch,n_ubatch,n_threads,cpu_mask,cpu_strict,poll,type_k,type_v,n_gpu_layers,n_cpu_moe,split_mode,main_gpu,no_kv_offload,flash_attn,devices,tensor_split,tensor_buft_overrides,use_mmap,use_direct_io,embeddings,no_op_offload,no_host,fit_target,fit_min_ctx,n_ctx,n_prompt,n_gen,n_depth,test_time,avg_ns,stddev_ns,avg_ts,stddev_ts
"b820cc8","1","Intel(R) Core(TM) Ultra 5 230F","NVIDIA GeForce RTX 5090","CUDA","/home/wici/voice-lab/models/gguf/gemma-4-31B-it-Q4_0.gguf","gemma4 31B Q4_0","17322412272","30697345596","512","512","8","0x0","0","50","f16","f16","-1","0","layer","0","0","1","auto","0.00","^blk[.][0-9]+[.](attn_(k|v|q|output)|ffn_(down|gate|up))[.]weight$=CUDA_Hybrid","1","0","0","0","0","0","0","165120","512","0","0","2026-08-12T09:57:09Z","120609118","2213761","4246.239456","76.342020"
logit_checksum,decode,0c8e93b3ecced1c6,nonfinite=0
logit_checksum,decode,319a6a234bb9ed88,nonfinite=0
logit_checksum,decode,1e95777bddcc71d5,nonfinite=0
logit_checksum,decode,fc3ff68058ffd54e,nonfinite=0
logit_checksum,decode,92560214e2ee8afd,nonfinite=0
"b820cc8","1","Intel(R) Core(TM) Ultra 5 230F","NVIDIA GeForce RTX 5090","CUDA","/home/wici/voice-lab/models/gguf/gemma-4-31B-it-Q4_0.gguf","gemma4 31B Q4_0","17322412272","30697345596","512","512","8","0x0","0","50","f16","f16","-1","0","layer","0","0","1","auto","0.00","^blk[.][0-9]+[.](attn_(k|v|q|output)|ffn_(down|gate|up))[.]weight$=CUDA_Hybrid","1","0","0","0","0","0","0","165120","0","64","0","2026-08-12T09:57:09Z","4924156862","40938374","12.997875","0.109166"
logit_checksum,decode,ea317c3ff2b17152,nonfinite=0
result status=ok pp=4246.239456 tg=12.997875 peak=28344.000MiB
case scheme=intertidal_dma phase=dense ws=31.0GiB ctx=165120 control=pp:21.4
remote command: env -u LD_PRELOAD GGML_CUDA_HYBRID_MODE=staging GGML_CUDA_HYBRID_PAGE_BUDGET=1768 LD_LIBRARY_PATH=/dev/shm/intertidal-capacity.mEP47j:/home/wici/llama.cpp/build-cuda/bin:/usr/local/cuda/lib64 LLAMA_BENCH_LOGIT_CHECKSUM=1 /home/wici/llama.cpp/build-cuda/bin/llama-bench -m /home/wici/voice-lab/models/gguf/gemma-4-31B-it-Q4_0.gguf -p 512 -n 64 -r 5 -t 8 -b 512 -ub 512 -fa on -ctk f16 -ctv f16 -mmp 1 -o csv --ctx-size 165120 -ot '^blk[.][0-9]+[.](attn_(k|v|q|output)|ffn_(down|gate|up))[.]weight$=CUDA_Hybrid'
ggml_cuda_init: found 1 CUDA devices (Total VRAM: 32109 MiB):
  Device 0: NVIDIA GeForce RTX 5090, compute capability 12.0, VMM: yes, VRAM: 32109 MiB
hybrid_vmm,mode=staging,selection=global_budget,requested_pages=1768,requested_bytes=3707764736,requested_mib=3536.000,gross_pages=1768,gross_bytes=3707764736,gross_mib=3536.000,staging_bytes=130023424,staging_mib=124.000,net_bytes=3577741312,net_mib=3412.000,eligible_pages=7470,selected_tensors=410,layers=60,buffer_bytes=16524435968,local_physical_bytes=12817793024,page_bytes=2097152,buffer_mib=15758.930,remote_mib=3536.000,local_physical_mib=12224.000,net_saved_mib=3412.000,page_mib=2.000
logit_checksum,prompt,2417196da4492390,nonfinite=0
logit_checksum,prompt,0453392d6142afd3,nonfinite=0
logit_checksum,prompt,8c39d6d410e92623,nonfinite=0
logit_checksum,prompt,ce38b3f3a7a05142,nonfinite=0
logit_checksum,prompt,556c3b871bf91e81,nonfinite=0
logit_checksum,prompt,c930f979f7f0aed4,nonfinite=0
build_commit,build_number,cpu_info,gpu_info,backends,model_filename,model_type,model_size,model_n_params,n_batch,n_ubatch,n_threads,cpu_mask,cpu_strict,poll,type_k,type_v,n_gpu_layers,n_cpu_moe,split_mode,main_gpu,no_kv_offload,flash_attn,devices,tensor_split,tensor_buft_overrides,use_mmap,use_direct_io,embeddings,no_op_offload,no_host,fit_target,fit_min_ctx,n_ctx,n_prompt,n_gen,n_depth,test_time,avg_ns,stddev_ns,avg_ts,stddev_ts
"b820cc8","1","Intel(R) Core(TM) Ultra 5 230F","NVIDIA GeForce RTX 5090","CUDA","/home/wici/voice-lab/models/gguf/gemma-4-31B-it-Q4_0.gguf","gemma4 31B Q4_0","17322412272","30697345596","512","512","8","0x0","0","50","f16","f16","-1","0","layer","0","0","1","auto","0.00","^blk[.][0-9]+[.](attn_(k|v|q|output)|ffn_(down|gate|up))[.]weight$=CUDA_Hybrid","1","0","0","0","0","0","0","165120","512","0","0","2026-08-12T09:57:40Z","120510945","1742227","4249.276888","60.543283"
logit_checksum,decode,0c8e93b3ecced1c6,nonfinite=0
logit_checksum,decode,319a6a234bb9ed88,nonfinite=0
logit_checksum,decode,1e95777bddcc71d5,nonfinite=0
logit_checksum,decode,fc3ff68058ffd54e,nonfinite=0
logit_checksum,decode,92560214e2ee8afd,nonfinite=0
logit_checksum,decode,ea317c3ff2b17152,nonfinite=0
"b820cc8","1","Intel(R) Core(TM) Ultra 5 230F","NVIDIA GeForce RTX 5090","CUDA","/home/wici/voice-lab/models/gguf/gemma-4-31B-it-Q4_0.gguf","gemma4 31B Q4_0","17322412272","30697345596","512","512","8","0x0","0","50","f16","f16","-1","0","layer","0","0","1","auto","0.00","^blk[.][0-9]+[.](attn_(k|v|q|output)|ffn_(down|gate|up))[.]weight$=CUDA_Hybrid","1","0","0","0","0","0","0","165120","0","64","0","2026-08-12T09:57:41Z","4871813531","3891685","13.136798","0.010501"
result status=ok pp=4249.276888 tg=13.136798 peak=28326.000MiB
case scheme=intertidal_dma phase=dense ws=31.0GiB ctx=165120 control=pp:21.5
remote command: env -u LD_PRELOAD GGML_CUDA_HYBRID_MODE=staging GGML_CUDA_HYBRID_PAGE_BUDGET=1776 LD_LIBRARY_PATH=/dev/shm/intertidal-capacity.mEP47j:/home/wici/llama.cpp/build-cuda/bin:/usr/local/cuda/lib64 LLAMA_BENCH_LOGIT_CHECKSUM=1 /home/wici/llama.cpp/build-cuda/bin/llama-bench -m /home/wici/voice-lab/models/gguf/gemma-4-31B-it-Q4_0.gguf -p 512 -n 64 -r 5 -t 8 -b 512 -ub 512 -fa on -ctk f16 -ctv f16 -mmp 1 -o csv --ctx-size 165120 -ot '^blk[.][0-9]+[.](attn_(k|v|q|output)|ffn_(down|gate|up))[.]weight$=CUDA_Hybrid'
ggml_cuda_init: found 1 CUDA devices (Total VRAM: 32109 MiB):
  Device 0: NVIDIA GeForce RTX 5090, compute capability 12.0, VMM: yes, VRAM: 32109 MiB
hybrid_vmm,mode=staging,selection=global_budget,requested_pages=1776,requested_bytes=3724541952,requested_mib=3552.000,gross_pages=1776,gross_bytes=3724541952,gross_mib=3552.000,staging_bytes=130023424,staging_mib=124.000,net_bytes=3594518528,net_mib=3428.000,eligible_pages=7470,selected_tensors=410,layers=60,buffer_bytes=16524435968,local_physical_bytes=12801015808,page_bytes=2097152,buffer_mib=15758.930,remote_mib=3552.000,local_physical_mib=12208.000,net_saved_mib=3428.000,page_mib=2.000
logit_checksum,prompt,2417196da4492390,nonfinite=0
logit_checksum,prompt,0453392d6142afd3,nonfinite=0
logit_checksum,prompt,8c39d6d410e92623,nonfinite=0
logit_checksum,prompt,ce38b3f3a7a05142,nonfinite=0
logit_checksum,prompt,556c3b871bf91e81,nonfinite=0
logit_checksum,prompt,c930f979f7f0aed4,nonfinite=0
build_commit,build_number,cpu_info,gpu_info,backends,model_filename,model_type,model_size,model_n_params,n_batch,n_ubatch,n_threads,cpu_mask,cpu_strict,poll,type_k,type_v,n_gpu_layers,n_cpu_moe,split_mode,main_gpu,no_kv_offload,flash_attn,devices,tensor_split,tensor_buft_overrides,use_mmap,use_direct_io,embeddings,no_op_offload,no_host,fit_target,fit_min_ctx,n_ctx,n_prompt,n_gen,n_depth,test_time,avg_ns,stddev_ns,avg_ts,stddev_ts
"b820cc8","1","Intel(R) Core(TM) Ultra 5 230F","NVIDIA GeForce RTX 5090","CUDA","/home/wici/voice-lab/models/gguf/gemma-4-31B-it-Q4_0.gguf","gemma4 31B Q4_0","17322412272","30697345596","512","512","8","0x0","0","50","f16","f16","-1","0","layer","0","0","1","auto","0.00","^blk[.][0-9]+[.](attn_(k|v|q|output)|ffn_(down|gate|up))[.]weight$=CUDA_Hybrid","1","0","0","0","0","0","0","165120","512","0","0","2026-08-12T09:58:09Z","120443115","1742779","4251.670260","60.546113"
logit_checksum,decode,0c8e93b3ecced1c6,nonfinite=0
logit_checksum,decode,319a6a234bb9ed88,nonfinite=0
logit_checksum,decode,1e95777bddcc71d5,nonfinite=0
logit_checksum,decode,fc3ff68058ffd54e,nonfinite=0
logit_checksum,decode,92560214e2ee8afd,nonfinite=0
logit_checksum,decode,ea317c3ff2b17152,nonfinite=0
"b820cc8","1","Intel(R) Core(TM) Ultra 5 230F","NVIDIA GeForce RTX 5090","CUDA","/home/wici/voice-lab/models/gguf/gemma-4-31B-it-Q4_0.gguf","gemma4 31B Q4_0","17322412272","30697345596","512","512","8","0x0","0","50","f16","f16","-1","0","layer","0","0","1","auto","0.00","^blk[.][0-9]+[.](attn_(k|v|q|output)|ffn_(down|gate|up))[.]weight$=CUDA_Hybrid","1","0","0","0","0","0","0","165120","0","64","0","2026-08-12T09:58:10Z","4946309834","60189141","12.940466","0.156845"
result status=ok pp=4251.670260 tg=12.940466 peak=28310.000MiB
case scheme=intertidal_dma phase=dense ws=31.0GiB ctx=165120 control=pp:21.6
remote command: env -u LD_PRELOAD GGML_CUDA_HYBRID_MODE=staging GGML_CUDA_HYBRID_PAGE_BUDGET=1784 LD_LIBRARY_PATH=/dev/shm/intertidal-capacity.mEP47j:/home/wici/llama.cpp/build-cuda/bin:/usr/local/cuda/lib64 LLAMA_BENCH_LOGIT_CHECKSUM=1 /home/wici/llama.cpp/build-cuda/bin/llama-bench -m /home/wici/voice-lab/models/gguf/gemma-4-31B-it-Q4_0.gguf -p 512 -n 64 -r 5 -t 8 -b 512 -ub 512 -fa on -ctk f16 -ctv f16 -mmp 1 -o csv --ctx-size 165120 -ot '^blk[.][0-9]+[.](attn_(k|v|q|output)|ffn_(down|gate|up))[.]weight$=CUDA_Hybrid'
ggml_cuda_init: found 1 CUDA devices (Total VRAM: 32109 MiB):
  Device 0: NVIDIA GeForce RTX 5090, compute capability 12.0, VMM: yes, VRAM: 32109 MiB
hybrid_vmm,mode=staging,selection=global_budget,requested_pages=1784,requested_bytes=3741319168,requested_mib=3568.000,gross_pages=1784,gross_bytes=3741319168,gross_mib=3568.000,staging_bytes=130023424,staging_mib=124.000,net_bytes=3611295744,net_mib=3444.000,eligible_pages=7470,selected_tensors=410,layers=60,buffer_bytes=16524435968,local_physical_bytes=12784238592,page_bytes=2097152,buffer_mib=15758.930,remote_mib=3568.000,local_physical_mib=12192.000,net_saved_mib=3444.000,page_mib=2.000
logit_checksum,prompt,2417196da4492390,nonfinite=0
logit_checksum,prompt,0453392d6142afd3,nonfinite=0
logit_checksum,prompt,8c39d6d410e92623,nonfinite=0
logit_checksum,prompt,ce38b3f3a7a05142,nonfinite=0
logit_checksum,prompt,556c3b871bf91e81,nonfinite=0
build_commit,build_number,cpu_info,gpu_info,backends,model_filename,model_type,model_size,model_n_params,n_batch,n_ubatch,n_threads,cpu_mask,cpu_strict,poll,type_k,type_v,n_gpu_layers,n_cpu_moe,split_mode,main_gpu,no_kv_offload,flash_attn,devices,tensor_split,tensor_buft_overrides,use_mmap,use_direct_io,embeddings,no_op_offload,no_host,fit_target,fit_min_ctx,n_ctx,n_prompt,n_gen,n_depth,test_time,avg_ns,stddev_ns,avg_ts,stddev_ts
"b820cc8","1","Intel(R) Core(TM) Ultra 5 230F","NVIDIA GeForce RTX 5090","CUDA","/home/wici/voice-lab/models/gguf/gemma-4-31B-it-Q4_0.gguf","gemma4 31B Q4_0","17322412272","30697345596","512","512","8","0x0","0","50","f16","f16","-1","0","layer","0","0","1","auto","0.00","^blk[.][0-9]+[.](attn_(k|v|q|output)|ffn_(down|gate|up))[.]weight$=CUDA_Hybrid","1","0","0","0","0","0","0","165120","512","0","0","2026-08-12T09:58:39Z","120586653","2048662","4246.872027","70.834510"
logit_checksum,prompt,c930f979f7f0aed4,nonfinite=0
logit_checksum,decode,0c8e93b3ecced1c6,nonfinite=0
logit_checksum,decode,319a6a234bb9ed88,nonfinite=0
logit_checksum,decode,1e95777bddcc71d5,nonfinite=0
logit_checksum,decode,fc3ff68058ffd54e,nonfinite=0
logit_checksum,decode,92560214e2ee8afd,nonfinite=0
"b820cc8","1","Intel(R) Core(TM) Ultra 5 230F","NVIDIA GeForce RTX 5090","CUDA","/home/wici/voice-lab/models/gguf/gemma-4-31B-it-Q4_0.gguf","gemma4 31B Q4_0","17322412272","30697345596","512","512","8","0x0","0","50","f16","f16","-1","0","layer","0","0","1","auto","0.00","^blk[.][0-9]+[.](attn_(k|v|q|output)|ffn_(down|gate|up))[.]weight$=CUDA_Hybrid","1","0","0","0","0","0","0","165120","0","64","0","2026-08-12T09:58:40Z","4968182305","53690867","12.883178","0.139209"
logit_checksum,decode,ea317c3ff2b17152,nonfinite=0
result status=ok pp=4246.872027 tg=12.883178 peak=28294.000MiB
case scheme=intertidal_dma phase=dense ws=31.0GiB ctx=165120 control=pp:21.7
remote command: env -u LD_PRELOAD GGML_CUDA_HYBRID_MODE=staging GGML_CUDA_HYBRID_PAGE_BUDGET=1792 LD_LIBRARY_PATH=/dev/shm/intertidal-capacity.mEP47j:/home/wici/llama.cpp/build-cuda/bin:/usr/local/cuda/lib64 LLAMA_BENCH_LOGIT_CHECKSUM=1 /home/wici/llama.cpp/build-cuda/bin/llama-bench -m /home/wici/voice-lab/models/gguf/gemma-4-31B-it-Q4_0.gguf -p 512 -n 64 -r 5 -t 8 -b 512 -ub 512 -fa on -ctk f16 -ctv f16 -mmp 1 -o csv --ctx-size 165120 -ot '^blk[.][0-9]+[.](attn_(k|v|q|output)|ffn_(down|gate|up))[.]weight$=CUDA_Hybrid'
ggml_cuda_init: found 1 CUDA devices (Total VRAM: 32109 MiB):
  Device 0: NVIDIA GeForce RTX 5090, compute capability 12.0, VMM: yes, VRAM: 32109 MiB
hybrid_vmm,mode=staging,selection=global_budget,requested_pages=1792,requested_bytes=3758096384,requested_mib=3584.000,gross_pages=1792,gross_bytes=3758096384,gross_mib=3584.000,staging_bytes=130023424,staging_mib=124.000,net_bytes=3628072960,net_mib=3460.000,eligible_pages=7470,selected_tensors=410,layers=60,buffer_bytes=16524435968,local_physical_bytes=12767461376,page_bytes=2097152,buffer_mib=15758.930,remote_mib=3584.000,local_physical_mib=12176.000,net_saved_mib=3460.000,page_mib=2.000
logit_checksum,prompt,2417196da4492390,nonfinite=0
logit_checksum,prompt,0453392d6142afd3,nonfinite=0
logit_checksum,prompt,8c39d6d410e92623,nonfinite=0
logit_checksum,prompt,ce38b3f3a7a05142,nonfinite=0
logit_checksum,prompt,556c3b871bf91e81,nonfinite=0
build_commit,build_number,cpu_info,gpu_info,backends,model_filename,model_type,model_size,model_n_params,n_batch,n_ubatch,n_threads,cpu_mask,cpu_strict,poll,type_k,type_v,n_gpu_layers,n_cpu_moe,split_mode,main_gpu,no_kv_offload,flash_attn,devices,tensor_split,tensor_buft_overrides,use_mmap,use_direct_io,embeddings,no_op_offload,no_host,fit_target,fit_min_ctx,n_ctx,n_prompt,n_gen,n_depth,test_time,avg_ns,stddev_ns,avg_ts,stddev_ts
"b820cc8","1","Intel(R) Core(TM) Ultra 5 230F","NVIDIA GeForce RTX 5090","CUDA","/home/wici/voice-lab/models/gguf/gemma-4-31B-it-Q4_0.gguf","gemma4 31B Q4_0","17322412272","30697345596","512","512","8","0x0","0","50","f16","f16","-1","0","layer","0","0","1","auto","0.00","^blk[.][0-9]+[.](attn_(k|v|q|output)|ffn_(down|gate|up))[.]weight$=CUDA_Hybrid","1","0","0","0","0","0","0","165120","512","0","0","2026-08-12T09:59:09Z","120613088","2065424","4245.956724","71.390624"
logit_checksum,prompt,c930f979f7f0aed4,nonfinite=0
logit_checksum,decode,0c8e93b3ecced1c6,nonfinite=0
logit_checksum,decode,319a6a234bb9ed88,nonfinite=0
logit_checksum,decode,1e95777bddcc71d5,nonfinite=0
logit_checksum,decode,fc3ff68058ffd54e,nonfinite=0
logit_checksum,decode,92560214e2ee8afd,nonfinite=0
logit_checksum,decode,ea317c3ff2b17152,nonfinite=0
"b820cc8","1","Intel(R) Core(TM) Ultra 5 230F","NVIDIA GeForce RTX 5090","CUDA","/home/wici/voice-lab/models/gguf/gemma-4-31B-it-Q4_0.gguf","gemma4 31B Q4_0","17322412272","30697345596","512","512","8","0x0","0","50","f16","f16","-1","0","layer","0","0","1","auto","0.00","^blk[.][0-9]+[.](attn_(k|v|q|output)|ffn_(down|gate|up))[.]weight$=CUDA_Hybrid","1","0","0","0","0","0","0","165120","0","64","0","2026-08-12T09:59:09Z","4936554469","2058930","12.964510","0.005399"
result status=ok pp=4245.956724 tg=12.964510 peak=28278.000MiB
case scheme=intertidal_dma phase=dense ws=31.0GiB ctx=165120 control=pp:21.8
remote command: env -u LD_PRELOAD GGML_CUDA_HYBRID_MODE=staging GGML_CUDA_HYBRID_PAGE_BUDGET=1801 LD_LIBRARY_PATH=/dev/shm/intertidal-capacity.mEP47j:/home/wici/llama.cpp/build-cuda/bin:/usr/local/cuda/lib64 LLAMA_BENCH_LOGIT_CHECKSUM=1 /home/wici/llama.cpp/build-cuda/bin/llama-bench -m /home/wici/voice-lab/models/gguf/gemma-4-31B-it-Q4_0.gguf -p 512 -n 64 -r 5 -t 8 -b 512 -ub 512 -fa on -ctk f16 -ctv f16 -mmp 1 -o csv --ctx-size 165120 -ot '^blk[.][0-9]+[.](attn_(k|v|q|output)|ffn_(down|gate|up))[.]weight$=CUDA_Hybrid'
ggml_cuda_init: found 1 CUDA devices (Total VRAM: 32109 MiB):
  Device 0: NVIDIA GeForce RTX 5090, compute capability 12.0, VMM: yes, VRAM: 32109 MiB
hybrid_vmm,mode=staging,selection=global_budget,requested_pages=1801,requested_bytes=3776970752,requested_mib=3602.000,gross_pages=1801,gross_bytes=3776970752,gross_mib=3602.000,staging_bytes=132120576,staging_mib=126.000,net_bytes=3644850176,net_mib=3476.000,eligible_pages=7470,selected_tensors=410,layers=60,buffer_bytes=16524435968,local_physical_bytes=12748587008,page_bytes=2097152,buffer_mib=15758.930,remote_mib=3602.000,local_physical_mib=12158.000,net_saved_mib=3476.000,page_mib=2.000
logit_checksum,prompt,2417196da4492390,nonfinite=0
logit_checksum,prompt,0453392d6142afd3,nonfinite=0
logit_checksum,prompt,8c39d6d410e92623,nonfinite=0
logit_checksum,prompt,ce38b3f3a7a05142,nonfinite=0
logit_checksum,prompt,556c3b871bf91e81,nonfinite=0
build_commit,build_number,cpu_info,gpu_info,backends,model_filename,model_type,model_size,model_n_params,n_batch,n_ubatch,n_threads,cpu_mask,cpu_strict,poll,type_k,type_v,n_gpu_layers,n_cpu_moe,split_mode,main_gpu,no_kv_offload,flash_attn,devices,tensor_split,tensor_buft_overrides,use_mmap,use_direct_io,embeddings,no_op_offload,no_host,fit_target,fit_min_ctx,n_ctx,n_prompt,n_gen,n_depth,test_time,avg_ns,stddev_ns,avg_ts,stddev_ts
"b820cc8","1","Intel(R) Core(TM) Ultra 5 230F","NVIDIA GeForce RTX 5090","CUDA","/home/wici/voice-lab/models/gguf/gemma-4-31B-it-Q4_0.gguf","gemma4 31B Q4_0","17322412272","30697345596","512","512","8","0x0","0","50","f16","f16","-1","0","layer","0","0","1","auto","0.00","^blk[.][0-9]+[.](attn_(k|v|q|output)|ffn_(down|gate|up))[.]weight$=CUDA_Hybrid","1","0","0","0","0","0","0","165120","512","0","0","2026-08-12T09:59:38Z","120501268","1965520","4249.805738","68.040124"
logit_checksum,prompt,c930f979f7f0aed4,nonfinite=0
logit_checksum,decode,0c8e93b3ecced1c6,nonfinite=0
logit_checksum,decode,319a6a234bb9ed88,nonfinite=0
logit_checksum,decode,1e95777bddcc71d5,nonfinite=0
logit_checksum,decode,fc3ff68058ffd54e,nonfinite=0
logit_checksum,decode,92560214e2ee8afd,nonfinite=0
"b820cc8","1","Intel(R) Core(TM) Ultra 5 230F","NVIDIA GeForce RTX 5090","CUDA","/home/wici/voice-lab/models/gguf/gemma-4-31B-it-Q4_0.gguf","gemma4 31B Q4_0","17322412272","30697345596","512","512","8","0x0","0","50","f16","f16","-1","0","layer","0","0","1","auto","0.00","^blk[.][0-9]+[.](attn_(k|v|q|output)|ffn_(down|gate|up))[.]weight$=CUDA_Hybrid","1","0","0","0","0","0","0","165120","0","64","0","2026-08-12T09:59:39Z","4971550052","10984912","12.873299","0.028360"
logit_checksum,decode,ea317c3ff2b17152,nonfinite=0
result status=ok pp=4249.805738 tg=12.873299 peak=28262.000MiB
case scheme=intertidal_dma phase=dense ws=31.0GiB ctx=165120 control=pp:21.9
remote command: env -u LD_PRELOAD GGML_CUDA_HYBRID_MODE=staging GGML_CUDA_HYBRID_PAGE_BUDGET=1809 LD_LIBRARY_PATH=/dev/shm/intertidal-capacity.mEP47j:/home/wici/llama.cpp/build-cuda/bin:/usr/local/cuda/lib64 LLAMA_BENCH_LOGIT_CHECKSUM=1 /home/wici/llama.cpp/build-cuda/bin/llama-bench -m /home/wici/voice-lab/models/gguf/gemma-4-31B-it-Q4_0.gguf -p 512 -n 64 -r 5 -t 8 -b 512 -ub 512 -fa on -ctk f16 -ctv f16 -mmp 1 -o csv --ctx-size 165120 -ot '^blk[.][0-9]+[.](attn_(k|v|q|output)|ffn_(down|gate|up))[.]weight$=CUDA_Hybrid'
ggml_cuda_init: found 1 CUDA devices (Total VRAM: 32109 MiB):
  Device 0: NVIDIA GeForce RTX 5090, compute capability 12.0, VMM: yes, VRAM: 32109 MiB
hybrid_vmm,mode=staging,selection=global_budget,requested_pages=1809,requested_bytes=3793747968,requested_mib=3618.000,gross_pages=1809,gross_bytes=3793747968,gross_mib=3618.000,staging_bytes=134217728,staging_mib=128.000,net_bytes=3659530240,net_mib=3490.000,eligible_pages=7470,selected_tensors=410,layers=60,buffer_bytes=16524435968,local_physical_bytes=12731809792,page_bytes=2097152,buffer_mib=15758.930,remote_mib=3618.000,local_physical_mib=12142.000,net_saved_mib=3490.000,page_mib=2.000
logit_checksum,prompt,2417196da4492390,nonfinite=0
logit_checksum,prompt,0453392d6142afd3,nonfinite=0
logit_checksum,prompt,8c39d6d410e92623,nonfinite=0
logit_checksum,prompt,ce38b3f3a7a05142,nonfinite=0
logit_checksum,prompt,556c3b871bf91e81,nonfinite=0
build_commit,build_number,cpu_info,gpu_info,backends,model_filename,model_type,model_size,model_n_params,n_batch,n_ubatch,n_threads,cpu_mask,cpu_strict,poll,type_k,type_v,n_gpu_layers,n_cpu_moe,split_mode,main_gpu,no_kv_offload,flash_attn,devices,tensor_split,tensor_buft_overrides,use_mmap,use_direct_io,embeddings,no_op_offload,no_host,fit_target,fit_min_ctx,n_ctx,n_prompt,n_gen,n_depth,test_time,avg_ns,stddev_ns,avg_ts,stddev_ts
"b820cc8","1","Intel(R) Core(TM) Ultra 5 230F","NVIDIA GeForce RTX 5090","CUDA","/home/wici/voice-lab/models/gguf/gemma-4-31B-it-Q4_0.gguf","gemma4 31B Q4_0","17322412272","30697345596","512","512","8","0x0","0","50","f16","f16","-1","0","layer","0","0","1","auto","0.00","^blk[.][0-9]+[.](attn_(k|v|q|output)|ffn_(down|gate|up))[.]weight$=CUDA_Hybrid","1","0","0","0","0","0","0","165120","512","0","0","2026-08-12T10:00:08Z","120607815","1802871","4245.911292","62.463373"
logit_checksum,prompt,c930f979f7f0aed4,nonfinite=0
logit_checksum,decode,0c8e93b3ecced1c6,nonfinite=0
logit_checksum,decode,319a6a234bb9ed88,nonfinite=0
logit_checksum,decode,1e95777bddcc71d5,nonfinite=0
logit_checksum,decode,fc3ff68058ffd54e,nonfinite=0
logit_checksum,decode,92560214e2ee8afd,nonfinite=0
logit_checksum,decode,ea317c3ff2b17152,nonfinite=0
"b820cc8","1","Intel(R) Core(TM) Ultra 5 230F","NVIDIA GeForce RTX 5090","CUDA","/home/wici/voice-lab/models/gguf/gemma-4-31B-it-Q4_0.gguf","gemma4 31B Q4_0","17322412272","30697345596","512","512","8","0x0","0","50","f16","f16","-1","0","layer","0","0","1","auto","0.00","^blk[.][0-9]+[.](attn_(k|v|q|output)|ffn_(down|gate|up))[.]weight$=CUDA_Hybrid","1","0","0","0","0","0","0","165120","0","64","0","2026-08-12T10:00:09Z","4992944247","6623060","12.818106","0.016977"
result status=ok pp=4245.911292 tg=12.818106 peak=28248.000MiB
skip intertidal_dma ws=31.0 control=pp:22 status=ok
case scheme=intertidal_dma phase=dense ws=31.0GiB ctx=165120 control=pp:22.1
remote command: env -u LD_PRELOAD GGML_CUDA_HYBRID_MODE=staging GGML_CUDA_HYBRID_PAGE_BUDGET=1825 LD_LIBRARY_PATH=/dev/shm/intertidal-capacity.mEP47j:/home/wici/llama.cpp/build-cuda/bin:/usr/local/cuda/lib64 LLAMA_BENCH_LOGIT_CHECKSUM=1 /home/wici/llama.cpp/build-cuda/bin/llama-bench -m /home/wici/voice-lab/models/gguf/gemma-4-31B-it-Q4_0.gguf -p 512 -n 64 -r 5 -t 8 -b 512 -ub 512 -fa on -ctk f16 -ctv f16 -mmp 1 -o csv --ctx-size 165120 -ot '^blk[.][0-9]+[.](attn_(k|v|q|output)|ffn_(down|gate|up))[.]weight$=CUDA_Hybrid'
ggml_cuda_init: found 1 CUDA devices (Total VRAM: 32109 MiB):
  Device 0: NVIDIA GeForce RTX 5090, compute capability 12.0, VMM: yes, VRAM: 32109 MiB
hybrid_vmm,mode=staging,selection=global_budget,requested_pages=1825,requested_bytes=3827302400,requested_mib=3650.000,gross_pages=1825,gross_bytes=3827302400,gross_mib=3650.000,staging_bytes=134217728,staging_mib=128.000,net_bytes=3693084672,net_mib=3522.000,eligible_pages=7470,selected_tensors=410,layers=60,buffer_bytes=16524435968,local_physical_bytes=12698255360,page_bytes=2097152,buffer_mib=15758.930,remote_mib=3650.000,local_physical_mib=12110.000,net_saved_mib=3522.000,page_mib=2.000
logit_checksum,prompt,2417196da4492390,nonfinite=0
logit_checksum,prompt,0453392d6142afd3,nonfinite=0
logit_checksum,prompt,8c39d6d410e92623,nonfinite=0
logit_checksum,prompt,ce38b3f3a7a05142,nonfinite=0
logit_checksum,prompt,556c3b871bf91e81,nonfinite=0
build_commit,build_number,cpu_info,gpu_info,backends,model_filename,model_type,model_size,model_n_params,n_batch,n_ubatch,n_threads,cpu_mask,cpu_strict,poll,type_k,type_v,n_gpu_layers,n_cpu_moe,split_mode,main_gpu,no_kv_offload,flash_attn,devices,tensor_split,tensor_buft_overrides,use_mmap,use_direct_io,embeddings,no_op_offload,no_host,fit_target,fit_min_ctx,n_ctx,n_prompt,n_gen,n_depth,test_time,avg_ns,stddev_ns,avg_ts,stddev_ts
"b820cc8","1","Intel(R) Core(TM) Ultra 5 230F","NVIDIA GeForce RTX 5090","CUDA","/home/wici/voice-lab/models/gguf/gemma-4-31B-it-Q4_0.gguf","gemma4 31B Q4_0","17322412272","30697345596","512","512","8","0x0","0","50","f16","f16","-1","0","layer","0","0","1","auto","0.00","^blk[.][0-9]+[.](attn_(k|v|q|output)|ffn_(down|gate|up))[.]weight$=CUDA_Hybrid","1","0","0","0","0","0","0","165120","512","0","0","2026-08-12T10:00:38Z","120492071","1693040","4249.902459","58.733527"
logit_checksum,prompt,c930f979f7f0aed4,nonfinite=0
logit_checksum,decode,0c8e93b3ecced1c6,nonfinite=0
logit_checksum,decode,319a6a234bb9ed88,nonfinite=0
logit_checksum,decode,1e95777bddcc71d5,nonfinite=0
logit_checksum,decode,fc3ff68058ffd54e,nonfinite=0
logit_checksum,decode,92560214e2ee8afd,nonfinite=0
"b820cc8","1","Intel(R) Core(TM) Ultra 5 230F","NVIDIA GeForce RTX 5090","CUDA","/home/wici/voice-lab/models/gguf/gemma-4-31B-it-Q4_0.gguf","gemma4 31B Q4_0","17322412272","30697345596","512","512","8","0x0","0","50","f16","f16","-1","0","layer","0","0","1","auto","0.00","^blk[.][0-9]+[.](attn_(k|v|q|output)|ffn_(down|gate|up))[.]weight$=CUDA_Hybrid","1","0","0","0","0","0","0","165120","0","64","0","2026-08-12T10:00:39Z","5029197312","1565715","12.725690","0.003953"
logit_checksum,decode,ea317c3ff2b17152,nonfinite=0
result status=ok pp=4249.902459 tg=12.725690 peak=28216.000MiB
case scheme=intertidal_dma phase=dense ws=31.0GiB ctx=165120 control=pp:22.2
remote command: env -u LD_PRELOAD GGML_CUDA_HYBRID_MODE=staging GGML_CUDA_HYBRID_PAGE_BUDGET=1834 LD_LIBRARY_PATH=/dev/shm/intertidal-capacity.mEP47j:/home/wici/llama.cpp/build-cuda/bin:/usr/local/cuda/lib64 LLAMA_BENCH_LOGIT_CHECKSUM=1 /home/wici/llama.cpp/build-cuda/bin/llama-bench -m /home/wici/voice-lab/models/gguf/gemma-4-31B-it-Q4_0.gguf -p 512 -n 64 -r 5 -t 8 -b 512 -ub 512 -fa on -ctk f16 -ctv f16 -mmp 1 -o csv --ctx-size 165120 -ot '^blk[.][0-9]+[.](attn_(k|v|q|output)|ffn_(down|gate|up))[.]weight$=CUDA_Hybrid'
ggml_cuda_init: found 1 CUDA devices (Total VRAM: 32109 MiB):
  Device 0: NVIDIA GeForce RTX 5090, compute capability 12.0, VMM: yes, VRAM: 32109 MiB
hybrid_vmm,mode=staging,selection=global_budget,requested_pages=1834,requested_bytes=3846176768,requested_mib=3668.000,gross_pages=1834,gross_bytes=3846176768,gross_mib=3668.000,staging_bytes=134217728,staging_mib=128.000,net_bytes=3711959040,net_mib=3540.000,eligible_pages=7470,selected_tensors=410,layers=60,buffer_bytes=16524435968,local_physical_bytes=12679380992,page_bytes=2097152,buffer_mib=15758.930,remote_mib=3668.000,local_physical_mib=12092.000,net_saved_mib=3540.000,page_mib=2.000
logit_checksum,prompt,2417196da4492390,nonfinite=0
logit_checksum,prompt,0453392d6142afd3,nonfinite=0
logit_checksum,prompt,8c39d6d410e92623,nonfinite=0
logit_checksum,prompt,ce38b3f3a7a05142,nonfinite=0
logit_checksum,prompt,556c3b871bf91e81,nonfinite=0
build_commit,build_number,cpu_info,gpu_info,backends,model_filename,model_type,model_size,model_n_params,n_batch,n_ubatch,n_threads,cpu_mask,cpu_strict,poll,type_k,type_v,n_gpu_layers,n_cpu_moe,split_mode,main_gpu,no_kv_offload,flash_attn,devices,tensor_split,tensor_buft_overrides,use_mmap,use_direct_io,embeddings,no_op_offload,no_host,fit_target,fit_min_ctx,n_ctx,n_prompt,n_gen,n_depth,test_time,avg_ns,stddev_ns,avg_ts,stddev_ts
logit_checksum,prompt,c930f979f7f0aed4,nonfinite=0
"b820cc8","1","Intel(R) Core(TM) Ultra 5 230F","NVIDIA GeForce RTX 5090","CUDA","/home/wici/voice-lab/models/gguf/gemma-4-31B-it-Q4_0.gguf","gemma4 31B Q4_0","17322412272","30697345596","512","512","8","0x0","0","50","f16","f16","-1","0","layer","0","0","1","auto","0.00","^blk[.][0-9]+[.](attn_(k|v|q|output)|ffn_(down|gate|up))[.]weight$=CUDA_Hybrid","1","0","0","0","0","0","0","165120","512","0","0","2026-08-12T10:01:08Z","120547257","1839779","4248.073983","63.642035"
logit_checksum,decode,0c8e93b3ecced1c6,nonfinite=0
logit_checksum,decode,319a6a234bb9ed88,nonfinite=0
logit_checksum,decode,1e95777bddcc71d5,nonfinite=0
logit_checksum,decode,fc3ff68058ffd54e,nonfinite=0
logit_checksum,decode,92560214e2ee8afd,nonfinite=0
"b820cc8","1","Intel(R) Core(TM) Ultra 5 230F","NVIDIA GeForce RTX 5090","CUDA","/home/wici/voice-lab/models/gguf/gemma-4-31B-it-Q4_0.gguf","gemma4 31B Q4_0","17322412272","30697345596","512","512","8","0x0","0","50","f16","f16","-1","0","layer","0","0","1","auto","0.00","^blk[.][0-9]+[.](attn_(k|v|q|output)|ffn_(down|gate|up))[.]weight$=CUDA_Hybrid","1","0","0","0","0","0","0","165120","0","64","0","2026-08-12T10:01:09Z","5050121966","2400211","12.672964","0.006021"
logit_checksum,decode,ea317c3ff2b17152,nonfinite=0
result status=ok pp=4248.073983 tg=12.672964 peak=28198.000MiB
case scheme=intertidal_dma phase=dense ws=31.0GiB ctx=165120 control=pp:22.3
remote command: env -u LD_PRELOAD GGML_CUDA_HYBRID_MODE=staging GGML_CUDA_HYBRID_PAGE_BUDGET=1842 LD_LIBRARY_PATH=/dev/shm/intertidal-capacity.mEP47j:/home/wici/llama.cpp/build-cuda/bin:/usr/local/cuda/lib64 LLAMA_BENCH_LOGIT_CHECKSUM=1 /home/wici/llama.cpp/build-cuda/bin/llama-bench -m /home/wici/voice-lab/models/gguf/gemma-4-31B-it-Q4_0.gguf -p 512 -n 64 -r 5 -t 8 -b 512 -ub 512 -fa on -ctk f16 -ctv f16 -mmp 1 -o csv --ctx-size 165120 -ot '^blk[.][0-9]+[.](attn_(k|v|q|output)|ffn_(down|gate|up))[.]weight$=CUDA_Hybrid'
ggml_cuda_init: found 1 CUDA devices (Total VRAM: 32109 MiB):
  Device 0: NVIDIA GeForce RTX 5090, compute capability 12.0, VMM: yes, VRAM: 32109 MiB
hybrid_vmm,mode=staging,selection=global_budget,requested_pages=1842,requested_bytes=3862953984,requested_mib=3684.000,gross_pages=1842,gross_bytes=3862953984,gross_mib=3684.000,staging_bytes=134217728,staging_mib=128.000,net_bytes=3728736256,net_mib=3556.000,eligible_pages=7470,selected_tensors=410,layers=60,buffer_bytes=16524435968,local_physical_bytes=12662603776,page_bytes=2097152,buffer_mib=15758.930,remote_mib=3684.000,local_physical_mib=12076.000,net_saved_mib=3556.000,page_mib=2.000
logit_checksum,prompt,2417196da4492390,nonfinite=0
logit_checksum,prompt,0453392d6142afd3,nonfinite=0
logit_checksum,prompt,8c39d6d410e92623,nonfinite=0
logit_checksum,prompt,ce38b3f3a7a05142,nonfinite=0
logit_checksum,prompt,556c3b871bf91e81,nonfinite=0
build_commit,build_number,cpu_info,gpu_info,backends,model_filename,model_type,model_size,model_n_params,n_batch,n_ubatch,n_threads,cpu_mask,cpu_strict,poll,type_k,type_v,n_gpu_layers,n_cpu_moe,split_mode,main_gpu,no_kv_offload,flash_attn,devices,tensor_split,tensor_buft_overrides,use_mmap,use_direct_io,embeddings,no_op_offload,no_host,fit_target,fit_min_ctx,n_ctx,n_prompt,n_gen,n_depth,test_time,avg_ns,stddev_ns,avg_ts,stddev_ts
"b820cc8","1","Intel(R) Core(TM) Ultra 5 230F","NVIDIA GeForce RTX 5090","CUDA","/home/wici/voice-lab/models/gguf/gemma-4-31B-it-Q4_0.gguf","gemma4 31B Q4_0","17322412272","30697345596","512","512","8","0x0","0","50","f16","f16","-1","0","layer","0","0","1","auto","0.00","^blk[.][0-9]+[.](attn_(k|v|q|output)|ffn_(down|gate|up))[.]weight$=CUDA_Hybrid","1","0","0","0","0","0","0","165120","512","0","0","2026-08-12T10:01:38Z","120536365","1568884","4248.248305","54.505578"
logit_checksum,prompt,c930f979f7f0aed4,nonfinite=0
logit_checksum,decode,0c8e93b3ecced1c6,nonfinite=0
logit_checksum,decode,319a6a234bb9ed88,nonfinite=0
logit_checksum,decode,1e95777bddcc71d5,nonfinite=0
logit_checksum,decode,fc3ff68058ffd54e,nonfinite=0
logit_checksum,decode,92560214e2ee8afd,nonfinite=0
logit_checksum,decode,ea317c3ff2b17152,nonfinite=0
"b820cc8","1","Intel(R) Core(TM) Ultra 5 230F","NVIDIA GeForce RTX 5090","CUDA","/home/wici/voice-lab/models/gguf/gemma-4-31B-it-Q4_0.gguf","gemma4 31B Q4_0","17322412272","30697345596","512","512","8","0x0","0","50","f16","f16","-1","0","layer","0","0","1","auto","0.00","^blk[.][0-9]+[.](attn_(k|v|q|output)|ffn_(down|gate|up))[.]weight$=CUDA_Hybrid","1","0","0","0","0","0","0","165120","0","64","0","2026-08-12T10:01:39Z","5068957948","7361301","12.625890","0.018324"
result status=ok pp=4248.248305 tg=12.625890 peak=28182.000MiB
case scheme=intertidal_dma phase=dense ws=31.0GiB ctx=165120 control=pp:22.4
remote command: env -u LD_PRELOAD GGML_CUDA_HYBRID_MODE=staging GGML_CUDA_HYBRID_PAGE_BUDGET=1850 LD_LIBRARY_PATH=/dev/shm/intertidal-capacity.mEP47j:/home/wici/llama.cpp/build-cuda/bin:/usr/local/cuda/lib64 LLAMA_BENCH_LOGIT_CHECKSUM=1 /home/wici/llama.cpp/build-cuda/bin/llama-bench -m /home/wici/voice-lab/models/gguf/gemma-4-31B-it-Q4_0.gguf -p 512 -n 64 -r 5 -t 8 -b 512 -ub 512 -fa on -ctk f16 -ctv f16 -mmp 1 -o csv --ctx-size 165120 -ot '^blk[.][0-9]+[.](attn_(k|v|q|output)|ffn_(down|gate|up))[.]weight$=CUDA_Hybrid'
ggml_cuda_init: found 1 CUDA devices (Total VRAM: 32109 MiB):
  Device 0: NVIDIA GeForce RTX 5090, compute capability 12.0, VMM: yes, VRAM: 32109 MiB
hybrid_vmm,mode=staging,selection=global_budget,requested_pages=1850,requested_bytes=3879731200,requested_mib=3700.000,gross_pages=1850,gross_bytes=3879731200,gross_mib=3700.000,staging_bytes=134217728,staging_mib=128.000,net_bytes=3745513472,net_mib=3572.000,eligible_pages=7470,selected_tensors=410,layers=60,buffer_bytes=16524435968,local_physical_bytes=12645826560,page_bytes=2097152,buffer_mib=15758.930,remote_mib=3700.000,local_physical_mib=12060.000,net_saved_mib=3572.000,page_mib=2.000
logit_checksum,prompt,2417196da4492390,nonfinite=0
logit_checksum,prompt,0453392d6142afd3,nonfinite=0
logit_checksum,prompt,8c39d6d410e92623,nonfinite=0
logit_checksum,prompt,ce38b3f3a7a05142,nonfinite=0
logit_checksum,prompt,556c3b871bf91e81,nonfinite=0
logit_checksum,prompt,c930f979f7f0aed4,nonfinite=0
build_commit,build_number,cpu_info,gpu_info,backends,model_filename,model_type,model_size,model_n_params,n_batch,n_ubatch,n_threads,cpu_mask,cpu_strict,poll,type_k,type_v,n_gpu_layers,n_cpu_moe,split_mode,main_gpu,no_kv_offload,flash_attn,devices,tensor_split,tensor_buft_overrides,use_mmap,use_direct_io,embeddings,no_op_offload,no_host,fit_target,fit_min_ctx,n_ctx,n_prompt,n_gen,n_depth,test_time,avg_ns,stddev_ns,avg_ts,stddev_ts
"b820cc8","1","Intel(R) Core(TM) Ultra 5 230F","NVIDIA GeForce RTX 5090","CUDA","/home/wici/voice-lab/models/gguf/gemma-4-31B-it-Q4_0.gguf","gemma4 31B Q4_0","17322412272","30697345596","512","512","8","0x0","0","50","f16","f16","-1","0","layer","0","0","1","auto","0.00","^blk[.][0-9]+[.](attn_(k|v|q|output)|ffn_(down|gate|up))[.]weight$=CUDA_Hybrid","1","0","0","0","0","0","0","165120","512","0","0","2026-08-12T10:02:08Z","120444598","2066190","4251.898943","71.548220"
logit_checksum,decode,0c8e93b3ecced1c6,nonfinite=0
logit_checksum,decode,319a6a234bb9ed88,nonfinite=0
logit_checksum,decode,1e95777bddcc71d5,nonfinite=0
logit_checksum,decode,fc3ff68058ffd54e,nonfinite=0
logit_checksum,decode,92560214e2ee8afd,nonfinite=0
"b820cc8","1","Intel(R) Core(TM) Ultra 5 230F","NVIDIA GeForce RTX 5090","CUDA","/home/wici/voice-lab/models/gguf/gemma-4-31B-it-Q4_0.gguf","gemma4 31B Q4_0","17322412272","30697345596","512","512","8","0x0","0","50","f16","f16","-1","0","layer","0","0","1","auto","0.00","^blk[.][0-9]+[.](attn_(k|v|q|output)|ffn_(down|gate|up))[.]weight$=CUDA_Hybrid","1","0","0","0","0","0","0","165120","0","64","0","2026-08-12T10:02:09Z","5085876560","3935795","12.583874","0.009730"
logit_checksum,decode,ea317c3ff2b17152,nonfinite=0
result status=ok pp=4251.898943 tg=12.583874 peak=28166.000MiB
case scheme=intertidal_dma phase=dense ws=31.0GiB ctx=165120 control=pp:22.5
remote command: env -u LD_PRELOAD GGML_CUDA_HYBRID_MODE=staging GGML_CUDA_HYBRID_PAGE_BUDGET=1858 LD_LIBRARY_PATH=/dev/shm/intertidal-capacity.mEP47j:/home/wici/llama.cpp/build-cuda/bin:/usr/local/cuda/lib64 LLAMA_BENCH_LOGIT_CHECKSUM=1 /home/wici/llama.cpp/build-cuda/bin/llama-bench -m /home/wici/voice-lab/models/gguf/gemma-4-31B-it-Q4_0.gguf -p 512 -n 64 -r 5 -t 8 -b 512 -ub 512 -fa on -ctk f16 -ctv f16 -mmp 1 -o csv --ctx-size 165120 -ot '^blk[.][0-9]+[.](attn_(k|v|q|output)|ffn_(down|gate|up))[.]weight$=CUDA_Hybrid'
ggml_cuda_init: found 1 CUDA devices (Total VRAM: 32109 MiB):
  Device 0: NVIDIA GeForce RTX 5090, compute capability 12.0, VMM: yes, VRAM: 32109 MiB
hybrid_vmm,mode=staging,selection=global_budget,requested_pages=1858,requested_bytes=3896508416,requested_mib=3716.000,gross_pages=1858,gross_bytes=3896508416,gross_mib=3716.000,staging_bytes=134217728,staging_mib=128.000,net_bytes=3762290688,net_mib=3588.000,eligible_pages=7470,selected_tensors=410,layers=60,buffer_bytes=16524435968,local_physical_bytes=12629049344,page_bytes=2097152,buffer_mib=15758.930,remote_mib=3716.000,local_physical_mib=12044.000,net_saved_mib=3588.000,page_mib=2.000
logit_checksum,prompt,2417196da4492390,nonfinite=0
logit_checksum,prompt,0453392d6142afd3,nonfinite=0
logit_checksum,prompt,8c39d6d410e92623,nonfinite=0
logit_checksum,prompt,ce38b3f3a7a05142,nonfinite=0
logit_checksum,prompt,556c3b871bf91e81,nonfinite=0
build_commit,build_number,cpu_info,gpu_info,backends,model_filename,model_type,model_size,model_n_params,n_batch,n_ubatch,n_threads,cpu_mask,cpu_strict,poll,type_k,type_v,n_gpu_layers,n_cpu_moe,split_mode,main_gpu,no_kv_offload,flash_attn,devices,tensor_split,tensor_buft_overrides,use_mmap,use_direct_io,embeddings,no_op_offload,no_host,fit_target,fit_min_ctx,n_ctx,n_prompt,n_gen,n_depth,test_time,avg_ns,stddev_ns,avg_ts,stddev_ts
logit_checksum,prompt,c930f979f7f0aed4,nonfinite=0
"b820cc8","1","Intel(R) Core(TM) Ultra 5 230F","NVIDIA GeForce RTX 5090","CUDA","/home/wici/voice-lab/models/gguf/gemma-4-31B-it-Q4_0.gguf","gemma4 31B Q4_0","17322412272","30697345596","512","512","8","0x0","0","50","f16","f16","-1","0","layer","0","0","1","auto","0.00","^blk[.][0-9]+[.](attn_(k|v|q|output)|ffn_(down|gate|up))[.]weight$=CUDA_Hybrid","1","0","0","0","0","0","0","165120","512","0","0","2026-08-12T10:02:39Z","120526154","1956382","4248.920528","67.763180"
logit_checksum,decode,0c8e93b3ecced1c6,nonfinite=0
logit_checksum,decode,319a6a234bb9ed88,nonfinite=0
Traceback (most recent call last):
  File "/Users/hachima/pcie-striping-experiment/gemma_capacity_sweep.py", line 1964, in <module>
    raise SystemExit(main())
                     ~~~~^^
  File "/Users/hachima/pcie-striping-experiment/gemma_capacity_sweep.py", line 1959, in main
    runner.run()
    ~~~~~~~~~~^^
  File "/Users/hachima/pcie-striping-experiment/gemma_capacity_sweep.py", line 1830, in run
    self.run_hybrid_curve(scheme, pure_workset)
    ~~~~~~~~~~~~~~~~~~~~~^^^^^^^^^^^^^^^^^^^^^^
  File "/Users/hachima/pcie-striping-experiment/gemma_capacity_sweep.py", line 1628, in run_hybrid_curve
    row = self.run_case(
        build_case(
    ...<5 lines>...
        )
    )
  File "/Users/hachima/pcie-striping-experiment/gemma_capacity_sweep.py", line 1535, in run_case
    result = execute_wrapper(
        self.manifest,
    ...<2 lines>...
        show_telemetry=self.show_telemetry,
    )
  File "/Users/hachima/pcie-striping-experiment/gemma_capacity_sweep.py", line 960, in execute_wrapper
    returncode = proc.wait(timeout=timeout_s)
  File "/opt/homebrew/Cellar/python@3.14/3.14.3_1/Frameworks/Python.framework/Versions/3.14/lib/python3.14/subprocess.py", line 1278, in wait
    return self._wait(timeout=timeout)
           ~~~~~~~~~~^^^^^^^^^^^^^^^^^
  File "/opt/homebrew/Cellar/python@3.14/3.14.3_1/Frameworks/Python.framework/Versions/3.14/lib/python3.14/subprocess.py", line 2077, in _wait
    time.sleep(delay)
    ~~~~~~~~~~^^^^^^^
KeyboardInterrupt
